[
    {
        "user": "U0331FWGQRM",
        "type": "message",
        "ts": "1693764905.152359",
        "edited": {
            "user": "U0331FWGQRM",
            "ts": "1693768208.000000"
        },
        "client_msg_id": "7cbcdc1f-0954-41b7-babc-ff03b02d918d",
        "text": "<@U041RJKV5JA> <@U033G4KN4TD>\nサウジアラビアのお客様\nArwa Abuzaid様からサンプル依頼です。\n入金済みです。発送願います。\nよろしくお願いします。\nーーー\nOrganic Matcha Upper grade - 1\nOrganic Matcha Upper grade - 2\nNon organic Matcha Upper grade - 1\nNon organic Matcha Upper grade - 2\n\nCompany name（brand name）: Rqaq Almadi\nYour name : Arwa Abuzaid\nAddress : 6545, Uhud street, Al-jawharah, Tarout, Eastern province,Saudi Arabia\nZip code : 32621\nPhone number : <tel:+966536390833|+966536390833>\nemail address : <mailto:Gammora25@gmail.com|Gammora25@gmail.com>\nーーー",
        "team": "T033D70RR6H",
        "user_team": "T033D70RR6H",
        "source_team": "T033D70RR6H",
        "user_profile": {
            "avatar_hash": "gf9d05f2cae1",
            "image_72": "https:\/\/secure.gravatar.com\/avatar\/f9d05f2cae161f657bb1248fc85b5235.jpg?s=72&d=https%3A%2F%2Fa.slack-edge.com%2Fdf10d%2Fimg%2Favatars%2Fava_0008-72.png",
            "first_name": "matsui",
            "real_name": "matsui",
            "display_name": "松井",
            "team": "T033D70RR6H",
            "name": "tousuien.matsui",
            "is_restricted": false,
            "is_ultra_restricted": false
        },
        "thread_ts": "1693764905.152359",
        "reply_count": 4,
        "reply_users_count": 3,
        "latest_reply": "1694054343.645319",
        "reply_users": [
            "U0331FZTHEK",
            "U033G4KN4TD",
            "U0331FWGQRM"
        ],
        "replies": [
            {
                "user": "U0331FZTHEK",
                "ts": "1693796905.651659"
            },
            {
                "user": "U033G4KN4TD",
                "ts": "1693803222.468189"
            },
            {
                "user": "U033G4KN4TD",
                "ts": "1693878738.085079"
            },
            {
                "user": "U0331FWGQRM",
                "ts": "1694054343.645319"
            }
        ],
        "is_locked": false,
        "subscribed": true,
        "last_read": "1694054343.645319",
        "blocks": [
            {
                "type": "rich_text",
                "block_id": "Pdi",
                "elements": [
                    {
                        "type": "rich_text_section",
                        "elements": [
                            {
                                "type": "user",
                                "user_id": "U041RJKV5JA"
                            },
                            {
                                "type": "text",
                                "text": " "
                            },
                            {
                                "type": "user",
                                "user_id": "U033G4KN4TD"
                            },
                            {
                                "type": "text",
                                "text": "\nサウジアラビアのお客様\nArwa Abuzaid様からサンプル依頼です。\n入金済みです。発送願います。\nよろしくお願いします。\nーーー\nOrganic Matcha Upper grade - 1\nOrganic Matcha Upper grade - 2\nNon organic Matcha Upper grade - 1\nNon organic Matcha Upper grade - 2\n\nCompany name（brand name）: Rqaq Almadi\nYour name : Arwa Abuzaid\nAddress : 6545, Uhud street, Al-jawharah, Tarout, Eastern province,Saudi Arabia\nZip code : 32621\nPhone number : "
                            },
                            {
                                "type": "link",
                                "url": "tel:+966536390833",
                                "text": "+966536390833"
                            },
                            {
                                "type": "text",
                                "text": "\nemail address : "
                            },
                            {
                                "type": "link",
                                "url": "mailto:Gammora25@gmail.com",
                                "text": "Gammora25@gmail.com"
                            },
                            {
                                "type": "text",
                                "text": "\nーーー"
                            }
                        ]
                    }
                ]
            }
        ],
        "reactions": [
            {
                "name": "承知_致しました",
                "users": [
                    "U041RJKV5JA",
                    "U033G4KN4TD"
                ],
                "count": 2
            }
        ]
    },
    {
        "user": "U0331FZS7JT",
        "type": "message",
        "ts": "1693787652.814129",
        "client_msg_id": "ed495649-f98b-4812-a0cf-7b1eac3abafd",
        "text": "<@U033G4KN4TD>\n\nありがとうございます。\n本件、お客様に送り先を確認中ですので、\n分かり次第共有しますね！\nそれまでステイでお願いします！",
        "team": "T033D70RR6H",
        "user_team": "T033D70RR6H",
        "source_team": "T033D70RR6H",
        "user_profile": {
            "avatar_hash": "2c9de1514f26",
            "image_72": "https:\/\/avatars.slack-edge.com\/2022-02-16\/3118160981555_2c9de1514f262063f72d_72.png",
            "first_name": "Yuta",
            "real_name": "Yuta Oka",
            "display_name": "岡祐太",
            "team": "T033D70RR6H",
            "name": "yuta.oka.0915",
            "is_restricted": false,
            "is_ultra_restricted": false
        },
        "thread_ts": "1693501002.571199",
        "parent_user_id": "U0331FZS7JT",
        "blocks": [
            {
                "type": "rich_text",
                "block_id": "lH+CF",
                "elements": [
                    {
                        "type": "rich_text_section",
                        "elements": [
                            {
                                "type": "user",
                                "user_id": "U033G4KN4TD"
                            },
                            {
                                "type": "text",
                                "text": "\n\nありがとうございます。\n本件、お客様に送り先を確認中ですので、\n分かり次第共有しますね！\nそれまでステイでお願いします！"
                            }
                        ]
                    }
                ]
            }
        ],
        "reactions": [
            {
                "name": "承知_致しました",
                "users": [
                    "U033G4KN4TD"
                ],
                "count": 1
            }
        ]
    },
    {
        "user": "U0331FZTHEK",
        "type": "message",
        "ts": "1693796874.124079",
        "client_msg_id": "2bdbe63a-c88f-44c4-9e77-71aa1212d1e6",
        "text": "<@U0331FWGQRM> 執行役\n　CC: <@U041RJKV5JA> 部長 <@U033G4KN4TD> さん\nお疲れ様です。\nご入金確認致しました。\n・9\/2 [PayPal]\n・30 JPY\n回収(入金)処理致します。\nよろしくお願いします。",
        "team": "T033D70RR6H",
        "user_team": "T033D70RR6H",
        "source_team": "T033D70RR6H",
        "user_profile": {
            "avatar_hash": "21cdbd6a05f9",
            "image_72": "https:\/\/avatars.slack-edge.com\/2022-02-16\/3115258488741_21cdbd6a05f9a69110f7_72.png",
            "first_name": "Mitsunobu",
            "real_name": "Mitsunobu Katayose",
            "display_name": "片寄",
            "team": "T033D70RR6H",
            "name": "tousuien03",
            "is_restricted": false,
            "is_ultra_restricted": false
        },
        "thread_ts": "1693602683.102149",
        "parent_user_id": "U0331FWGQRM",
        "blocks": [
            {
                "type": "rich_text",
                "block_id": "cC5",
                "elements": [
                    {
                        "type": "rich_text_section",
                        "elements": [
                            {
                                "type": "user",
                                "user_id": "U0331FWGQRM"
                            },
                            {
                                "type": "text",
                                "text": " 執行役\n　CC: "
                            },
                            {
                                "type": "user",
                                "user_id": "U041RJKV5JA"
                            },
                            {
                                "type": "text",
                                "text": " 部長 "
                            },
                            {
                                "type": "user",
                                "user_id": "U033G4KN4TD"
                            },
                            {
                                "type": "text",
                                "text": " さん\nお疲れ様です。\nご入金確認致しました。\n・9\/2 [PayPal]\n・30 JPY\n回収(入金)処理致します。\nよろしくお願いします。"
                            }
                        ]
                    }
                ]
            }
        ]
    },
    {
        "user": "U0331FZTHEK",
        "type": "message",
        "ts": "1693796905.651659",
        "client_msg_id": "d16b6977-0270-4d15-90ff-2d6a1d34518b",
        "text": "<@U0331FWGQRM> 執行役\n　CC: <@U041RJKV5JA> 部長 <@U033G4KN4TD> さん\nお疲れ様です。\nご入金確認致しました。\n・9\/4 [PayPal]\n・30 USD\n回収(入金)処理致します。\nよろしくお願いします。",
        "team": "T033D70RR6H",
        "user_team": "T033D70RR6H",
        "source_team": "T033D70RR6H",
        "user_profile": {
            "avatar_hash": "21cdbd6a05f9",
            "image_72": "https:\/\/avatars.slack-edge.com\/2022-02-16\/3115258488741_21cdbd6a05f9a69110f7_72.png",
            "first_name": "Mitsunobu",
            "real_name": "Mitsunobu Katayose",
            "display_name": "片寄",
            "team": "T033D70RR6H",
            "name": "tousuien03",
            "is_restricted": false,
            "is_ultra_restricted": false
        },
        "thread_ts": "1693764905.152359",
        "parent_user_id": "U0331FWGQRM",
        "blocks": [
            {
                "type": "rich_text",
                "block_id": "TOz",
                "elements": [
                    {
                        "type": "rich_text_section",
                        "elements": [
                            {
                                "type": "user",
                                "user_id": "U0331FWGQRM"
                            },
                            {
                                "type": "text",
                                "text": " 執行役\n　CC: "
                            },
                            {
                                "type": "user",
                                "user_id": "U041RJKV5JA"
                            },
                            {
                                "type": "text",
                                "text": " 部長 "
                            },
                            {
                                "type": "user",
                                "user_id": "U033G4KN4TD"
                            },
                            {
                                "type": "text",
                                "text": " さん\nお疲れ様です。\nご入金確認致しました。\n・9\/4 [PayPal]\n・30 USD\n回収(入金)処理致します。\nよろしくお願いします。"
                            }
                        ]
                    }
                ]
            }
        ]
    },
    {
        "user": "U033G4KN4TD",
        "type": "message",
        "ts": "1693803166.129029",
        "client_msg_id": "acb289a1-8bc1-49f4-ae4c-d1e7321dcfc0",
        "text": "<@U0331FWGQRM> 執行役\nCC： <@U041RJKV5JA>部長\nお疲れ様です。\n出荷可能日：9月5日(火曜日）\nよろしくお願いします。",
        "team": "T033D70RR6H",
        "user_team": "T033D70RR6H",
        "source_team": "T033D70RR6H",
        "user_profile": {
            "avatar_hash": "b87877677a67",
            "image_72": "https:\/\/avatars.slack-edge.com\/2022-02-16\/3118194883458_b87877677a672efe50f6_72.png",
            "first_name": "Fukui",
            "real_name": "Fukui",
            "display_name": "福井",
            "team": "T033D70RR6H",
            "name": "tousuien04",
            "is_restricted": false,
            "is_ultra_restricted": false
        },
        "thread_ts": "1693602683.102149",
        "parent_user_id": "U0331FWGQRM",
        "blocks": [
            {
                "type": "rich_text",
                "block_id": "+eR",
                "elements": [
                    {
                        "type": "rich_text_section",
                        "elements": [
                            {
                                "type": "user",
                                "user_id": "U0331FWGQRM"
                            },
                            {
                                "type": "text",
                                "text": " 執行役\nCC： "
                            },
                            {
                                "type": "user",
                                "user_id": "U041RJKV5JA"
                            },
                            {
                                "type": "text",
                                "text": "部長\nお疲れ様です。\n出荷可能日：9月5日(火曜日）\nよろしくお願いします。"
                            }
                        ]
                    }
                ]
            }
        ],
        "reactions": [
            {
                "name": "了解です",
                "users": [
                    "U0331FWGQRM"
                ],
                "count": 1
            },
            {
                "name": "raised_hands",
                "users": [
                    "U0331FWGQRM"
                ],
                "count": 1
            }
        ]
    },
    {
        "user": "U033G4KN4TD",
        "type": "message",
        "ts": "1693803222.468189",
        "client_msg_id": "2fa04513-20d9-48b4-a257-238476205ee7",
        "text": "<@U0331FWGQRM> 執行役\nCC： <@U041RJKV5JA> 部長\nお疲れ様です。\n出荷可能日：9月5日(火曜日）\nよろしくお願いします。",
        "team": "T033D70RR6H",
        "user_team": "T033D70RR6H",
        "source_team": "T033D70RR6H",
        "user_profile": {
            "avatar_hash": "b87877677a67",
            "image_72": "https:\/\/avatars.slack-edge.com\/2022-02-16\/3118194883458_b87877677a672efe50f6_72.png",
            "first_name": "Fukui",
            "real_name": "Fukui",
            "display_name": "福井",
            "team": "T033D70RR6H",
            "name": "tousuien04",
            "is_restricted": false,
            "is_ultra_restricted": false
        },
        "thread_ts": "1693764905.152359",
        "parent_user_id": "U0331FWGQRM",
        "blocks": [
            {
                "type": "rich_text",
                "block_id": "oIG",
                "elements": [
                    {
                        "type": "rich_text_section",
                        "elements": [
                            {
                                "type": "user",
                                "user_id": "U0331FWGQRM"
                            },
                            {
                                "type": "text",
                                "text": " 執行役\nCC： "
                            },
                            {
                                "type": "user",
                                "user_id": "U041RJKV5JA"
                            },
                            {
                                "type": "text",
                                "text": " 部長\nお疲れ様です。\n出荷可能日：9月5日(火曜日）\nよろしくお願いします。"
                            }
                        ]
                    }
                ]
            }
        ],
        "reactions": [
            {
                "name": "raised_hands",
                "users": [
                    "U0331FWGQRM"
                ],
                "count": 1
            }
        ]
    }
]