[
    {
        "user": "U0331FWGQRM",
        "type": "message",
        "ts": "1693602683.102149",
        "edited": {
            "user": "U0331FWGQRM",
            "ts": "1693768480.000000"
        },
        "client_msg_id": "1c3437ae-ed6c-45cf-9247-c8a5f970b74b",
        "text": "<@U041RJKV5JA> <@U033G4KN4TD>\nサウジアラビアのお客様\nMaha Fahad様からサンプル依頼です。\n入金済みです。発送願います。\nよろしくお願いします。\nーーー\n*Organic Matcha Upper grade - 1* \n*Organic Matcha Upper grade - 2* \n*Organic Matcha Middle grade - 1* \n*Organic Matcha Middle grade - 2* \n*Non organic Matcha Upper grade - 1* \n*Non organic Matcha Upper grade - 2* \n*Non organic Matcha Middle grade - 1* \n*Non organic Matcha Middle grade - 2*\n\nBrand name：Let’s Matcha\nName：Maha Fahad\nAddress：Saudi Arabia, Riyadh, Horan st\nZip code：12471\nPhone number：966500120556\nーーー",
        "team": "T033D70RR6H",
        "user_team": "T033D70RR6H",
        "source_team": "T033D70RR6H",
        "user_profile": {
            "avatar_hash": "gf9d05f2cae1",
            "image_72": "https:\/\/secure.gravatar.com\/avatar\/f9d05f2cae161f657bb1248fc85b5235.jpg?s=72&d=https%3A%2F%2Fa.slack-edge.com%2Fdf10d%2Fimg%2Favatars%2Fava_0008-72.png",
            "first_name": "matsui",
            "real_name": "matsui",
            "display_name": "松井",
            "team": "T033D70RR6H",
            "name": "tousuien.matsui",
            "is_restricted": false,
            "is_ultra_restricted": false
        },
        "thread_ts": "1693602683.102149",
        "reply_count": 3,
        "reply_users_count": 2,
        "latest_reply": "1693878782.559309",
        "reply_users": [
            "U0331FZTHEK",
            "U033G4KN4TD"
        ],
        "replies": [
            {
                "user": "U0331FZTHEK",
                "ts": "1693796874.124079"
            },
            {
                "user": "U033G4KN4TD",
                "ts": "1693803166.129029"
            },
            {
                "user": "U033G4KN4TD",
                "ts": "1693878782.559309"
            }
        ],
        "is_locked": false,
        "subscribed": true,
        "last_read": "1693878782.559309",
        "blocks": [
            {
                "type": "rich_text",
                "block_id": "SYA7y",
                "elements": [
                    {
                        "type": "rich_text_section",
                        "elements": [
                            {
                                "type": "user",
                                "user_id": "U041RJKV5JA"
                            },
                            {
                                "type": "text",
                                "text": " "
                            },
                            {
                                "type": "user",
                                "user_id": "U033G4KN4TD"
                            },
                            {
                                "type": "text",
                                "text": "\nサウジアラビアのお客様\nMaha Fahad様からサンプル依頼です。\n入金済みです。発送願います。\nよろしくお願いします。\nーーー\n"
                            },
                            {
                                "type": "text",
                                "text": "Organic Matcha Upper grade - 1 ",
                                "style": {
                                    "bold": true
                                }
                            },
                            {
                                "type": "text",
                                "text": "\n"
                            },
                            {
                                "type": "text",
                                "text": "Organic Matcha Upper grade - 2 ",
                                "style": {
                                    "bold": true
                                }
                            },
                            {
                                "type": "text",
                                "text": "\n"
                            },
                            {
                                "type": "text",
                                "text": "Organic Matcha Middle grade - 1 ",
                                "style": {
                                    "bold": true
                                }
                            },
                            {
                                "type": "text",
                                "text": "\n"
                            },
                            {
                                "type": "text",
                                "text": "Organic Matcha Middle grade - 2 ",
                                "style": {
                                    "bold": true
                                }
                            },
                            {
                                "type": "text",
                                "text": "\n"
                            },
                            {
                                "type": "text",
                                "text": "Non organic Matcha Upper grade - 1 ",
                                "style": {
                                    "bold": true
                                }
                            },
                            {
                                "type": "text",
                                "text": "\n"
                            },
                            {
                                "type": "text",
                                "text": "Non organic Matcha Upper grade - 2 ",
                                "style": {
                                    "bold": true
                                }
                            },
                            {
                                "type": "text",
                                "text": "\n"
                            },
                            {
                                "type": "text",
                                "text": "Non organic Matcha Middle grade - 1 ",
                                "style": {
                                    "bold": true
                                }
                            },
                            {
                                "type": "text",
                                "text": "\n"
                            },
                            {
                                "type": "text",
                                "text": "Non organic Matcha Middle grade - 2",
                                "style": {
                                    "bold": true
                                }
                            },
                            {
                                "type": "text",
                                "text": "\n\nBrand name：Let’s Matcha\nName：Maha Fahad\nAddress：Saudi Arabia, Riyadh, Horan st\nZip code：12471\nPhone number：966500120556\nーーー"
                            }
                        ]
                    }
                ]
            }
        ],
        "reactions": [
            {
                "name": "承知_致しました",
                "users": [
                    "U041RJKV5JA",
                    "U033G4KN4TD"
                ],
                "count": 2
            }
        ]
    }
]