[
    {
        "user": "U0331FWGQRM",
        "type": "message",
        "ts": "1701448421.883259",
        "client_msg_id": "5f2e41d4-3fe2-4047-a15f-e38edeb8052c",
        "text": "<@U041RJKV5JA> <@U05KGS6HN9H> <@U033G4KN4TD>\nAlibaba\nサウジアラビアのお客様Nwaf Al-Ghamdi様からサンプル依頼です。\n※このお客様、２回目のサンプル依頼です。\n（１回目のやつは見るのが遅すぎて劣化してしまったそうです）\n※前回の抹茶に加えて、Non organicも4種類追加で試したいそうです。\n※フォルダないのQuotationは“Quotation_tousuien_4”を確認願います。\n\n*Organic Matcha Top grade - 1* 　碧翠園16000京都\n*Organic Matcha Top grade - 2* 　碧翠園12000京都\n*Organic Matcha Upper grade - 1* 　鹿児島製茶　有機鹿児島A\n*Organic Matcha Upper grade - 2*  　鹿児島製茶　有機鹿児島1A\n*Organic Matcha Middle grade - 1* 　鹿児島製茶　有機鹿児島B\n*Organic Matcha Middle grade - 2* 　鹿児島製茶　有機鹿児島C\n\n*Non Organic Matcha Top grade - 1* 　出雲翠\n*Non Organic Matcha Top grade - 2* 　宇迦の白\n*Non Organic Matcha Upper grade - 1* 　出雲抹茶G\n*Non Organic Matcha Upper grade - 2*  　出雲抹茶R\n\n住所が短いですが、これであっているそうです。。。\nお客様がDHL希望されております。\n全部で10種類、各20g宜しくお願いします。\n\nーーー\n名前　Nwaf Al-Ghamdi\n\nCountry : Saudi Arabia\nCity : Jeddah\nPostal code : 24231\n\nmobile number is 0563019861\n\nDHLで出荷\nーーー",
        "team": "T033D70RR6H",
        "user_team": "T033D70RR6H",
        "source_team": "T033D70RR6H",
        "user_profile": {
            "avatar_hash": "gf9d05f2cae1",
            "image_72": "https:\/\/secure.gravatar.com\/avatar\/f9d05f2cae161f657bb1248fc85b5235.jpg?s=72&d=https%3A%2F%2Fa.slack-edge.com%2Fdf10d%2Fimg%2Favatars%2Fava_0008-72.png",
            "first_name": "matsui",
            "real_name": "matsui",
            "display_name": "松井",
            "team": "T033D70RR6H",
            "name": "tousuien.matsui",
            "is_restricted": false,
            "is_ultra_restricted": false
        },
        "thread_ts": "1701448421.883259",
        "reply_count": 5,
        "reply_users_count": 3,
        "latest_reply": "1701766514.550059",
        "reply_users": [
            "U0331FZTHEK",
            "U041RJKV5JA",
            "U0331FWGQRM"
        ],
        "replies": [
            {
                "user": "U0331FZTHEK",
                "ts": "1701648808.150599"
            },
            {
                "user": "U041RJKV5JA",
                "ts": "1701664516.301639"
            },
            {
                "user": "U0331FWGQRM",
                "ts": "1701679587.307019"
            },
            {
                "user": "U041RJKV5JA",
                "ts": "1701681504.358049"
            },
            {
                "user": "U041RJKV5JA",
                "ts": "1701766514.550059"
            }
        ],
        "is_locked": false,
        "subscribed": true,
        "last_read": "1701766514.550059",
        "blocks": [
            {
                "type": "rich_text",
                "block_id": "a7g1J",
                "elements": [
                    {
                        "type": "rich_text_section",
                        "elements": [
                            {
                                "type": "user",
                                "user_id": "U041RJKV5JA"
                            },
                            {
                                "type": "text",
                                "text": " "
                            },
                            {
                                "type": "user",
                                "user_id": "U05KGS6HN9H"
                            },
                            {
                                "type": "text",
                                "text": " "
                            },
                            {
                                "type": "user",
                                "user_id": "U033G4KN4TD"
                            },
                            {
                                "type": "text",
                                "text": "\nAlibaba\nサウジアラビアのお客様Nwaf Al-Ghamdi様からサンプル依頼です。\n※このお客様、２回目のサンプル依頼です。\n（１回目のやつは見るのが遅すぎて劣化してしまったそうです）\n※前回の抹茶に加えて、Non organicも4種類追加で試したいそうです。\n※フォルダないのQuotationは“Quotation_tousuien_4”を確認願います。\n\n"
                            },
                            {
                                "type": "text",
                                "text": "Organic Matcha Top grade - 1 　",
                                "style": {
                                    "bold": true
                                }
                            },
                            {
                                "type": "text",
                                "text": "碧翠園16000京都\n"
                            },
                            {
                                "type": "text",
                                "text": "Organic Matcha Top grade - 2",
                                "style": {
                                    "bold": true
                                }
                            },
                            {
                                "type": "text",
                                "text": " 　碧翠園12000京都\n"
                            },
                            {
                                "type": "text",
                                "text": "Organic Matcha Upper grade - 1",
                                "style": {
                                    "bold": true
                                }
                            },
                            {
                                "type": "text",
                                "text": " 　鹿児島製茶　有機鹿児島A\n"
                            },
                            {
                                "type": "text",
                                "text": "Organic Matcha Upper grade - 2  ",
                                "style": {
                                    "bold": true
                                }
                            },
                            {
                                "type": "text",
                                "text": "　鹿児島製茶　有機鹿児島1A\n"
                            },
                            {
                                "type": "text",
                                "text": "Organic Matcha Middle grade - 1 ",
                                "style": {
                                    "bold": true
                                }
                            },
                            {
                                "type": "text",
                                "text": "　鹿児島製茶　有機鹿児島B\n"
                            },
                            {
                                "type": "text",
                                "text": "Organic Matcha Middle grade - 2",
                                "style": {
                                    "bold": true
                                }
                            },
                            {
                                "type": "text",
                                "text": " 　鹿児島製茶　有機鹿児島C\n\n"
                            },
                            {
                                "type": "text",
                                "text": "Non Organic Matcha Top grade - 1 　",
                                "style": {
                                    "bold": true
                                }
                            },
                            {
                                "type": "text",
                                "text": "出雲翠\n"
                            },
                            {
                                "type": "text",
                                "text": "Non Organic Matcha Top grade - 2",
                                "style": {
                                    "bold": true
                                }
                            },
                            {
                                "type": "text",
                                "text": " 　宇迦の白\n"
                            },
                            {
                                "type": "text",
                                "text": "Non Organic Matcha Upper grade - 1",
                                "style": {
                                    "bold": true
                                }
                            },
                            {
                                "type": "text",
                                "text": " 　出雲抹茶G\n"
                            },
                            {
                                "type": "text",
                                "text": "Non Organic Matcha Upper grade - 2  ",
                                "style": {
                                    "bold": true
                                }
                            },
                            {
                                "type": "text",
                                "text": "　出雲抹茶R\n\n住所が短いですが、これであっているそうです。。。\nお客様がDHL希望されております。\n全部で10種類、各20g宜しくお願いします。\n\nーーー\n名前　Nwaf Al-Ghamdi\n\nCountry : Saudi Arabia\nCity : Jeddah\nPostal code : 24231\n\nmobile number is 0563019861\n\nDHLで出荷\nーーー"
                            }
                        ]
                    }
                ]
            }
        ],
        "reactions": [
            {
                "name": "承知_致しました",
                "users": [
                    "U033G4KN4TD",
                    "U05KGS6HN9H",
                    "U041RJKV5JA"
                ],
                "count": 3
            }
        ]
    }
]