[
    {
        "user": "U0331FWGQRM",
        "type": "message",
        "ts": "1694442290.723179",
        "edited": {
            "user": "U0331FWGQRM",
            "ts": "1694442792.000000"
        },
        "client_msg_id": "e140c827-7352-4c3b-bcf1-cf71a81c0fe2",
        "text": "<@U041RJKV5JA> <@U033G4KN4TD>\nサウジアラビアのお客様、\nNENZ worldのNoura Omar様からサンプル依頼です。\n入金確認後発送願います。\n\n各50g\nUpper grade - 1\nUpper grade - 2\nーーー\n~Siran Cafe~\nNoura Omar\nAlharith bin Arfaja st, Medina , Saudi Arabia\n42331\n<tel:+966561204013|+966561204013>\n<mailto:Noura_Alsaid@hotmail.com|Noura_Alsaid@hotmail.com>\nーーー",
        "team": "T033D70RR6H",
        "user_team": "T033D70RR6H",
        "source_team": "T033D70RR6H",
        "user_profile": {
            "avatar_hash": "gf9d05f2cae1",
            "image_72": "https:\/\/secure.gravatar.com\/avatar\/f9d05f2cae161f657bb1248fc85b5235.jpg?s=72&d=https%3A%2F%2Fa.slack-edge.com%2Fdf10d%2Fimg%2Favatars%2Fava_0008-72.png",
            "first_name": "matsui",
            "real_name": "matsui",
            "display_name": "松井",
            "team": "T033D70RR6H",
            "name": "tousuien.matsui",
            "is_restricted": false,
            "is_ultra_restricted": false
        },
        "thread_ts": "1694442290.723179",
        "reply_count": 3,
        "reply_users_count": 3,
        "latest_reply": "1707481518.202689",
        "reply_users": [
            "U033G4KN4TD",
            "U041RJKV5JA",
            "U0331FWGQRM"
        ],
        "replies": [
            {
                "user": "U033G4KN4TD",
                "ts": "1694480676.317689"
            },
            {
                "user": "U041RJKV5JA",
                "ts": "1703140773.364489"
            },
            {
                "user": "U0331FWGQRM",
                "ts": "1707481518.202689"
            }
        ],
        "is_locked": false,
        "subscribed": true,
        "last_read": "1707481518.202689",
        "blocks": [
            {
                "type": "rich_text",
                "block_id": "ylzEI",
                "elements": [
                    {
                        "type": "rich_text_section",
                        "elements": [
                            {
                                "type": "user",
                                "user_id": "U041RJKV5JA"
                            },
                            {
                                "type": "text",
                                "text": " "
                            },
                            {
                                "type": "user",
                                "user_id": "U033G4KN4TD"
                            },
                            {
                                "type": "text",
                                "text": "\nサウジアラビアのお客様、\nNENZ worldのNoura Omar様からサンプル依頼です。\n入金確認後発送願います。\n\n各50g\nUpper grade - 1\nUpper grade - 2\nーーー\n"
                            },
                            {
                                "type": "text",
                                "text": "Siran Cafe",
                                "style": {
                                    "strike": true
                                }
                            },
                            {
                                "type": "text",
                                "text": "\nNoura Omar\nAlharith bin Arfaja st, Medina , Saudi Arabia\n42331\n"
                            },
                            {
                                "type": "link",
                                "url": "tel:+966561204013",
                                "text": "+966561204013"
                            },
                            {
                                "type": "text",
                                "text": "\n"
                            },
                            {
                                "type": "link",
                                "url": "mailto:Noura_Alsaid@hotmail.com",
                                "text": "Noura_Alsaid@hotmail.com"
                            },
                            {
                                "type": "text",
                                "text": "\nーーー"
                            }
                        ]
                    }
                ]
            }
        ],
        "reactions": [
            {
                "name": "承知_致しました",
                "users": [
                    "U033G4KN4TD"
                ],
                "count": 1
            }
        ]
    },
    {
        "user": "U033G4KN4TD",
        "type": "message",
        "ts": "1694480676.317689",
        "client_msg_id": "65a398c0-7439-48ae-9c81-822129fb2d35",
        "text": "<@U0331FWGQRM> 執行役\nCC: <@U041RJKV5JA> 部長\nお疲れ様です。\n出荷可能日：9月13日（水）\nよろしくお願いします。",
        "team": "T033D70RR6H",
        "user_team": "T033D70RR6H",
        "source_team": "T033D70RR6H",
        "user_profile": {
            "avatar_hash": "b87877677a67",
            "image_72": "https:\/\/avatars.slack-edge.com\/2022-02-16\/3118194883458_b87877677a672efe50f6_72.png",
            "first_name": "Fukui",
            "real_name": "Fukui",
            "display_name": "福井",
            "team": "T033D70RR6H",
            "name": "tousuien04",
            "is_restricted": false,
            "is_ultra_restricted": false
        },
        "thread_ts": "1694442290.723179",
        "parent_user_id": "U0331FWGQRM",
        "blocks": [
            {
                "type": "rich_text",
                "block_id": "1uDL8",
                "elements": [
                    {
                        "type": "rich_text_section",
                        "elements": [
                            {
                                "type": "user",
                                "user_id": "U0331FWGQRM"
                            },
                            {
                                "type": "text",
                                "text": " 執行役\nCC: "
                            },
                            {
                                "type": "user",
                                "user_id": "U041RJKV5JA"
                            },
                            {
                                "type": "text",
                                "text": " 部長\nお疲れ様です。\n出荷可能日：9月13日（水）\nよろしくお願いします。"
                            }
                        ]
                    }
                ]
            }
        ],
        "reactions": [
            {
                "name": "了解です",
                "users": [
                    "U0331FWGQRM"
                ],
                "count": 1
            }
        ]
    },
    {
        "user": "U0331FZS7JT",
        "type": "message",
        "ts": "1694487945.551429",
        "client_msg_id": "adaf3300-9be0-402d-8943-e28cb62135bc",
        "text": "<@U033G4KN4TD> <@U041RJKV5JA>\n発送日はいつになりそうでしょうか？",
        "team": "T033D70RR6H",
        "user_team": "T033D70RR6H",
        "source_team": "T033D70RR6H",
        "user_profile": {
            "avatar_hash": "2c9de1514f26",
            "image_72": "https:\/\/avatars.slack-edge.com\/2022-02-16\/3118160981555_2c9de1514f262063f72d_72.png",
            "first_name": "Yuta",
            "real_name": "Yuta Oka",
            "display_name": "岡祐太",
            "team": "T033D70RR6H",
            "name": "yuta.oka.0915",
            "is_restricted": false,
            "is_ultra_restricted": false
        },
        "thread_ts": "1694135447.149129",
        "parent_user_id": "U0331FZS7JT",
        "blocks": [
            {
                "type": "rich_text",
                "block_id": "KKw7",
                "elements": [
                    {
                        "type": "rich_text_section",
                        "elements": [
                            {
                                "type": "user",
                                "user_id": "U033G4KN4TD"
                            },
                            {
                                "type": "text",
                                "text": " "
                            },
                            {
                                "type": "user",
                                "user_id": "U041RJKV5JA"
                            },
                            {
                                "type": "text",
                                "text": "\n発送日はいつになりそうでしょうか？"
                            }
                        ]
                    }
                ]
            }
        ]
    },
    {
        "user": "U0331FZS7JT",
        "type": "message",
        "ts": "1694492050.175549",
        "edited": {
            "user": "U0331FZS7JT",
            "ts": "1694492424.000000"
        },
        "client_msg_id": "f2958b02-fd0d-4038-9a0c-2897dfb14c7f",
        "text": "<@U033G4KN4TD> <@U041RJKV5JA>\n<https:\/\/www.post.japanpost.jp\/int\/service\/epacket.html>\n\nEMSより安く送れるそうです。\nご確認、よろしくお願いします。",
        "team": "T033D70RR6H",
        "user_team": "T033D70RR6H",
        "source_team": "T033D70RR6H",
        "user_profile": {
            "avatar_hash": "2c9de1514f26",
            "image_72": "https:\/\/avatars.slack-edge.com\/2022-02-16\/3118160981555_2c9de1514f262063f72d_72.png",
            "first_name": "Yuta",
            "real_name": "Yuta Oka",
            "display_name": "岡祐太",
            "team": "T033D70RR6H",
            "name": "yuta.oka.0915",
            "is_restricted": false,
            "is_ultra_restricted": false
        },
        "thread_ts": "1694135447.149129",
        "parent_user_id": "U0331FZS7JT",
        "attachments": [
            {
                "from_url": "https:\/\/www.post.japanpost.jp\/int\/service\/epacket.html",
                "service_icon": "https:\/\/www.post.japanpost.jp\/favicon.ico",
                "id": 1,
                "original_url": "https:\/\/www.post.japanpost.jp\/int\/service\/epacket.html",
                "fallback": "国際eパケット - 日本郵便",
                "text": "国際郵便マイページサービスのオンラインシッピングツールなどでラベルを作成することで、小形包装物（2kgまでの小形物品）の、書留付きの航空扱いを、従来よりリーズナブルな料金でご利用いただけるネット限定のサービスです。",
                "title": "国際eパケット - 日本郵便",
                "title_link": "https:\/\/www.post.japanpost.jp\/int\/service\/epacket.html",
                "service_name": "post.japanpost.jp"
            }
        ],
        "blocks": [
            {
                "type": "rich_text",
                "block_id": "Mthn",
                "elements": [
                    {
                        "type": "rich_text_section",
                        "elements": [
                            {
                                "type": "user",
                                "user_id": "U033G4KN4TD"
                            },
                            {
                                "type": "text",
                                "text": " "
                            },
                            {
                                "type": "user",
                                "user_id": "U041RJKV5JA"
                            },
                            {
                                "type": "text",
                                "text": "\n"
                            },
                            {
                                "type": "link",
                                "url": "https:\/\/www.post.japanpost.jp\/int\/service\/epacket.html"
                            },
                            {
                                "type": "text",
                                "text": "\n\nEMSより安く送れるそうです。\nご確認、よろしくお願いします。"
                            }
                        ]
                    }
                ]
            }
        ],
        "reactions": [
            {
                "name": "承知_致しました",
                "users": [
                    "U033G4KN4TD"
                ],
                "count": 1
            }
        ]
    },
    {
        "user": "U033G4KN4TD",
        "type": "message",
        "ts": "1694493227.167159",
        "client_msg_id": "06231fd4-ed5c-4bf2-b58f-8b77cc0adaab",
        "text": "<@U0331FZS7JT> 社長\nCC: <@U041RJKV5JA> 部長\nお疲れ様です。\n発送可能日連絡遅くなり申し訳ありません。\n発送日：9月13日（水）\nよろしくお願いします。",
        "team": "T033D70RR6H",
        "user_team": "T033D70RR6H",
        "source_team": "T033D70RR6H",
        "user_profile": {
            "avatar_hash": "b87877677a67",
            "image_72": "https:\/\/avatars.slack-edge.com\/2022-02-16\/3118194883458_b87877677a672efe50f6_72.png",
            "first_name": "Fukui",
            "real_name": "Fukui",
            "display_name": "福井",
            "team": "T033D70RR6H",
            "name": "tousuien04",
            "is_restricted": false,
            "is_ultra_restricted": false
        },
        "thread_ts": "1694135447.149129",
        "parent_user_id": "U0331FZS7JT",
        "blocks": [
            {
                "type": "rich_text",
                "block_id": "OM4",
                "elements": [
                    {
                        "type": "rich_text_section",
                        "elements": [
                            {
                                "type": "user",
                                "user_id": "U0331FZS7JT"
                            },
                            {
                                "type": "text",
                                "text": " 社長\nCC: "
                            },
                            {
                                "type": "user",
                                "user_id": "U041RJKV5JA"
                            },
                            {
                                "type": "text",
                                "text": " 部長\nお疲れ様です。\n発送可能日連絡遅くなり申し訳ありません。\n発送日：9月13日（水）\nよろしくお願いします。"
                            }
                        ]
                    }
                ]
            }
        ],
        "reactions": [
            {
                "name": "了解です",
                "users": [
                    "U0331FZS7JT"
                ],
                "count": 1
            },
            {
                "name": "d130b000eb8d6784",
                "users": [
                    "U0331FZS7JT"
                ],
                "count": 1
            }
        ]
    },
    {
        "user": "U033G4KN4TD",
        "type": "message",
        "ts": "1694496749.214829",
        "client_msg_id": "b7371815-9459-4544-9bbc-ed2009a72b72",
        "text": "<@U0331FZS7JT> 社長\nCC： <@U041RJKV5JA> 部長\nお疲れ様です。\n本日、DHLにて出荷しました。\nAWB No.9731360505\nよろしくお願いします。",
        "team": "T033D70RR6H",
        "user_team": "T033D70RR6H",
        "source_team": "T033D70RR6H",
        "user_profile": {
            "avatar_hash": "b87877677a67",
            "image_72": "https:\/\/avatars.slack-edge.com\/2022-02-16\/3118194883458_b87877677a672efe50f6_72.png",
            "first_name": "Fukui",
            "real_name": "Fukui",
            "display_name": "福井",
            "team": "T033D70RR6H",
            "name": "tousuien04",
            "is_restricted": false,
            "is_ultra_restricted": false
        },
        "thread_ts": "1694134670.274049",
        "parent_user_id": "U0331FZS7JT",
        "blocks": [
            {
                "type": "rich_text",
                "block_id": "zrFgK",
                "elements": [
                    {
                        "type": "rich_text_section",
                        "elements": [
                            {
                                "type": "user",
                                "user_id": "U0331FZS7JT"
                            },
                            {
                                "type": "text",
                                "text": " 社長\nCC： "
                            },
                            {
                                "type": "user",
                                "user_id": "U041RJKV5JA"
                            },
                            {
                                "type": "text",
                                "text": " 部長\nお疲れ様です。\n本日、DHLにて出荷しました。\nAWB No.9731360505\nよろしくお願いします。"
                            }
                        ]
                    }
                ]
            }
        ],
        "reactions": [
            {
                "name": "了解です",
                "users": [
                    "U0331FZS7JT"
                ],
                "count": 1
            },
            {
                "name": "d130b000eb8d6784",
                "users": [
                    "U0331FZS7JT"
                ],
                "count": 1
            }
        ]
    }
]