[
    {
        "user": "U033G4KN4TD",
        "type": "message",
        "ts": "1695887771.783909",
        "client_msg_id": "676e69e3-fa1c-4917-bf31-1547f4961d30",
        "text": "<@U0331FWGQRM> 執行役\nCC： <@U041RJKV5JA> 部長\nお疲れ様です。\n本日、EMSにて出荷しました。\nAWB No.  EN279327047JP\nよろしくお願いします。",
        "team": "T033D70RR6H",
        "user_team": "T033D70RR6H",
        "source_team": "T033D70RR6H",
        "user_profile": {
            "avatar_hash": "b87877677a67",
            "image_72": "https:\/\/avatars.slack-edge.com\/2022-02-16\/3118194883458_b87877677a672efe50f6_72.png",
            "first_name": "Fukui",
            "real_name": "Fukui",
            "display_name": "福井",
            "team": "T033D70RR6H",
            "name": "tousuien04",
            "is_restricted": false,
            "is_ultra_restricted": false
        },
        "thread_ts": "1695775698.022499",
        "parent_user_id": "U0331FWGQRM",
        "blocks": [
            {
                "type": "rich_text",
                "block_id": "eeSQ",
                "elements": [
                    {
                        "type": "rich_text_section",
                        "elements": [
                            {
                                "type": "user",
                                "user_id": "U0331FWGQRM"
                            },
                            {
                                "type": "text",
                                "text": " 執行役\nCC： "
                            },
                            {
                                "type": "user",
                                "user_id": "U041RJKV5JA"
                            },
                            {
                                "type": "text",
                                "text": " 部長\nお疲れ様です。\n本日、EMSにて出荷しました。\nAWB No.  EN279327047JP\nよろしくお願いします。"
                            }
                        ]
                    }
                ]
            }
        ],
        "reactions": [
            {
                "name": "d130b000eb8d6784",
                "users": [
                    "U0331FWGQRM"
                ],
                "count": 1
            }
        ]
    },
    {
        "user": "U033G4KN4TD",
        "type": "message",
        "ts": "1695887938.201719",
        "client_msg_id": "0e0e7a35-a792-4d3c-91d8-a4c70bbb4613",
        "text": "<@U0331FZS7JT> 社長\nCC： <@U041RJKV5JA> 部長\nお疲れ様です。\n本日、佐川急便にて出荷しました。\nAWB No.491246775305\nよろしくお願いします。\n送り状PDFは、*お客様別→S-サンティグレ\n→sample発送フォルダ内へ入れております。",
        "team": "T033D70RR6H",
        "user_team": "T033D70RR6H",
        "source_team": "T033D70RR6H",
        "user_profile": {
            "avatar_hash": "b87877677a67",
            "image_72": "https:\/\/avatars.slack-edge.com\/2022-02-16\/3118194883458_b87877677a672efe50f6_72.png",
            "first_name": "Fukui",
            "real_name": "Fukui",
            "display_name": "福井",
            "team": "T033D70RR6H",
            "name": "tousuien04",
            "is_restricted": false,
            "is_ultra_restricted": false
        },
        "thread_ts": "1695802506.027339",
        "parent_user_id": "U0331FZS7JT",
        "blocks": [
            {
                "type": "rich_text",
                "block_id": "ONC7e",
                "elements": [
                    {
                        "type": "rich_text_section",
                        "elements": [
                            {
                                "type": "user",
                                "user_id": "U0331FZS7JT"
                            },
                            {
                                "type": "text",
                                "text": " 社長\nCC： "
                            },
                            {
                                "type": "user",
                                "user_id": "U041RJKV5JA"
                            },
                            {
                                "type": "text",
                                "text": " 部長\nお疲れ様です。\n本日、佐川急便にて出荷しました。\nAWB No.491246775305\nよろしくお願いします。\n送り状PDFは、*お客様別→S-サンティグレ\n→sample発送フォルダ内へ入れております。"
                            }
                        ]
                    }
                ]
            }
        ],
        "reactions": [
            {
                "name": "了解です",
                "users": [
                    "U0331FZS7JT"
                ],
                "count": 1
            },
            {
                "name": "d130b000eb8d6784",
                "users": [
                    "U0331FZS7JT"
                ],
                "count": 1
            }
        ]
    }
]