[
    {
        "user": "U05KGS6HN9H",
        "type": "message",
        "ts": "1703114501.114329",
        "client_msg_id": "6ca30ad3-5b9d-4b03-a167-abb1c95d15ce",
        "text": "<@U0331FWGQRM>\n<@U041RJKV5JA> <@U033G4KN4TD>\n出荷可能日12\/22（金）でお願い致します。",
        "team": "T033D70RR6H",
        "user_team": "T033D70RR6H",
        "source_team": "T033D70RR6H",
        "user_profile": {
            "avatar_hash": "gc4e7258333f",
            "image_72": "https:\/\/secure.gravatar.com\/avatar\/c4e7258333f2958f831d063db85b4542.jpg?s=72&d=https%3A%2F%2Fa.slack-edge.com%2Fdf10d%2Fimg%2Favatars%2Fava_0005-72.png",
            "first_name": "Adachi",
            "real_name": "Adachi",
            "display_name": "足立",
            "team": "T033D70RR6H",
            "name": "tousuien05",
            "is_restricted": false,
            "is_ultra_restricted": false
        },
        "thread_ts": "1703047546.866309",
        "parent_user_id": "U0331FWGQRM",
        "blocks": [
            {
                "type": "rich_text",
                "block_id": "nIyl0",
                "elements": [
                    {
                        "type": "rich_text_section",
                        "elements": [
                            {
                                "type": "user",
                                "user_id": "U0331FWGQRM"
                            },
                            {
                                "type": "text",
                                "text": "\n"
                            },
                            {
                                "type": "user",
                                "user_id": "U041RJKV5JA"
                            },
                            {
                                "type": "text",
                                "text": " "
                            },
                            {
                                "type": "user",
                                "user_id": "U033G4KN4TD"
                            },
                            {
                                "type": "text",
                                "text": "\n出荷可能日12\/22（金）でお願い致します。"
                            }
                        ]
                    }
                ]
            }
        ]
    },
    {
        "user": "U0331FWGQRM",
        "type": "message",
        "ts": "1703129968.786439",
        "edited": {
            "user": "U0331FWGQRM",
            "ts": "1703203571.000000"
        },
        "client_msg_id": "e1e038dc-c4b0-4e20-802d-8814c41d4ef3",
        "text": "<@U041RJKV5JA> <@U05KGS6HN9H> <@U033G4KN4TD>\nアメリカのKyle Huang様からサンプル依頼です。\n入金確認後、発送宜しくお願いします。\n\n*各200g*　←20gではなく、200gです\nOrganic Hojicha Leaf\nOrganic Hojicha Powder\nOrganic Genmaicha Leaf\nOrganic Genmaicha Powder\n\nーーーーーーーーーーーーーー\n~Company Name: Huckleberry\nMy name: Louise Kim\nAddress: 38 Rushgreen Avenue, Papakura, Auckland, New Zealand\nPostal Code: 2113\nPhone number: <tel:+64210624066|+64210624066>\nEmail address: <mailto:louisekim98@gmail.com|louisekim98@gmail.com>~\n\nNo company name yet,\nKyle Huang\n1081 East Grand Ave Unit 13, pomona 91766 California USA\n91766\n<tel:626-213-7945|626-213-7945>\n<mailto:kylehuang505@gmail.com|kylehuang505@gmail.com>\nNo EIN number yet",
        "team": "T033D70RR6H",
        "user_team": "T033D70RR6H",
        "source_team": "T033D70RR6H",
        "user_profile": {
            "avatar_hash": "gf9d05f2cae1",
            "image_72": "https:\/\/secure.gravatar.com\/avatar\/f9d05f2cae161f657bb1248fc85b5235.jpg?s=72&d=https%3A%2F%2Fa.slack-edge.com%2Fdf10d%2Fimg%2Favatars%2Fava_0008-72.png",
            "first_name": "matsui",
            "real_name": "matsui",
            "display_name": "松井",
            "team": "T033D70RR6H",
            "name": "tousuien.matsui",
            "is_restricted": false,
            "is_ultra_restricted": false
        },
        "thread_ts": "1703129968.786439",
        "reply_count": 4,
        "reply_users_count": 3,
        "latest_reply": "1703569081.916489",
        "reply_users": [
            "U0331FZTHEK",
            "U0331FWGQRM",
            "U041RJKV5JA"
        ],
        "replies": [
            {
                "user": "U0331FZTHEK",
                "ts": "1703141638.866739"
            },
            {
                "user": "U0331FWGQRM",
                "ts": "1703203132.643859"
            },
            {
                "user": "U041RJKV5JA",
                "ts": "1703212312.812799"
            },
            {
                "user": "U041RJKV5JA",
                "ts": "1703569081.916489"
            }
        ],
        "is_locked": false,
        "subscribed": true,
        "last_read": "1703569081.916489",
        "blocks": [
            {
                "type": "rich_text",
                "block_id": "JOwml",
                "elements": [
                    {
                        "type": "rich_text_section",
                        "elements": [
                            {
                                "type": "user",
                                "user_id": "U041RJKV5JA"
                            },
                            {
                                "type": "text",
                                "text": " "
                            },
                            {
                                "type": "user",
                                "user_id": "U05KGS6HN9H"
                            },
                            {
                                "type": "text",
                                "text": " "
                            },
                            {
                                "type": "user",
                                "user_id": "U033G4KN4TD"
                            },
                            {
                                "type": "text",
                                "text": "\nアメリカのKyle Huang様からサンプル依頼です。\n入金確認後、発送宜しくお願いします。\n\n"
                            },
                            {
                                "type": "text",
                                "text": "各200g",
                                "style": {
                                    "bold": true,
                                    "italic": false,
                                    "strike": false
                                }
                            },
                            {
                                "type": "text",
                                "text": "　←20gではなく、200gです\nOrganic Hojicha Leaf\nOrganic Hojicha Powder\nOrganic Genmaicha Leaf\nOrganic Genmaicha Powder\n\nーーーーーーーーーーーーーー\n"
                            },
                            {
                                "type": "text",
                                "text": "Company Name: Huckleberry\nMy name: Louise Kim\nAddress: 38 Rushgreen Avenue, Papakura, Auckland, New Zealand\nPostal Code: 2113\nPhone number: ",
                                "style": {
                                    "bold": false,
                                    "italic": false,
                                    "strike": true
                                }
                            },
                            {
                                "type": "link",
                                "url": "tel:+64210624066",
                                "text": "+64210624066",
                                "style": {
                                    "bold": false,
                                    "italic": false,
                                    "strike": true
                                }
                            },
                            {
                                "type": "text",
                                "text": "\nEmail address: ",
                                "style": {
                                    "bold": false,
                                    "italic": false,
                                    "strike": true
                                }
                            },
                            {
                                "type": "link",
                                "url": "mailto:louisekim98@gmail.com",
                                "text": "louisekim98@gmail.com",
                                "style": {
                                    "bold": false,
                                    "italic": false,
                                    "strike": true
                                }
                            },
                            {
                                "type": "text",
                                "text": "\n\nNo company name yet,\nKyle Huang\n1081 East Grand Ave Unit 13, pomona 91766 California USA\n91766\n"
                            },
                            {
                                "type": "link",
                                "url": "tel:626-213-7945",
                                "text": "626-213-7945"
                            },
                            {
                                "type": "text",
                                "text": "\n"
                            },
                            {
                                "type": "link",
                                "url": "mailto:kylehuang505@gmail.com",
                                "text": "kylehuang505@gmail.com"
                            },
                            {
                                "type": "text",
                                "text": "\nNo EIN number yet"
                            }
                        ]
                    }
                ]
            }
        ],
        "reactions": [
            {
                "name": "承知_致しました",
                "users": [
                    "U033G4KN4TD",
                    "U05KGS6HN9H",
                    "U041RJKV5JA"
                ],
                "count": 3
            }
        ]
    },
    {
        "user": "U041RJKV5JA",
        "type": "message",
        "ts": "1703140066.336809",
        "client_msg_id": "93b94c71-208d-4dbf-bf68-547c59c93713",
        "text": "<@U0331FWGQRM>\n <@U05KGS6HN9H> <@U033G4KN4TD>\n未入金の為、サンプル未出荷となっております。\nご確認お願いいたします。",
        "team": "T033D70RR6H",
        "user_team": "T033D70RR6H",
        "source_team": "T033D70RR6H",
        "user_profile": {
            "avatar_hash": "aed9eafd9eee",
            "image_72": "https:\/\/avatars.slack-edge.com\/2022-09-11\/4078874890257_aed9eafd9eee277ba076_72.png",
            "first_name": "Hirakawa",
            "real_name": "Hirakawa",
            "display_name": "平川",
            "team": "T033D70RR6H",
            "name": "tousuien.s006",
            "is_restricted": false,
            "is_ultra_restricted": false
        },
        "thread_ts": "1691597314.193669",
        "parent_user_id": "U0331FWGQRM",
        "blocks": [
            {
                "type": "rich_text",
                "block_id": "b1m8m",
                "elements": [
                    {
                        "type": "rich_text_section",
                        "elements": [
                            {
                                "type": "user",
                                "user_id": "U0331FWGQRM"
                            },
                            {
                                "type": "text",
                                "text": "\n "
                            },
                            {
                                "type": "user",
                                "user_id": "U05KGS6HN9H"
                            },
                            {
                                "type": "text",
                                "text": " "
                            },
                            {
                                "type": "user",
                                "user_id": "U033G4KN4TD"
                            },
                            {
                                "type": "text",
                                "text": "\n未入金の為、サンプル未出荷となっております。\nご確認お願いいたします。"
                            }
                        ]
                    }
                ]
            }
        ],
        "reactions": [
            {
                "name": "raised_hands",
                "users": [
                    "U0331FWGQRM"
                ],
                "count": 1
            }
        ]
    },
    {
        "user": "U041RJKV5JA",
        "type": "message",
        "ts": "1703140553.887999",
        "client_msg_id": "293a9000-bc77-4e5b-8230-a7f386e50ad4",
        "text": "<@U0331FWGQRM>\n <@U05KGS6HN9H> <@U033G4KN4TD>\n未入金の為、サンプル未出荷となっております。\nご確認お願いいたします。",
        "team": "T033D70RR6H",
        "user_team": "T033D70RR6H",
        "source_team": "T033D70RR6H",
        "user_profile": {
            "avatar_hash": "aed9eafd9eee",
            "image_72": "https:\/\/avatars.slack-edge.com\/2022-09-11\/4078874890257_aed9eafd9eee277ba076_72.png",
            "first_name": "Hirakawa",
            "real_name": "Hirakawa",
            "display_name": "平川",
            "team": "T033D70RR6H",
            "name": "tousuien.s006",
            "is_restricted": false,
            "is_ultra_restricted": false
        },
        "thread_ts": "1689526446.478489",
        "parent_user_id": "U0331FWGQRM",
        "blocks": [
            {
                "type": "rich_text",
                "block_id": "b1m8m",
                "elements": [
                    {
                        "type": "rich_text_section",
                        "elements": [
                            {
                                "type": "user",
                                "user_id": "U0331FWGQRM"
                            },
                            {
                                "type": "text",
                                "text": "\n "
                            },
                            {
                                "type": "user",
                                "user_id": "U05KGS6HN9H"
                            },
                            {
                                "type": "text",
                                "text": " "
                            },
                            {
                                "type": "user",
                                "user_id": "U033G4KN4TD"
                            },
                            {
                                "type": "text",
                                "text": "\n未入金の為、サンプル未出荷となっております。\nご確認お願いいたします。"
                            }
                        ]
                    }
                ]
            }
        ],
        "reactions": [
            {
                "name": "raised_hands",
                "users": [
                    "U0331FWGQRM"
                ],
                "count": 1
            }
        ]
    },
    {
        "user": "U041RJKV5JA",
        "type": "message",
        "ts": "1703140733.512079",
        "client_msg_id": "c3f4dc0c-699f-4152-8399-d39bd83f491b",
        "text": "<@U0331FZS7JT>\n <@U05KGS6HN9H> <@U033G4KN4TD>\n未入金・送り先未定の為、サンプル未出荷となっております。\nご確認お願いいたします。",
        "team": "T033D70RR6H",
        "user_team": "T033D70RR6H",
        "source_team": "T033D70RR6H",
        "user_profile": {
            "avatar_hash": "aed9eafd9eee",
            "image_72": "https:\/\/avatars.slack-edge.com\/2022-09-11\/4078874890257_aed9eafd9eee277ba076_72.png",
            "first_name": "Hirakawa",
            "real_name": "Hirakawa",
            "display_name": "平川",
            "team": "T033D70RR6H",
            "name": "tousuien.s006",
            "is_restricted": false,
            "is_ultra_restricted": false
        },
        "thread_ts": "1693501002.571199",
        "parent_user_id": "U0331FZS7JT",
        "blocks": [
            {
                "type": "rich_text",
                "block_id": "GT4Jo",
                "elements": [
                    {
                        "type": "rich_text_section",
                        "elements": [
                            {
                                "type": "user",
                                "user_id": "U0331FZS7JT"
                            },
                            {
                                "type": "text",
                                "text": "\n "
                            },
                            {
                                "type": "user",
                                "user_id": "U05KGS6HN9H"
                            },
                            {
                                "type": "text",
                                "text": " "
                            },
                            {
                                "type": "user",
                                "user_id": "U033G4KN4TD"
                            },
                            {
                                "type": "text",
                                "text": "\n未入金・送り先未定の為、サンプル未出荷となっております。\nご確認お願いいたします。"
                            }
                        ]
                    }
                ]
            }
        ],
        "reactions": [
            {
                "name": "了解です",
                "users": [
                    "U0331FZS7JT"
                ],
                "count": 1
            },
            {
                "name": "d130b000eb8d6784",
                "users": [
                    "U0331FZS7JT"
                ],
                "count": 1
            }
        ]
    },
    {
        "user": "U041RJKV5JA",
        "type": "message",
        "ts": "1703140773.364489",
        "client_msg_id": "8cfc25f6-2394-4ac8-9f41-92a550f34ed7",
        "text": "<@U0331FWGQRM>\n未入金の為、サンプル未出荷となっております。\nご確認お願いいたします。",
        "team": "T033D70RR6H",
        "user_team": "T033D70RR6H",
        "source_team": "T033D70RR6H",
        "user_profile": {
            "avatar_hash": "aed9eafd9eee",
            "image_72": "https:\/\/avatars.slack-edge.com\/2022-09-11\/4078874890257_aed9eafd9eee277ba076_72.png",
            "first_name": "Hirakawa",
            "real_name": "Hirakawa",
            "display_name": "平川",
            "team": "T033D70RR6H",
            "name": "tousuien.s006",
            "is_restricted": false,
            "is_ultra_restricted": false
        },
        "thread_ts": "1694442290.723179",
        "parent_user_id": "U0331FWGQRM",
        "blocks": [
            {
                "type": "rich_text",
                "block_id": "yZtwN",
                "elements": [
                    {
                        "type": "rich_text_section",
                        "elements": [
                            {
                                "type": "user",
                                "user_id": "U0331FWGQRM"
                            },
                            {
                                "type": "text",
                                "text": "\n未入金の為、サンプル未出荷となっております。\nご確認お願いいたします。"
                            }
                        ]
                    }
                ]
            }
        ],
        "reactions": [
            {
                "name": "raised_hands",
                "users": [
                    "U0331FWGQRM"
                ],
                "count": 1
            }
        ]
    },
    {
        "user": "U0331FZTHEK",
        "type": "message",
        "ts": "1703141638.866739",
        "client_msg_id": "0c28b906-1234-4b34-b9a8-86952200cca2",
        "text": "<@U0331FWGQRM>\n <@U041RJKV5JA> <@U05KGS6HN9H> <@U033G4KN4TD>\n本件、ご入金を確認致しました。\n・12\/21 [PayPal]\n・50.00 USD\n回収（入金）処理致します。\nよろしくお願いします。",
        "team": "T033D70RR6H",
        "user_team": "T033D70RR6H",
        "source_team": "T033D70RR6H",
        "user_profile": {
            "avatar_hash": "21cdbd6a05f9",
            "image_72": "https:\/\/avatars.slack-edge.com\/2022-02-16\/3115258488741_21cdbd6a05f9a69110f7_72.png",
            "first_name": "Mitsunobu",
            "real_name": "Mitsunobu Katayose",
            "display_name": "片寄",
            "team": "T033D70RR6H",
            "name": "tousuien03",
            "is_restricted": false,
            "is_ultra_restricted": false
        },
        "thread_ts": "1703129968.786439",
        "parent_user_id": "U0331FWGQRM",
        "blocks": [
            {
                "type": "rich_text",
                "block_id": "5fhV1",
                "elements": [
                    {
                        "type": "rich_text_section",
                        "elements": [
                            {
                                "type": "user",
                                "user_id": "U0331FWGQRM"
                            },
                            {
                                "type": "text",
                                "text": "\n "
                            },
                            {
                                "type": "user",
                                "user_id": "U041RJKV5JA"
                            },
                            {
                                "type": "text",
                                "text": " "
                            },
                            {
                                "type": "user",
                                "user_id": "U05KGS6HN9H"
                            },
                            {
                                "type": "text",
                                "text": " "
                            },
                            {
                                "type": "user",
                                "user_id": "U033G4KN4TD"
                            },
                            {
                                "type": "text",
                                "text": "\n本件、ご入金を確認致しました。\n・12\/21 [PayPal]\n・50.00 USD\n回収（入金）処理致します。\nよろしくお願いします。"
                            }
                        ]
                    }
                ]
            }
        ]
    }
]