[
    {
        "text": "<@U041RJKV5JA> <@U05KGS6HN9H> <@U033G4KN4TD>\nカナダのお客様Monica（Japanese Matcha Powder）様にサンプル発送願います。\n現時点では拠点がカナダのお客様ですが、サンプル発送先はアメリカです。\n\nquotationには赤枠つけていますが、それに関わらず、\nUpperからLowerまで8種類各20g発送願います。\n\n発送先\n19007 42nd Ave, Flushing, NY 11358\n<tel:+17185649753|+1-718-564-9753>\n\n入金確認後でお願いします。\n\nーー顧客情報ーーー\nCompany name: Japanese Matcha Powder\nName: Monica Tse\nAddress: 75 Yorkland Street, Richmond Hill, ON Canada\nPostal Code: L4C 9Z4\nPhone: <tel:6475215505|(647) 521-5505>\nEmail: <mailto:japanesematchapowder1@gmail.com|japanesematchapowder1@gmail.com>\nーーーー",
        "files": [
            {
                "id": "F068YS8HFU6",
                "created": 1701972332,
                "timestamp": 1701972332,
                "name": "Quotation_tousuien_20231207.pdf",
                "title": "Quotation_tousuien_20231207.pdf",
                "mimetype": "application\/pdf",
                "filetype": "pdf",
                "pretty_type": "PDF",
                "user": "U0331FWGQRM",
                "user_team": "T033D70RR6H",
                "editable": false,
                "size": 130097,
                "mode": "hosted",
                "is_external": false,
                "external_type": "",
                "is_public": true,
                "public_url_shared": false,
                "display_as_bot": false,
                "username": "",
                "url_private": "https:\/\/files.slack.com\/files-pri\/T033D70RR6H-F068YS8HFU6\/quotation_tousuien_20231207.pdf?token=xoxe-3115238875221-9710624591398-9697214945543-aa82359f925d11baadb4ddc07b089467",
                "url_private_download": "https:\/\/files.slack.com\/files-pri\/T033D70RR6H-F068YS8HFU6\/download\/quotation_tousuien_20231207.pdf?token=xoxe-3115238875221-9710624591398-9697214945543-aa82359f925d11baadb4ddc07b089467",
                "media_display_type": "unknown",
                "thumb_pdf": "https:\/\/files.slack.com\/files-tmb\/T033D70RR6H-F068YS8HFU6-fb5ccdaf30\/quotation_tousuien_20231207_thumb_pdf.png?t=xoxe-3115238875221-9710624591398-9697214945543-aa82359f925d11baadb4ddc07b089467",
                "thumb_pdf_w": 909,
                "thumb_pdf_h": 1286,
                "permalink": "https:\/\/grp-ssm9297.slack.com\/files\/U0331FWGQRM\/F068YS8HFU6\/quotation_tousuien_20231207.pdf",
                "permalink_public": "https:\/\/slack-files.com\/T033D70RR6H-F068YS8HFU6-7dbe8e440c",
                "is_starred": false,
                "skipped_shares": true,
                "has_rich_preview": false,
                "file_access": "visible"
            }
        ],
        "upload": false,
        "user": "U0331FWGQRM",
        "display_as_bot": false,
        "blocks": [
            {
                "type": "rich_text",
                "block_id": "fd2dN",
                "elements": [
                    {
                        "type": "rich_text_section",
                        "elements": [
                            {
                                "type": "user",
                                "user_id": "U041RJKV5JA"
                            },
                            {
                                "type": "text",
                                "text": " "
                            },
                            {
                                "type": "user",
                                "user_id": "U05KGS6HN9H"
                            },
                            {
                                "type": "text",
                                "text": " "
                            },
                            {
                                "type": "user",
                                "user_id": "U033G4KN4TD"
                            },
                            {
                                "type": "text",
                                "text": "\nカナダのお客様Monica（Japanese Matcha Powder）様にサンプル発送願います。\n現時点では拠点がカナダのお客様ですが、サンプル発送先はアメリカです。\n\nquotationには赤枠つけていますが、それに関わらず、\nUpperからLowerまで8種類各20g発送願います。\n\n発送先\n19007 42nd Ave, Flushing, NY 11358\n"
                            },
                            {
                                "type": "link",
                                "url": "tel:+17185649753",
                                "text": "+1-718-564-9753"
                            },
                            {
                                "type": "text",
                                "text": "\n\n入金確認後でお願いします。\n\nーー顧客情報ーーー\nCompany name: Japanese Matcha Powder\nName: Monica Tse\nAddress: 75 Yorkland Street, Richmond Hill, ON Canada\nPostal Code: L4C 9Z4\nPhone: "
                            },
                            {
                                "type": "link",
                                "url": "tel:6475215505",
                                "text": "(647) 521-5505"
                            },
                            {
                                "type": "text",
                                "text": "\nEmail: "
                            },
                            {
                                "type": "link",
                                "url": "mailto:japanesematchapowder1@gmail.com",
                                "text": "japanesematchapowder1@gmail.com"
                            },
                            {
                                "type": "text",
                                "text": "\nーーーー"
                            }
                        ]
                    }
                ]
            }
        ],
        "type": "message",
        "ts": "1701972650.523719",
        "edited": {
            "user": "U0331FWGQRM",
            "ts": "1702017411.000000"
        },
        "client_msg_id": "186dde59-c230-4cb1-8346-3de690ad3eda",
        "thread_ts": "1701972650.523719",
        "reply_count": 5,
        "reply_users_count": 3,
        "latest_reply": "1702369968.912509",
        "reply_users": [
            "U0331FZTHEK",
            "U05KGS6HN9H",
            "U0331FWGQRM"
        ],
        "replies": [
            {
                "user": "U0331FZTHEK",
                "ts": "1701990774.050939"
            },
            {
                "user": "U05KGS6HN9H",
                "ts": "1701991803.272689"
            },
            {
                "user": "U05KGS6HN9H",
                "ts": "1701997949.407099"
            },
            {
                "user": "U0331FWGQRM",
                "ts": "1702017345.557899"
            },
            {
                "user": "U05KGS6HN9H",
                "ts": "1702369968.912509"
            }
        ],
        "is_locked": false,
        "subscribed": true,
        "last_read": "1702369968.912509",
        "reactions": [
            {
                "name": "承知_致しました",
                "users": [
                    "U041RJKV5JA",
                    "U05KGS6HN9H",
                    "U033G4KN4TD"
                ],
                "count": 3
            }
        ]
    },
    {
        "user": "U0331FZTHEK",
        "type": "message",
        "ts": "1701990659.327359",
        "client_msg_id": "a8430c68-d231-4643-a329-23dc19db06d6",
        "text": "<@U0331FWGQRM>\n <@U041RJKV5JA> <@U05KGS6HN9H> <@U033G4KN4TD>\n本件、ご入金を確認致しました。\n・12\/7 [PayPal]\n・30 USD\n回収（入金）処理致します。\nよろしくお願いします。",
        "team": "T033D70RR6H",
        "user_team": "T033D70RR6H",
        "source_team": "T033D70RR6H",
        "user_profile": {
            "avatar_hash": "21cdbd6a05f9",
            "image_72": "https:\/\/avatars.slack-edge.com\/2022-02-16\/3115258488741_21cdbd6a05f9a69110f7_72.png",
            "first_name": "Mitsunobu",
            "real_name": "Mitsunobu Katayose",
            "display_name": "片寄",
            "team": "T033D70RR6H",
            "name": "tousuien03",
            "is_restricted": false,
            "is_ultra_restricted": false
        },
        "thread_ts": "1701886368.586599",
        "parent_user_id": "U0331FWGQRM",
        "blocks": [
            {
                "type": "rich_text",
                "block_id": "x17Sa",
                "elements": [
                    {
                        "type": "rich_text_section",
                        "elements": [
                            {
                                "type": "user",
                                "user_id": "U0331FWGQRM"
                            },
                            {
                                "type": "text",
                                "text": "\n "
                            },
                            {
                                "type": "user",
                                "user_id": "U041RJKV5JA"
                            },
                            {
                                "type": "text",
                                "text": " "
                            },
                            {
                                "type": "user",
                                "user_id": "U05KGS6HN9H"
                            },
                            {
                                "type": "text",
                                "text": " "
                            },
                            {
                                "type": "user",
                                "user_id": "U033G4KN4TD"
                            },
                            {
                                "type": "text",
                                "text": "\n本件、ご入金を確認致しました。\n・12\/7 [PayPal]\n・30 USD\n回収（入金）処理致します。\nよろしくお願いします。"
                            }
                        ]
                    }
                ]
            }
        ],
        "reactions": [
            {
                "name": "ok_hand",
                "users": [
                    "U0331FWGQRM"
                ],
                "count": 1
            },
            {
                "name": "入金完了",
                "users": [
                    "U0331FZTHEK"
                ],
                "count": 1
            }
        ]
    },
    {
        "user": "U0331FZTHEK",
        "type": "message",
        "ts": "1701990774.050939",
        "client_msg_id": "6c63d794-e07f-44cc-9c85-9efafb508a2d",
        "text": "<@U0331FWGQRM>\n <@U041RJKV5JA> <@U05KGS6HN9H> <@U033G4KN4TD>\n本件、ご入金を確認致しました。\n・12\/8 [PayPal]\n・30 USD\n回収（入金）処理致します。\nよろしくお願いします。",
        "team": "T033D70RR6H",
        "user_team": "T033D70RR6H",
        "source_team": "T033D70RR6H",
        "user_profile": {
            "avatar_hash": "21cdbd6a05f9",
            "image_72": "https:\/\/avatars.slack-edge.com\/2022-02-16\/3115258488741_21cdbd6a05f9a69110f7_72.png",
            "first_name": "Mitsunobu",
            "real_name": "Mitsunobu Katayose",
            "display_name": "片寄",
            "team": "T033D70RR6H",
            "name": "tousuien03",
            "is_restricted": false,
            "is_ultra_restricted": false
        },
        "thread_ts": "1701972650.523719",
        "parent_user_id": "U0331FWGQRM",
        "blocks": [
            {
                "type": "rich_text",
                "block_id": "cgJhz",
                "elements": [
                    {
                        "type": "rich_text_section",
                        "elements": [
                            {
                                "type": "user",
                                "user_id": "U0331FWGQRM"
                            },
                            {
                                "type": "text",
                                "text": "\n "
                            },
                            {
                                "type": "user",
                                "user_id": "U041RJKV5JA"
                            },
                            {
                                "type": "text",
                                "text": " "
                            },
                            {
                                "type": "user",
                                "user_id": "U05KGS6HN9H"
                            },
                            {
                                "type": "text",
                                "text": " "
                            },
                            {
                                "type": "user",
                                "user_id": "U033G4KN4TD"
                            },
                            {
                                "type": "text",
                                "text": "\n本件、ご入金を確認致しました。\n・12\/8 [PayPal]\n・30 USD\n回収（入金）処理致します。\nよろしくお願いします。"
                            }
                        ]
                    }
                ]
            }
        ],
        "reactions": [
            {
                "name": "ok_hand",
                "users": [
                    "U0331FWGQRM"
                ],
                "count": 1
            },
            {
                "name": "入金完了",
                "users": [
                    "U0331FZTHEK"
                ],
                "count": 1
            }
        ]
    },
    {
        "user": "U05KGS6HN9H",
        "type": "message",
        "ts": "1701991803.272689",
        "client_msg_id": "0585293a-9b07-45bc-9211-01cdc249d3b2",
        "text": "<@U0331FWGQRM>\n<@U041RJKV5JA> <@U033G4KN4TD>\n出荷可能日12\/12でお願い申し上ます。",
        "team": "T033D70RR6H",
        "user_team": "T033D70RR6H",
        "source_team": "T033D70RR6H",
        "user_profile": {
            "avatar_hash": "gc4e7258333f",
            "image_72": "https:\/\/secure.gravatar.com\/avatar\/c4e7258333f2958f831d063db85b4542.jpg?s=72&d=https%3A%2F%2Fa.slack-edge.com%2Fdf10d%2Fimg%2Favatars%2Fava_0005-72.png",
            "first_name": "Adachi",
            "real_name": "Adachi",
            "display_name": "足立",
            "team": "T033D70RR6H",
            "name": "tousuien05",
            "is_restricted": false,
            "is_ultra_restricted": false
        },
        "thread_ts": "1701972650.523719",
        "parent_user_id": "U0331FWGQRM",
        "blocks": [
            {
                "type": "rich_text",
                "block_id": "mJp\/w",
                "elements": [
                    {
                        "type": "rich_text_section",
                        "elements": [
                            {
                                "type": "user",
                                "user_id": "U0331FWGQRM"
                            },
                            {
                                "type": "text",
                                "text": "\n"
                            },
                            {
                                "type": "user",
                                "user_id": "U041RJKV5JA"
                            },
                            {
                                "type": "text",
                                "text": " "
                            },
                            {
                                "type": "user",
                                "user_id": "U033G4KN4TD"
                            },
                            {
                                "type": "text",
                                "text": "\n出荷可能日12\/12でお願い申し上ます。"
                            }
                        ]
                    }
                ]
            }
        ],
        "reactions": [
            {
                "name": "0af08fe0505342b0",
                "users": [
                    "U0331FWGQRM"
                ],
                "count": 1
            }
        ]
    },
    {
        "text": "<@U0331FWGQRM>\n<@U041RJKV5JA> <@U033G4KN4TD>\n割安なDHLで発送予定ですが、送り状作成で電話番号が必須項目となっております。\n発送先はアメリカですが、顧客情報でいただいた電話番号はカナダのようです。こちらの電話番号で宜しいでしょうか？",
        "files": [
            {
                "id": "F069A0AULA0",
                "created": 1701997927,
                "timestamp": 1701997927,
                "name": "DHL画面.jpg",
                "title": "DHL画面.jpg",
                "mimetype": "image\/jpeg",
                "filetype": "jpg",
                "pretty_type": "JPEG",
                "user": "U05KGS6HN9H",
                "user_team": "T033D70RR6H",
                "editable": false,
                "size": 69741,
                "mode": "hosted",
                "is_external": false,
                "external_type": "",
                "is_public": true,
                "public_url_shared": false,
                "display_as_bot": false,
                "username": "",
                "url_private": "https:\/\/files.slack.com\/files-pri\/T033D70RR6H-F069A0AULA0\/dhl______.jpg?token=xoxe-3115238875221-9710624591398-9697214945543-aa82359f925d11baadb4ddc07b089467",
                "url_private_download": "https:\/\/files.slack.com\/files-pri\/T033D70RR6H-F069A0AULA0\/download\/dhl______.jpg?token=xoxe-3115238875221-9710624591398-9697214945543-aa82359f925d11baadb4ddc07b089467",
                "media_display_type": "unknown",
                "thumb_64": "https:\/\/files.slack.com\/files-tmb\/T033D70RR6H-F069A0AULA0-e18430f290\/dhl_______64.jpg?t=xoxe-3115238875221-9710624591398-9697214945543-aa82359f925d11baadb4ddc07b089467",
                "thumb_80": "https:\/\/files.slack.com\/files-tmb\/T033D70RR6H-F069A0AULA0-e18430f290\/dhl_______80.jpg?t=xoxe-3115238875221-9710624591398-9697214945543-aa82359f925d11baadb4ddc07b089467",
                "thumb_360": "https:\/\/files.slack.com\/files-tmb\/T033D70RR6H-F069A0AULA0-e18430f290\/dhl_______360.jpg?t=xoxe-3115238875221-9710624591398-9697214945543-aa82359f925d11baadb4ddc07b089467",
                "thumb_360_w": 360,
                "thumb_360_h": 264,
                "thumb_480": "https:\/\/files.slack.com\/files-tmb\/T033D70RR6H-F069A0AULA0-e18430f290\/dhl_______480.jpg?t=xoxe-3115238875221-9710624591398-9697214945543-aa82359f925d11baadb4ddc07b089467",
                "thumb_480_w": 480,
                "thumb_480_h": 352,
                "thumb_160": "https:\/\/files.slack.com\/files-tmb\/T033D70RR6H-F069A0AULA0-e18430f290\/dhl_______160.jpg?t=xoxe-3115238875221-9710624591398-9697214945543-aa82359f925d11baadb4ddc07b089467",
                "original_w": 535,
                "original_h": 392,
                "thumb_tiny": "AwAjADBJWJdmI9uv\/wBepliTAPzZI\/vGq8vVvqatqDtH0FSaSSsR\/Z4icnf\/AN9GlFtEegf\/AL7NS4\/2Wp3P900yCA20Q7P\/AN9mk+zx\/wC1\/wB9mrGPb\/P5UEcdP8\/lQBRlA+brnJ7VbQ4Rc+gqnKBuY98mraAbB9BSRctkS5Pp+hpMt\/d\/nSflRg+q0yB2T6foaQk46fpSEe60hGB1B+lAiKRF3fdHIzQXZVGDinSfeH0qN+gphcnV2K\/eP50u5v7x\/OmJ90U6gA69aSlpKAP\/2Q==",
                "permalink": "https:\/\/grp-ssm9297.slack.com\/files\/U0331FWGQRM\/F069A0AULA0\/dhl______.jpg",
                "permalink_public": "https:\/\/slack-files.com\/T033D70RR6H-F069A0AULA0-6ce4eea6fe",
                "is_starred": false,
                "skipped_shares": true,
                "has_rich_preview": false,
                "file_access": "visible"
            }
        ],
        "upload": false,
        "user": "U05KGS6HN9H",
        "display_as_bot": false,
        "blocks": [
            {
                "type": "rich_text",
                "block_id": "YzqdH",
                "elements": [
                    {
                        "type": "rich_text_section",
                        "elements": [
                            {
                                "type": "user",
                                "user_id": "U0331FWGQRM"
                            },
                            {
                                "type": "text",
                                "text": "\n"
                            },
                            {
                                "type": "user",
                                "user_id": "U041RJKV5JA"
                            },
                            {
                                "type": "text",
                                "text": " "
                            },
                            {
                                "type": "user",
                                "user_id": "U033G4KN4TD"
                            },
                            {
                                "type": "text",
                                "text": "\n割安なDHLで発送予定ですが、送り状作成で電話番号が必須項目となっております。\n発送先はアメリカですが、顧客情報でいただいた電話番号はカナダのようです。こちらの電話番号で宜しいでしょうか？"
                            }
                        ]
                    }
                ]
            }
        ],
        "type": "message",
        "ts": "1701997949.407099",
        "client_msg_id": "f4189a0c-fd14-4d86-906c-1c88a1c60db9",
        "thread_ts": "1701972650.523719",
        "parent_user_id": "U0331FWGQRM"
    },
    {
        "user": "U0331FWGQRM",
        "type": "message",
        "ts": "1702017345.557899",
        "client_msg_id": "0cd71cff-65bb-4585-ad30-6c338b6cd321",
        "text": "<@U05KGS6HN9H>\nこの番号でお願いします。\n<tel:+17185649753|+1-718-564-9753>",
        "team": "T033D70RR6H",
        "user_team": "T033D70RR6H",
        "source_team": "T033D70RR6H",
        "user_profile": {
            "avatar_hash": "gf9d05f2cae1",
            "image_72": "https:\/\/secure.gravatar.com\/avatar\/f9d05f2cae161f657bb1248fc85b5235.jpg?s=72&d=https%3A%2F%2Fa.slack-edge.com%2Fdf10d%2Fimg%2Favatars%2Fava_0008-72.png",
            "first_name": "matsui",
            "real_name": "matsui",
            "display_name": "松井",
            "team": "T033D70RR6H",
            "name": "tousuien.matsui",
            "is_restricted": false,
            "is_ultra_restricted": false
        },
        "thread_ts": "1701972650.523719",
        "parent_user_id": "U0331FWGQRM",
        "blocks": [
            {
                "type": "rich_text",
                "block_id": "Gv\/Sl",
                "elements": [
                    {
                        "type": "rich_text_section",
                        "elements": [
                            {
                                "type": "user",
                                "user_id": "U05KGS6HN9H"
                            },
                            {
                                "type": "text",
                                "text": "\nこの番号でお願いします。\n"
                            },
                            {
                                "type": "link",
                                "url": "tel:+17185649753",
                                "text": "+1-718-564-9753"
                            }
                        ]
                    }
                ]
            }
        ],
        "reactions": [
            {
                "name": "承知_致しました",
                "users": [
                    "U05KGS6HN9H"
                ],
                "count": 1
            },
            {
                "name": "d130b000eb8d6784",
                "users": [
                    "U05KGS6HN9H"
                ],
                "count": 1
            }
        ]
    }
]