[
    {
        "user": "U041RJKV5JA",
        "type": "message",
        "ts": "1692088808.904369",
        "client_msg_id": "883cebeb-1a28-4e4b-8d48-15e2056b924c",
        "text": "<@U0331FWGQRM> 執行役\n明日、8月16日（水）にEMSにて発送します。\nよろしくお願いします。",
        "team": "T033D70RR6H",
        "user_team": "T033D70RR6H",
        "source_team": "T033D70RR6H",
        "user_profile": {
            "avatar_hash": "aed9eafd9eee",
            "image_72": "https:\/\/avatars.slack-edge.com\/2022-09-11\/4078874890257_aed9eafd9eee277ba076_72.png",
            "first_name": "Hirakawa",
            "real_name": "Hirakawa",
            "display_name": "平川",
            "team": "T033D70RR6H",
            "name": "tousuien.s006",
            "is_restricted": false,
            "is_ultra_restricted": false
        },
        "thread_ts": "1691481750.500869",
        "parent_user_id": "U0331FWGQRM",
        "blocks": [
            {
                "type": "rich_text",
                "block_id": "I+2q",
                "elements": [
                    {
                        "type": "rich_text_section",
                        "elements": [
                            {
                                "type": "user",
                                "user_id": "U0331FWGQRM"
                            },
                            {
                                "type": "text",
                                "text": " 執行役\n明日、8月16日（水）にEMSにて発送します。\nよろしくお願いします。"
                            }
                        ]
                    }
                ]
            }
        ],
        "reactions": [
            {
                "name": "0af08fe0505342b0",
                "users": [
                    "U0331FWGQRM"
                ],
                "count": 1
            }
        ]
    },
    {
        "user": "U0331FZTHEK",
        "type": "message",
        "ts": "1692144769.366759",
        "client_msg_id": "a89a530e-5792-4847-a2cc-d5d932db3468",
        "text": "<@U0331FWGQRM> 執行役\n 　CC: <@U041RJKV5JA> 部長 <@U033G4KN4TD> さん\nお疲れ様です。\n本件、回収(入金)処理致します。\n・8\/12 [PayPal]\n・30 USD\nよろしくお願いします。",
        "team": "T033D70RR6H",
        "user_team": "T033D70RR6H",
        "source_team": "T033D70RR6H",
        "user_profile": {
            "avatar_hash": "21cdbd6a05f9",
            "image_72": "https:\/\/avatars.slack-edge.com\/2022-02-16\/3115258488741_21cdbd6a05f9a69110f7_72.png",
            "first_name": "Mitsunobu",
            "real_name": "Mitsunobu Katayose",
            "display_name": "片寄",
            "team": "T033D70RR6H",
            "name": "tousuien03",
            "is_restricted": false,
            "is_ultra_restricted": false
        },
        "thread_ts": "1691481750.500869",
        "parent_user_id": "U0331FWGQRM",
        "blocks": [
            {
                "type": "rich_text",
                "block_id": "PC4",
                "elements": [
                    {
                        "type": "rich_text_section",
                        "elements": [
                            {
                                "type": "user",
                                "user_id": "U0331FWGQRM"
                            },
                            {
                                "type": "text",
                                "text": " 執行役\n 　CC: "
                            },
                            {
                                "type": "user",
                                "user_id": "U041RJKV5JA"
                            },
                            {
                                "type": "text",
                                "text": " 部長 "
                            },
                            {
                                "type": "user",
                                "user_id": "U033G4KN4TD"
                            },
                            {
                                "type": "text",
                                "text": " さん\nお疲れ様です。\n本件、回収(入金)処理致します。\n・8\/12 [PayPal]\n・30 USD\nよろしくお願いします。"
                            }
                        ]
                    }
                ]
            }
        ],
        "reactions": [
            {
                "name": "d130b000eb8d6784",
                "users": [
                    "U0331FWGQRM"
                ],
                "count": 1
            },
            {
                "name": "入金完了",
                "users": [
                    "U0331FZTHEK"
                ],
                "count": 1
            }
        ]
    },
    {
        "user": "U041RJKV5JA",
        "type": "message",
        "ts": "1692149999.274429",
        "client_msg_id": "39ef26ed-24f9-4ea0-aca1-97d512c9b19d",
        "text": "<@U0331FWGQRM> 執行役\n本日、EMSにて出荷しました。\nAWB NO. EN272340171JP\nよろしくお願いします。",
        "team": "T033D70RR6H",
        "user_team": "T033D70RR6H",
        "source_team": "T033D70RR6H",
        "user_profile": {
            "avatar_hash": "aed9eafd9eee",
            "image_72": "https:\/\/avatars.slack-edge.com\/2022-09-11\/4078874890257_aed9eafd9eee277ba076_72.png",
            "first_name": "Hirakawa",
            "real_name": "Hirakawa",
            "display_name": "平川",
            "team": "T033D70RR6H",
            "name": "tousuien.s006",
            "is_restricted": false,
            "is_ultra_restricted": false
        },
        "thread_ts": "1691481750.500869",
        "parent_user_id": "U0331FWGQRM",
        "blocks": [
            {
                "type": "rich_text",
                "block_id": "aMHu",
                "elements": [
                    {
                        "type": "rich_text_section",
                        "elements": [
                            {
                                "type": "user",
                                "user_id": "U0331FWGQRM"
                            },
                            {
                                "type": "text",
                                "text": " 執行役\n本日、EMSにて出荷しました。\nAWB NO. EN272340171JP\nよろしくお願いします。"
                            }
                        ]
                    }
                ]
            }
        ],
        "reactions": [
            {
                "name": "了解です",
                "users": [
                    "U0331FWGQRM"
                ],
                "count": 1
            }
        ]
    },
    {
        "user": "U041RJKV5JA",
        "type": "message",
        "ts": "1692167735.271379",
        "client_msg_id": "560d2e2d-ca01-4599-83ef-05bb27e34eac",
        "text": "@channel\n今回現地通関時に、植物検疫証明書の提出を求められました。\n再度、神戸植物防疫所に確認したところ法律の改正もなく不要であり、発給を依頼されても対応できないとの事でした。\n植物検疫証明書がないため、お客様が100Euroお支払いになり通関することが出来ました。\n今後、この様なトラブルの無い様、ペガサスグローバル大橋様に対応方法を確認し、以下のご回答をいただきました。\n--------------------------------------------------------------------------------------------\nスペイン向けにお茶を出荷される弊社顧客は\n下記二種の自社発行の書類を自発的に貨物へ添付されております。\n★自社作成の「Health Certificate」、衛生証明として\n★自社作成の「Document of the Place of Origin」、原産地証明として\n お申し越しのように、スムーズに通関許可となる可能性もあると思いますが\nそうでないケースも散見されるようでございます。\n ---------------------------------------------------------------------------------------------\n今後、スペインへ輸出する際は自社作成の衛生証明書と原産地証明書を添付して出荷いたします。\nよろしくお願いいたします。",
        "team": "T033D70RR6H",
        "user_team": "T033D70RR6H",
        "source_team": "T033D70RR6H",
        "user_profile": {
            "avatar_hash": "aed9eafd9eee",
            "image_72": "https:\/\/avatars.slack-edge.com\/2022-09-11\/4078874890257_aed9eafd9eee277ba076_72.png",
            "first_name": "Hirakawa",
            "real_name": "Hirakawa",
            "display_name": "平川",
            "team": "T033D70RR6H",
            "name": "tousuien.s006",
            "is_restricted": false,
            "is_ultra_restricted": false
        },
        "thread_ts": "1690379656.614009",
        "parent_user_id": "U0331FZS7JT",
        "blocks": [
            {
                "type": "rich_text",
                "block_id": "GnLAs",
                "elements": [
                    {
                        "type": "rich_text_section",
                        "elements": [
                            {
                                "type": "text",
                                "text": "@channel\n今回現地通関時に、植物検疫証明書の提出を求められました。\n再度、神戸植物防疫所に確認したところ法律の改正もなく不要であり、発給を依頼されても対応できないとの事でした。\n植物検疫証明書がないため、お客様が100Euroお支払いになり通関することが出来ました。\n今後、この様なトラブルの無い様、ペガサスグローバル大橋様に対応方法を確認し、以下のご回答をいただきました。\n--------------------------------------------------------------------------------------------\nスペイン向けにお茶を出荷される弊社顧客は\n下記二種の自社発行の書類を自発的に貨物へ添付されております。\n★自社作成の「Health Certificate」、衛生証明として\n★自社作成の「Document of the Place of Origin」、原産地証明として\n お申し越しのように、スムーズに通関許可となる可能性もあると思いますが\nそうでないケースも散見されるようでございます。\n ---------------------------------------------------------------------------------------------\n今後、スペインへ輸出する際は自社作成の衛生証明書と原産地証明書を添付して出荷いたします。\nよろしくお願いいたします。"
                            }
                        ]
                    }
                ]
            }
        ],
        "reactions": [
            {
                "name": "了解です",
                "users": [
                    "U0331FZS7JT"
                ],
                "count": 1
            },
            {
                "name": "0af08fe0505342b0",
                "users": [
                    "U0331FZS7JT"
                ],
                "count": 1
            }
        ]
    }
]