[
    {
        "user": "U0331FWGQRM",
        "type": "message",
        "ts": "1695739935.048499",
        "client_msg_id": "75eb42fb-7384-446d-92a8-04460905880e",
        "text": "<@U041RJKV5JA> <@U033G4KN4TD>\nサウジアラビアのお客様\n中村様にサンプル発送をお願いします。\n無償サンプルなので入金ありません。\n\n各30g\nOrganic Matcha Upper grade - 1　　　原料：鹿児島A\nOrganic Matcha Upper grade - 2　　　原料：鹿児島1A\nOrganic Matcha Middle grade - 1　　　原料：鹿児島B\n\n名前：中村　愛（Nakamura　Ai）　\n\t住所：Post Cord:21453\n\tKhaheel al azdey street 21453 Arabian Homes Sierra Compound 7 Cazalea\n\tJeddah Makkha Saudi Arabia\n\t電話番号：966-(0)55-990-2263",
        "team": "T033D70RR6H",
        "user_team": "T033D70RR6H",
        "source_team": "T033D70RR6H",
        "user_profile": {
            "avatar_hash": "gf9d05f2cae1",
            "image_72": "https:\/\/secure.gravatar.com\/avatar\/f9d05f2cae161f657bb1248fc85b5235.jpg?s=72&d=https%3A%2F%2Fa.slack-edge.com%2Fdf10d%2Fimg%2Favatars%2Fava_0008-72.png",
            "first_name": "matsui",
            "real_name": "matsui",
            "display_name": "松井",
            "team": "T033D70RR6H",
            "name": "tousuien.matsui",
            "is_restricted": false,
            "is_ultra_restricted": false
        },
        "thread_ts": "1695739935.048499",
        "reply_count": 1,
        "reply_users_count": 1,
        "latest_reply": "1695796921.215879",
        "reply_users": [
            "U033G4KN4TD"
        ],
        "replies": [
            {
                "user": "U033G4KN4TD",
                "ts": "1695796921.215879"
            }
        ],
        "is_locked": false,
        "subscribed": true,
        "last_read": "1695796921.215879",
        "blocks": [
            {
                "type": "rich_text",
                "block_id": "Zeux=",
                "elements": [
                    {
                        "type": "rich_text_section",
                        "elements": [
                            {
                                "type": "user",
                                "user_id": "U041RJKV5JA"
                            },
                            {
                                "type": "text",
                                "text": " "
                            },
                            {
                                "type": "user",
                                "user_id": "U033G4KN4TD"
                            },
                            {
                                "type": "text",
                                "text": "\nサウジアラビアのお客様\n中村様にサンプル発送をお願いします。\n無償サンプルなので入金ありません。\n\n各30g\nOrganic Matcha Upper grade - 1　　　原料：鹿児島A\nOrganic Matcha Upper grade - 2　　　原料：鹿児島1A\nOrganic Matcha Middle grade - 1　　　原料：鹿児島B\n\n名前：中村　愛（Nakamura　Ai）　\n\t住所：Post Cord:21453\n\tKhaheel al azdey street 21453 Arabian Homes Sierra Compound 7 Cazalea\n\tJeddah Makkha Saudi Arabia\n\t電話番号：966-(0)55-990-2263"
                            }
                        ]
                    }
                ]
            }
        ],
        "reactions": [
            {
                "name": "承知_致しました",
                "users": [
                    "U041RJKV5JA",
                    "U033G4KN4TD"
                ],
                "count": 2
            }
        ]
    },
    {
        "user": "U0331FWGQRM",
        "type": "message",
        "ts": "1695775698.022499",
        "edited": {
            "user": "U0331FWGQRM",
            "ts": "1695816367.000000"
        },
        "client_msg_id": "9e5bc155-99e0-47e0-8f6e-ea4a790cef2b",
        "text": "<@U041RJKV5JA> <@U033G4KN4TD>\nOssu tea様からサンプル依頼です。\n~下記各何gかは確認中。~\n~※情報入り次第本スレッド編集します。~\n\nーーー内容ーーー\nフレーバー各20g\nCinnamon　（ブレンドしていないpure powder）\nGinger　（ブレンドしていないpure powder）\nTurmeric　（ブレンドしていないpure powder）\nPeppermint　（ブレンドしていないpure powder）\nLemongrass　（ブレンドしていないpure powder）\n\n抹茶各60g\nMatcha HQ-3\nMatcha TQ-2\nMatcha TQ-3\nーーーーーーーー\n\n＜経緯・情報共有＞メール和訳\n私は現在、私のマーケティング・チームから紹介された会社と、\nフレーバー入りオーガニック抹茶パウダーを使った共同プロジェクトの可能性を探っているところです。\nこの試みを進めるためには\n 抹茶と香料の様々な比率を徹底的にテストすることが不可欠です。",
        "team": "T033D70RR6H",
        "user_team": "T033D70RR6H",
        "source_team": "T033D70RR6H",
        "user_profile": {
            "avatar_hash": "gf9d05f2cae1",
            "image_72": "https:\/\/secure.gravatar.com\/avatar\/f9d05f2cae161f657bb1248fc85b5235.jpg?s=72&d=https%3A%2F%2Fa.slack-edge.com%2Fdf10d%2Fimg%2Favatars%2Fava_0008-72.png",
            "first_name": "matsui",
            "real_name": "matsui",
            "display_name": "松井",
            "team": "T033D70RR6H",
            "name": "tousuien.matsui",
            "is_restricted": false,
            "is_ultra_restricted": false
        },
        "thread_ts": "1695775698.022499",
        "reply_count": 5,
        "reply_users_count": 2,
        "latest_reply": "1696000545.496329",
        "reply_users": [
            "U0331FWGQRM",
            "U033G4KN4TD"
        ],
        "replies": [
            {
                "user": "U0331FWGQRM",
                "ts": "1695816395.720559"
            },
            {
                "user": "U033G4KN4TD",
                "ts": "1695859703.096059"
            },
            {
                "user": "U0331FWGQRM",
                "ts": "1695867360.935589"
            },
            {
                "user": "U033G4KN4TD",
                "ts": "1695887771.783909"
            },
            {
                "user": "U0331FWGQRM",
                "ts": "1696000545.496329"
            }
        ],
        "is_locked": false,
        "subscribed": true,
        "last_read": "1696000545.496329",
        "blocks": [
            {
                "type": "rich_text",
                "block_id": "c6YzH",
                "elements": [
                    {
                        "type": "rich_text_section",
                        "elements": [
                            {
                                "type": "user",
                                "user_id": "U041RJKV5JA"
                            },
                            {
                                "type": "text",
                                "text": " "
                            },
                            {
                                "type": "user",
                                "user_id": "U033G4KN4TD"
                            },
                            {
                                "type": "text",
                                "text": "\nOssu tea様からサンプル依頼です。\n"
                            },
                            {
                                "type": "text",
                                "text": "下記各何gかは確認中。",
                                "style": {
                                    "strike": true
                                }
                            },
                            {
                                "type": "text",
                                "text": "\n"
                            },
                            {
                                "type": "text",
                                "text": "※情報入り次第本スレッド編集します。",
                                "style": {
                                    "strike": true
                                }
                            },
                            {
                                "type": "text",
                                "text": "\n\nーーー内容ーーー\nフレーバー各20g\nCinnamon　（ブレンドしていないpure powder）\nGinger　（ブレンドしていないpure powder）\nTurmeric　（ブレンドしていないpure powder）\nPeppermint　（ブレンドしていないpure powder）\nLemongrass　（ブレンドしていないpure powder）\n\n抹茶各60g\nMatcha HQ-3\nMatcha TQ-2\nMatcha TQ-3\nーーーーーーーー\n\n＜経緯・情報共有＞メール和訳\n私は現在、私のマーケティング・チームから紹介された会社と、\nフレーバー入りオーガニック抹茶パウダーを使った共同プロジェクトの可能性を探っているところです。\nこの試みを進めるためには\n 抹茶と香料の様々な比率を徹底的にテストすることが不可欠です。"
                            }
                        ]
                    }
                ]
            }
        ],
        "reactions": [
            {
                "name": "承知_致しました",
                "users": [
                    "U041RJKV5JA",
                    "U033G4KN4TD"
                ],
                "count": 2
            }
        ]
    },
    {
        "user": "U033G4KN4TD",
        "type": "message",
        "ts": "1695796921.215879",
        "client_msg_id": "811486e2-043e-408e-99ce-881904ca79dc",
        "text": "<@U0331FWGQRM> 執行役\nCC： <@U041RJKV5JA> 部長\nお疲れ様です。\n本日、EMSにて出荷しました。\nAWB No. EN278994013JP\nよろしくお願いします。",
        "team": "T033D70RR6H",
        "user_team": "T033D70RR6H",
        "source_team": "T033D70RR6H",
        "user_profile": {
            "avatar_hash": "b87877677a67",
            "image_72": "https:\/\/avatars.slack-edge.com\/2022-02-16\/3118194883458_b87877677a672efe50f6_72.png",
            "first_name": "Fukui",
            "real_name": "Fukui",
            "display_name": "福井",
            "team": "T033D70RR6H",
            "name": "tousuien04",
            "is_restricted": false,
            "is_ultra_restricted": false
        },
        "thread_ts": "1695739935.048499",
        "parent_user_id": "U0331FWGQRM",
        "blocks": [
            {
                "type": "rich_text",
                "block_id": "OGXF",
                "elements": [
                    {
                        "type": "rich_text_section",
                        "elements": [
                            {
                                "type": "user",
                                "user_id": "U0331FWGQRM"
                            },
                            {
                                "type": "text",
                                "text": " 執行役\nCC： "
                            },
                            {
                                "type": "user",
                                "user_id": "U041RJKV5JA"
                            },
                            {
                                "type": "text",
                                "text": " 部長\nお疲れ様です。\n本日、EMSにて出荷しました。\nAWB No. EN278994013JP\nよろしくお願いします。"
                            }
                        ]
                    }
                ]
            }
        ],
        "reactions": [
            {
                "name": "d130b000eb8d6784",
                "users": [
                    "U0331FWGQRM"
                ],
                "count": 1
            },
            {
                "name": "raised_hands",
                "users": [
                    "U0331FWGQRM"
                ],
                "count": 1
            }
        ]
    }
]