[
    {
        "user": "U0331FWGQRM",
        "type": "message",
        "ts": "1689526446.478489",
        "edited": {
            "user": "U0331FWGQRM",
            "ts": "1689602335.000000"
        },
        "client_msg_id": "534ee01e-535f-49bc-999d-b85cf93607b1",
        "text": "<@U041RJKV5JA> <@U0331FZTHEK>\n\nマレーシアのお客様、\nSin Chee Onn様へサンプル（各20g）発送宜しくお願いします。\n入金確認後の発送でお願いします。\n\n・Organic Matcha Upper grade 1　鹿児島A\n・Organic Matcha Upper grade 2　鹿児島１A\n・Organic Genmaicha Leaf　鹿児島製茶有機煎茶1B＋丸菱有機玄米（51:49）\n・Organic Genmaicha Powder　上記を粉砕\n\nーーーーーーーーーーーーーーーー\n- Company name : Quinss Sole Resources\n- Your name : Sin Chee Onn\n- Delivery Address : 22, Jalan Manjoi 9, Taman Kok Lian, Batu 5, Jalan Ipoh, 51200 Kuala Lumpur, Malaysia\nPostal code : 51200\nPhone number : <tel:+60162877515|+60162877515>\nEmail address : <mailto:quinsstea@outlook.com|quinsstea@outlook.com>",
        "team": "T033D70RR6H",
        "user_team": "T033D70RR6H",
        "source_team": "T033D70RR6H",
        "user_profile": {
            "avatar_hash": "gf9d05f2cae1",
            "image_72": "https:\/\/secure.gravatar.com\/avatar\/f9d05f2cae161f657bb1248fc85b5235.jpg?s=72&d=https%3A%2F%2Fa.slack-edge.com%2Fdf10d%2Fimg%2Favatars%2Fava_0008-72.png",
            "first_name": "matsui",
            "real_name": "matsui",
            "display_name": "松井",
            "team": "T033D70RR6H",
            "name": "tousuien.matsui",
            "is_restricted": false,
            "is_ultra_restricted": false
        },
        "thread_ts": "1689526446.478489",
        "reply_count": 2,
        "reply_users_count": 2,
        "latest_reply": "1707481509.521739",
        "reply_users": [
            "U041RJKV5JA",
            "U0331FWGQRM"
        ],
        "replies": [
            {
                "user": "U041RJKV5JA",
                "ts": "1703140553.887999"
            },
            {
                "user": "U0331FWGQRM",
                "ts": "1707481509.521739"
            }
        ],
        "is_locked": false,
        "subscribed": true,
        "last_read": "1707481509.521739",
        "blocks": [
            {
                "type": "rich_text",
                "block_id": "t2V",
                "elements": [
                    {
                        "type": "rich_text_section",
                        "elements": [
                            {
                                "type": "user",
                                "user_id": "U041RJKV5JA"
                            },
                            {
                                "type": "text",
                                "text": " "
                            },
                            {
                                "type": "user",
                                "user_id": "U0331FZTHEK"
                            },
                            {
                                "type": "text",
                                "text": "\n\nマレーシアのお客様、\nSin Chee Onn様へサンプル（各20g）発送宜しくお願いします。\n入金確認後の発送でお願いします。\n\n・Organic Matcha Upper grade 1　鹿児島A\n・Organic Matcha Upper grade 2　鹿児島１A\n・Organic Genmaicha Leaf　鹿児島製茶有機煎茶1B＋丸菱有機玄米（51:49）\n・Organic Genmaicha Powder　上記を粉砕\n\nーーーーーーーーーーーーーーーー\n- Company name : Quinss Sole Resources\n- Your name : Sin Chee Onn\n- Delivery Address : 22, Jalan Manjoi 9, Taman Kok Lian, Batu 5, Jalan Ipoh, 51200 Kuala Lumpur, Malaysia\nPostal code : 51200\nPhone number : "
                            },
                            {
                                "type": "link",
                                "url": "tel:+60162877515",
                                "text": "+60162877515"
                            },
                            {
                                "type": "text",
                                "text": "\nEmail address : "
                            },
                            {
                                "type": "link",
                                "url": "mailto:quinsstea@outlook.com",
                                "text": "quinsstea@outlook.com"
                            }
                        ]
                    }
                ]
            }
        ],
        "reactions": [
            {
                "name": "承知_致しました",
                "users": [
                    "U041RJKV5JA"
                ],
                "count": 1
            }
        ]
    }
]