[
    {
        "user": "U0331FWGQRM",
        "type": "message",
        "ts": "1696000545.496329",
        "client_msg_id": "e1bf9f40-c115-4adb-a31e-d9446fd4e7cd",
        "text": "<@U041RJKV5JA> <@U05KGS6HN9H> <@U033G4KN4TD> <@U03BLQ65GK0>\nDavid様から“缶を発送してほしい“と言われていた件ですが、\n（口頭で日東製缶のものを送る、みたいな話をしていた件です）\nこれについては、実物がいいとのことなので、\n中国から缶が届いたら（40g pull top can）それを送ってください。\n\n※送る前に必ず連絡ください。\n※現在中国には、下記２種類注文しているので、\n間違えないように注意してください。\n30g pull top can silver　1000缶　←サウジのAnfal用\n40g pull top can silver　4000缶　←Ossu tea用",
        "team": "T033D70RR6H",
        "user_team": "T033D70RR6H",
        "source_team": "T033D70RR6H",
        "user_profile": {
            "avatar_hash": "gf9d05f2cae1",
            "image_72": "https:\/\/secure.gravatar.com\/avatar\/f9d05f2cae161f657bb1248fc85b5235.jpg?s=72&d=https%3A%2F%2Fa.slack-edge.com%2Fdf10d%2Fimg%2Favatars%2Fava_0008-72.png",
            "first_name": "matsui",
            "real_name": "matsui",
            "display_name": "松井",
            "team": "T033D70RR6H",
            "name": "tousuien.matsui",
            "is_restricted": false,
            "is_ultra_restricted": false
        },
        "thread_ts": "1695775698.022499",
        "parent_user_id": "U0331FWGQRM",
        "blocks": [
            {
                "type": "rich_text",
                "block_id": "ANLki",
                "elements": [
                    {
                        "type": "rich_text_section",
                        "elements": [
                            {
                                "type": "user",
                                "user_id": "U041RJKV5JA"
                            },
                            {
                                "type": "text",
                                "text": " "
                            },
                            {
                                "type": "user",
                                "user_id": "U05KGS6HN9H"
                            },
                            {
                                "type": "text",
                                "text": " "
                            },
                            {
                                "type": "user",
                                "user_id": "U033G4KN4TD"
                            },
                            {
                                "type": "text",
                                "text": " "
                            },
                            {
                                "type": "user",
                                "user_id": "U03BLQ65GK0"
                            },
                            {
                                "type": "text",
                                "text": "\nDavid様から“缶を発送してほしい“と言われていた件ですが、\n（口頭で日東製缶のものを送る、みたいな話をしていた件です）\nこれについては、実物がいいとのことなので、\n中国から缶が届いたら（40g pull top can）それを送ってください。\n\n※送る前に必ず連絡ください。\n※現在中国には、下記２種類注文しているので、\n間違えないように注意してください。\n30g pull top can silver　1000缶　←サウジのAnfal用\n40g pull top can silver　4000缶　←Ossu tea用"
                            }
                        ]
                    }
                ]
            }
        ],
        "reactions": [
            {
                "name": "承知_致しました",
                "users": [
                    "U041RJKV5JA"
                ],
                "count": 1
            }
        ]
    },
    {
        "user": "U0331FWGQRM",
        "type": "message",
        "ts": "1696005780.960909",
        "client_msg_id": "859c5131-bc36-4f15-a0f0-9451dd6b280e",
        "text": "<@U041RJKV5JA> <@U05KGS6HN9H> <@U033G4KN4TD>\nサウジアラビアのAmjad alqrni様にサンプル発送願います。\n６種類　各20g\n\nSOAR MATCHA\nAmjad alqarni\nSaudi arabia, dammam 2488\n32266\n+ 966544148663\n<mailto:Amjadalqrni1@gmail.com|Amjadalqrni1@gmail.com>",
        "team": "T033D70RR6H",
        "user_team": "T033D70RR6H",
        "source_team": "T033D70RR6H",
        "user_profile": {
            "avatar_hash": "gf9d05f2cae1",
            "image_72": "https:\/\/secure.gravatar.com\/avatar\/f9d05f2cae161f657bb1248fc85b5235.jpg?s=72&d=https%3A%2F%2Fa.slack-edge.com%2Fdf10d%2Fimg%2Favatars%2Fava_0008-72.png",
            "first_name": "matsui",
            "real_name": "matsui",
            "display_name": "松井",
            "team": "T033D70RR6H",
            "name": "tousuien.matsui",
            "is_restricted": false,
            "is_ultra_restricted": false
        },
        "thread_ts": "1696005780.960909",
        "reply_count": 3,
        "reply_users_count": 2,
        "latest_reply": "1696306509.156709",
        "reply_users": [
            "U0331FZTHEK",
            "U05KGS6HN9H"
        ],
        "replies": [
            {
                "user": "U0331FZTHEK",
                "ts": "1696201831.565019"
            },
            {
                "user": "U05KGS6HN9H",
                "ts": "1696224864.925999"
            },
            {
                "user": "U05KGS6HN9H",
                "ts": "1696306509.156709"
            }
        ],
        "is_locked": false,
        "subscribed": true,
        "last_read": "1696306509.156709",
        "blocks": [
            {
                "type": "rich_text",
                "block_id": "JtM",
                "elements": [
                    {
                        "type": "rich_text_section",
                        "elements": [
                            {
                                "type": "user",
                                "user_id": "U041RJKV5JA"
                            },
                            {
                                "type": "text",
                                "text": " "
                            },
                            {
                                "type": "user",
                                "user_id": "U05KGS6HN9H"
                            },
                            {
                                "type": "text",
                                "text": " "
                            },
                            {
                                "type": "user",
                                "user_id": "U033G4KN4TD"
                            },
                            {
                                "type": "text",
                                "text": "\nサウジアラビアのAmjad alqrni様にサンプル発送願います。\n６種類　各20g\n\nSOAR MATCHA\nAmjad alqarni\nSaudi arabia, dammam 2488\n32266\n+ 966544148663\n"
                            },
                            {
                                "type": "link",
                                "url": "mailto:Amjadalqrni1@gmail.com",
                                "text": "Amjadalqrni1@gmail.com"
                            }
                        ]
                    }
                ]
            }
        ],
        "reactions": [
            {
                "name": "承知_致しました",
                "users": [
                    "U041RJKV5JA"
                ],
                "count": 1
            }
        ]
    }
]