[
    {
        "user": "U0606SPN4BW",
        "type": "message",
        "ts": "1716712998.297189",
        "client_msg_id": "9d103a72-3d5c-4080-92a0-183b2e32bfdf",
        "text": "<!subteam^S073HEMKWV7|@hirakawa-adachi-yamamoto-fuse>\nメキシコ sarai様から応答がありましたので、現地DHLに至急お電話いただく様、お願いをしました！\n早速ご本人が架電したところ、週末は休業のようでしたので月曜に改めてお電話頂くように伝えてあります。\n月曜にお電話頂けるのであれば5\/29の期限内なので進むと良いのですが。。\n\n再度ペガサスから確認が入りました場合は、上記お伝えくださいますようお願いいたします！",
        "team": "T033D70RR6H",
        "user_team": "T033D70RR6H",
        "source_team": "T033D70RR6H",
        "user_profile": {
            "avatar_hash": "823d8545f678",
            "image_72": "https:\/\/avatars.slack-edge.com\/2024-04-12\/6946592133062_823d8545f678615a3e0a_72.jpg",
            "first_name": "SATOSHI",
            "real_name": "SATOSHI FURUKAWA",
            "display_name": "古川　敏",
            "team": "T033D70RR6H",
            "name": "jpfreebirds",
            "is_restricted": false,
            "is_ultra_restricted": false
        },
        "thread_ts": "1714211378.430429",
        "parent_user_id": "U0606SPN4BW",
        "blocks": [
            {
                "type": "rich_text",
                "block_id": "AG2QH",
                "elements": [
                    {
                        "type": "rich_text_section",
                        "elements": [
                            {
                                "type": "usergroup",
                                "usergroup_id": "S073HEMKWV7"
                            },
                            {
                                "type": "text",
                                "text": "\nメキシコ sarai様から応答がありましたので、現地DHLに至急お電話いただく様、お願いをしました！\n早速ご本人が架電したところ、週末は休業のようでしたので月曜に改めてお電話頂くように伝えてあります。\n月曜にお電話頂けるのであれば5\/29の期限内なので進むと良いのですが。。\n\n再度ペガサスから確認が入りました場合は、上記お伝えくださいますようお願いいたします！"
                            }
                        ]
                    }
                ]
            }
        ],
        "reactions": [
            {
                "name": "承知_致しました",
                "users": [
                    "U041RJKV5JA"
                ],
                "count": 1
            }
        ]
    },
    {
        "user": "U0606SPN4BW",
        "type": "message",
        "ts": "1716728453.854729",
        "edited": {
            "user": "U0606SPN4BW",
            "ts": "1716728593.000000"
        },
        "client_msg_id": "29469933-5df1-48b6-84f7-c6aa318d7b8e",
        "text": "<!subteam^S073HEMKWV7|@hirakawa-adachi-yamamoto-fuse> cc <!subteam^S072Q871SF9|@oka-matsui-furukawa-hayashi-kimura-hasegawa-kawatani>\n:flag-ph:フィリピン Juliet Arances様からサンプル注文を頂きました！\n**お届け名はご要望により、Maricris Altarejos様となっています。*\nInvoice: *TSE-JLA-SPL-001-24*\n\n\n下記へ発送手続き、および発送日のお知らせをお願いします！\n\n<@U0331FZTHEK> 入金確認済 (USD30), 回収処理をお願いします！\n\n▼サンプル内容 (計 4点)\n<各20g>\nOrganic Matcha Upper - 1 鹿児島製茶 (鹿児島 A)\nOrganic Matcha Upper - 2 鹿児島製茶 (鹿児島 1A)\nOrganic Matcha Middle - 1 鹿児島製茶 (鹿児島 B)\nOrganic Matcha Middle - 2 鹿児島製茶 (鹿児島 C)\n\n袋指定なし、エージレス無し、品名ラベル貼り。\n\n発送:DHL\n\n--------------------------------\n\nBrand name:\nName: Maricris Altarejos\nAddress: Blk 2 Lot 7, Patricia South Villa, Imus, Cavite,\nPhilippines, Imus, Cavite, Philippines,\nPostcode: 4103\ne-mail: <mailto:threadfuse2023@gmail.com|threadfuse2023@gmail.com>\nPhone: <tel:+639283592781|+639283592781>\n\n--------------------------------",
        "team": "T033D70RR6H",
        "user_team": "T033D70RR6H",
        "source_team": "T033D70RR6H",
        "user_profile": {
            "avatar_hash": "823d8545f678",
            "image_72": "https:\/\/avatars.slack-edge.com\/2024-04-12\/6946592133062_823d8545f678615a3e0a_72.jpg",
            "first_name": "SATOSHI",
            "real_name": "SATOSHI FURUKAWA",
            "display_name": "古川　敏",
            "team": "T033D70RR6H",
            "name": "jpfreebirds",
            "is_restricted": false,
            "is_ultra_restricted": false
        },
        "thread_ts": "1716728453.854729",
        "reply_count": 3,
        "reply_users_count": 2,
        "latest_reply": "1716873934.442209",
        "reply_users": [
            "U0331FZTHEK",
            "U05KGS6HN9H"
        ],
        "replies": [
            {
                "user": "U0331FZTHEK",
                "ts": "1716765116.569779"
            },
            {
                "user": "U05KGS6HN9H",
                "ts": "1716788237.219159"
            },
            {
                "user": "U05KGS6HN9H",
                "ts": "1716873934.442209"
            }
        ],
        "is_locked": false,
        "subscribed": true,
        "last_read": "1716873934.442209",
        "blocks": [
            {
                "type": "rich_text",
                "block_id": "3Y\/3n",
                "elements": [
                    {
                        "type": "rich_text_section",
                        "elements": [
                            {
                                "type": "usergroup",
                                "usergroup_id": "S073HEMKWV7"
                            },
                            {
                                "type": "text",
                                "text": " cc "
                            },
                            {
                                "type": "usergroup",
                                "usergroup_id": "S072Q871SF9"
                            },
                            {
                                "type": "text",
                                "text": "\n"
                            },
                            {
                                "type": "emoji",
                                "name": "flag-ph",
                                "unicode": "1f1f5-1f1ed"
                            },
                            {
                                "type": "text",
                                "text": "フィリピン Juliet Arances様からサンプル注文を頂きました！\n"
                            },
                            {
                                "type": "text",
                                "text": "*お届け名はご要望により、Maricris Altarejos様となっています。",
                                "style": {
                                    "bold": true
                                }
                            },
                            {
                                "type": "text",
                                "text": "\nInvoice: "
                            },
                            {
                                "type": "text",
                                "text": "TSE-JLA-SPL-001-24",
                                "style": {
                                    "bold": true
                                }
                            },
                            {
                                "type": "text",
                                "text": "\n\n\n下記へ発送手続き、および発送日のお知らせをお願いします！\n\n"
                            },
                            {
                                "type": "user",
                                "user_id": "U0331FZTHEK"
                            },
                            {
                                "type": "text",
                                "text": " 入金確認済 (USD30), 回収処理をお願いします！\n\n▼サンプル内容 (計 4点)\n<各20g>\nOrganic Matcha Upper - 1 鹿児島製茶 (鹿児島 A)\nOrganic Matcha Upper - 2 鹿児島製茶 (鹿児島 1A)\nOrganic Matcha Middle - 1 鹿児島製茶 (鹿児島 B)\nOrganic Matcha Middle - 2 鹿児島製茶 (鹿児島 C)\n\n袋指定なし、エージレス無し、品名ラベル貼り。\n\n発送:DHL\n\n--------------------------------\n\nBrand name:\nName: Maricris Altarejos\nAddress: Blk 2 Lot 7, Patricia South Villa, Imus, Cavite,\nPhilippines, Imus, Cavite, Philippines,\nPostcode: 4103\ne-mail: "
                            },
                            {
                                "type": "link",
                                "url": "mailto:threadfuse2023@gmail.com",
                                "text": "threadfuse2023@gmail.com"
                            },
                            {
                                "type": "text",
                                "text": "\nPhone: "
                            },
                            {
                                "type": "link",
                                "url": "tel:+639283592781",
                                "text": "+639283592781"
                            },
                            {
                                "type": "text",
                                "text": "\n\n--------------------------------"
                            }
                        ]
                    }
                ]
            }
        ],
        "reactions": [
            {
                "name": "承知_致しました",
                "users": [
                    "U041RJKV5JA",
                    "U033G4KN4TD",
                    "U05KGS6HN9H"
                ],
                "count": 3
            },
            {
                "name": "d130b000eb8d6784",
                "users": [
                    "U0331FZTHEK"
                ],
                "count": 1
            },
            {
                "name": "7e6ac2088523a821",
                "users": [
                    "U0331FZTHEK"
                ],
                "count": 1
            }
        ]
    },
    {
        "user": "U0331FZTHEK",
        "type": "message",
        "ts": "1716763513.059829",
        "client_msg_id": "50fcc7c9-0743-41d4-80e2-8c1f4d0a6519",
        "text": "<@U0606SPN4BW>\n <!subteam^S073HEMKWV7|@hirakawa-adachi-yamamoto-fuse>\nご入金を確認致しました。\n・5\/25 [PayPal]\n・40 USD\n回収（入金）処理致します。\nよろしくお願いします。",
        "team": "T033D70RR6H",
        "user_team": "T033D70RR6H",
        "source_team": "T033D70RR6H",
        "user_profile": {
            "avatar_hash": "21cdbd6a05f9",
            "image_72": "https:\/\/avatars.slack-edge.com\/2022-02-16\/3115258488741_21cdbd6a05f9a69110f7_72.png",
            "first_name": "Mitsunobu",
            "real_name": "Mitsunobu Katayose",
            "display_name": "片寄",
            "team": "T033D70RR6H",
            "name": "tousuien03",
            "is_restricted": false,
            "is_ultra_restricted": false
        },
        "thread_ts": "1716639624.931799",
        "parent_user_id": "U0606SPN4BW",
        "blocks": [
            {
                "type": "rich_text",
                "block_id": "AU7wJ",
                "elements": [
                    {
                        "type": "rich_text_section",
                        "elements": [
                            {
                                "type": "user",
                                "user_id": "U0606SPN4BW"
                            },
                            {
                                "type": "text",
                                "text": "\n "
                            },
                            {
                                "type": "usergroup",
                                "usergroup_id": "S073HEMKWV7"
                            },
                            {
                                "type": "text",
                                "text": "\nご入金を確認致しました。\n・5\/25 [PayPal]\n・40 USD\n回収（入金）処理致します。\nよろしくお願いします。"
                            }
                        ]
                    }
                ]
            }
        ],
        "reactions": [
            {
                "name": "あり",
                "users": [
                    "U0606SPN4BW"
                ],
                "count": 1
            },
            {
                "name": "入金完了",
                "users": [
                    "U0331FZTHEK"
                ],
                "count": 1
            }
        ]
    },
    {
        "user": "U0331FZTHEK",
        "type": "message",
        "ts": "1716763708.184019",
        "client_msg_id": "94ecb2e4-5057-499a-8935-60a53d87b69d",
        "text": "<@U0606SPN4BW>\n <!subteam^S073HEMKWV7|@hirakawa-adachi-yamamoto-fuse>\nご入金を確認致しました。\n・5\/23 [PayPal]\n・40 USD\n回収（入金）処理致します。\nよろしくお願いします。",
        "team": "T033D70RR6H",
        "user_team": "T033D70RR6H",
        "source_team": "T033D70RR6H",
        "user_profile": {
            "avatar_hash": "21cdbd6a05f9",
            "image_72": "https:\/\/avatars.slack-edge.com\/2022-02-16\/3115258488741_21cdbd6a05f9a69110f7_72.png",
            "first_name": "Mitsunobu",
            "real_name": "Mitsunobu Katayose",
            "display_name": "片寄",
            "team": "T033D70RR6H",
            "name": "tousuien03",
            "is_restricted": false,
            "is_ultra_restricted": false
        },
        "thread_ts": "1716641315.674689",
        "parent_user_id": "U0606SPN4BW",
        "blocks": [
            {
                "type": "rich_text",
                "block_id": "tAwCT",
                "elements": [
                    {
                        "type": "rich_text_section",
                        "elements": [
                            {
                                "type": "user",
                                "user_id": "U0606SPN4BW"
                            },
                            {
                                "type": "text",
                                "text": "\n "
                            },
                            {
                                "type": "usergroup",
                                "usergroup_id": "S073HEMKWV7"
                            },
                            {
                                "type": "text",
                                "text": "\nご入金を確認致しました。\n・5\/23 [PayPal]\n・40 USD\n回収（入金）処理致します。\nよろしくお願いします。"
                            }
                        ]
                    }
                ]
            }
        ],
        "reactions": [
            {
                "name": "あり",
                "users": [
                    "U0606SPN4BW"
                ],
                "count": 1
            },
            {
                "name": "入金完了",
                "users": [
                    "U0331FZTHEK"
                ],
                "count": 1
            }
        ]
    },
    {
        "user": "U0331FZTHEK",
        "type": "message",
        "ts": "1716764005.187619",
        "client_msg_id": "755ce053-aee4-4de0-8c1b-ae722c55a224",
        "text": "<@U0606SPN4BW>\n <!subteam^S073HEMKWV7|@hirakawa-adachi-yamamoto-fuse>\nご入金を確認致しました。\n・5\/26 [PayPal]\n・30 USD\n回収（入金）処理致します。\nよろしくお願いします。",
        "team": "T033D70RR6H",
        "user_team": "T033D70RR6H",
        "source_team": "T033D70RR6H",
        "user_profile": {
            "avatar_hash": "21cdbd6a05f9",
            "image_72": "https:\/\/avatars.slack-edge.com\/2022-02-16\/3115258488741_21cdbd6a05f9a69110f7_72.png",
            "first_name": "Mitsunobu",
            "real_name": "Mitsunobu Katayose",
            "display_name": "片寄",
            "team": "T033D70RR6H",
            "name": "tousuien03",
            "is_restricted": false,
            "is_ultra_restricted": false
        },
        "thread_ts": "1716674724.037919",
        "parent_user_id": "U0606SPN4BW",
        "blocks": [
            {
                "type": "rich_text",
                "block_id": "YF8AV",
                "elements": [
                    {
                        "type": "rich_text_section",
                        "elements": [
                            {
                                "type": "user",
                                "user_id": "U0606SPN4BW"
                            },
                            {
                                "type": "text",
                                "text": "\n "
                            },
                            {
                                "type": "usergroup",
                                "usergroup_id": "S073HEMKWV7"
                            },
                            {
                                "type": "text",
                                "text": "\nご入金を確認致しました。\n・5\/26 [PayPal]\n・30 USD\n回収（入金）処理致します。\nよろしくお願いします。"
                            }
                        ]
                    }
                ]
            }
        ]
    },
    {
        "user": "U0331FZTHEK",
        "type": "message",
        "ts": "1716765116.569779",
        "client_msg_id": "129a7529-a779-4803-878f-c2cbf142faf2",
        "text": "<@U0606SPN4BW>\n <!subteam^S073HEMKWV7|@hirakawa-adachi-yamamoto-fuse>\nご入金を確認致しました。\n・5\/26 [PayPal]\n・30 USD\n回収（入金）処理致します。\nよろしくお願いします。",
        "team": "T033D70RR6H",
        "user_team": "T033D70RR6H",
        "source_team": "T033D70RR6H",
        "user_profile": {
            "avatar_hash": "21cdbd6a05f9",
            "image_72": "https:\/\/avatars.slack-edge.com\/2022-02-16\/3115258488741_21cdbd6a05f9a69110f7_72.png",
            "first_name": "Mitsunobu",
            "real_name": "Mitsunobu Katayose",
            "display_name": "片寄",
            "team": "T033D70RR6H",
            "name": "tousuien03",
            "is_restricted": false,
            "is_ultra_restricted": false
        },
        "thread_ts": "1716728453.854729",
        "parent_user_id": "U0606SPN4BW",
        "blocks": [
            {
                "type": "rich_text",
                "block_id": "YF8AV",
                "elements": [
                    {
                        "type": "rich_text_section",
                        "elements": [
                            {
                                "type": "user",
                                "user_id": "U0606SPN4BW"
                            },
                            {
                                "type": "text",
                                "text": "\n "
                            },
                            {
                                "type": "usergroup",
                                "usergroup_id": "S073HEMKWV7"
                            },
                            {
                                "type": "text",
                                "text": "\nご入金を確認致しました。\n・5\/26 [PayPal]\n・30 USD\n回収（入金）処理致します。\nよろしくお願いします。"
                            }
                        ]
                    }
                ]
            }
        ],
        "reactions": [
            {
                "name": "あり",
                "users": [
                    "U0606SPN4BW"
                ],
                "count": 1
            },
            {
                "name": "入金完了",
                "users": [
                    "U0331FZTHEK"
                ],
                "count": 1
            }
        ]
    },
    {
        "user": "U0331FZS7JT",
        "type": "message",
        "ts": "1716776386.776539",
        "edited": {
            "user": "U0331FZS7JT",
            "ts": "1716776467.000000"
        },
        "client_msg_id": "9a7bba4d-0ba6-4bf8-8002-9ee4f8016309",
        "text": "<@U066P20UQH1> <!subteam^S072Q871SF9|@oka-matsui-furukawa-hayashi-kimura-hasegawa-kawatani>\nOrganic Matcha Top - 1\n深く濃い緑色と抹茶の濃厚な香り、飲んだ後に余韻で残る旨みが特徴的。\n日本産のオーガニック抹茶の中でも最高級品に位置付けられるクオリティです。\n\nOrganic Matcha Top - 2\n色の濃さの中に多少の鮮やかさが含まれた抹茶です。\n香りについても芳醇な香りです。\n奥深い味わいが楽しめます。\n\nOrganic Matcha Upper - 1\n色鮮やかな緑色が特徴的です。\n旨味もしっかり感じられます。\n香りについてはTOPと比べ芳醇な香りというよりはフレッシュな香りが楽しめる抹茶です。\n\nOrganic Matcha Upper - 2\n鮮やかな緑味が特徴的です。\nフレッシュな香りを感じられます。\n甘味も感じられる一方で、飲んだ後の余韻でわずかな抹茶の苦味を感じることができます。\n\nOrganic Matcha Middle - 1\n鮮やかですが少しライトな緑色が特徴的な抹茶です。\n多少の甘味と苦味をそれなりに感じますので、そのまま飲むこともお勧めできますがラテなどにもおすすめです。\n\nOrganic Matcha Middle - 2\n鮮やかなライトグリーンな抹茶です。\n苦味や渋さが多少感じられる抹茶ですので、そのまま飲んでいただくこともできますが、ラテとして飲んでいただくことをお勧めします。\n\nOrganic Matcha Shizuoka\n鮮やかな緑色が特徴的。\n優しい口当たりとほのかな甘味が感じられる抹茶です。\n苦味も少ないので、そのまま飲むのもお勧めです！",
        "team": "T033D70RR6H",
        "user_team": "T033D70RR6H",
        "source_team": "T033D70RR6H",
        "user_profile": {
            "avatar_hash": "2c9de1514f26",
            "image_72": "https:\/\/avatars.slack-edge.com\/2022-02-16\/3118160981555_2c9de1514f262063f72d_72.png",
            "first_name": "Yuta",
            "real_name": "Yuta Oka",
            "display_name": "岡祐太",
            "team": "T033D70RR6H",
            "name": "yuta.oka.0915",
            "is_restricted": false,
            "is_ultra_restricted": false
        },
        "thread_ts": "1716639624.931799",
        "parent_user_id": "U0606SPN4BW",
        "blocks": [
            {
                "type": "rich_text",
                "block_id": "GGnNo",
                "elements": [
                    {
                        "type": "rich_text_section",
                        "elements": [
                            {
                                "type": "user",
                                "user_id": "U066P20UQH1"
                            },
                            {
                                "type": "text",
                                "text": " "
                            },
                            {
                                "type": "usergroup",
                                "usergroup_id": "S072Q871SF9"
                            },
                            {
                                "type": "text",
                                "text": "\nOrganic Matcha Top - 1\n深く濃い緑色と抹茶の濃厚な香り、飲んだ後に余韻で残る旨みが特徴的。\n日本産のオーガニック抹茶の中でも最高級品に位置付けられるクオリティです。\n\nOrganic Matcha Top - 2\n色の濃さの中に多少の鮮やかさが含まれた抹茶です。\n香りについても芳醇な香りです。\n奥深い味わいが楽しめます。\n\nOrganic Matcha Upper - 1\n色鮮やかな緑色が特徴的です。\n旨味もしっかり感じられます。\n香りについてはTOPと比べ芳醇な香りというよりはフレッシュな香りが楽しめる抹茶です。\n\nOrganic Matcha Upper - 2\n鮮やかな緑味が特徴的です。\nフレッシュな香りを感じられます。\n甘味も感じられる一方で、飲んだ後の余韻でわずかな抹茶の苦味を感じることができます。\n\nOrganic Matcha Middle - 1\n鮮やかですが少しライトな緑色が特徴的な抹茶です。\n多少の甘味と苦味をそれなりに感じますので、そのまま飲むこともお勧めできますがラテなどにもおすすめです。\n\nOrganic Matcha Middle - 2\n鮮やかなライトグリーンな抹茶です。\n苦味や渋さが多少感じられる抹茶ですので、そのまま飲んでいただくこともできますが、ラテとして飲んでいただくことをお勧めします。\n\nOrganic Matcha Shizuoka\n鮮やかな緑色が特徴的。\n優しい口当たりとほのかな甘味が感じられる抹茶です。\n苦味も少ないので、そのまま飲むのもお勧めです！"
                            }
                        ]
                    }
                ]
            }
        ],
        "reactions": [
            {
                "name": "あり",
                "users": [
                    "U066P20UQH1"
                ],
                "count": 1
            },
            {
                "name": "eyes",
                "users": [
                    "U033G4KN4TD"
                ],
                "count": 1
            }
        ]
    },
    {
        "user": "U066P20UQH1",
        "type": "message",
        "ts": "1716782105.237039",
        "client_msg_id": "a598bde3-0a3b-40a3-90d1-db203165558b",
        "text": "<!subteam^S073HEMKWV7|@hirakawa-adachi-yamamoto-fuse> <@U0606SPN4BW>\nもしかしたら追加でもう何種類か依頼が来そうなので、7つのサンプルはご用意いただきつつ、少し情報をお待ちくださいませ！",
        "team": "T033D70RR6H",
        "user_team": "T033D70RR6H",
        "source_team": "T033D70RR6H",
        "user_profile": {
            "avatar_hash": "179323cb3551",
            "image_72": "https:\/\/avatars.slack-edge.com\/2024-04-12\/6955353714228_179323cb3551f7c8ecfe_72.png",
            "first_name": "Haruka",
            "real_name": "Haruka Hayashi",
            "display_name": "林遥香",
            "team": "T033D70RR6H",
            "name": "haru.nboc",
            "is_restricted": false,
            "is_ultra_restricted": false
        },
        "thread_ts": "1716639624.931799",
        "parent_user_id": "U0606SPN4BW",
        "blocks": [
            {
                "type": "rich_text",
                "block_id": "eTfMK",
                "elements": [
                    {
                        "type": "rich_text_section",
                        "elements": [
                            {
                                "type": "usergroup",
                                "usergroup_id": "S073HEMKWV7"
                            },
                            {
                                "type": "text",
                                "text": " "
                            },
                            {
                                "type": "user",
                                "user_id": "U0606SPN4BW"
                            },
                            {
                                "type": "text",
                                "text": "\nもしかしたら追加でもう何種類か依頼が来そうなので、7つのサンプルはご用意いただきつつ、少し情報をお待ちくださいませ！"
                            }
                        ]
                    }
                ]
            }
        ],
        "reactions": [
            {
                "name": "承知_致しました",
                "users": [
                    "U033G4KN4TD",
                    "U041RJKV5JA"
                ],
                "count": 2
            },
            {
                "name": "あり",
                "users": [
                    "U0606SPN4BW"
                ],
                "count": 1
            }
        ]
    },
    {
        "user": "U05KGS6HN9H",
        "type": "message",
        "ts": "1716788207.551859",
        "edited": {
            "user": "U05KGS6HN9H",
            "ts": "1716792084.000000"
        },
        "client_msg_id": "def04a01-0763-449b-ad66-857f0748a6cb",
        "text": "<@U0606SPN4BW>\n<@U041RJKV5JA> <@U033G4KN4TD>\n~出荷可能日6\/3（月）にてお願い致します。~\n出荷可能日5\/28（火）にてお願い致します。",
        "team": "T033D70RR6H",
        "user_team": "T033D70RR6H",
        "source_team": "T033D70RR6H",
        "user_profile": {
            "avatar_hash": "gc4e7258333f",
            "image_72": "https:\/\/secure.gravatar.com\/avatar\/c4e7258333f2958f831d063db85b4542.jpg?s=72&d=https%3A%2F%2Fa.slack-edge.com%2Fdf10d%2Fimg%2Favatars%2Fava_0005-72.png",
            "first_name": "Adachi",
            "real_name": "Adachi",
            "display_name": "足立",
            "team": "T033D70RR6H",
            "name": "tousuien05",
            "is_restricted": false,
            "is_ultra_restricted": false
        },
        "thread_ts": "1716674724.037919",
        "parent_user_id": "U0606SPN4BW",
        "blocks": [
            {
                "type": "rich_text",
                "block_id": "OMCm7",
                "elements": [
                    {
                        "type": "rich_text_section",
                        "elements": [
                            {
                                "type": "user",
                                "user_id": "U0606SPN4BW"
                            },
                            {
                                "type": "text",
                                "text": "\n"
                            },
                            {
                                "type": "user",
                                "user_id": "U041RJKV5JA"
                            },
                            {
                                "type": "text",
                                "text": " "
                            },
                            {
                                "type": "user",
                                "user_id": "U033G4KN4TD"
                            },
                            {
                                "type": "text",
                                "text": "\n"
                            },
                            {
                                "type": "text",
                                "text": "出荷可能日6\/3（月）にてお願い致します。",
                                "style": {
                                    "strike": true
                                }
                            },
                            {
                                "type": "text",
                                "text": "\n出荷可能日5\/28（火）にてお願い致します。"
                            }
                        ]
                    }
                ]
            }
        ],
        "reactions": [
            {
                "name": "pray",
                "users": [
                    "U066P20UQH1"
                ],
                "count": 1
            }
        ]
    },
    {
        "user": "U05KGS6HN9H",
        "type": "message",
        "ts": "1716788237.219159",
        "edited": {
            "user": "U05KGS6HN9H",
            "ts": "1716792128.000000"
        },
        "client_msg_id": "08b77f2a-f5a4-4863-a381-c6bb7e1037ee",
        "text": "<@U0606SPN4BW>\n<@U041RJKV5JA> <@U033G4KN4TD>\n~出荷可能日6\/3（月）にてお願い致します。~\n出荷可能日5\/28（火）にてお願い致します。",
        "team": "T033D70RR6H",
        "user_team": "T033D70RR6H",
        "source_team": "T033D70RR6H",
        "user_profile": {
            "avatar_hash": "gc4e7258333f",
            "image_72": "https:\/\/secure.gravatar.com\/avatar\/c4e7258333f2958f831d063db85b4542.jpg?s=72&d=https%3A%2F%2Fa.slack-edge.com%2Fdf10d%2Fimg%2Favatars%2Fava_0005-72.png",
            "first_name": "Adachi",
            "real_name": "Adachi",
            "display_name": "足立",
            "team": "T033D70RR6H",
            "name": "tousuien05",
            "is_restricted": false,
            "is_ultra_restricted": false
        },
        "thread_ts": "1716728453.854729",
        "parent_user_id": "U0606SPN4BW",
        "blocks": [
            {
                "type": "rich_text",
                "block_id": "OMCm7",
                "elements": [
                    {
                        "type": "rich_text_section",
                        "elements": [
                            {
                                "type": "user",
                                "user_id": "U0606SPN4BW"
                            },
                            {
                                "type": "text",
                                "text": "\n"
                            },
                            {
                                "type": "user",
                                "user_id": "U041RJKV5JA"
                            },
                            {
                                "type": "text",
                                "text": " "
                            },
                            {
                                "type": "user",
                                "user_id": "U033G4KN4TD"
                            },
                            {
                                "type": "text",
                                "text": "\n"
                            },
                            {
                                "type": "text",
                                "text": "出荷可能日6\/3（月）にてお願い致します。",
                                "style": {
                                    "strike": true
                                }
                            },
                            {
                                "type": "text",
                                "text": "\n出荷可能日5\/28（火）にてお願い致します。"
                            }
                        ]
                    }
                ]
            }
        ],
        "reactions": [
            {
                "name": "pray",
                "users": [
                    "U066P20UQH1"
                ],
                "count": 1
            },
            {
                "name": "あり",
                "users": [
                    "U0606SPN4BW"
                ],
                "count": 1
            }
        ]
    }
]