[
    {
        "user": "U0606SPN4BW",
        "type": "message",
        "ts": "1734548567.826569",
        "client_msg_id": "172ee3c0-27a3-4558-8577-d5c7b83c4d59",
        "text": "<@U0331FZS7JT> <!subteam^S072Q871SF9|@oka-matsui-furukawa-hayashi-kimura-hasegawa-kawatani>\nハンガリー、Zsoltさんから先日のサンプルについて詳細なレビューをいただきました。\n特にフレーバー抹茶に関しては比率の調整というよりは、さらに何かを加えて改良したいようですが。。\n既にステビアもブレンドされており他の何かを追加でブレンドするのであれば、どの様なブレンドの可能性がありそうでしょうか？:thinking_face:\n対応にあたり、ご確認・ご教示よろしくお願いいたします！\n\n\n▼アリババの日本語訳が分かりづらいので、よろしければリンク先のGPT翻訳で全文をご参照ください。\n<https:\/\/chatgpt.com\/share\/e\/67631527-2140-8011-b5ea-0f179197dd5e>\n\n&lt; 要約 &gt;\n*シナモン：*\n好印象。風味を少し引き立てるために、何か相性の良い他の組み合わせアイデアがあれば。\n\n\n*ジンジャー：*\n好印象。バランスは良いけど何かが足りない。互いの風味を壊さない組み合わせを考えたい。アイデアを歓迎。\n\n\n*レモンバーム（←レモングラスの意かと)：*\nやや劣る。苦みが強い印象だけど可能性もある。風味を和らげるために何かと組み合わせる必要がありそう。\n\n\n*ミント：*\n不評。強すぎて歯磨き粉っぽいとの意見。\n(↑弱くするならOK？ or 選考に残らない を確認中)\n\n\nその他フレーバー抹茶の提案希望：\nブルーベリー、アサイーベリー、ステビアのフレーバーなどなど\n\n<@U066P20UQH1>\nこの件で、Vicky Dさんから各種フレーバーのExtractを取り寄せ頂いたようですが、何か提案できそうな感じのものはありますでしょうか？＾＾\n\n▼関連スレ\n<https:\/\/grp-ssm9297.slack.com\/archives\/C064LLMJZFY\/p1731025069753259?thread_ts=1731025063.329079&amp;cid=C064LLMJZFY>",
        "team": "T033D70RR6H",
        "user_team": "T033D70RR6H",
        "source_team": "T033D70RR6H",
        "user_profile": {
            "avatar_hash": "823d8545f678",
            "image_72": "https:\/\/avatars.slack-edge.com\/2024-04-12\/6946592133062_823d8545f678615a3e0a_72.jpg",
            "first_name": "SATOSHI",
            "real_name": "SATOSHI FURUKAWA",
            "display_name": "古川　敏",
            "team": "T033D70RR6H",
            "name": "jpfreebirds",
            "is_restricted": false,
            "is_ultra_restricted": false
        },
        "thread_ts": "1731113039.661409",
        "parent_user_id": "U066P20UQH1",
        "attachments": [
            {
                "from_url": "https:\/\/grp-ssm9297.slack.com\/archives\/C064LLMJZFY\/p1731025069753259?thread_ts=1731025063.329079&amp;cid=C064LLMJZFY",
                "ts": "1731025069.753259",
                "author_id": "U066P20UQH1",
                "channel_id": "C064LLMJZFY",
                "channel_team": "T033D70RR6H",
                "is_msg_unfurl": true,
                "is_reply_unfurl": true,
                "message_blocks": [
                    {
                        "team": "T033D70RR6H",
                        "channel": "C064LLMJZFY",
                        "ts": "1731025069.753259",
                        "message": {
                            "blocks": [
                                {
                                    "type": "rich_text",
                                    "block_id": "9vf8P",
                                    "elements": [
                                        {
                                            "type": "rich_text_preformatted",
                                            "elements": [
                                                {
                                                    "type": "text",
                                                    "text": "有機ブレンド抹茶（ジンジャー、レモングラス、ミント、シナモン）にステビア混ぜると有機じゃなくなる？（同等性国産地の非有機は5%以下ならOK）→現状は中国産だけ　キタマに国産があるかも？"
                                                }
                                            ],
                                            "border": 0
                                        },
                                        {
                                            "type": "rich_text_section",
                                            "elements": [
                                                {
                                                    "type": "text",
                                                    "text": "\n"
                                                }
                                            ]
                                        },
                                        {
                                            "type": "rich_text_preformatted",
                                            "elements": [
                                                {
                                                    "type": "text",
                                                    "text": "ブルーベリー、アサイー　オーガニック希望　ない？→難しい。探さないといけない。"
                                                }
                                            ],
                                            "border": 0
                                        },
                                        {
                                            "type": "rich_text_section",
                                            "elements": [
                                                {
                                                    "type": "text",
                                                    "text": "\n"
                                                }
                                            ]
                                        },
                                        {
                                            "type": "rich_text_preformatted",
                                            "elements": [
                                                {
                                                    "type": "text",
                                                    "text": "Vicky DにExtract依頼中\nクランベリー\nラズベリー\nレモングラス\nブルーベリー\nストリベリー\nレモンバーム\nアサイー\n（濃度3種類ずつ：10:1, 20:1, 50:1）"
                                                }
                                            ],
                                            "border": 0
                                        }
                                    ]
                                }
                            ]
                        }
                    }
                ],
                "private_channel_prompt": true,
                "id": 1,
                "original_url": "https:\/\/grp-ssm9297.slack.com\/archives\/C064LLMJZFY\/p1731025069753259?thread_ts=1731025063.329079&amp;cid=C064LLMJZFY",
                "fallback": "[November 7th, 2024 4:17 PM] haru.nboc: ```有機ブレンド抹茶（ジンジャー、レモングラス、ミント、シナモン）にステビア混ぜると有機じゃなくなる？（同等性国産地の非有機は5%以下ならOK）→現状は中国産だけ　キタマに国産があるかも？```\n```ブルーベリー、アサイー　オーガニック希望　ない？→難しい。探さないといけない。```\n```Vicky DにExtract依頼中\nクランベリー\nラズベリー\nレモングラス\nブルーベリー\nストリベリー\nレモンバーム\nアサイー\n（濃度3種類ずつ：10:1, 20:1, 50:1）```",
                "text": "```有機ブレンド抹茶（ジンジャー、レモングラス、ミント、シナモン）にステビア混ぜると有機じゃなくなる？（同等性国産地の非有機は5%以下ならOK）→現状は中国産だけ　キタマに国産があるかも？```\n```ブルーベリー、アサイー　オーガニック希望　ない？→難しい。探さないといけない。```\n```Vicky DにExtract依頼中\nクランベリー\nラズベリー\nレモングラス\nブルーベリー\nストリベリー\nレモンバーム\nアサイー\n（濃度3種類ずつ：10:1, 20:1, 50:1）```",
                "author_name": "Haruka Hayashi",
                "author_link": "https:\/\/grp-ssm9297.slack.com\/team\/U066P20UQH1",
                "author_icon": "https:\/\/avatars.slack-edge.com\/2024-04-12\/6955353714228_179323cb3551f7c8ecfe_48.png",
                "author_subname": "Haruka Hayashi",
                "mrkdwn_in": [
                    "text"
                ],
                "footer": "Slack の会話内のスレッド"
            }
        ],
        "blocks": [
            {
                "type": "rich_text",
                "block_id": "\/EW7V",
                "elements": [
                    {
                        "type": "rich_text_section",
                        "elements": [
                            {
                                "type": "user",
                                "user_id": "U0331FZS7JT"
                            },
                            {
                                "type": "text",
                                "text": " "
                            },
                            {
                                "type": "usergroup",
                                "usergroup_id": "S072Q871SF9"
                            },
                            {
                                "type": "text",
                                "text": "\nハンガリー、Zsoltさんから先日のサンプルについて詳細なレビューをいただきました。\n特にフレーバー抹茶に関しては比率の調整というよりは、さらに何かを加えて改良したいようですが。。\n既にステビアもブレンドされており他の何かを追加でブレンドするのであれば、どの様なブレンドの可能性がありそうでしょうか？"
                            },
                            {
                                "type": "emoji",
                                "name": "thinking_face",
                                "unicode": "1f914"
                            },
                            {
                                "type": "text",
                                "text": "\n対応にあたり、ご確認・ご教示よろしくお願いいたします！\n\n\n▼アリババの日本語訳が分かりづらいので、よろしければリンク先のGPT翻訳で全文をご参照ください。\n"
                            },
                            {
                                "type": "link",
                                "url": "https:\/\/chatgpt.com\/share\/e\/67631527-2140-8011-b5ea-0f179197dd5e"
                            },
                            {
                                "type": "text",
                                "text": "\n\n< 要約 >\n"
                            },
                            {
                                "type": "text",
                                "text": "シナモン：",
                                "style": {
                                    "bold": true
                                }
                            },
                            {
                                "type": "text",
                                "text": "\n好印象。風味を少し引き立てるために、何か相性の良い他の組み合わせアイデアがあれば。\n\n\n"
                            },
                            {
                                "type": "text",
                                "text": "ジンジャー：",
                                "style": {
                                    "bold": true
                                }
                            },
                            {
                                "type": "text",
                                "text": "\n好印象。バランスは良いけど何かが足りない。互いの風味を壊さない組み合わせを考えたい。アイデアを歓迎。\n\n\n"
                            },
                            {
                                "type": "text",
                                "text": "レモンバーム（←レモングラスの意かと)：",
                                "style": {
                                    "bold": true
                                }
                            },
                            {
                                "type": "text",
                                "text": "\nやや劣る。苦みが強い印象だけど可能性もある。風味を和らげるために何かと組み合わせる必要がありそう。\n\n\n"
                            },
                            {
                                "type": "text",
                                "text": "ミント：",
                                "style": {
                                    "bold": true
                                }
                            },
                            {
                                "type": "text",
                                "text": "\n不評。強すぎて歯磨き粉っぽいとの意見。\n(↑弱くするならOK？ or 選考に残らない を確認中)\n\n\nその他フレーバー抹茶の提案希望：\nブルーベリー、アサイーベリー、ステビアのフレーバーなどなど\n\n"
                            },
                            {
                                "type": "user",
                                "user_id": "U066P20UQH1"
                            },
                            {
                                "type": "text",
                                "text": "\nこの件で、Vicky Dさんから各種フレーバーのExtractを取り寄せ頂いたようですが、何か提案できそうな感じのものはありますでしょうか？＾＾\n\n▼関連スレ\n"
                            },
                            {
                                "type": "link",
                                "url": "https:\/\/grp-ssm9297.slack.com\/archives\/C064LLMJZFY\/p1731025069753259?thread_ts=1731025063.329079&cid=C064LLMJZFY"
                            }
                        ]
                    }
                ]
            }
        ],
        "reactions": [
            {
                "name": "あり",
                "users": [
                    "U066P20UQH1"
                ],
                "count": 1
            },
            {
                "name": "確認ちゅう",
                "users": [
                    "U066P20UQH1"
                ],
                "count": 1
            }
        ]
    },
    {
        "user": "U0331FZS7JT",
        "type": "message",
        "ts": "1734569461.153139",
        "client_msg_id": "f8d5167a-1901-4c7f-8beb-017e3b961d91",
        "text": "<@U0606SPN4BW> <@U066P20UQH1>\n\n下記の内容で再度提案が可能かなと思います。\nミントなど、お客様の対応次第で製造するかどうか決めますので、\n確定後、共有をお願いします！\n\n----\nシナモン追加：Clove\nシナモンの香りに厚みが出る\n\nジンジャー\n抹茶のグレードを変える（鹿児島C→鹿児島B）\n&gt; 互いの風味を壊さない\nGrade C がそもそも抹茶の香りは少ない（クセがない）から選んだ背景あり\n→足らない風味を作る\n\n*レモンバーム（←レモングラスの意かと)：*\n抹茶のグレードを変える（鹿児島C→鹿児島B）・比率を少し下げる\n&gt; 苦みが強い、風味を和らげる\n↑解消する\n\nミント：比率半分程度に弱くする\n------\n以上です！",
        "team": "T033D70RR6H",
        "user_team": "T033D70RR6H",
        "source_team": "T033D70RR6H",
        "user_profile": {
            "avatar_hash": "2c9de1514f26",
            "image_72": "https:\/\/avatars.slack-edge.com\/2022-02-16\/3118160981555_2c9de1514f262063f72d_72.png",
            "first_name": "Yuta",
            "real_name": "Yuta Oka",
            "display_name": "岡祐太",
            "team": "T033D70RR6H",
            "name": "yuta.oka.0915",
            "is_restricted": false,
            "is_ultra_restricted": false
        },
        "thread_ts": "1731113039.661409",
        "parent_user_id": "U066P20UQH1",
        "blocks": [
            {
                "type": "rich_text",
                "block_id": "1IUyZ",
                "elements": [
                    {
                        "type": "rich_text_section",
                        "elements": [
                            {
                                "type": "user",
                                "user_id": "U0606SPN4BW"
                            },
                            {
                                "type": "text",
                                "text": " "
                            },
                            {
                                "type": "user",
                                "user_id": "U066P20UQH1"
                            },
                            {
                                "type": "text",
                                "text": "\n\n下記の内容で再度提案が可能かなと思います。\nミントなど、お客様の対応次第で製造するかどうか決めますので、\n確定後、共有をお願いします！\n\n----\nシナモン追加：Clove\nシナモンの香りに厚みが出る\n\nジンジャー\n抹茶のグレードを変える（鹿児島C→鹿児島B）\n"
                            }
                        ]
                    },
                    {
                        "type": "rich_text_quote",
                        "elements": [
                            {
                                "type": "text",
                                "text": "互いの風味を壊さない"
                            }
                        ]
                    },
                    {
                        "type": "rich_text_section",
                        "elements": [
                            {
                                "type": "text",
                                "text": "Grade C がそもそも抹茶の香りは少ない（クセがない）から選んだ背景あり\n→足らない風味を作る\n\n"
                            },
                            {
                                "type": "text",
                                "text": "レモンバーム（←レモングラスの意かと)：",
                                "style": {
                                    "bold": true
                                }
                            },
                            {
                                "type": "text",
                                "text": "\n抹茶のグレードを変える（鹿児島C→鹿児島B）・比率を少し下げる\n"
                            }
                        ]
                    },
                    {
                        "type": "rich_text_quote",
                        "elements": [
                            {
                                "type": "text",
                                "text": "苦みが強い、風味を和らげる"
                            }
                        ]
                    },
                    {
                        "type": "rich_text_section",
                        "elements": [
                            {
                                "type": "text",
                                "text": "↑解消する\n\nミント：比率半分程度に弱くする\n------\n以上です！"
                            }
                        ]
                    }
                ]
            }
        ],
        "reactions": [
            {
                "name": "神-1",
                "users": [
                    "U066P20UQH1",
                    "U0606SPN4BW"
                ],
                "count": 2
            }
        ]
    },
    {
        "user": "U041RJKV5JA",
        "type": "message",
        "ts": "1734587061.377979",
        "client_msg_id": "f62e6481-b2fb-490f-974e-bc29daa3408c",
        "text": "<@U0606SPN4BW>\n <!subteam^S073HEMKWV7|@hirakawa-adachi-yamamoto-fuse>\n本日、DHLにて出荷しました。\nAWB NO. 8228971251\nよろしくお願いいたします。",
        "team": "T033D70RR6H",
        "user_team": "T033D70RR6H",
        "source_team": "T033D70RR6H",
        "user_profile": {
            "avatar_hash": "aed9eafd9eee",
            "image_72": "https:\/\/avatars.slack-edge.com\/2022-09-11\/4078874890257_aed9eafd9eee277ba076_72.png",
            "first_name": "Hirakawa",
            "real_name": "Hirakawa",
            "display_name": "平川",
            "team": "T033D70RR6H",
            "name": "tousuien.s006",
            "is_restricted": false,
            "is_ultra_restricted": false
        },
        "thread_ts": "1733761489.076779",
        "parent_user_id": "U0606SPN4BW",
        "blocks": [
            {
                "type": "rich_text",
                "block_id": "olG0O",
                "elements": [
                    {
                        "type": "rich_text_section",
                        "elements": [
                            {
                                "type": "user",
                                "user_id": "U0606SPN4BW"
                            },
                            {
                                "type": "text",
                                "text": "\n "
                            },
                            {
                                "type": "usergroup",
                                "usergroup_id": "S073HEMKWV7"
                            },
                            {
                                "type": "text",
                                "text": "\n本日、DHLにて出荷しました。\nAWB NO. 8228971251\nよろしくお願いいたします。"
                            }
                        ]
                    }
                ]
            }
        ],
        "reactions": [
            {
                "name": "d130b000eb8d6784",
                "users": [
                    "U0606SPN4BW"
                ],
                "count": 1
            },
            {
                "name": "連絡完了",
                "users": [
                    "U0606SPN4BW"
                ],
                "count": 1
            }
        ]
    }
]