[
    {
        "user": "U0606SPN4BW",
        "type": "message",
        "ts": "1710618201.760019",
        "client_msg_id": "3ec18e40-6485-4901-a6e1-d0a84c61db56",
        "text": "<@U041RJKV5JA> <@U05KGS6HN9H> <@U033G4KN4TD> cc <@U0331FZS7JT> <@U0331FWGQRM>\nイギリス、Lalintip Pichaironnarongsongkram (Matcha Life LTD) 様からサンプル注文を頂きました。\n\n・下記の他にスティック等のサンプルを加えて発送となる可能性があり調整中ですが、準備に入って頂いて大丈夫です。\n内容品が最終決定となり次第、改めてお知らせしますので*発送は保留*でお願い致します！\n（Invoice も内容が確定次第、作成致します。)\n\n\n▼サンプル内容 (計 6点)\n\n&lt;各20g&gt;\n\nOrganic Matcha Top grade - 1 (碧翠園 16000京都)\nOrganic Matcha Top grade - 2 (碧翠園 12000京都)\nOrganic Matcha Upper grade - 1 (鹿児島製茶 鹿児島 A)\nOrganic Matcha Upper grade - 2 (鹿児島製茶 鹿児島 1A)\nOrganic Matcha Middle grade - 1 (鹿児島製茶 鹿児島 B)\nOrganic Matcha Middle grade - 2 (鹿児島製茶 鹿児島 C)\n\n\n袋指定なし、エージレス無し、品名ラベル貼り。\n\n発送:DHL\n\nTSE-LTP-SMP-001-24\n\n------------------------\n・Company name: Matcha Life LTD\n・Name: Lalintip Pichaironnarongsongkram\n・Delivery address: 3 The Walled Garden, Kingscote, Tetbury, United Kingdom\n・Postal code: GL8 8YP\n・Phone number: 07809 486960\n・e-mail: <mailto:Matchalife.co@gmail.com|Matchalife.co@gmail.com>\n・EORI: GB097002714000\n------------------------",
        "team": "T033D70RR6H",
        "user_team": "T033D70RR6H",
        "source_team": "T033D70RR6H",
        "user_profile": {
            "avatar_hash": "823d8545f678",
            "image_72": "https:\/\/avatars.slack-edge.com\/2024-04-12\/6946592133062_823d8545f678615a3e0a_72.jpg",
            "first_name": "SATOSHI",
            "real_name": "SATOSHI FURUKAWA",
            "display_name": "古川　敏",
            "team": "T033D70RR6H",
            "name": "jpfreebirds",
            "is_restricted": false,
            "is_ultra_restricted": false
        },
        "thread_ts": "1710618201.760019",
        "reply_count": 11,
        "reply_users_count": 3,
        "latest_reply": "1711175042.691509",
        "reply_users": [
            "U0331FZTHEK",
            "U0606SPN4BW",
            "U05KGS6HN9H"
        ],
        "replies": [
            {
                "user": "U0331FZTHEK",
                "ts": "1710716494.015469"
            },
            {
                "user": "U0606SPN4BW",
                "ts": "1710755667.185749"
            },
            {
                "user": "U0606SPN4BW",
                "ts": "1710757107.794319"
            },
            {
                "user": "U05KGS6HN9H",
                "ts": "1710829429.455709"
            },
            {
                "user": "U0606SPN4BW",
                "ts": "1710837832.132409"
            },
            {
                "user": "U05KGS6HN9H",
                "ts": "1710838603.240859"
            },
            {
                "user": "U0606SPN4BW",
                "ts": "1710838980.028409"
            },
            {
                "user": "U0606SPN4BW",
                "ts": "1710930879.785389"
            },
            {
                "user": "U05KGS6HN9H",
                "ts": "1711074784.063659"
            },
            {
                "user": "U0606SPN4BW",
                "ts": "1711095021.740519"
            },
            {
                "user": "U05KGS6HN9H",
                "ts": "1711175042.691509"
            }
        ],
        "is_locked": false,
        "subscribed": true,
        "last_read": "1711175042.691509",
        "blocks": [
            {
                "type": "rich_text",
                "block_id": "Ncm2q",
                "elements": [
                    {
                        "type": "rich_text_section",
                        "elements": [
                            {
                                "type": "user",
                                "user_id": "U041RJKV5JA"
                            },
                            {
                                "type": "text",
                                "text": " "
                            },
                            {
                                "type": "user",
                                "user_id": "U05KGS6HN9H"
                            },
                            {
                                "type": "text",
                                "text": " "
                            },
                            {
                                "type": "user",
                                "user_id": "U033G4KN4TD"
                            },
                            {
                                "type": "text",
                                "text": " cc "
                            },
                            {
                                "type": "user",
                                "user_id": "U0331FZS7JT"
                            },
                            {
                                "type": "text",
                                "text": " "
                            },
                            {
                                "type": "user",
                                "user_id": "U0331FWGQRM"
                            },
                            {
                                "type": "text",
                                "text": "\nイギリス、Lalintip Pichaironnarongsongkram (Matcha Life LTD) 様からサンプル注文を頂きました。\n\n・下記の他にスティック等のサンプルを加えて発送となる可能性があり調整中ですが、準備に入って頂いて大丈夫です。\n内容品が最終決定となり次第、改めてお知らせしますので"
                            },
                            {
                                "type": "text",
                                "text": "発送は保留",
                                "style": {
                                    "bold": true
                                }
                            },
                            {
                                "type": "text",
                                "text": "でお願い致します！\n（Invoice も内容が確定次第、作成致します。)\n\n\n▼サンプル内容 (計 6点)\n\n<各20g>\n\nOrganic Matcha Top grade - 1 (碧翠園 16000京都)\nOrganic Matcha Top grade - 2 (碧翠園 12000京都)\nOrganic Matcha Upper grade - 1 (鹿児島製茶 鹿児島 A)\nOrganic Matcha Upper grade - 2 (鹿児島製茶 鹿児島 1A)\nOrganic Matcha Middle grade - 1 (鹿児島製茶 鹿児島 B)\nOrganic Matcha Middle grade - 2 (鹿児島製茶 鹿児島 C)\n\n\n袋指定なし、エージレス無し、品名ラベル貼り。\n\n発送:DHL\n\nTSE-LTP-SMP-001-24\n\n------------------------\n・Company name: Matcha Life LTD\n・Name: Lalintip Pichaironnarongsongkram\n・Delivery address: 3 The Walled Garden, Kingscote, Tetbury, United Kingdom\n・Postal code: GL8 8YP\n・Phone number: 07809 486960\n・e-mail: "
                            },
                            {
                                "type": "link",
                                "url": "mailto:Matchalife.co@gmail.com",
                                "text": "Matchalife.co@gmail.com"
                            },
                            {
                                "type": "text",
                                "text": "\n・EORI: GB097002714000\n------------------------"
                            }
                        ]
                    }
                ]
            }
        ],
        "reactions": [
            {
                "name": "承知_致しました",
                "users": [
                    "U05KGS6HN9H",
                    "U033G4KN4TD",
                    "U041RJKV5JA"
                ],
                "count": 3
            }
        ]
    }
]