[
    {
        "user": "U066P20UQH1",
        "type": "message",
        "ts": "1721210230.405879",
        "client_msg_id": "e92e2428-bde4-496d-af71-1da17e0c198b",
        "text": "<@U05KGS6HN9H> <!subteam^S073HEMKWV7|@hirakawa-adachi-yamamoto-fuse>\nすみません、こちら以下も追加でサンプルに加えて頂きたいのですが可能でしょうか・・？\n・ターメリック抹茶（80:20）\n・シナモン抹茶（85:15）\n・バニラ抹茶（90:10）\n・チョコレート抹茶（90:10）\n\n抹茶は全て鹿児島Bとのブレンドでお願いします。\n明日に間に合わない場合は出荷を遅らせても大丈夫です。",
        "team": "T033D70RR6H",
        "user_team": "T033D70RR6H",
        "source_team": "T033D70RR6H",
        "user_profile": {
            "avatar_hash": "179323cb3551",
            "image_72": "https:\/\/avatars.slack-edge.com\/2024-04-12\/6955353714228_179323cb3551f7c8ecfe_72.png",
            "first_name": "Haruka",
            "real_name": "Haruka Hayashi",
            "display_name": "林遥香",
            "team": "T033D70RR6H",
            "name": "haru.nboc",
            "is_restricted": false,
            "is_ultra_restricted": false
        },
        "thread_ts": "1721190451.826489",
        "parent_user_id": "U066P20UQH1",
        "blocks": [
            {
                "type": "rich_text",
                "block_id": "4FEL1",
                "elements": [
                    {
                        "type": "rich_text_section",
                        "elements": [
                            {
                                "type": "user",
                                "user_id": "U05KGS6HN9H"
                            },
                            {
                                "type": "text",
                                "text": " "
                            },
                            {
                                "type": "usergroup",
                                "usergroup_id": "S073HEMKWV7"
                            },
                            {
                                "type": "text",
                                "text": "\nすみません、こちら以下も追加でサンプルに加えて頂きたいのですが可能でしょうか・・？\n・ターメリック抹茶（80:20）\n・シナモン抹茶（85:15）\n・バニラ抹茶（90:10）\n・チョコレート抹茶（90:10）\n\n抹茶は全て鹿児島Bとのブレンドでお願いします。\n明日に間に合わない場合は出荷を遅らせても大丈夫です。"
                            }
                        ]
                    }
                ]
            }
        ],
        "reactions": [
            {
                "name": "確認致します",
                "users": [
                    "U033G4KN4TD",
                    "U05KGS6HN9H"
                ],
                "count": 2
            }
        ]
    },
    {
        "user": "U0606SPN4BW",
        "type": "message",
        "ts": "1721215285.607979",
        "client_msg_id": "9f97788d-3112-4c83-9b6a-e6c602aa4062",
        "text": "<@U05KGS6HN9H>\n<!subteam^S073HEMKWV7|@hirakawa-adachi-yamamoto-fuse>\nありがとうございます。状況、了解しました！\n先方に見せた写真がエンボスのタイプだったのでエンボスとしましたが、先方から特に指定はありません。\nPull-top 30g のブラックを、在庫のある物で送って頂くことは可能でしょうか？\n(日本製・中国製や内蓋の印字・エンボスは問いません)\nよろしくお願いいたします！",
        "team": "T033D70RR6H",
        "user_team": "T033D70RR6H",
        "source_team": "T033D70RR6H",
        "user_profile": {
            "avatar_hash": "823d8545f678",
            "image_72": "https:\/\/avatars.slack-edge.com\/2024-04-12\/6946592133062_823d8545f678615a3e0a_72.jpg",
            "first_name": "SATOSHI",
            "real_name": "SATOSHI FURUKAWA",
            "display_name": "古川　敏",
            "team": "T033D70RR6H",
            "name": "jpfreebirds",
            "is_restricted": false,
            "is_ultra_restricted": false
        },
        "thread_ts": "1721147631.123249",
        "parent_user_id": "U0606SPN4BW",
        "blocks": [
            {
                "type": "rich_text",
                "block_id": "jJ1RZ",
                "elements": [
                    {
                        "type": "rich_text_section",
                        "elements": [
                            {
                                "type": "user",
                                "user_id": "U05KGS6HN9H"
                            },
                            {
                                "type": "text",
                                "text": "\n"
                            },
                            {
                                "type": "usergroup",
                                "usergroup_id": "S073HEMKWV7"
                            },
                            {
                                "type": "text",
                                "text": "\nありがとうございます。状況、了解しました！\n先方に見せた写真がエンボスのタイプだったのでエンボスとしましたが、先方から特に指定はありません。\nPull-top 30g のブラックを、在庫のある物で送って頂くことは可能でしょうか？\n(日本製・中国製や内蓋の印字・エンボスは問いません)\nよろしくお願いいたします！"
                            }
                        ]
                    }
                ]
            }
        ],
        "reactions": [
            {
                "name": "承知_致しました",
                "users": [
                    "U05KGS6HN9H"
                ],
                "count": 1
            },
            {
                "name": "確認致します",
                "users": [
                    "U05KGS6HN9H"
                ],
                "count": 1
            }
        ]
    },
    {
        "user": "U05KGS6HN9H",
        "type": "message",
        "ts": "1721256882.504389",
        "client_msg_id": "70c39c5b-bd2e-4dc8-ada3-d15b211eda02",
        "text": "<@U066P20UQH1>\n<!subteam^S073HEMKWV7|@hirakawa-adachi-yamamoto-fuse>\n以下2点ですが、比率は変更可能でしょうか？\n・バニラ抹茶（90:10）\n・チョコレート抹茶（90:10）\n→95：5であれば合組済み品があります。\n（勿論、比率変更不可であれば合組から行います）",
        "team": "T033D70RR6H",
        "user_team": "T033D70RR6H",
        "source_team": "T033D70RR6H",
        "user_profile": {
            "avatar_hash": "gc4e7258333f",
            "image_72": "https:\/\/secure.gravatar.com\/avatar\/c4e7258333f2958f831d063db85b4542.jpg?s=72&d=https%3A%2F%2Fa.slack-edge.com%2Fdf10d%2Fimg%2Favatars%2Fava_0005-72.png",
            "first_name": "Adachi",
            "real_name": "Adachi",
            "display_name": "足立",
            "team": "T033D70RR6H",
            "name": "tousuien05",
            "is_restricted": false,
            "is_ultra_restricted": false
        },
        "thread_ts": "1721190451.826489",
        "parent_user_id": "U066P20UQH1",
        "blocks": [
            {
                "type": "rich_text",
                "block_id": "CkaPv",
                "elements": [
                    {
                        "type": "rich_text_section",
                        "elements": [
                            {
                                "type": "user",
                                "user_id": "U066P20UQH1"
                            },
                            {
                                "type": "text",
                                "text": "\n"
                            },
                            {
                                "type": "usergroup",
                                "usergroup_id": "S073HEMKWV7"
                            },
                            {
                                "type": "text",
                                "text": "\n以下2点ですが、比率は変更可能でしょうか？\n・バニラ抹茶（90:10）\n・チョコレート抹茶（90:10）\n→95：5であれば合組済み品があります。\n（勿論、比率変更不可であれば合組から行います）"
                            }
                        ]
                    }
                ]
            }
        ]
    },
    {
        "user": "U066P20UQH1",
        "type": "message",
        "ts": "1721257035.770659",
        "client_msg_id": "9AAA888C-9B30-4C24-97A4-79DF540D633D",
        "text": "<@U05KGS6HN9H> であればそれで大丈夫です！お願いします！",
        "team": "T033D70RR6H",
        "user_team": "T033D70RR6H",
        "source_team": "T033D70RR6H",
        "user_profile": {
            "avatar_hash": "179323cb3551",
            "image_72": "https:\/\/avatars.slack-edge.com\/2024-04-12\/6955353714228_179323cb3551f7c8ecfe_72.png",
            "first_name": "Haruka",
            "real_name": "Haruka Hayashi",
            "display_name": "林遥香",
            "team": "T033D70RR6H",
            "name": "haru.nboc",
            "is_restricted": false,
            "is_ultra_restricted": false
        },
        "thread_ts": "1721190451.826489",
        "parent_user_id": "U066P20UQH1",
        "blocks": [
            {
                "type": "rich_text",
                "block_id": "wVp6J",
                "elements": [
                    {
                        "type": "rich_text_section",
                        "elements": [
                            {
                                "type": "user",
                                "user_id": "U05KGS6HN9H"
                            },
                            {
                                "type": "text",
                                "text": " であればそれで大丈夫です！お願いします！"
                            }
                        ]
                    }
                ]
            }
        ],
        "reactions": [
            {
                "name": "承知_致しました",
                "users": [
                    "U05KGS6HN9H"
                ],
                "count": 1
            }
        ]
    },
    {
        "user": "U05KGS6HN9H",
        "type": "message",
        "ts": "1721257461.144249",
        "client_msg_id": "b43299fa-0f78-45c0-8331-38f3cd8fdd75",
        "text": "<@U066P20UQH1>\nラベル品名は以下で宜しいですか？（各20ｇ）\nOrganic Cinnamon Matcha\nOrganic Turmeric Matcha\nNon organic Chocolate Matcha\nNon organic Vanilla Matcha",
        "team": "T033D70RR6H",
        "user_team": "T033D70RR6H",
        "source_team": "T033D70RR6H",
        "user_profile": {
            "avatar_hash": "gc4e7258333f",
            "image_72": "https:\/\/secure.gravatar.com\/avatar\/c4e7258333f2958f831d063db85b4542.jpg?s=72&d=https%3A%2F%2Fa.slack-edge.com%2Fdf10d%2Fimg%2Favatars%2Fava_0005-72.png",
            "first_name": "Adachi",
            "real_name": "Adachi",
            "display_name": "足立",
            "team": "T033D70RR6H",
            "name": "tousuien05",
            "is_restricted": false,
            "is_ultra_restricted": false
        },
        "thread_ts": "1721190451.826489",
        "parent_user_id": "U066P20UQH1",
        "blocks": [
            {
                "type": "rich_text",
                "block_id": "IUPiM",
                "elements": [
                    {
                        "type": "rich_text_section",
                        "elements": [
                            {
                                "type": "user",
                                "user_id": "U066P20UQH1"
                            },
                            {
                                "type": "text",
                                "text": "\nラベル品名は以下で宜しいですか？（各20ｇ）\nOrganic Cinnamon Matcha\nOrganic Turmeric Matcha\nNon organic Chocolate Matcha\nNon organic Vanilla Matcha"
                            }
                        ]
                    }
                ]
            }
        ],
        "reactions": [
            {
                "name": "+1",
                "users": [
                    "U066P20UQH1"
                ],
                "count": 1
            }
        ]
    },
    {
        "user": "U05KGS6HN9H",
        "type": "message",
        "ts": "1721259013.960559",
        "client_msg_id": "78bdd6a5-fc93-4d93-8f7d-8a77dde823fa",
        "text": "<@U066P20UQH1>\n<!subteam^S073HEMKWV7|@hirakawa-adachi-yamamoto-fuse>\n本日7\/18出荷（変更無し）でいけると思います。\n至急送り状、INVOICEを修正します。",
        "team": "T033D70RR6H",
        "user_team": "T033D70RR6H",
        "source_team": "T033D70RR6H",
        "user_profile": {
            "avatar_hash": "gc4e7258333f",
            "image_72": "https:\/\/secure.gravatar.com\/avatar\/c4e7258333f2958f831d063db85b4542.jpg?s=72&d=https%3A%2F%2Fa.slack-edge.com%2Fdf10d%2Fimg%2Favatars%2Fava_0005-72.png",
            "first_name": "Adachi",
            "real_name": "Adachi",
            "display_name": "足立",
            "team": "T033D70RR6H",
            "name": "tousuien05",
            "is_restricted": false,
            "is_ultra_restricted": false
        },
        "thread_ts": "1721190451.826489",
        "parent_user_id": "U066P20UQH1",
        "blocks": [
            {
                "type": "rich_text",
                "block_id": "+e+FG",
                "elements": [
                    {
                        "type": "rich_text_section",
                        "elements": [
                            {
                                "type": "user",
                                "user_id": "U066P20UQH1"
                            },
                            {
                                "type": "text",
                                "text": "\n"
                            },
                            {
                                "type": "usergroup",
                                "usergroup_id": "S073HEMKWV7"
                            },
                            {
                                "type": "text",
                                "text": "\n本日7\/18出荷（変更無し）でいけると思います。\n至急送り状、INVOICEを修正します。"
                            }
                        ]
                    }
                ]
            }
        ],
        "reactions": [
            {
                "name": "あり",
                "users": [
                    "U066P20UQH1"
                ],
                "count": 1
            },
            {
                "name": "pray",
                "users": [
                    "U066P20UQH1"
                ],
                "count": 1
            },
            {
                "name": "よろしくお願いします",
                "users": [
                    "U066P20UQH1"
                ],
                "count": 1
            }
        ]
    }
]