[
    {
        "user": "U066P20UQH1",
        "type": "message",
        "ts": "1728258813.571909",
        "edited": {
            "user": "U066P20UQH1",
            "ts": "1728263984.000000"
        },
        "client_msg_id": "898d2480-58b5-4bd6-99cb-21ed222f0570",
        "text": "<!subteam^S073HEMKWV7|@hirakawa-adachi-yamamoto-fuse> <!subteam^S072Q871SF9|@oka-matsui-furukawa-hayashi-kimura-hasegawa-kawatani>\nUAE Mona alhashimi様からサンプル注文がありました\n*TSE-MAL-SPL-001-24~(作成中）~*",
        "team": "T033D70RR6H",
        "user_team": "T033D70RR6H",
        "source_team": "T033D70RR6H",
        "user_profile": {
            "avatar_hash": "179323cb3551",
            "image_72": "https:\/\/avatars.slack-edge.com\/2024-04-12\/6955353714228_179323cb3551f7c8ecfe_72.png",
            "first_name": "Haruka",
            "real_name": "Haruka Hayashi",
            "display_name": "林遥香",
            "team": "T033D70RR6H",
            "name": "haru.nboc",
            "is_restricted": false,
            "is_ultra_restricted": false
        },
        "thread_ts": "1728258813.571909",
        "reply_count": 5,
        "reply_users_count": 3,
        "latest_reply": "1728458224.962369",
        "reply_users": [
            "U066P20UQH1",
            "U0331FZTHEK",
            "U041RJKV5JA"
        ],
        "replies": [
            {
                "user": "U066P20UQH1",
                "ts": "1728259008.697199"
            },
            {
                "user": "U0331FZTHEK",
                "ts": "1728261699.362129"
            },
            {
                "user": "U066P20UQH1",
                "ts": "1728263973.240599"
            },
            {
                "user": "U041RJKV5JA",
                "ts": "1728285637.186949"
            },
            {
                "user": "U041RJKV5JA",
                "ts": "1728458224.962369"
            }
        ],
        "is_locked": false,
        "subscribed": true,
        "last_read": "1728458224.962369",
        "blocks": [
            {
                "type": "rich_text",
                "block_id": "Xetop",
                "elements": [
                    {
                        "type": "rich_text_section",
                        "elements": [
                            {
                                "type": "usergroup",
                                "usergroup_id": "S073HEMKWV7"
                            },
                            {
                                "type": "text",
                                "text": " "
                            },
                            {
                                "type": "usergroup",
                                "usergroup_id": "S072Q871SF9"
                            },
                            {
                                "type": "text",
                                "text": "\nUAE Mona alhashimi様からサンプル注文がありました\n"
                            },
                            {
                                "type": "text",
                                "text": "TSE-MAL-SPL-001-24",
                                "style": {
                                    "bold": true
                                }
                            },
                            {
                                "type": "text",
                                "text": "(作成中）",
                                "style": {
                                    "bold": true,
                                    "strike": true
                                }
                            }
                        ]
                    }
                ]
            }
        ],
        "reactions": [
            {
                "name": "承知_致しました",
                "users": [
                    "U041RJKV5JA"
                ],
                "count": 1
            }
        ]
    },
    {
        "user": "U066P20UQH1",
        "type": "message",
        "ts": "1728259008.697199",
        "client_msg_id": "39eea313-086b-4f54-bd64-b36e5ea1f85e",
        "text": "<@U0331FZTHEK>\nUSD30入金確認済みです。回収処理お願いします！\n\n<!subteam^S073HEMKWV7|@hirakawa-adachi-yamamoto-fuse>\nインボイス午前中に作成しますが、内容は以下のとおりです。\n\n20g bag\nOrganic Matcha Upper grade -1\t鹿児島製茶\t鹿児島A\nOrganic Matcha Upper grade -2\t鹿児島製茶\t鹿児島1A\nOrganic Matcha Middle grade -1\t鹿児島製茶\t鹿児島B\nOrganic Matcha Middle grade -2\t鹿児島製茶\t鹿児島C\n\nラベル価格表示なしでOKです！",
        "team": "T033D70RR6H",
        "user_team": "T033D70RR6H",
        "source_team": "T033D70RR6H",
        "user_profile": {
            "avatar_hash": "179323cb3551",
            "image_72": "https:\/\/avatars.slack-edge.com\/2024-04-12\/6955353714228_179323cb3551f7c8ecfe_72.png",
            "first_name": "Haruka",
            "real_name": "Haruka Hayashi",
            "display_name": "林遥香",
            "team": "T033D70RR6H",
            "name": "haru.nboc",
            "is_restricted": false,
            "is_ultra_restricted": false
        },
        "thread_ts": "1728258813.571909",
        "parent_user_id": "U066P20UQH1",
        "blocks": [
            {
                "type": "rich_text",
                "block_id": "mGdL5",
                "elements": [
                    {
                        "type": "rich_text_section",
                        "elements": [
                            {
                                "type": "user",
                                "user_id": "U0331FZTHEK"
                            },
                            {
                                "type": "text",
                                "text": "\nUSD30入金確認済みです。回収処理お願いします！\n\n"
                            },
                            {
                                "type": "usergroup",
                                "usergroup_id": "S073HEMKWV7"
                            },
                            {
                                "type": "text",
                                "text": "\nインボイス午前中に作成しますが、内容は以下のとおりです。\n\n20g bag\nOrganic Matcha Upper grade -1\t鹿児島製茶\t鹿児島A\nOrganic Matcha Upper grade -2\t鹿児島製茶\t鹿児島1A\nOrganic Matcha Middle grade -1\t鹿児島製茶\t鹿児島B\nOrganic Matcha Middle grade -2\t鹿児島製茶\t鹿児島C\n\nラベル価格表示なしでOKです！"
                            }
                        ]
                    }
                ]
            }
        ],
        "reactions": [
            {
                "name": "d130b000eb8d6784",
                "users": [
                    "U0331FZTHEK"
                ],
                "count": 1
            },
            {
                "name": "承知_致しました",
                "users": [
                    "U0331FZTHEK"
                ],
                "count": 1
            }
        ]
    },
    {
        "user": "U0331FZTHEK",
        "type": "message",
        "ts": "1728261699.362129",
        "client_msg_id": "5a68419c-5504-4901-aeb9-91b9f48ab607",
        "text": "<@U066P20UQH1>\n <!subteam^S073HEMKWV7|@hirakawa-adachi-yamamoto-fuse>\nご入金を確認致しました。\n・10\/6 [PayPal]\n・30 USD\n回収（入金）処理致します。\nよろしくお願いします。",
        "team": "T033D70RR6H",
        "user_team": "T033D70RR6H",
        "source_team": "T033D70RR6H",
        "user_profile": {
            "avatar_hash": "21cdbd6a05f9",
            "image_72": "https:\/\/avatars.slack-edge.com\/2022-02-16\/3115258488741_21cdbd6a05f9a69110f7_72.png",
            "first_name": "Mitsunobu",
            "real_name": "Mitsunobu Katayose",
            "display_name": "片寄",
            "team": "T033D70RR6H",
            "name": "tousuien03",
            "is_restricted": false,
            "is_ultra_restricted": false
        },
        "thread_ts": "1728258813.571909",
        "parent_user_id": "U066P20UQH1",
        "blocks": [
            {
                "type": "rich_text",
                "block_id": "ZWuHp",
                "elements": [
                    {
                        "type": "rich_text_section",
                        "elements": [
                            {
                                "type": "user",
                                "user_id": "U066P20UQH1"
                            },
                            {
                                "type": "text",
                                "text": "\n "
                            },
                            {
                                "type": "usergroup",
                                "usergroup_id": "S073HEMKWV7"
                            },
                            {
                                "type": "text",
                                "text": "\nご入金を確認致しました。\n・10\/6 [PayPal]\n・30 USD\n回収（入金）処理致します。\nよろしくお願いします。"
                            }
                        ]
                    }
                ]
            }
        ],
        "reactions": [
            {
                "name": "pray",
                "users": [
                    "U066P20UQH1"
                ],
                "count": 1
            },
            {
                "name": "入金完了",
                "users": [
                    "U0331FZTHEK"
                ],
                "count": 1
            }
        ]
    },
    {
        "user": "U066P20UQH1",
        "type": "message",
        "ts": "1728263973.240599",
        "client_msg_id": "b05740a7-614f-4467-9bd0-5e29a02e63fa",
        "text": "<!subteam^S073HEMKWV7|@hirakawa-adachi-yamamoto-fuse>\nTSE-MAL-SPL-001-24インボイスパッキングリスト作成したのでご確認ください！\n住所はこれで良いとお客さんに2回確認したのでこのままでお願いします、何か不備があれば教えてください。",
        "team": "T033D70RR6H",
        "user_team": "T033D70RR6H",
        "source_team": "T033D70RR6H",
        "user_profile": {
            "avatar_hash": "179323cb3551",
            "image_72": "https:\/\/avatars.slack-edge.com\/2024-04-12\/6955353714228_179323cb3551f7c8ecfe_72.png",
            "first_name": "Haruka",
            "real_name": "Haruka Hayashi",
            "display_name": "林遥香",
            "team": "T033D70RR6H",
            "name": "haru.nboc",
            "is_restricted": false,
            "is_ultra_restricted": false
        },
        "thread_ts": "1728258813.571909",
        "parent_user_id": "U066P20UQH1",
        "blocks": [
            {
                "type": "rich_text",
                "block_id": "rnVD7",
                "elements": [
                    {
                        "type": "rich_text_section",
                        "elements": [
                            {
                                "type": "usergroup",
                                "usergroup_id": "S073HEMKWV7"
                            },
                            {
                                "type": "text",
                                "text": "\nTSE-MAL-SPL-001-24インボイスパッキングリスト作成したのでご確認ください！\n住所はこれで良いとお客さんに2回確認したのでこのままでお願いします、何か不備があれば教えてください。"
                            }
                        ]
                    }
                ]
            }
        ],
        "reactions": [
            {
                "name": "承知_致しました",
                "users": [
                    "U041RJKV5JA"
                ],
                "count": 1
            }
        ]
    },
    {
        "user": "U041RJKV5JA",
        "type": "message",
        "ts": "1728284290.759349",
        "edited": {
            "user": "U041RJKV5JA",
            "ts": "1728289848.000000"
        },
        "client_msg_id": "38864f16-2bbd-4e88-9678-69f1255aecad",
        "text": "<@U0331FWGQRM>\n <!subteam^S073HEMKWV7|@hirakawa-adachi-yamamoto-fuse> <@U0331FZTHEK>\n出荷用インボイスを作成しました。\n~企業コードの設定をお願いします~。\n企業コード：BIG",
        "team": "T033D70RR6H",
        "user_team": "T033D70RR6H",
        "source_team": "T033D70RR6H",
        "user_profile": {
            "avatar_hash": "aed9eafd9eee",
            "image_72": "https:\/\/avatars.slack-edge.com\/2022-09-11\/4078874890257_aed9eafd9eee277ba076_72.png",
            "first_name": "Hirakawa",
            "real_name": "Hirakawa",
            "display_name": "平川",
            "team": "T033D70RR6H",
            "name": "tousuien.s006",
            "is_restricted": false,
            "is_ultra_restricted": false
        },
        "thread_ts": "1728101422.373899",
        "parent_user_id": "U0331FWGQRM",
        "blocks": [
            {
                "type": "rich_text",
                "block_id": "Wl+1P",
                "elements": [
                    {
                        "type": "rich_text_section",
                        "elements": [
                            {
                                "type": "user",
                                "user_id": "U0331FWGQRM"
                            },
                            {
                                "type": "text",
                                "text": "\n "
                            },
                            {
                                "type": "usergroup",
                                "usergroup_id": "S073HEMKWV7"
                            },
                            {
                                "type": "text",
                                "text": " "
                            },
                            {
                                "type": "user",
                                "user_id": "U0331FZTHEK"
                            },
                            {
                                "type": "text",
                                "text": "\n出荷用インボイスを作成しました。\n"
                            },
                            {
                                "type": "text",
                                "text": "企業コードの設定をお願いします",
                                "style": {
                                    "strike": true
                                }
                            },
                            {
                                "type": "text",
                                "text": "。\n企業コード：BIG"
                            }
                        ]
                    }
                ]
            }
        ]
    }
]