[
    {
        "user": "U066P20UQH1",
        "type": "message",
        "ts": "1718770950.176109",
        "client_msg_id": "716b85c5-e1f8-4eac-9d42-5ef601d0eed1",
        "text": "<@U0331FWGQRM> CC：<!subteam^S072Q871SF9|@oka-matsui-furukawa-hayashi-kimura-hasegawa-kawatani>\nメキシコへのサンプルが帰ってきてしまった件、\nお客様が一部送料を出してくれるなら再送しても良いかなと思っていますが（交渉中）、\n再送にあたり、戻ってきた理由がわからないままだと二の舞になってしまう可能性が高い気がしております。。\nメキシコへのハードルの高さを確認する意味でも、できれば再送を試みてみたいと思いますが、できる対策はして望んでみたいと思います。\n\n<@U041RJKV5JA>\nこの件、なぜ帰ってきてしまったのかわからないのですが、\nメキシコへ食品サンプルを送る際は、輸入事前許可が必要という資料が出てきました（2017年のものなので古いですが。。）\n<https:\/\/www.jetro.go.jp\/ext_images\/_Reports\/02\/2017\/b9a2a535cc236b25\/mexico_custom.pdf>\nお客様にも再送するとなる場合は調べていただく依頼をしますが、\n念の為JETROにメキシコへ抹茶サンプルを送る際に必要な書類などがあるのか、確認していただくことはできますでしょうか・・？\n食品だから引っかかっているのか、オーガニックのものが含まれているから引っかかっているのか・・・ということも含め確認いただけると助かります:pray:",
        "team": "T033D70RR6H",
        "user_team": "T033D70RR6H",
        "source_team": "T033D70RR6H",
        "user_profile": {
            "avatar_hash": "179323cb3551",
            "image_72": "https:\/\/avatars.slack-edge.com\/2024-04-12\/6955353714228_179323cb3551f7c8ecfe_72.png",
            "first_name": "Haruka",
            "real_name": "Haruka Hayashi",
            "display_name": "林遥香",
            "team": "T033D70RR6H",
            "name": "haru.nboc",
            "is_restricted": false,
            "is_ultra_restricted": false
        },
        "thread_ts": "1714211378.430429",
        "parent_user_id": "U0606SPN4BW",
        "blocks": [
            {
                "type": "rich_text",
                "block_id": "+redE",
                "elements": [
                    {
                        "type": "rich_text_section",
                        "elements": [
                            {
                                "type": "user",
                                "user_id": "U0331FWGQRM"
                            },
                            {
                                "type": "text",
                                "text": " CC："
                            },
                            {
                                "type": "usergroup",
                                "usergroup_id": "S072Q871SF9"
                            },
                            {
                                "type": "text",
                                "text": "\nメキシコへのサンプルが帰ってきてしまった件、\nお客様が一部送料を出してくれるなら再送しても良いかなと思っていますが（交渉中）、\n再送にあたり、戻ってきた理由がわからないままだと二の舞になってしまう可能性が高い気がしております。。\nメキシコへのハードルの高さを確認する意味でも、できれば再送を試みてみたいと思いますが、できる対策はして望んでみたいと思います。\n\n"
                            },
                            {
                                "type": "user",
                                "user_id": "U041RJKV5JA"
                            },
                            {
                                "type": "text",
                                "text": "\nこの件、なぜ帰ってきてしまったのかわからないのですが、\nメキシコへ食品サンプルを送る際は、輸入事前許可が必要という資料が出てきました（2017年のものなので古いですが。。）\n"
                            },
                            {
                                "type": "link",
                                "url": "https:\/\/www.jetro.go.jp\/ext_images\/_Reports\/02\/2017\/b9a2a535cc236b25\/mexico_custom.pdf"
                            },
                            {
                                "type": "text",
                                "text": "\nお客様にも再送するとなる場合は調べていただく依頼をしますが、\n念の為JETROにメキシコへ抹茶サンプルを送る際に必要な書類などがあるのか、確認していただくことはできますでしょうか・・？\n食品だから引っかかっているのか、オーガニックのものが含まれているから引っかかっているのか・・・ということも含め確認いただけると助かります"
                            },
                            {
                                "type": "emoji",
                                "name": "pray",
                                "unicode": "1f64f"
                            }
                        ]
                    }
                ]
            }
        ],
        "reactions": [
            {
                "name": "承知_致しました",
                "users": [
                    "U041RJKV5JA"
                ],
                "count": 1
            }
        ]
    },
    {
        "user": "U0331FWGQRM",
        "type": "message",
        "ts": "1718772144.454529",
        "edited": {
            "user": "U0331FWGQRM",
            "ts": "1718772191.000000"
        },
        "client_msg_id": "D96A225E-E1CF-4DC3-8300-7FF6761E7124",
        "text": "<@U066P20UQH1> cc <!subteam^S072Q871SF9|@oka-matsui-furukawa-hayashi-kimura-hasegawa-kawatani>\n基本的な考え方として、\n対策をした上で、再度試みる分には問題ないです！\n林さんの言うとおり、まずは原因を確認してください。\nこちらが焦る必要はありませんので、こちらの準備（情報収集）が整ってからの対応がいいかと思います。\n\n情報が揃ってなくてもいいから再トライしてください。や、リスクは全部こっちが取ります！など言ってきたら対応してもokです。\n（僕が買い手ならそう言います）\n\nまた、サンプルの方が商品を送るよりハードルは低いので、商品となるとまたこのような事がさらに起きやすい、と言うことが前提となるので、その点踏まえておいてください。",
        "team": "T033D70RR6H",
        "user_team": "T033D70RR6H",
        "source_team": "T033D70RR6H",
        "user_profile": {
            "avatar_hash": "gf9d05f2cae1",
            "image_72": "https:\/\/secure.gravatar.com\/avatar\/f9d05f2cae161f657bb1248fc85b5235.jpg?s=72&d=https%3A%2F%2Fa.slack-edge.com%2Fdf10d%2Fimg%2Favatars%2Fava_0008-72.png",
            "first_name": "matsui",
            "real_name": "matsui",
            "display_name": "松井",
            "team": "T033D70RR6H",
            "name": "tousuien.matsui",
            "is_restricted": false,
            "is_ultra_restricted": false
        },
        "thread_ts": "1714211378.430429",
        "parent_user_id": "U0606SPN4BW",
        "blocks": [
            {
                "type": "rich_text",
                "block_id": "HNYpq",
                "elements": [
                    {
                        "type": "rich_text_section",
                        "elements": [
                            {
                                "type": "user",
                                "user_id": "U066P20UQH1"
                            },
                            {
                                "type": "text",
                                "text": " cc "
                            },
                            {
                                "type": "usergroup",
                                "usergroup_id": "S072Q871SF9"
                            },
                            {
                                "type": "text",
                                "text": "\n基本的な考え方として、\n対策をした上で、再度試みる分には問題ないです！\n林さんの言うとおり、まずは原因を確認してください。\nこちらが焦る必要はありませんので、こちらの準備（情報収集）が整ってからの対応がいいかと思います。\n\n情報が揃ってなくてもいいから再トライしてください。や、リスクは全部こっちが取ります！など言ってきたら対応してもokです。\n（僕が買い手ならそう言います）\n\nまた、サンプルの方が商品を送るよりハードルは低いので、商品となるとまたこのような事がさらに起きやすい、と言うことが前提となるので、その点踏まえておいてください。"
                            }
                        ]
                    }
                ]
            }
        ],
        "reactions": [
            {
                "name": "承知-1",
                "users": [
                    "U066P20UQH1"
                ],
                "count": 1
            },
            {
                "name": "pray",
                "users": [
                    "U066P20UQH1"
                ],
                "count": 1
            }
        ]
    }
]