[
    {
        "user": "U0606SPN4BW",
        "type": "message",
        "ts": "1723053138.688369",
        "client_msg_id": "5a2b2689-69ca-424b-bfb5-1484d72af692",
        "text": "<!subteam^S073HEMKWV7|@hirakawa-adachi-yamamoto-fuse> cc <!subteam^S072Q871SF9|@oka-matsui-furukawa-hayashi-kimura-hasegawa-kawatani>\n:us:アメリカ、Zen Nootropics, Jason Beam様からサンプル注文を頂きました。\nInvoice: *TSE-JSB-SPL-02-24*",
        "team": "T033D70RR6H",
        "user_team": "T033D70RR6H",
        "source_team": "T033D70RR6H",
        "user_profile": {
            "avatar_hash": "823d8545f678",
            "image_72": "https:\/\/avatars.slack-edge.com\/2024-04-12\/6946592133062_823d8545f678615a3e0a_72.jpg",
            "first_name": "SATOSHI",
            "real_name": "SATOSHI FURUKAWA",
            "display_name": "古川　敏",
            "team": "T033D70RR6H",
            "name": "jpfreebirds",
            "is_restricted": false,
            "is_ultra_restricted": false
        },
        "thread_ts": "1723053138.688369",
        "reply_count": 5,
        "reply_users_count": 3,
        "latest_reply": "1723186323.357919",
        "reply_users": [
            "U0606SPN4BW",
            "U0331FZTHEK",
            "U05KGS6HN9H"
        ],
        "replies": [
            {
                "user": "U0606SPN4BW",
                "ts": "1723053252.812109"
            },
            {
                "user": "U0606SPN4BW",
                "ts": "1723053447.375619"
            },
            {
                "user": "U0331FZTHEK",
                "ts": "1723070344.103279"
            },
            {
                "user": "U05KGS6HN9H",
                "ts": "1723094217.393249"
            },
            {
                "user": "U05KGS6HN9H",
                "ts": "1723186323.357919"
            }
        ],
        "is_locked": false,
        "subscribed": true,
        "last_read": "1723186323.357919",
        "blocks": [
            {
                "type": "rich_text",
                "block_id": "U3ALY",
                "elements": [
                    {
                        "type": "rich_text_section",
                        "elements": [
                            {
                                "type": "usergroup",
                                "usergroup_id": "S073HEMKWV7"
                            },
                            {
                                "type": "text",
                                "text": " cc "
                            },
                            {
                                "type": "usergroup",
                                "usergroup_id": "S072Q871SF9"
                            },
                            {
                                "type": "text",
                                "text": "\n"
                            },
                            {
                                "type": "emoji",
                                "name": "us",
                                "unicode": "1f1fa-1f1f8"
                            },
                            {
                                "type": "text",
                                "text": "アメリカ、Zen Nootropics, Jason Beam様からサンプル注文を頂きました。\nInvoice: "
                            },
                            {
                                "type": "text",
                                "text": "TSE-JSB-SPL-02-24",
                                "style": {
                                    "bold": true
                                }
                            }
                        ]
                    }
                ]
            }
        ],
        "reactions": [
            {
                "name": "承知_致しました",
                "users": [
                    "U05KGS6HN9H",
                    "U041RJKV5JA"
                ],
                "count": 2
            }
        ]
    },
    {
        "user": "U0606SPN4BW",
        "type": "message",
        "ts": "1723053252.812109",
        "client_msg_id": "929498bb-daa8-41a6-980f-1216991114e3",
        "text": "下記へ発送手続き、および発送日のお知らせをお願いします！\n\n\n<@U0331FZTHEK> 入金確認済 (PayPal USD30), 回収処理をお願いします！\n\n\n▼サンプル内容 (計 4点)\n&lt;各20g&gt;\nOrganic Kagoshima Hojicha Powder - 1 ひかわ 有機ほうじ茶パウダー（鹿児島）\nNon organic Uji Hojicha Powder - 1 香岳園 ほうじ茶パウダー\nOrganic Genmaicha Powder - 1 鹿児島製茶 有機煎茶1B, 丸菱 オーガニック玄米 を粉砕\nNon organic Genmaicha Powder - 1 出雲精茶 500, 丸菱 並玄米 を粉砕\n\n\n袋指定なし、エージレス無し、品名ラベル貼り。\n価格表示：あり\n\n発送: UPS\n\n\n------------------------------------------\nBrand name: Zen Nootropics\nName: Jason Beam\nAddress: 13001 Yuba-Nevada Rd., Dobbins, CA\nZip code: 95935\nCountry: USA\ne-mail: <mailto:jason@pottingblocks.com|jason@pottingblocks.com>\nPhone: <tel:+15419136689|+1 541 913 6689>\n------------------------------------------",
        "team": "T033D70RR6H",
        "user_team": "T033D70RR6H",
        "source_team": "T033D70RR6H",
        "user_profile": {
            "avatar_hash": "823d8545f678",
            "image_72": "https:\/\/avatars.slack-edge.com\/2024-04-12\/6946592133062_823d8545f678615a3e0a_72.jpg",
            "first_name": "SATOSHI",
            "real_name": "SATOSHI FURUKAWA",
            "display_name": "古川　敏",
            "team": "T033D70RR6H",
            "name": "jpfreebirds",
            "is_restricted": false,
            "is_ultra_restricted": false
        },
        "thread_ts": "1723053138.688369",
        "parent_user_id": "U0606SPN4BW",
        "blocks": [
            {
                "type": "rich_text",
                "block_id": "X\/NpP",
                "elements": [
                    {
                        "type": "rich_text_section",
                        "elements": [
                            {
                                "type": "text",
                                "text": "下記へ発送手続き、および発送日のお知らせをお願いします！\n\n\n"
                            },
                            {
                                "type": "user",
                                "user_id": "U0331FZTHEK"
                            },
                            {
                                "type": "text",
                                "text": " 入金確認済 (PayPal USD30), 回収処理をお願いします！\n\n\n▼サンプル内容 (計 4点)\n<各20g>\nOrganic Kagoshima Hojicha Powder - 1 ひかわ 有機ほうじ茶パウダー（鹿児島）\nNon organic Uji Hojicha Powder - 1 香岳園 ほうじ茶パウダー\nOrganic Genmaicha Powder - 1 鹿児島製茶 有機煎茶1B, 丸菱 オーガニック玄米 を粉砕\nNon organic Genmaicha Powder - 1 出雲精茶 500, 丸菱 並玄米 を粉砕\n\n\n袋指定なし、エージレス無し、品名ラベル貼り。\n価格表示：あり\n\n発送: UPS\n\n\n------------------------------------------\nBrand name: Zen Nootropics\nName: Jason Beam\nAddress: 13001 Yuba-Nevada Rd., Dobbins, CA\nZip code: 95935\nCountry: USA\ne-mail: "
                            },
                            {
                                "type": "link",
                                "url": "mailto:jason@pottingblocks.com",
                                "text": "jason@pottingblocks.com"
                            },
                            {
                                "type": "text",
                                "text": "\nPhone: "
                            },
                            {
                                "type": "link",
                                "url": "tel:+15419136689",
                                "text": "+1 541 913 6689"
                            },
                            {
                                "type": "text",
                                "text": "\n------------------------------------------"
                            }
                        ]
                    }
                ]
            }
        ],
        "reactions": [
            {
                "name": "d130b000eb8d6784",
                "users": [
                    "U0331FZTHEK"
                ],
                "count": 1
            }
        ]
    },
    {
        "text": "▼価格表示用 Quotation",
        "files": [
            {
                "id": "F07FYF18675",
                "created": 1723053397,
                "timestamp": 1723053397,
                "name": "Quotation_tousuien_20240803.pdf",
                "title": "Quotation_tousuien_20240803.pdf",
                "mimetype": "application\/pdf",
                "filetype": "pdf",
                "pretty_type": "PDF",
                "user": "U0606SPN4BW",
                "user_team": "T033D70RR6H",
                "editable": false,
                "size": 395734,
                "mode": "hosted",
                "is_external": false,
                "external_type": "",
                "is_public": true,
                "public_url_shared": false,
                "display_as_bot": false,
                "username": "",
                "url_private": "https:\/\/files.slack.com\/files-pri\/T033D70RR6H-F07FYF18675\/quotation_tousuien_20240803.pdf?token=xoxe-3115238875221-9710624591398-9697214945543-aa82359f925d11baadb4ddc07b089467",
                "url_private_download": "https:\/\/files.slack.com\/files-pri\/T033D70RR6H-F07FYF18675\/download\/quotation_tousuien_20240803.pdf?token=xoxe-3115238875221-9710624591398-9697214945543-aa82359f925d11baadb4ddc07b089467",
                "media_display_type": "unknown",
                "thumb_pdf": "https:\/\/files.slack.com\/files-tmb\/T033D70RR6H-F07FYF18675-86c0829667\/quotation_tousuien_20240803_thumb_pdf.png?t=xoxe-3115238875221-9710624591398-9697214945543-aa82359f925d11baadb4ddc07b089467",
                "thumb_pdf_w": 909,
                "thumb_pdf_h": 1286,
                "permalink": "https:\/\/grp-ssm9297.slack.com\/files\/U0331FWGQRM\/F07FYF18675\/quotation_tousuien_20240803.pdf",
                "permalink_public": "https:\/\/slack-files.com\/T033D70RR6H-F07FYF18675-a27c56742e",
                "is_starred": false,
                "skipped_shares": true,
                "has_rich_preview": false,
                "file_access": "visible"
            }
        ],
        "upload": false,
        "user": "U0606SPN4BW",
        "display_as_bot": false,
        "blocks": [
            {
                "type": "rich_text",
                "block_id": "s31j3",
                "elements": [
                    {
                        "type": "rich_text_section",
                        "elements": [
                            {
                                "type": "text",
                                "text": "▼価格表示用 Quotation"
                            }
                        ]
                    }
                ]
            }
        ],
        "type": "message",
        "ts": "1723053447.375619",
        "client_msg_id": "57b735e4-229b-46c7-9dc7-29002ef2208a",
        "thread_ts": "1723053138.688369",
        "parent_user_id": "U0606SPN4BW"
    },
    {
        "user": "U0331FZTHEK",
        "type": "message",
        "ts": "1723070344.103279",
        "client_msg_id": "625d418f-9cb9-4229-b460-d92a28c9824e",
        "text": "<@U0606SPN4BW>\n <!subteam^S073HEMKWV7|@hirakawa-adachi-yamamoto-fuse>\nご入金を確認致しました。\n・8\/7 [PayPal]\n・30 USD\n回収（入金）処理致します。\nよろしくお願いします。",
        "team": "T033D70RR6H",
        "user_team": "T033D70RR6H",
        "source_team": "T033D70RR6H",
        "user_profile": {
            "avatar_hash": "21cdbd6a05f9",
            "image_72": "https:\/\/avatars.slack-edge.com\/2022-02-16\/3115258488741_21cdbd6a05f9a69110f7_72.png",
            "first_name": "Mitsunobu",
            "real_name": "Mitsunobu Katayose",
            "display_name": "片寄",
            "team": "T033D70RR6H",
            "name": "tousuien03",
            "is_restricted": false,
            "is_ultra_restricted": false
        },
        "thread_ts": "1723053138.688369",
        "parent_user_id": "U0606SPN4BW",
        "blocks": [
            {
                "type": "rich_text",
                "block_id": "HZznC",
                "elements": [
                    {
                        "type": "rich_text_section",
                        "elements": [
                            {
                                "type": "user",
                                "user_id": "U0606SPN4BW"
                            },
                            {
                                "type": "text",
                                "text": "\n "
                            },
                            {
                                "type": "usergroup",
                                "usergroup_id": "S073HEMKWV7"
                            },
                            {
                                "type": "text",
                                "text": "\nご入金を確認致しました。\n・8\/7 [PayPal]\n・30 USD\n回収（入金）処理致します。\nよろしくお願いします。"
                            }
                        ]
                    }
                ]
            }
        ],
        "reactions": [
            {
                "name": "d130b000eb8d6784",
                "users": [
                    "U0606SPN4BW"
                ],
                "count": 1
            },
            {
                "name": "入金完了",
                "users": [
                    "U0331FZTHEK"
                ],
                "count": 1
            }
        ]
    },
    {
        "user": "U05KGS6HN9H",
        "type": "message",
        "ts": "1723094217.393249",
        "edited": {
            "user": "U05KGS6HN9H",
            "ts": "1723098438.000000"
        },
        "client_msg_id": "8fabba69-6ada-4e4b-8ceb-3855505c4975",
        "text": "<@U0606SPN4BW>\n<!subteam^S073HEMKWV7|@hirakawa-adachi-yamamoto-fuse>\n出荷可能日8\/9（金）にてお願い致します。\nShip用INV、PLのサンプル名称と輸送方法（UPS）に\n訂正しております。",
        "team": "T033D70RR6H",
        "user_team": "T033D70RR6H",
        "source_team": "T033D70RR6H",
        "user_profile": {
            "avatar_hash": "gc4e7258333f",
            "image_72": "https:\/\/secure.gravatar.com\/avatar\/c4e7258333f2958f831d063db85b4542.jpg?s=72&d=https%3A%2F%2Fa.slack-edge.com%2Fdf10d%2Fimg%2Favatars%2Fava_0005-72.png",
            "first_name": "Adachi",
            "real_name": "Adachi",
            "display_name": "足立",
            "team": "T033D70RR6H",
            "name": "tousuien05",
            "is_restricted": false,
            "is_ultra_restricted": false
        },
        "thread_ts": "1723053138.688369",
        "parent_user_id": "U0606SPN4BW",
        "blocks": [
            {
                "type": "rich_text",
                "block_id": "olDgN",
                "elements": [
                    {
                        "type": "rich_text_section",
                        "elements": [
                            {
                                "type": "user",
                                "user_id": "U0606SPN4BW"
                            },
                            {
                                "type": "text",
                                "text": "\n"
                            },
                            {
                                "type": "usergroup",
                                "usergroup_id": "S073HEMKWV7"
                            },
                            {
                                "type": "text",
                                "text": "\n出荷可能日8\/9（金）にてお願い致します。\nShip用INV、PLのサンプル名称と輸送方法（UPS）に\n訂正しております。"
                            }
                        ]
                    }
                ]
            }
        ],
        "reactions": [
            {
                "name": "あり",
                "users": [
                    "U0606SPN4BW"
                ],
                "count": 1
            }
        ]
    }
]