[
    {
        "user": "U066P20UQH1",
        "type": "message",
        "ts": "1726611979.343549",
        "client_msg_id": "d91c6596-f5f4-42fa-a0d2-35058756c22f",
        "text": "<@U041RJKV5JA>\nこちら入荷日はまだ確認中でしょうか？？:sweat_drops:",
        "team": "T033D70RR6H",
        "user_team": "T033D70RR6H",
        "source_team": "T033D70RR6H",
        "user_profile": {
            "avatar_hash": "179323cb3551",
            "image_72": "https:\/\/avatars.slack-edge.com\/2024-04-12\/6955353714228_179323cb3551f7c8ecfe_72.png",
            "first_name": "Haruka",
            "real_name": "Haruka Hayashi",
            "display_name": "林遥香",
            "team": "T033D70RR6H",
            "name": "haru.nboc",
            "is_restricted": false,
            "is_ultra_restricted": false
        },
        "thread_ts": "1726048011.027389",
        "parent_user_id": "U066P20UQH1",
        "blocks": [
            {
                "type": "rich_text",
                "block_id": "8wQe2",
                "elements": [
                    {
                        "type": "rich_text_section",
                        "elements": [
                            {
                                "type": "user",
                                "user_id": "U041RJKV5JA"
                            },
                            {
                                "type": "text",
                                "text": "\nこちら入荷日はまだ確認中でしょうか？？"
                            },
                            {
                                "type": "emoji",
                                "name": "sweat_drops",
                                "unicode": "1f4a6"
                            }
                        ]
                    }
                ]
            }
        ]
    },
    {
        "user": "U041RJKV5JA",
        "type": "message",
        "ts": "1726613288.260849",
        "client_msg_id": "b62d75f7-8ebb-41a2-b1c3-deadb5b1f7e1",
        "text": "<@U066P20UQH1>\n <!subteam^S073HEMKWV7|@hirakawa-adachi-yamamoto-fuse>\n連絡が遅くなりました。すみません。\nミニトップ缶入荷日：9月19日（木）\n出荷日：9月20日（金）\nよろしくお願いします。",
        "team": "T033D70RR6H",
        "user_team": "T033D70RR6H",
        "source_team": "T033D70RR6H",
        "user_profile": {
            "avatar_hash": "aed9eafd9eee",
            "image_72": "https:\/\/avatars.slack-edge.com\/2022-09-11\/4078874890257_aed9eafd9eee277ba076_72.png",
            "first_name": "Hirakawa",
            "real_name": "Hirakawa",
            "display_name": "平川",
            "team": "T033D70RR6H",
            "name": "tousuien.s006",
            "is_restricted": false,
            "is_ultra_restricted": false
        },
        "thread_ts": "1726048011.027389",
        "parent_user_id": "U066P20UQH1",
        "blocks": [
            {
                "type": "rich_text",
                "block_id": "I68I4",
                "elements": [
                    {
                        "type": "rich_text_section",
                        "elements": [
                            {
                                "type": "user",
                                "user_id": "U066P20UQH1"
                            },
                            {
                                "type": "text",
                                "text": "\n "
                            },
                            {
                                "type": "usergroup",
                                "usergroup_id": "S073HEMKWV7"
                            },
                            {
                                "type": "text",
                                "text": "\n連絡が遅くなりました。すみません。\nミニトップ缶入荷日：9月19日（木）\n出荷日：9月20日（金）\nよろしくお願いします。"
                            }
                        ]
                    }
                ]
            }
        ],
        "reactions": [
            {
                "name": "承知-1",
                "users": [
                    "U066P20UQH1"
                ],
                "count": 1
            },
            {
                "name": "あり",
                "users": [
                    "U066P20UQH1"
                ],
                "count": 1
            }
        ]
    },
    {
        "user": "U066P20UQH1",
        "type": "message",
        "ts": "1726626437.828749",
        "edited": {
            "user": "U066P20UQH1",
            "ts": "1726637170.000000"
        },
        "client_msg_id": "674e5532-0c78-49d0-b19c-324300d586f5",
        "text": "~<!subteam^S073HEMKWV7|@hirakawa-adachi-yamamoto-fuse>~ ~<!subteam^S072Q871SF9|@oka-matsui-furukawa-hayashi-kimura-hasegawa-kawatani>~\n:cn:~中国　Toronila Costin Dumitru様　からサンプル注文をいただきました。~\n~*TSE-IRI-SPL-001-24*~",
        "team": "T033D70RR6H",
        "user_team": "T033D70RR6H",
        "source_team": "T033D70RR6H",
        "user_profile": {
            "avatar_hash": "179323cb3551",
            "image_72": "https:\/\/avatars.slack-edge.com\/2024-04-12\/6955353714228_179323cb3551f7c8ecfe_72.png",
            "first_name": "Haruka",
            "real_name": "Haruka Hayashi",
            "display_name": "林遥香",
            "team": "T033D70RR6H",
            "name": "haru.nboc",
            "is_restricted": false,
            "is_ultra_restricted": false
        },
        "thread_ts": "1726626437.828749",
        "reply_count": 4,
        "reply_users_count": 2,
        "latest_reply": "1726635781.580329",
        "reply_users": [
            "U066P20UQH1",
            "U0331FWGQRM"
        ],
        "replies": [
            {
                "user": "U066P20UQH1",
                "ts": "1726626485.460539"
            },
            {
                "user": "U0331FWGQRM",
                "ts": "1726634608.461409"
            },
            {
                "user": "U0331FWGQRM",
                "ts": "1726635025.629509"
            },
            {
                "user": "U066P20UQH1",
                "ts": "1726635781.580329"
            }
        ],
        "is_locked": false,
        "subscribed": true,
        "last_read": "1726635781.580329",
        "blocks": [
            {
                "type": "rich_text",
                "block_id": "yMQP+",
                "elements": [
                    {
                        "type": "rich_text_section",
                        "elements": [
                            {
                                "type": "usergroup",
                                "usergroup_id": "S073HEMKWV7",
                                "style": {
                                    "strike": true
                                }
                            },
                            {
                                "type": "text",
                                "text": " ",
                                "style": {
                                    "strike": true
                                }
                            },
                            {
                                "type": "usergroup",
                                "usergroup_id": "S072Q871SF9",
                                "style": {
                                    "strike": true
                                }
                            },
                            {
                                "type": "text",
                                "text": "\n"
                            },
                            {
                                "type": "emoji",
                                "name": "cn",
                                "unicode": "1f1e8-1f1f3",
                                "style": {
                                    "strike": true
                                }
                            },
                            {
                                "type": "text",
                                "text": "中国　Toronila Costin Dumitru様　からサンプル注文をいただきました。",
                                "style": {
                                    "strike": true
                                }
                            },
                            {
                                "type": "text",
                                "text": "\n"
                            },
                            {
                                "type": "text",
                                "text": "TSE-IRI-SPL-001-24",
                                "style": {
                                    "bold": true,
                                    "strike": true
                                }
                            }
                        ]
                    }
                ]
            }
        ]
    },
    {
        "user": "U066P20UQH1",
        "type": "message",
        "ts": "1726626485.460539",
        "client_msg_id": "ab02a9e4-a6a1-4846-8a5a-b6881e4da07e",
        "text": "<!subteam^S073HEMKWV7|@hirakawa-adachi-yamamoto-fuse>\nインボイス作成済みです、輸送方法は指定はありません。\nご確認お願いします！\n\n<@U0331FZTHEK>\n入金確認済みです、回収処理お願いします！",
        "team": "T033D70RR6H",
        "user_team": "T033D70RR6H",
        "source_team": "T033D70RR6H",
        "user_profile": {
            "avatar_hash": "179323cb3551",
            "image_72": "https:\/\/avatars.slack-edge.com\/2024-04-12\/6955353714228_179323cb3551f7c8ecfe_72.png",
            "first_name": "Haruka",
            "real_name": "Haruka Hayashi",
            "display_name": "林遥香",
            "team": "T033D70RR6H",
            "name": "haru.nboc",
            "is_restricted": false,
            "is_ultra_restricted": false
        },
        "thread_ts": "1726626437.828749",
        "parent_user_id": "U066P20UQH1",
        "blocks": [
            {
                "type": "rich_text",
                "block_id": "ysTgl",
                "elements": [
                    {
                        "type": "rich_text_section",
                        "elements": [
                            {
                                "type": "usergroup",
                                "usergroup_id": "S073HEMKWV7"
                            },
                            {
                                "type": "text",
                                "text": "\nインボイス作成済みです、輸送方法は指定はありません。\nご確認お願いします！\n\n"
                            },
                            {
                                "type": "user",
                                "user_id": "U0331FZTHEK"
                            },
                            {
                                "type": "text",
                                "text": "\n入金確認済みです、回収処理お願いします！"
                            }
                        ]
                    }
                ]
            }
        ]
    },
    {
        "user": "U0331FWGQRM",
        "type": "message",
        "ts": "1726634608.461409",
        "edited": {
            "user": "U0331FWGQRM",
            "ts": "1726634711.000000"
        },
        "client_msg_id": "fe78d1cd-d47f-474d-a5b0-1c0ae25fb7c9",
        "text": "<!subteam^S073HEMKWV7|@hirakawa-adachi-yamamoto-fuse> <!subteam^S072Q871SF9|@oka-matsui-furukawa-hayashi-kimura-hasegawa-kawatani>\n中国に抹茶（というか、茶全部）輸出できないんじゃなかったでしたっけ？\nっていうか多分無理です。",
        "team": "T033D70RR6H",
        "user_team": "T033D70RR6H",
        "source_team": "T033D70RR6H",
        "user_profile": {
            "avatar_hash": "gf9d05f2cae1",
            "image_72": "https:\/\/secure.gravatar.com\/avatar\/f9d05f2cae161f657bb1248fc85b5235.jpg?s=72&d=https%3A%2F%2Fa.slack-edge.com%2Fdf10d%2Fimg%2Favatars%2Fava_0008-72.png",
            "first_name": "matsui",
            "real_name": "matsui",
            "display_name": "松井",
            "team": "T033D70RR6H",
            "name": "tousuien.matsui",
            "is_restricted": false,
            "is_ultra_restricted": false
        },
        "thread_ts": "1726626437.828749",
        "parent_user_id": "U066P20UQH1",
        "blocks": [
            {
                "type": "rich_text",
                "block_id": "LBH6J",
                "elements": [
                    {
                        "type": "rich_text_section",
                        "elements": [
                            {
                                "type": "usergroup",
                                "usergroup_id": "S073HEMKWV7"
                            },
                            {
                                "type": "text",
                                "text": " "
                            },
                            {
                                "type": "usergroup",
                                "usergroup_id": "S072Q871SF9"
                            },
                            {
                                "type": "text",
                                "text": "\n中国に抹茶（というか、茶全部）輸出できないんじゃなかったでしたっけ？\nっていうか多分無理です。"
                            }
                        ]
                    }
                ]
            }
        ]
    },
    {
        "user": "U0331FWGQRM",
        "type": "message",
        "ts": "1726635025.629509",
        "client_msg_id": "46326336-6711-487b-b23d-3a00ff60cad6",
        "text": "<!subteam^S073HEMKWV7|@hirakawa-adachi-yamamoto-fuse> <!subteam^S072Q871SF9|@oka-matsui-furukawa-hayashi-kimura-hasegawa-kawatani>\n参考\n<https:\/\/www.jetro.go.jp\/world\/asia\/cn\/foods\/exportguide\/greentea.html>\n\n*1. 輸入禁止（停止）、制限品目（放射性物質規制等）*\n調査時点：2022年9月\n東京電力福島第一原子力発電所事故の影響により、宮城県、福島県、茨城県、栃木県、群馬県、埼玉県、千葉県、東京都、新潟県（コメを除く）、長野県の10都県で生産された食品（茶を含む）は輸入停止中です。これら10都県以外で生産された茶については、政府作成の放射性物質検査証明書および産地証明書が要求されますが、放射性物質検査証明書について、日本政府と中国政府との間で合意に至っていないため、政府作成の放射性物質検査証明書は発行できません。詳細は、農林水産省のウェブサイト「中国による日本産食品の輸出に係る原発関連の規制について」を確認してください。\n本項目以降は、今後輸出可となった場合に必要となる事項について記載します。",
        "team": "T033D70RR6H",
        "user_team": "T033D70RR6H",
        "source_team": "T033D70RR6H",
        "user_profile": {
            "avatar_hash": "gf9d05f2cae1",
            "image_72": "https:\/\/secure.gravatar.com\/avatar\/f9d05f2cae161f657bb1248fc85b5235.jpg?s=72&d=https%3A%2F%2Fa.slack-edge.com%2Fdf10d%2Fimg%2Favatars%2Fava_0008-72.png",
            "first_name": "matsui",
            "real_name": "matsui",
            "display_name": "松井",
            "team": "T033D70RR6H",
            "name": "tousuien.matsui",
            "is_restricted": false,
            "is_ultra_restricted": false
        },
        "thread_ts": "1726626437.828749",
        "parent_user_id": "U066P20UQH1",
        "attachments": [
            {
                "from_url": "https:\/\/www.jetro.go.jp\/world\/asia\/cn\/foods\/exportguide\/greentea.html",
                "service_icon": "https:\/\/www.jetro.go.jp\/favicon.ico",
                "id": 1,
                "original_url": "https:\/\/www.jetro.go.jp\/world\/asia\/cn\/foods\/exportguide\/greentea.html",
                "fallback": "茶の輸入規制、輸入手続き(中国) | 品目別輸出ガイド - 食品・農林水産物 - 中国 - アジア - 国・地域別に見る - ジェトロ",
                "text": "中国に調味料を輸出する際の輸入規制（制限品目、放射性物質）、手続き（施設登録、事業者登録、検疫、書類、通関）、食品関連規制（残留農薬、動物用医薬品、重金属、汚染物質、食品添加物、食品包装、ラベル表示）、関税等をまとめています。",
                "title": "茶の輸入規制、輸入手続き(中国) | 品目別輸出ガイド - 食品・農林水産物 - 中国 - アジア - 国・地域別に見る - ジェトロ",
                "title_link": "https:\/\/www.jetro.go.jp\/world\/asia\/cn\/foods\/exportguide\/greentea.html",
                "service_name": "jetro.go.jp"
            }
        ],
        "blocks": [
            {
                "type": "rich_text",
                "block_id": "14Dvh",
                "elements": [
                    {
                        "type": "rich_text_section",
                        "elements": [
                            {
                                "type": "usergroup",
                                "usergroup_id": "S073HEMKWV7"
                            },
                            {
                                "type": "text",
                                "text": " "
                            },
                            {
                                "type": "usergroup",
                                "usergroup_id": "S072Q871SF9"
                            },
                            {
                                "type": "text",
                                "text": "\n参考\n"
                            },
                            {
                                "type": "link",
                                "url": "https:\/\/www.jetro.go.jp\/world\/asia\/cn\/foods\/exportguide\/greentea.html"
                            },
                            {
                                "type": "text",
                                "text": "\n\n"
                            },
                            {
                                "type": "text",
                                "text": "1. 輸入禁止（停止）、制限品目（放射性物質規制等）",
                                "style": {
                                    "bold": true
                                }
                            },
                            {
                                "type": "text",
                                "text": "\n調査時点：2022年9月\n東京電力福島第一原子力発電所事故の影響により、宮城県、福島県、茨城県、栃木県、群馬県、埼玉県、千葉県、東京都、新潟県（コメを除く）、長野県の10都県で生産された食品（茶を含む）は輸入停止中です。これら10都県以外で生産された茶については、政府作成の放射性物質検査証明書および産地証明書が要求されますが、放射性物質検査証明書について、日本政府と中国政府との間で合意に至っていないため、政府作成の放射性物質検査証明書は発行できません。詳細は、農林水産省のウェブサイト「中国による日本産食品の輸出に係る原発関連の規制について」を確認してください。\n本項目以降は、今後輸出可となった場合に必要となる事項について記載します。"
                            }
                        ]
                    }
                ]
            }
        ]
    },
    {
        "user": "U066P20UQH1",
        "type": "message",
        "ts": "1726635781.580329",
        "client_msg_id": "FDC62F25-24E3-467E-B881-6415787E9FA8",
        "text": "<@U0331FWGQRM> そういえばそうでした。。すみません。。",
        "team": "T033D70RR6H",
        "user_team": "T033D70RR6H",
        "source_team": "T033D70RR6H",
        "user_profile": {
            "avatar_hash": "179323cb3551",
            "image_72": "https:\/\/avatars.slack-edge.com\/2024-04-12\/6955353714228_179323cb3551f7c8ecfe_72.png",
            "first_name": "Haruka",
            "real_name": "Haruka Hayashi",
            "display_name": "林遥香",
            "team": "T033D70RR6H",
            "name": "haru.nboc",
            "is_restricted": false,
            "is_ultra_restricted": false
        },
        "thread_ts": "1726626437.828749",
        "parent_user_id": "U066P20UQH1",
        "blocks": [
            {
                "type": "rich_text",
                "block_id": "ieAsz",
                "elements": [
                    {
                        "type": "rich_text_section",
                        "elements": [
                            {
                                "type": "user",
                                "user_id": "U0331FWGQRM"
                            },
                            {
                                "type": "text",
                                "text": " そういえばそうでした。。すみません。。"
                            }
                        ]
                    }
                ]
            }
        ],
        "reactions": [
            {
                "name": "man-bowing",
                "users": [
                    "U0606SPN4BW"
                ],
                "count": 1
            }
        ]
    }
]