[
    {
        "user": "U0331FWGQRM",
        "type": "message",
        "ts": "1711036537.970979",
        "client_msg_id": "f94b77ef-8e05-4e9f-8419-487322ddc10e",
        "text": "<@U041RJKV5JA> <@U033G4KN4TD> <@U05KGS6HN9H>\nNeels様に下記サンプルを各20g発送願います。\n\nGrade A,B,-1,-2,-4,-5,-6\n星野製茶有機抹茶13000\n碧翠園　有機抹茶12000京都\n鹿児島製茶　有機抹茶A\n鹿児島製茶　有機抹茶1A\n鹿児島製茶　有機抹茶B\n鹿児島製茶　有機抹茶C\n鹿児島製茶　有機抹茶D",
        "team": "T033D70RR6H",
        "user_team": "T033D70RR6H",
        "source_team": "T033D70RR6H",
        "user_profile": {
            "avatar_hash": "gf9d05f2cae1",
            "image_72": "https:\/\/secure.gravatar.com\/avatar\/f9d05f2cae161f657bb1248fc85b5235.jpg?s=72&d=https%3A%2F%2Fa.slack-edge.com%2Fdf10d%2Fimg%2Favatars%2Fava_0008-72.png",
            "first_name": "matsui",
            "real_name": "matsui",
            "display_name": "松井",
            "team": "T033D70RR6H",
            "name": "tousuien.matsui",
            "is_restricted": false,
            "is_ultra_restricted": false
        },
        "thread_ts": "1711036537.970979",
        "reply_count": 5,
        "reply_users_count": 2,
        "latest_reply": "1711435430.134749",
        "reply_users": [
            "U05KGS6HN9H",
            "U0331FWGQRM"
        ],
        "replies": [
            {
                "user": "U05KGS6HN9H",
                "ts": "1711168151.996289"
            },
            {
                "user": "U05KGS6HN9H",
                "ts": "1711324762.432139"
            },
            {
                "user": "U05KGS6HN9H",
                "ts": "1711346614.714719"
            },
            {
                "user": "U0331FWGQRM",
                "ts": "1711364097.477039"
            },
            {
                "user": "U05KGS6HN9H",
                "ts": "1711435430.134749"
            }
        ],
        "is_locked": false,
        "subscribed": true,
        "last_read": "1711435430.134749",
        "blocks": [
            {
                "type": "rich_text",
                "block_id": "0OF3Q",
                "elements": [
                    {
                        "type": "rich_text_section",
                        "elements": [
                            {
                                "type": "user",
                                "user_id": "U041RJKV5JA"
                            },
                            {
                                "type": "text",
                                "text": " "
                            },
                            {
                                "type": "user",
                                "user_id": "U033G4KN4TD"
                            },
                            {
                                "type": "text",
                                "text": " "
                            },
                            {
                                "type": "user",
                                "user_id": "U05KGS6HN9H"
                            },
                            {
                                "type": "text",
                                "text": "\nNeels様に下記サンプルを各20g発送願います。\n\nGrade A,B,-1,-2,-4,-5,-6\n星野製茶有機抹茶13000\n碧翠園　有機抹茶12000京都\n鹿児島製茶　有機抹茶A\n鹿児島製茶　有機抹茶1A\n鹿児島製茶　有機抹茶B\n鹿児島製茶　有機抹茶C\n鹿児島製茶　有機抹茶D"
                            }
                        ]
                    }
                ]
            }
        ],
        "reactions": [
            {
                "name": "承知_致しました",
                "users": [
                    "U033G4KN4TD",
                    "U041RJKV5JA",
                    "U05KGS6HN9H"
                ],
                "count": 3
            }
        ]
    },
    {
        "user": "U0331FWGQRM",
        "type": "message",
        "ts": "1711038288.450039",
        "client_msg_id": "d4cd118b-7f1a-4435-a955-dae32b84be63",
        "text": "<@U041RJKV5JA> <@U05KGS6HN9H> <@U033G4KN4TD>\n本件で発送した、\n下記ブレンド抹茶のブレンド割合はわかりますか？\nGinger,\nCinammon,\nLemonglass,\nPepper Mint,\nTurmeric,",
        "team": "T033D70RR6H",
        "user_team": "T033D70RR6H",
        "source_team": "T033D70RR6H",
        "user_profile": {
            "avatar_hash": "gf9d05f2cae1",
            "image_72": "https:\/\/secure.gravatar.com\/avatar\/f9d05f2cae161f657bb1248fc85b5235.jpg?s=72&d=https%3A%2F%2Fa.slack-edge.com%2Fdf10d%2Fimg%2Favatars%2Fava_0008-72.png",
            "first_name": "matsui",
            "real_name": "matsui",
            "display_name": "松井",
            "team": "T033D70RR6H",
            "name": "tousuien.matsui",
            "is_restricted": false,
            "is_ultra_restricted": false
        },
        "thread_ts": "1704904945.157469",
        "parent_user_id": "U0331FWGQRM",
        "blocks": [
            {
                "type": "rich_text",
                "block_id": "km4kQ",
                "elements": [
                    {
                        "type": "rich_text_section",
                        "elements": [
                            {
                                "type": "user",
                                "user_id": "U041RJKV5JA"
                            },
                            {
                                "type": "text",
                                "text": " "
                            },
                            {
                                "type": "user",
                                "user_id": "U05KGS6HN9H"
                            },
                            {
                                "type": "text",
                                "text": " "
                            },
                            {
                                "type": "user",
                                "user_id": "U033G4KN4TD"
                            },
                            {
                                "type": "text",
                                "text": "\n本件で発送した、\n下記ブレンド抹茶のブレンド割合はわかりますか？\nGinger,\nCinammon,\nLemonglass,\nPepper Mint,\nTurmeric,"
                            }
                        ]
                    }
                ]
            }
        ]
    },
    {
        "user": "U0331FWGQRM",
        "type": "message",
        "ts": "1711067880.258459",
        "edited": {
            "user": "U0331FWGQRM",
            "ts": "1711317610.000000"
        },
        "client_msg_id": "C8800BC9-9B23-4101-9853-C1AEC4F15074",
        "text": "<@U041RJKV5JA> <@U033G4KN4TD> <@U05KGS6HN9H> \nスイスのsebastyan様にサンプル発送願います。\n非有機シナモン抹茶4種類各20g\n（内容はフォルダ内のファイル確認願います。Quotation_tousuien_20240322）\n\n*Cinnamon matcha-A1*\nキタマのスリランカ産有機シナモン+organic matcha upper-1\n\n*Cinnamon matcha-A2*\nキタマのスリランカ産有機シナモン+organic matcha upper-2\n\n*Cinnamon matcha-B1*\nキタマのスリランカ産有機シナモン+non organic matcha upper-1\n\n*Cinnamon matcha-B2*\nキタマのスリランカ産有機シナモン+non organic matcha upper-2\n\nN*on organic matcha upper-1  追加\n（出雲抹茶G）*\n\n*Non organic matcha upper-2  追加\n（出雲抹茶R）*\n",
        "team": "T033D70RR6H",
        "user_team": "T033D70RR6H",
        "source_team": "T033D70RR6H",
        "user_profile": {
            "avatar_hash": "gf9d05f2cae1",
            "image_72": "https:\/\/secure.gravatar.com\/avatar\/f9d05f2cae161f657bb1248fc85b5235.jpg?s=72&d=https%3A%2F%2Fa.slack-edge.com%2Fdf10d%2Fimg%2Favatars%2Fava_0008-72.png",
            "first_name": "matsui",
            "real_name": "matsui",
            "display_name": "松井",
            "team": "T033D70RR6H",
            "name": "tousuien.matsui",
            "is_restricted": false,
            "is_ultra_restricted": false
        },
        "thread_ts": "1711067880.258459",
        "reply_count": 11,
        "reply_users_count": 2,
        "latest_reply": "1712213676.683809",
        "reply_users": [
            "U0331FWGQRM",
            "U05KGS6HN9H"
        ],
        "replies": [
            {
                "user": "U0331FWGQRM",
                "ts": "1711180000.674709"
            },
            {
                "user": "U05KGS6HN9H",
                "ts": "1711181259.924939"
            },
            {
                "user": "U05KGS6HN9H",
                "ts": "1711181675.024819"
            },
            {
                "user": "U0331FWGQRM",
                "ts": "1711317566.765669"
            },
            {
                "user": "U05KGS6HN9H",
                "ts": "1711334514.502999"
            },
            {
                "user": "U0331FWGQRM",
                "ts": "1711346797.214539"
            },
            {
                "user": "U05KGS6HN9H",
                "ts": "1711519610.808029"
            },
            {
                "user": "U0331FWGQRM",
                "ts": "1712077099.706939"
            },
            {
                "user": "U05KGS6HN9H",
                "ts": "1712100388.368659"
            },
            {
                "user": "U0331FWGQRM",
                "ts": "1712124625.813969"
            },
            {
                "user": "U05KGS6HN9H",
                "ts": "1712213676.683809"
            }
        ],
        "is_locked": false,
        "subscribed": true,
        "last_read": "1712213676.683809",
        "blocks": [
            {
                "type": "rich_text",
                "block_id": "L9Xo9",
                "elements": [
                    {
                        "type": "rich_text_section",
                        "elements": [
                            {
                                "type": "user",
                                "user_id": "U041RJKV5JA"
                            },
                            {
                                "type": "text",
                                "text": " "
                            },
                            {
                                "type": "user",
                                "user_id": "U033G4KN4TD"
                            },
                            {
                                "type": "text",
                                "text": " "
                            },
                            {
                                "type": "user",
                                "user_id": "U05KGS6HN9H"
                            },
                            {
                                "type": "text",
                                "text": " \nスイスのsebastyan様にサンプル発送願います。\n非有機シナモン抹茶4種類各20g\n（内容はフォルダ内のファイル確認願います。Quotation_tousuien_20240322）\n\n"
                            },
                            {
                                "type": "text",
                                "text": "Cinnamon matcha-A1",
                                "style": {
                                    "bold": true,
                                    "italic": false,
                                    "strike": false
                                }
                            },
                            {
                                "type": "text",
                                "text": "\nキタマのスリランカ産有機シナモン+organic matcha upper-1\n\n"
                            },
                            {
                                "type": "text",
                                "text": "Cinnamon matcha-A2",
                                "style": {
                                    "bold": true,
                                    "italic": false,
                                    "strike": false
                                }
                            },
                            {
                                "type": "text",
                                "text": "\nキタマのスリランカ産有機シナモン+organic matcha upper-2\n\n"
                            },
                            {
                                "type": "text",
                                "text": "Cinnamon matcha-B1",
                                "style": {
                                    "bold": true,
                                    "italic": false,
                                    "strike": false
                                }
                            },
                            {
                                "type": "text",
                                "text": "\nキタマのスリランカ産有機シナモン+non organic matcha upper-1\n\n"
                            },
                            {
                                "type": "text",
                                "text": "Cinnamon matcha-B2",
                                "style": {
                                    "bold": true,
                                    "italic": false,
                                    "strike": false
                                }
                            },
                            {
                                "type": "text",
                                "text": "\nキタマのスリランカ産有機シナモン+non organic matcha upper-2\n\n"
                            },
                            {
                                "type": "text",
                                "text": "N"
                            },
                            {
                                "type": "text",
                                "text": "on organic matcha upper-1",
                                "style": {
                                    "bold": true,
                                    "italic": false,
                                    "strike": false
                                }
                            },
                            {
                                "type": "text",
                                "text": "  追加\n",
                                "style": {
                                    "bold": true,
                                    "italic": false,
                                    "strike": false
                                }
                            },
                            {
                                "type": "text",
                                "text": "（出雲抹茶G）",
                                "style": {
                                    "bold": true,
                                    "italic": false,
                                    "strike": false
                                }
                            },
                            {
                                "type": "text",
                                "text": "\n\n",
                                "style": {
                                    "bold": true,
                                    "italic": false,
                                    "strike": false
                                }
                            },
                            {
                                "type": "text",
                                "text": "Non organic matcha upper-2",
                                "style": {
                                    "bold": true,
                                    "italic": false,
                                    "strike": false
                                }
                            },
                            {
                                "type": "text",
                                "text": "  追加\n",
                                "style": {
                                    "bold": true,
                                    "italic": false,
                                    "strike": false
                                }
                            },
                            {
                                "type": "text",
                                "text": "（出雲抹茶R）",
                                "style": {
                                    "bold": true,
                                    "italic": false,
                                    "strike": false
                                }
                            },
                            {
                                "type": "text",
                                "text": "\n"
                            }
                        ]
                    }
                ]
            }
        ],
        "reactions": [
            {
                "name": "承知_致しました",
                "users": [
                    "U05KGS6HN9H",
                    "U033G4KN4TD",
                    "U041RJKV5JA"
                ],
                "count": 3
            }
        ]
    },
    {
        "user": "U05KGS6HN9H",
        "type": "message",
        "ts": "1711074784.063659",
        "edited": {
            "user": "U05KGS6HN9H",
            "ts": "1711076631.000000"
        },
        "client_msg_id": "9fe85f9c-429b-418b-a539-82a063f36121",
        "text": "<@U0606SPN4BW>\nサンプル準備完了いたしました。\n本日3\/22中に集荷依頼すれば、明日3\/23（土）のDHL出荷が\n可能ですが、これで進めて宜しいでしょうか？\n・InvoiceのHSコードが化けているようですので修正します。\n・PackingListにステックサンプル分が漏れているようですので、\nPackingList（加筆）を作成しております。",
        "team": "T033D70RR6H",
        "user_team": "T033D70RR6H",
        "source_team": "T033D70RR6H",
        "user_profile": {
            "avatar_hash": "gc4e7258333f",
            "image_72": "https:\/\/secure.gravatar.com\/avatar\/c4e7258333f2958f831d063db85b4542.jpg?s=72&d=https%3A%2F%2Fa.slack-edge.com%2Fdf10d%2Fimg%2Favatars%2Fava_0005-72.png",
            "first_name": "Adachi",
            "real_name": "Adachi",
            "display_name": "足立",
            "team": "T033D70RR6H",
            "name": "tousuien05",
            "is_restricted": false,
            "is_ultra_restricted": false
        },
        "thread_ts": "1710618201.760019",
        "parent_user_id": "U0606SPN4BW",
        "blocks": [
            {
                "type": "rich_text",
                "block_id": "ME7x9",
                "elements": [
                    {
                        "type": "rich_text_section",
                        "elements": [
                            {
                                "type": "user",
                                "user_id": "U0606SPN4BW"
                            },
                            {
                                "type": "text",
                                "text": "\nサンプル準備完了いたしました。\n本日3\/22中に集荷依頼すれば、明日3\/23（土）のDHL出荷が\n可能ですが、これで進めて宜しいでしょうか？\n・InvoiceのHSコードが化けているようですので修正します。\n・PackingListにステックサンプル分が漏れているようですので、\nPackingList（加筆）を作成しております。"
                            }
                        ]
                    }
                ]
            }
        ],
        "reactions": [
            {
                "name": "d130b000eb8d6784",
                "users": [
                    "U0606SPN4BW"
                ],
                "count": 1
            }
        ]
    }
]