[
    {
        "user": "U05KGS6HN9H",
        "type": "message",
        "ts": "1706250013.916649",
        "client_msg_id": "b2bbb249-0efc-40a9-8a8d-53a836eced1f",
        "text": "<@U0606SPN4BW>\n<@U041RJKV5JA> <@U033G4KN4TD>\n本日1\/26DHL便で出荷しました。\nAWB No 5267280550\n宜しくお願い致します。",
        "team": "T033D70RR6H",
        "user_team": "T033D70RR6H",
        "source_team": "T033D70RR6H",
        "user_profile": {
            "avatar_hash": "gc4e7258333f",
            "image_72": "https:\/\/secure.gravatar.com\/avatar\/c4e7258333f2958f831d063db85b4542.jpg?s=72&d=https%3A%2F%2Fa.slack-edge.com%2Fdf10d%2Fimg%2Favatars%2Fava_0005-72.png",
            "first_name": "Adachi",
            "real_name": "Adachi",
            "display_name": "足立",
            "team": "T033D70RR6H",
            "name": "tousuien05",
            "is_restricted": false,
            "is_ultra_restricted": false
        },
        "thread_ts": "1706061437.224359",
        "parent_user_id": "U0606SPN4BW",
        "blocks": [
            {
                "type": "rich_text",
                "block_id": "XdP0k",
                "elements": [
                    {
                        "type": "rich_text_section",
                        "elements": [
                            {
                                "type": "user",
                                "user_id": "U0606SPN4BW"
                            },
                            {
                                "type": "text",
                                "text": "\n"
                            },
                            {
                                "type": "user",
                                "user_id": "U041RJKV5JA"
                            },
                            {
                                "type": "text",
                                "text": " "
                            },
                            {
                                "type": "user",
                                "user_id": "U033G4KN4TD"
                            },
                            {
                                "type": "text",
                                "text": "\n本日1\/26DHL便で出荷しました。\nAWB No 5267280550\n宜しくお願い致します。"
                            }
                        ]
                    }
                ]
            }
        ],
        "reactions": [
            {
                "name": "d130b000eb8d6784",
                "users": [
                    "U0606SPN4BW"
                ],
                "count": 1
            }
        ]
    }
]