[
    {
        "user": "U05KGS6HN9H",
        "type": "message",
        "ts": "1733476989.722109",
        "client_msg_id": "ebe6091f-31fd-46b7-8a82-948c7b057052",
        "text": "<@U066P20UQH1>\n<!subteam^S073HEMKWV7|@hirakawa-adachi-yamamoto-fuse> <@U082RF7UF1V>\n出荷可能日12\/10（火）にてお願い致します。\nサンプル中、もし近々で大量受注となると、供給制限にかかる抹茶\n（宇治抹茶K10000やK20000も？）も含まれます。\nご留意のほどお願い致します。",
        "team": "T033D70RR6H",
        "user_team": "T033D70RR6H",
        "source_team": "T033D70RR6H",
        "user_profile": {
            "avatar_hash": "gc4e7258333f",
            "image_72": "https:\/\/secure.gravatar.com\/avatar\/c4e7258333f2958f831d063db85b4542.jpg?s=72&d=https%3A%2F%2Fa.slack-edge.com%2Fdf10d%2Fimg%2Favatars%2Fava_0005-72.png",
            "first_name": "Adachi",
            "real_name": "Adachi",
            "display_name": "足立",
            "team": "T033D70RR6H",
            "name": "tousuien05",
            "is_restricted": false,
            "is_ultra_restricted": false
        },
        "thread_ts": "1733305816.322869",
        "parent_user_id": "U066P20UQH1",
        "blocks": [
            {
                "type": "rich_text",
                "block_id": "Hm5VT",
                "elements": [
                    {
                        "type": "rich_text_section",
                        "elements": [
                            {
                                "type": "user",
                                "user_id": "U066P20UQH1"
                            },
                            {
                                "type": "text",
                                "text": "\n"
                            },
                            {
                                "type": "usergroup",
                                "usergroup_id": "S073HEMKWV7"
                            },
                            {
                                "type": "text",
                                "text": " "
                            },
                            {
                                "type": "user",
                                "user_id": "U082RF7UF1V"
                            },
                            {
                                "type": "text",
                                "text": "\n出荷可能日12\/10（火）にてお願い致します。\nサンプル中、もし近々で大量受注となると、供給制限にかかる抹茶\n（宇治抹茶K10000やK20000も？）も含まれます。\nご留意のほどお願い致します。"
                            }
                        ]
                    }
                ]
            }
        ]
    },
    {
        "user": "U066P20UQH1",
        "type": "message",
        "ts": "1733477305.471359",
        "client_msg_id": "f593466a-1e06-4dd5-8528-48584f8a8675",
        "text": "<@U05KGS6HN9H>\nすみません、うじひかりやつゆひかりが少ないのは把握しておりましたが、香岳園の原料自体が供給制限があるということでしょうか？すみませんが細かく把握しきれておりません。。\nK10000やK20000はどの程度の供給制限がかかるんでしょうか？",
        "team": "T033D70RR6H",
        "user_team": "T033D70RR6H",
        "source_team": "T033D70RR6H",
        "user_profile": {
            "avatar_hash": "179323cb3551",
            "image_72": "https:\/\/avatars.slack-edge.com\/2024-04-12\/6955353714228_179323cb3551f7c8ecfe_72.png",
            "first_name": "Haruka",
            "real_name": "Haruka Hayashi",
            "display_name": "林遥香",
            "team": "T033D70RR6H",
            "name": "haru.nboc",
            "is_restricted": false,
            "is_ultra_restricted": false
        },
        "thread_ts": "1733305816.322869",
        "parent_user_id": "U066P20UQH1",
        "blocks": [
            {
                "type": "rich_text",
                "block_id": "zelaR",
                "elements": [
                    {
                        "type": "rich_text_section",
                        "elements": [
                            {
                                "type": "user",
                                "user_id": "U05KGS6HN9H"
                            },
                            {
                                "type": "text",
                                "text": "\nすみません、うじひかりやつゆひかりが少ないのは把握しておりましたが、香岳園の原料自体が供給制限があるということでしょうか？すみませんが細かく把握しきれておりません。。\nK10000やK20000はどの程度の供給制限がかかるんでしょうか？"
                            }
                        ]
                    }
                ]
            }
        ]
    },
    {
        "user": "U05KGS6HN9H",
        "type": "message",
        "ts": "1733478281.424289",
        "client_msg_id": "3a0897c4-030d-475e-80ce-3f11351a2341",
        "text": "<@U066P20UQH1>\nK10000さえみどりにつきましては、12\/2のなんでもOK で\n共有させていただいております。K20000は滅多に出ない抹茶の為、\n香岳園に問い合わせてみたところ、上ランク品で元々抹茶原料も少なく、\nこちらの希望する量が提供可能かどうかも不透明要素がありそうです。\n（そこまでの情報です:sweat_drops:）",
        "team": "T033D70RR6H",
        "user_team": "T033D70RR6H",
        "source_team": "T033D70RR6H",
        "user_profile": {
            "avatar_hash": "gc4e7258333f",
            "image_72": "https:\/\/secure.gravatar.com\/avatar\/c4e7258333f2958f831d063db85b4542.jpg?s=72&d=https%3A%2F%2Fa.slack-edge.com%2Fdf10d%2Fimg%2Favatars%2Fava_0005-72.png",
            "first_name": "Adachi",
            "real_name": "Adachi",
            "display_name": "足立",
            "team": "T033D70RR6H",
            "name": "tousuien05",
            "is_restricted": false,
            "is_ultra_restricted": false
        },
        "thread_ts": "1733305816.322869",
        "parent_user_id": "U066P20UQH1",
        "blocks": [
            {
                "type": "rich_text",
                "block_id": "Q3wh+",
                "elements": [
                    {
                        "type": "rich_text_section",
                        "elements": [
                            {
                                "type": "user",
                                "user_id": "U066P20UQH1"
                            },
                            {
                                "type": "text",
                                "text": "\nK10000さえみどりにつきましては、12\/2のなんでもOK で\n共有させていただいております。K20000は滅多に出ない抹茶の為、\n香岳園に問い合わせてみたところ、上ランク品で元々抹茶原料も少なく、\nこちらの希望する量が提供可能かどうかも不透明要素がありそうです。\n（そこまでの情報です"
                            },
                            {
                                "type": "emoji",
                                "name": "sweat_drops",
                                "unicode": "1f4a6"
                            },
                            {
                                "type": "text",
                                "text": "）"
                            }
                        ]
                    }
                ]
            }
        ]
    },
    {
        "user": "U066P20UQH1",
        "type": "message",
        "ts": "1733478449.711789",
        "client_msg_id": "4cbf1650-4ce5-4836-94b5-4a943811ae26",
        "text": "<@U05KGS6HN9H>\nなるほど。。。一度お客さんに確認しますね。一旦保留でお願いします:sweat_drops:",
        "team": "T033D70RR6H",
        "user_team": "T033D70RR6H",
        "source_team": "T033D70RR6H",
        "user_profile": {
            "avatar_hash": "179323cb3551",
            "image_72": "https:\/\/avatars.slack-edge.com\/2024-04-12\/6955353714228_179323cb3551f7c8ecfe_72.png",
            "first_name": "Haruka",
            "real_name": "Haruka Hayashi",
            "display_name": "林遥香",
            "team": "T033D70RR6H",
            "name": "haru.nboc",
            "is_restricted": false,
            "is_ultra_restricted": false
        },
        "thread_ts": "1733305816.322869",
        "parent_user_id": "U066P20UQH1",
        "blocks": [
            {
                "type": "rich_text",
                "block_id": "6W6Dr",
                "elements": [
                    {
                        "type": "rich_text_section",
                        "elements": [
                            {
                                "type": "user",
                                "user_id": "U05KGS6HN9H"
                            },
                            {
                                "type": "text",
                                "text": "\nなるほど。。。一度お客さんに確認しますね。一旦保留でお願いします"
                            },
                            {
                                "type": "emoji",
                                "name": "sweat_drops",
                                "unicode": "1f4a6"
                            }
                        ]
                    }
                ]
            }
        ]
    },
    {
        "text": "<@U05KGS6HN9H>\nちなみに宇治抹茶K10000と宇治抹茶K10000さえみどり（滋賀県産）は違うのかと思ったんですが、、\n品種もK10000はおくみどり＋その時味が良い品種、とあります。。",
        "files": [
            {
                "id": "F083Z310R6W",
                "created": 1733478675,
                "timestamp": 1733478675,
                "name": "146545",
                "title": "146545",
                "mimetype": "image\/png",
                "filetype": "png",
                "pretty_type": "PNG",
                "user": "U066P20UQH1",
                "user_team": "T033D70RR6H",
                "editable": false,
                "size": 86528,
                "mode": "hosted",
                "is_external": false,
                "external_type": "",
                "is_public": true,
                "public_url_shared": false,
                "display_as_bot": false,
                "username": "",
                "url_private": "https:\/\/files.slack.com\/files-pri\/T033D70RR6H-F083Z310R6W\/146545?token=xoxe-3115238875221-9710624591398-9697214945543-aa82359f925d11baadb4ddc07b089467",
                "url_private_download": "https:\/\/files.slack.com\/files-pri\/T033D70RR6H-F083Z310R6W\/download\/146545?token=xoxe-3115238875221-9710624591398-9697214945543-aa82359f925d11baadb4ddc07b089467",
                "media_display_type": "unknown",
                "thumb_64": "https:\/\/files.slack.com\/files-tmb\/T033D70RR6H-F083Z310R6W-69986ef33b\/146545_64.png?t=xoxe-3115238875221-9710624591398-9697214945543-aa82359f925d11baadb4ddc07b089467",
                "thumb_80": "https:\/\/files.slack.com\/files-tmb\/T033D70RR6H-F083Z310R6W-69986ef33b\/146545_80.png?t=xoxe-3115238875221-9710624591398-9697214945543-aa82359f925d11baadb4ddc07b089467",
                "thumb_360": "https:\/\/files.slack.com\/files-tmb\/T033D70RR6H-F083Z310R6W-69986ef33b\/146545_360.png?t=xoxe-3115238875221-9710624591398-9697214945543-aa82359f925d11baadb4ddc07b089467",
                "thumb_360_w": 360,
                "thumb_360_h": 81,
                "thumb_480": "https:\/\/files.slack.com\/files-tmb\/T033D70RR6H-F083Z310R6W-69986ef33b\/146545_480.png?t=xoxe-3115238875221-9710624591398-9697214945543-aa82359f925d11baadb4ddc07b089467",
                "thumb_480_w": 480,
                "thumb_480_h": 108,
                "thumb_160": "https:\/\/files.slack.com\/files-tmb\/T033D70RR6H-F083Z310R6W-69986ef33b\/146545_160.png?t=xoxe-3115238875221-9710624591398-9697214945543-aa82359f925d11baadb4ddc07b089467",
                "thumb_720": "https:\/\/files.slack.com\/files-tmb\/T033D70RR6H-F083Z310R6W-69986ef33b\/146545_720.png?t=xoxe-3115238875221-9710624591398-9697214945543-aa82359f925d11baadb4ddc07b089467",
                "thumb_720_w": 720,
                "thumb_720_h": 162,
                "thumb_800": "https:\/\/files.slack.com\/files-tmb\/T033D70RR6H-F083Z310R6W-69986ef33b\/146545_800.png?t=xoxe-3115238875221-9710624591398-9697214945543-aa82359f925d11baadb4ddc07b089467",
                "thumb_800_w": 800,
                "thumb_800_h": 180,
                "thumb_960": "https:\/\/files.slack.com\/files-tmb\/T033D70RR6H-F083Z310R6W-69986ef33b\/146545_960.png?t=xoxe-3115238875221-9710624591398-9697214945543-aa82359f925d11baadb4ddc07b089467",
                "thumb_960_w": 960,
                "thumb_960_h": 216,
                "thumb_1024": "https:\/\/files.slack.com\/files-tmb\/T033D70RR6H-F083Z310R6W-69986ef33b\/146545_1024.png?t=xoxe-3115238875221-9710624591398-9697214945543-aa82359f925d11baadb4ddc07b089467",
                "thumb_1024_w": 1024,
                "thumb_1024_h": 230,
                "original_w": 1050,
                "original_h": 236,
                "thumb_tiny": "AwAKADC6SMnn9P8A69Pyff8AKmHqaG6GgB7ZK8ZzTQpOc5oH+qpmTtoAkCkYwf1o280h6H6Ui\/eFAH\/\/2Q==",
                "permalink": "https:\/\/grp-ssm9297.slack.com\/files\/U0331FWGQRM\/F083Z310R6W\/146545",
                "permalink_public": "https:\/\/slack-files.com\/T033D70RR6H-F083Z310R6W-e70a8e1474",
                "is_starred": false,
                "skipped_shares": true,
                "has_rich_preview": false,
                "file_access": "visible"
            }
        ],
        "upload": false,
        "user": "U066P20UQH1",
        "display_as_bot": false,
        "blocks": [
            {
                "type": "rich_text",
                "block_id": "ZP0Ww",
                "elements": [
                    {
                        "type": "rich_text_section",
                        "elements": [
                            {
                                "type": "user",
                                "user_id": "U05KGS6HN9H"
                            },
                            {
                                "type": "text",
                                "text": "\nちなみに宇治抹茶K10000と宇治抹茶K10000さえみどり（滋賀県産）は違うのかと思ったんですが、、\n品種もK10000はおくみどり＋その時味が良い品種、とあります。。"
                            }
                        ]
                    }
                ]
            }
        ],
        "type": "message",
        "ts": "1733478806.812659",
        "client_msg_id": "f83262e8-c443-4842-8f63-94657b4c93cb",
        "thread_ts": "1733305816.322869",
        "parent_user_id": "U066P20UQH1"
    },
    {
        "user": "U0331FZS7JT",
        "type": "message",
        "ts": "1733524390.955929",
        "edited": {
            "user": "U0331FZS7JT",
            "ts": "1733524509.000000"
        },
        "client_msg_id": "fefe3a91-b527-445c-9af9-351a4c50fbed",
        "text": "<@U066P20UQH1>\nCC：<@U05KGS6HN9H>\n\n横から失礼します。\n宇治抹茶K10000については、記載のある通り、\n「おくみどり」や「さえみどり」の単一品種とは異なり*ブレンド*です。\nで、これについてはおそらく結構あると思います。\n\nK20000については、確かにかなり上級な抹茶なので、\n香岳園に限ったことではなく、\n全体的にボリュームは少ないです。\n\n一方で、おそらくこんな高い抹茶（売価で¥40,000\/kg以上）\nほとんど動かないと思うので提案問題ないと思いますよ！\nで、足らんなら代替品を準備すれば良いかなと思います。\nただ、今年に限っていうと、宇治抹茶自体がかなり売れちゃっているので\nすぐに代替品が見つかるかは不明です。\n\n<@U05KGS6HN9H>\n原料のことですぐに判断がつかない場合は、僕または<@U03BLQ65GK0> に相談してみて下さい。\nよろしくお願いします。",
        "team": "T033D70RR6H",
        "user_team": "T033D70RR6H",
        "source_team": "T033D70RR6H",
        "user_profile": {
            "avatar_hash": "2c9de1514f26",
            "image_72": "https:\/\/avatars.slack-edge.com\/2022-02-16\/3118160981555_2c9de1514f262063f72d_72.png",
            "first_name": "Yuta",
            "real_name": "Yuta Oka",
            "display_name": "岡祐太",
            "team": "T033D70RR6H",
            "name": "yuta.oka.0915",
            "is_restricted": false,
            "is_ultra_restricted": false
        },
        "thread_ts": "1733305816.322869",
        "parent_user_id": "U066P20UQH1",
        "blocks": [
            {
                "type": "rich_text",
                "block_id": "lISvE",
                "elements": [
                    {
                        "type": "rich_text_section",
                        "elements": [
                            {
                                "type": "user",
                                "user_id": "U066P20UQH1"
                            },
                            {
                                "type": "text",
                                "text": "\nCC："
                            },
                            {
                                "type": "user",
                                "user_id": "U05KGS6HN9H"
                            },
                            {
                                "type": "text",
                                "text": "\n\n横から失礼します。\n宇治抹茶K10000については、記載のある通り、\n「おくみどり」や「さえみどり」の単一品種とは異なり"
                            },
                            {
                                "type": "text",
                                "text": "ブレンド",
                                "style": {
                                    "bold": true
                                }
                            },
                            {
                                "type": "text",
                                "text": "です。\nで、これについてはおそらく結構あると思います。\n\nK20000については、確かにかなり上級な抹茶なので、\n香岳園に限ったことではなく、\n全体的にボリュームは少ないです。\n\n一方で、おそらくこんな高い抹茶（売価で¥40,000\/kg以上）\nほとんど動かないと思うので提案問題ないと思いますよ！\nで、足らんなら代替品を準備すれば良いかなと思います。\nただ、今年に限っていうと、宇治抹茶自体がかなり売れちゃっているので\nすぐに代替品が見つかるかは不明です。\n\n"
                            },
                            {
                                "type": "user",
                                "user_id": "U05KGS6HN9H"
                            },
                            {
                                "type": "text",
                                "text": "\n原料のことですぐに判断がつかない場合は、僕または"
                            },
                            {
                                "type": "user",
                                "user_id": "U03BLQ65GK0"
                            },
                            {
                                "type": "text",
                                "text": " に相談してみて下さい。\nよろしくお願いします。"
                            }
                        ]
                    }
                ]
            }
        ],
        "reactions": [
            {
                "name": "d130b000eb8d6784",
                "users": [
                    "U066P20UQH1"
                ],
                "count": 1
            },
            {
                "name": "承知-1",
                "users": [
                    "U066P20UQH1"
                ],
                "count": 1
            },
            {
                "name": "承知_致しました",
                "users": [
                    "U05KGS6HN9H"
                ],
                "count": 1
            }
        ]
    }
]