[
    {
        "user": "U05KGS6HN9H",
        "type": "message",
        "ts": "1716452642.587909",
        "client_msg_id": "0df11e8c-f637-4b48-bbb5-536330e8aa15",
        "text": "<@U0606SPN4BW>\n予定通り明日5\/24出荷で準備致しましたが、\nご入金が未だのようです。お手数をおかけ致しますが\nご確認いただけると助かります。",
        "team": "T033D70RR6H",
        "user_team": "T033D70RR6H",
        "source_team": "T033D70RR6H",
        "user_profile": {
            "avatar_hash": "gc4e7258333f",
            "image_72": "https:\/\/secure.gravatar.com\/avatar\/c4e7258333f2958f831d063db85b4542.jpg?s=72&d=https%3A%2F%2Fa.slack-edge.com%2Fdf10d%2Fimg%2Favatars%2Fava_0005-72.png",
            "first_name": "Adachi",
            "real_name": "Adachi",
            "display_name": "足立",
            "team": "T033D70RR6H",
            "name": "tousuien05",
            "is_restricted": false,
            "is_ultra_restricted": false
        },
        "thread_ts": "1716063857.103699",
        "parent_user_id": "U0606SPN4BW",
        "blocks": [
            {
                "type": "rich_text",
                "block_id": "oVU52",
                "elements": [
                    {
                        "type": "rich_text_section",
                        "elements": [
                            {
                                "type": "user",
                                "user_id": "U0606SPN4BW"
                            },
                            {
                                "type": "text",
                                "text": "\n予定通り明日5\/24出荷で準備致しましたが、\nご入金が未だのようです。お手数をおかけ致しますが\nご確認いただけると助かります。"
                            }
                        ]
                    }
                ]
            }
        ],
        "reactions": [
            {
                "name": "了解です",
                "users": [
                    "U0606SPN4BW"
                ],
                "count": 1
            }
        ]
    },
    {
        "user": "U0606SPN4BW",
        "type": "message",
        "ts": "1716455084.232749",
        "client_msg_id": "24667eb7-cf69-452d-946d-c63196bba277",
        "text": "<@U05KGS6HN9H>\nありがとうございます！\nAlibaba と WhatsApp で催促しました！\n（昨日も、Whatsでリマインダー送ったのですが現時点で未読です。。）\nアップデートがあり次第、お知らせしますのでよろしくお願いします！",
        "team": "T033D70RR6H",
        "user_team": "T033D70RR6H",
        "source_team": "T033D70RR6H",
        "user_profile": {
            "avatar_hash": "823d8545f678",
            "image_72": "https:\/\/avatars.slack-edge.com\/2024-04-12\/6946592133062_823d8545f678615a3e0a_72.jpg",
            "first_name": "SATOSHI",
            "real_name": "SATOSHI FURUKAWA",
            "display_name": "古川　敏",
            "team": "T033D70RR6H",
            "name": "jpfreebirds",
            "is_restricted": false,
            "is_ultra_restricted": false
        },
        "thread_ts": "1716063857.103699",
        "parent_user_id": "U0606SPN4BW",
        "blocks": [
            {
                "type": "rich_text",
                "block_id": "xf3nU",
                "elements": [
                    {
                        "type": "rich_text_section",
                        "elements": [
                            {
                                "type": "user",
                                "user_id": "U05KGS6HN9H"
                            },
                            {
                                "type": "text",
                                "text": "\nありがとうございます！\nAlibaba と WhatsApp で催促しました！\n（昨日も、Whatsでリマインダー送ったのですが現時点で未読です。。）\nアップデートがあり次第、お知らせしますのでよろしくお願いします！"
                            }
                        ]
                    }
                ]
            }
        ]
    },
    {
        "user": "U0606SPN4BW",
        "type": "message",
        "ts": "1716458603.089139",
        "client_msg_id": "eacaf6a2-c9b3-4ce8-9aa2-4f0e4a9c0064",
        "text": "<@U05KGS6HN9H> cc <@U041RJKV5JA> <@U033G4KN4TD>\nご対応、ありがとうございます！\n\n後手となりスミマセン、下記のサンプル 2種もオランダ在庫が残り僅かとなっています。\nもし可能であれば在庫がある範囲で大丈夫なので追加のご対応をお願いできますでしょうか？\n（出荷予定は数日遅れても全く問題ありません。）＾＾\n\n&lt; 追加希望内容 &gt;\n20 x Organic Matcha Middle grade-1　鹿児島製茶　鹿児島B\n20 x Organic Matcha Middle grade-2　鹿児島製茶　鹿児島C\n\n\nご面倒をおかけしますがよろしくお願いします！",
        "team": "T033D70RR6H",
        "user_team": "T033D70RR6H",
        "source_team": "T033D70RR6H",
        "user_profile": {
            "avatar_hash": "823d8545f678",
            "image_72": "https:\/\/avatars.slack-edge.com\/2024-04-12\/6946592133062_823d8545f678615a3e0a_72.jpg",
            "first_name": "SATOSHI",
            "real_name": "SATOSHI FURUKAWA",
            "display_name": "古川　敏",
            "team": "T033D70RR6H",
            "name": "jpfreebirds",
            "is_restricted": false,
            "is_ultra_restricted": false
        },
        "thread_ts": "1715959394.664409",
        "parent_user_id": "U0606SPN4BW",
        "blocks": [
            {
                "type": "rich_text",
                "block_id": "I4UAE",
                "elements": [
                    {
                        "type": "rich_text_section",
                        "elements": [
                            {
                                "type": "user",
                                "user_id": "U05KGS6HN9H"
                            },
                            {
                                "type": "text",
                                "text": " cc "
                            },
                            {
                                "type": "user",
                                "user_id": "U041RJKV5JA"
                            },
                            {
                                "type": "text",
                                "text": " "
                            },
                            {
                                "type": "user",
                                "user_id": "U033G4KN4TD"
                            },
                            {
                                "type": "text",
                                "text": "\nご対応、ありがとうございます！\n\n後手となりスミマセン、下記のサンプル 2種もオランダ在庫が残り僅かとなっています。\nもし可能であれば在庫がある範囲で大丈夫なので追加のご対応をお願いできますでしょうか？\n（出荷予定は数日遅れても全く問題ありません。）＾＾\n\n< 追加希望内容 >\n20 x Organic Matcha Middle grade-1　鹿児島製茶　鹿児島B\n20 x Organic Matcha Middle grade-2　鹿児島製茶　鹿児島C\n\n\nご面倒をおかけしますがよろしくお願いします！"
                            }
                        ]
                    }
                ]
            }
        ],
        "reactions": [
            {
                "name": "承知_致しました",
                "users": [
                    "U05KGS6HN9H",
                    "U033G4KN4TD"
                ],
                "count": 2
            },
            {
                "name": "あり",
                "users": [
                    "U0606SPN4BW"
                ],
                "count": 1
            },
            {
                "name": "man-bowing",
                "users": [
                    "U0606SPN4BW"
                ],
                "count": 1
            }
        ]
    },
    {
        "text": "<!subteam^S073HEMKWV7|@hirakawa-adachi-yamamoto-fuse>\nDavon様、明日金曜もしくは週明けにお支払い予定とのことです。 ＾＾；\nこちらにアップデートがあった場合はすぐにお知らせします！",
        "files": [
            {
                "id": "F074CMZB6UF",
                "created": 1716464779,
                "timestamp": 1716464779,
                "name": "image.png",
                "title": "image.png",
                "mimetype": "image\/png",
                "filetype": "png",
                "pretty_type": "PNG",
                "user": "U0606SPN4BW",
                "user_team": "T033D70RR6H",
                "editable": false,
                "size": 162875,
                "mode": "hosted",
                "is_external": false,
                "external_type": "",
                "is_public": true,
                "public_url_shared": false,
                "display_as_bot": false,
                "username": "",
                "url_private": "https:\/\/files.slack.com\/files-pri\/T033D70RR6H-F074CMZB6UF\/image.png?token=xoxe-3115238875221-9710624591398-9697214945543-aa82359f925d11baadb4ddc07b089467",
                "url_private_download": "https:\/\/files.slack.com\/files-pri\/T033D70RR6H-F074CMZB6UF\/download\/image.png?token=xoxe-3115238875221-9710624591398-9697214945543-aa82359f925d11baadb4ddc07b089467",
                "media_display_type": "unknown",
                "thumb_64": "https:\/\/files.slack.com\/files-tmb\/T033D70RR6H-F074CMZB6UF-9e60594a27\/image_64.png?t=xoxe-3115238875221-9710624591398-9697214945543-aa82359f925d11baadb4ddc07b089467",
                "thumb_80": "https:\/\/files.slack.com\/files-tmb\/T033D70RR6H-F074CMZB6UF-9e60594a27\/image_80.png?t=xoxe-3115238875221-9710624591398-9697214945543-aa82359f925d11baadb4ddc07b089467",
                "thumb_360": "https:\/\/files.slack.com\/files-tmb\/T033D70RR6H-F074CMZB6UF-9e60594a27\/image_360.png?t=xoxe-3115238875221-9710624591398-9697214945543-aa82359f925d11baadb4ddc07b089467",
                "thumb_360_w": 360,
                "thumb_360_h": 147,
                "thumb_480": "https:\/\/files.slack.com\/files-tmb\/T033D70RR6H-F074CMZB6UF-9e60594a27\/image_480.png?t=xoxe-3115238875221-9710624591398-9697214945543-aa82359f925d11baadb4ddc07b089467",
                "thumb_480_w": 480,
                "thumb_480_h": 196,
                "thumb_160": "https:\/\/files.slack.com\/files-tmb\/T033D70RR6H-F074CMZB6UF-9e60594a27\/image_160.png?t=xoxe-3115238875221-9710624591398-9697214945543-aa82359f925d11baadb4ddc07b089467",
                "thumb_720": "https:\/\/files.slack.com\/files-tmb\/T033D70RR6H-F074CMZB6UF-9e60594a27\/image_720.png?t=xoxe-3115238875221-9710624591398-9697214945543-aa82359f925d11baadb4ddc07b089467",
                "thumb_720_w": 720,
                "thumb_720_h": 293,
                "thumb_800": "https:\/\/files.slack.com\/files-tmb\/T033D70RR6H-F074CMZB6UF-9e60594a27\/image_800.png?t=xoxe-3115238875221-9710624591398-9697214945543-aa82359f925d11baadb4ddc07b089467",
                "thumb_800_w": 800,
                "thumb_800_h": 326,
                "thumb_960": "https:\/\/files.slack.com\/files-tmb\/T033D70RR6H-F074CMZB6UF-9e60594a27\/image_960.png?t=xoxe-3115238875221-9710624591398-9697214945543-aa82359f925d11baadb4ddc07b089467",
                "thumb_960_w": 960,
                "thumb_960_h": 391,
                "thumb_1024": "https:\/\/files.slack.com\/files-tmb\/T033D70RR6H-F074CMZB6UF-9e60594a27\/image_1024.png?t=xoxe-3115238875221-9710624591398-9697214945543-aa82359f925d11baadb4ddc07b089467",
                "thumb_1024_w": 1024,
                "thumb_1024_h": 417,
                "original_w": 1085,
                "original_h": 442,
                "thumb_tiny": "AwATADDSopKKAFpM+1B5HFJhvUUgF\/Cj8KTDeopQDQIXFLiiimMMUYoooAMUUUUAf\/\/Z",
                "permalink": "https:\/\/grp-ssm9297.slack.com\/files\/U0331FWGQRM\/F074CMZB6UF\/image.png",
                "permalink_public": "https:\/\/slack-files.com\/T033D70RR6H-F074CMZB6UF-61b0de506e",
                "is_starred": false,
                "skipped_shares": true,
                "has_rich_preview": false,
                "file_access": "visible"
            }
        ],
        "upload": false,
        "user": "U0606SPN4BW",
        "display_as_bot": false,
        "blocks": [
            {
                "type": "rich_text",
                "block_id": "EJXZo",
                "elements": [
                    {
                        "type": "rich_text_section",
                        "elements": [
                            {
                                "type": "usergroup",
                                "usergroup_id": "S073HEMKWV7"
                            },
                            {
                                "type": "text",
                                "text": "\nDavon様、明日金曜もしくは週明けにお支払い予定とのことです。 ＾＾；\nこちらにアップデートがあった場合はすぐにお知らせします！"
                            }
                        ]
                    }
                ]
            }
        ],
        "type": "message",
        "ts": "1716464886.295199",
        "client_msg_id": "d497ec1a-b224-4bdf-a8a1-9a8e5d09820f",
        "thread_ts": "1716063857.103699",
        "parent_user_id": "U0606SPN4BW",
        "reactions": [
            {
                "name": "承知_致しました",
                "users": [
                    "U041RJKV5JA",
                    "U05KGS6HN9H"
                ],
                "count": 2
            }
        ]
    },
    {
        "user": "U05KGS6HN9H",
        "type": "message",
        "ts": "1716513150.420729",
        "edited": {
            "user": "U05KGS6HN9H",
            "ts": "1716538899.000000"
        },
        "client_msg_id": "4a253271-8db7-48fb-a39a-61439086f681",
        "text": "<@U0606SPN4BW>\n<!subteam^S073HEMKWV7|@hirakawa-adachi-yamamoto-fuse>\n一応本日DHLの集荷依頼はかけておりますが、日本時間で\nギリギリ12：00まで待っても入金がなければ、一旦集荷キャンセルし\n来週入金確認後に発送するようにいたします。\n\n追記→本日5\/24入金が確認できませんでしたので\n出荷キャンセルしました。",
        "team": "T033D70RR6H",
        "user_team": "T033D70RR6H",
        "source_team": "T033D70RR6H",
        "user_profile": {
            "avatar_hash": "gc4e7258333f",
            "image_72": "https:\/\/secure.gravatar.com\/avatar\/c4e7258333f2958f831d063db85b4542.jpg?s=72&d=https%3A%2F%2Fa.slack-edge.com%2Fdf10d%2Fimg%2Favatars%2Fava_0005-72.png",
            "first_name": "Adachi",
            "real_name": "Adachi",
            "display_name": "足立",
            "team": "T033D70RR6H",
            "name": "tousuien05",
            "is_restricted": false,
            "is_ultra_restricted": false
        },
        "thread_ts": "1716063857.103699",
        "parent_user_id": "U0606SPN4BW",
        "blocks": [
            {
                "type": "rich_text",
                "block_id": "ny7Ag",
                "elements": [
                    {
                        "type": "rich_text_section",
                        "elements": [
                            {
                                "type": "user",
                                "user_id": "U0606SPN4BW"
                            },
                            {
                                "type": "text",
                                "text": "\n"
                            },
                            {
                                "type": "usergroup",
                                "usergroup_id": "S073HEMKWV7"
                            },
                            {
                                "type": "text",
                                "text": "\n一応本日DHLの集荷依頼はかけておりますが、日本時間で\nギリギリ12：00まで待っても入金がなければ、一旦集荷キャンセルし\n来週入金確認後に発送するようにいたします。\n\n追記→本日5\/24入金が確認できませんでしたので\n出荷キャンセルしました。"
                            }
                        ]
                    }
                ]
            }
        ],
        "reactions": [
            {
                "name": "承知_致しました",
                "users": [
                    "U0606SPN4BW"
                ],
                "count": 1
            },
            {
                "name": "d130b000eb8d6784",
                "users": [
                    "U0606SPN4BW"
                ],
                "count": 1
            }
        ]
    },
    {
        "user": "U05KGS6HN9H",
        "type": "message",
        "ts": "1716529445.285459",
        "client_msg_id": "f6a827e7-a351-4b28-82da-a4152d54bbf8",
        "text": "<@U066P20UQH1>\n<!subteam^S073HEMKWV7|@hirakawa-adachi-yamamoto-fuse>\n本日5\/24のDHLで出荷しました。\nAWB No 9154193930\n宜しくお願い致します。",
        "team": "T033D70RR6H",
        "user_team": "T033D70RR6H",
        "source_team": "T033D70RR6H",
        "user_profile": {
            "avatar_hash": "gc4e7258333f",
            "image_72": "https:\/\/secure.gravatar.com\/avatar\/c4e7258333f2958f831d063db85b4542.jpg?s=72&d=https%3A%2F%2Fa.slack-edge.com%2Fdf10d%2Fimg%2Favatars%2Fava_0005-72.png",
            "first_name": "Adachi",
            "real_name": "Adachi",
            "display_name": "足立",
            "team": "T033D70RR6H",
            "name": "tousuien05",
            "is_restricted": false,
            "is_ultra_restricted": false
        },
        "thread_ts": "1716341675.096729",
        "parent_user_id": "U066P20UQH1",
        "blocks": [
            {
                "type": "rich_text",
                "block_id": "3IMXe",
                "elements": [
                    {
                        "type": "rich_text_section",
                        "elements": [
                            {
                                "type": "user",
                                "user_id": "U066P20UQH1"
                            },
                            {
                                "type": "text",
                                "text": "\n"
                            },
                            {
                                "type": "usergroup",
                                "usergroup_id": "S073HEMKWV7"
                            },
                            {
                                "type": "text",
                                "text": "\n本日5\/24のDHLで出荷しました。\nAWB No 9154193930\n宜しくお願い致します。"
                            }
                        ]
                    }
                ]
            }
        ],
        "reactions": [
            {
                "name": "承知-1",
                "users": [
                    "U066P20UQH1"
                ],
                "count": 1
            }
        ]
    }
]