[
    {
        "user": "U066P20UQH1",
        "type": "message",
        "ts": "1719825254.905589",
        "edited": {
            "user": "U066P20UQH1",
            "ts": "1719826113.000000"
        },
        "client_msg_id": "d26bb75d-2ae9-4672-9aa6-fc9467872d1b",
        "text": "<!subteam^S073HEMKWV7|@hirakawa-adachi-yamamoto-fuse> <!subteam^S072Q871SF9|@oka-matsui-furukawa-hayashi-kimura-hasegawa-kawatani>\nタイ:flag-th:Thanakrit様からサンプル注文をいただきました。\n*TSE-TTH-SPL-002-24*",
        "team": "T033D70RR6H",
        "user_team": "T033D70RR6H",
        "source_team": "T033D70RR6H",
        "user_profile": {
            "avatar_hash": "179323cb3551",
            "image_72": "https:\/\/avatars.slack-edge.com\/2024-04-12\/6955353714228_179323cb3551f7c8ecfe_72.png",
            "first_name": "Haruka",
            "real_name": "Haruka Hayashi",
            "display_name": "林遥香",
            "team": "T033D70RR6H",
            "name": "haru.nboc",
            "is_restricted": false,
            "is_ultra_restricted": false
        },
        "thread_ts": "1719825254.905589",
        "reply_count": 13,
        "reply_users_count": 3,
        "latest_reply": "1720846053.969289",
        "reply_users": [
            "U066P20UQH1",
            "U05KGS6HN9H",
            "U0331FZTHEK"
        ],
        "replies": [
            {
                "user": "U066P20UQH1",
                "ts": "1719826185.256949"
            },
            {
                "user": "U066P20UQH1",
                "ts": "1719826227.999169"
            },
            {
                "user": "U05KGS6HN9H",
                "ts": "1719906980.300359"
            },
            {
                "user": "U05KGS6HN9H",
                "ts": "1719987824.656789"
            },
            {
                "user": "U05KGS6HN9H",
                "ts": "1719994363.546279"
            },
            {
                "user": "U066P20UQH1",
                "ts": "1719994511.961639"
            },
            {
                "user": "U05KGS6HN9H",
                "ts": "1720511324.383219"
            },
            {
                "user": "U066P20UQH1",
                "ts": "1720511861.140539"
            },
            {
                "user": "U066P20UQH1",
                "ts": "1720574485.814709"
            },
            {
                "user": "U066P20UQH1",
                "ts": "1720762797.062289"
            },
            {
                "user": "U0331FZTHEK",
                "ts": "1720763215.006539"
            },
            {
                "user": "U05KGS6HN9H",
                "ts": "1720764035.445279"
            },
            {
                "user": "U05KGS6HN9H",
                "ts": "1720846053.969289"
            }
        ],
        "is_locked": false,
        "subscribed": true,
        "last_read": "1720846053.969289",
        "blocks": [
            {
                "type": "rich_text",
                "block_id": "QV0oe",
                "elements": [
                    {
                        "type": "rich_text_section",
                        "elements": [
                            {
                                "type": "usergroup",
                                "usergroup_id": "S073HEMKWV7"
                            },
                            {
                                "type": "text",
                                "text": " "
                            },
                            {
                                "type": "usergroup",
                                "usergroup_id": "S072Q871SF9"
                            },
                            {
                                "type": "text",
                                "text": "\nタイ"
                            },
                            {
                                "type": "emoji",
                                "name": "flag-th",
                                "unicode": "1f1f9-1f1ed"
                            },
                            {
                                "type": "text",
                                "text": "Thanakrit様からサンプル注文をいただきました。\n"
                            },
                            {
                                "type": "text",
                                "text": "TSE-TTH-SPL-002-24",
                                "style": {
                                    "bold": true
                                }
                            }
                        ]
                    }
                ]
            }
        ],
        "reactions": [
            {
                "name": "承知_致しました",
                "users": [
                    "U033G4KN4TD",
                    "U05KGS6HN9H",
                    "U041RJKV5JA"
                ],
                "count": 3
            }
        ]
    },
    {
        "user": "U066P20UQH1",
        "type": "message",
        "ts": "1719826185.256949",
        "client_msg_id": "61c46858-6359-49a7-b0c0-9586fd933106",
        "text": "注文内容\ninvoice, packing listのご確認をお願いします！",
        "team": "T033D70RR6H",
        "user_team": "T033D70RR6H",
        "source_team": "T033D70RR6H",
        "user_profile": {
            "avatar_hash": "179323cb3551",
            "image_72": "https:\/\/avatars.slack-edge.com\/2024-04-12\/6955353714228_179323cb3551f7c8ecfe_72.png",
            "first_name": "Haruka",
            "real_name": "Haruka Hayashi",
            "display_name": "林遥香",
            "team": "T033D70RR6H",
            "name": "haru.nboc",
            "is_restricted": false,
            "is_ultra_restricted": false
        },
        "thread_ts": "1719825254.905589",
        "parent_user_id": "U066P20UQH1",
        "blocks": [
            {
                "type": "rich_text",
                "block_id": "g1s7F",
                "elements": [
                    {
                        "type": "rich_text_section",
                        "elements": [
                            {
                                "type": "text",
                                "text": "注文内容\ninvoice, packing listのご確認をお願いします！"
                            }
                        ]
                    }
                ]
            }
        ]
    },
    {
        "user": "U066P20UQH1",
        "type": "message",
        "ts": "1719826227.999169",
        "client_msg_id": "33d25803-c61e-4546-8f1a-3d6b0152c374",
        "text": "<@U0331FZTHEK>\nPayPalにて請求中です。\n<!subteam^S073HEMKWV7|@hirakawa-adachi-yamamoto-fuse>\n入金待ちですが出荷の準備を進めていただきますようお願いします！",
        "team": "T033D70RR6H",
        "user_team": "T033D70RR6H",
        "source_team": "T033D70RR6H",
        "user_profile": {
            "avatar_hash": "179323cb3551",
            "image_72": "https:\/\/avatars.slack-edge.com\/2024-04-12\/6955353714228_179323cb3551f7c8ecfe_72.png",
            "first_name": "Haruka",
            "real_name": "Haruka Hayashi",
            "display_name": "林遥香",
            "team": "T033D70RR6H",
            "name": "haru.nboc",
            "is_restricted": false,
            "is_ultra_restricted": false
        },
        "thread_ts": "1719825254.905589",
        "parent_user_id": "U066P20UQH1",
        "blocks": [
            {
                "type": "rich_text",
                "block_id": "Xb3vB",
                "elements": [
                    {
                        "type": "rich_text_section",
                        "elements": [
                            {
                                "type": "user",
                                "user_id": "U0331FZTHEK"
                            },
                            {
                                "type": "text",
                                "text": "\nPayPalにて請求中です。\n"
                            },
                            {
                                "type": "usergroup",
                                "usergroup_id": "S073HEMKWV7"
                            },
                            {
                                "type": "text",
                                "text": "\n入金待ちですが出荷の準備を進めていただきますようお願いします！"
                            }
                        ]
                    }
                ]
            }
        ],
        "reactions": [
            {
                "name": "7e6ac2088523a821",
                "users": [
                    "U0331FZTHEK"
                ],
                "count": 1
            }
        ]
    },
    {
        "user": "U066P20UQH1",
        "type": "message",
        "ts": "1719901659.893329",
        "edited": {
            "user": "U066P20UQH1",
            "ts": "1719901922.000000"
        },
        "client_msg_id": "7fd4e41a-1a91-4769-975c-34fbb37cb484",
        "text": "<!subteam^S073HEMKWV7|@hirakawa-adachi-yamamoto-fuse> <!subteam^S072Q871SF9|@oka-matsui-furukawa-hayashi-kimura-hasegawa-kawatani>\nオーストラリア:flag-au:Jacob Laurant様からサンプル注文をいただきました。",
        "team": "T033D70RR6H",
        "user_team": "T033D70RR6H",
        "source_team": "T033D70RR6H",
        "user_profile": {
            "avatar_hash": "179323cb3551",
            "image_72": "https:\/\/avatars.slack-edge.com\/2024-04-12\/6955353714228_179323cb3551f7c8ecfe_72.png",
            "first_name": "Haruka",
            "real_name": "Haruka Hayashi",
            "display_name": "林遥香",
            "team": "T033D70RR6H",
            "name": "haru.nboc",
            "is_restricted": false,
            "is_ultra_restricted": false
        },
        "thread_ts": "1719901659.893329",
        "reply_count": 10,
        "reply_users_count": 3,
        "latest_reply": "1720070361.610779",
        "reply_users": [
            "U066P20UQH1",
            "U0331FZTHEK",
            "U05KGS6HN9H"
        ],
        "replies": [
            {
                "user": "U066P20UQH1",
                "ts": "1719901761.782079"
            },
            {
                "user": "U066P20UQH1",
                "ts": "1719901783.558829"
            },
            {
                "user": "U0331FZTHEK",
                "ts": "1719903410.038159"
            },
            {
                "user": "U05KGS6HN9H",
                "ts": "1719988391.029779"
            },
            {
                "user": "U066P20UQH1",
                "ts": "1719988748.990929"
            },
            {
                "user": "U05KGS6HN9H",
                "ts": "1719989019.557669"
            },
            {
                "user": "U066P20UQH1",
                "ts": "1719989216.221909"
            },
            {
                "user": "U05KGS6HN9H",
                "ts": "1719989340.009419"
            },
            {
                "user": "U066P20UQH1",
                "ts": "1719989364.600869"
            },
            {
                "user": "U05KGS6HN9H",
                "ts": "1720070361.610779"
            }
        ],
        "is_locked": false,
        "subscribed": true,
        "last_read": "1720070361.610779",
        "blocks": [
            {
                "type": "rich_text",
                "block_id": "4sQKU",
                "elements": [
                    {
                        "type": "rich_text_section",
                        "elements": [
                            {
                                "type": "usergroup",
                                "usergroup_id": "S073HEMKWV7"
                            },
                            {
                                "type": "text",
                                "text": " "
                            },
                            {
                                "type": "usergroup",
                                "usergroup_id": "S072Q871SF9"
                            },
                            {
                                "type": "text",
                                "text": "\nオーストラリア"
                            },
                            {
                                "type": "emoji",
                                "name": "flag-au",
                                "unicode": "1f1e6-1f1fa"
                            },
                            {
                                "type": "text",
                                "text": "Jacob Laurant様からサンプル注文をいただきました。"
                            }
                        ]
                    }
                ]
            }
        ],
        "reactions": [
            {
                "name": "承知_致しました",
                "users": [
                    "U033G4KN4TD",
                    "U05KGS6HN9H",
                    "U041RJKV5JA"
                ],
                "count": 3
            }
        ]
    },
    {
        "user": "U066P20UQH1",
        "type": "message",
        "ts": "1719901761.782079",
        "edited": {
            "user": "U066P20UQH1",
            "ts": "1719902834.000000"
        },
        "client_msg_id": "4c9afb44-2c1b-44bf-be97-d0236df51cfd",
        "text": "注文内容\n```各20g、計9点\nOrganic matcha middle grade -1\nOrganic matcha middle grade -2\nOrganic matcha regular grade -1\nOrganic matcha regular grade -2\nOrganic matcha lower grade -1\nOrganic matcha lower grade -2\nOrganic lemongrass matcha\nOrganic ginger matcha\nOrganic Mint natcha```\n*追記*\n*organic 10種のリーフレットも同梱してください*:pray:\n\n顧客情報\n```Company name (brand name): Morning Matcha\nYour name : Jacob Laurent\nShipping address : 6\/6 Hinkler Parade, Maroochydore, Queensland, 4558, Australia\nBilling address (if different from the above) :\nPostal code (Zip code) : 4558\nPhone number : +61488225328\nEmail address : jacoblaurent7@gmail.com\nEORI number : n\/a```",
        "team": "T033D70RR6H",
        "user_team": "T033D70RR6H",
        "source_team": "T033D70RR6H",
        "user_profile": {
            "avatar_hash": "179323cb3551",
            "image_72": "https:\/\/avatars.slack-edge.com\/2024-04-12\/6955353714228_179323cb3551f7c8ecfe_72.png",
            "first_name": "Haruka",
            "real_name": "Haruka Hayashi",
            "display_name": "林遥香",
            "team": "T033D70RR6H",
            "name": "haru.nboc",
            "is_restricted": false,
            "is_ultra_restricted": false
        },
        "thread_ts": "1719901659.893329",
        "parent_user_id": "U066P20UQH1",
        "blocks": [
            {
                "type": "rich_text",
                "block_id": "LPqeB",
                "elements": [
                    {
                        "type": "rich_text_section",
                        "elements": [
                            {
                                "type": "text",
                                "text": "注文内容\n"
                            }
                        ]
                    },
                    {
                        "type": "rich_text_preformatted",
                        "elements": [
                            {
                                "type": "text",
                                "text": "各20g、計9点\nOrganic matcha middle grade -1\nOrganic matcha middle grade -2\nOrganic matcha regular grade -1\nOrganic matcha regular grade -2\nOrganic matcha lower grade -1\nOrganic matcha lower grade -2\nOrganic lemongrass matcha\nOrganic ginger matcha\nOrganic Mint natcha"
                            }
                        ],
                        "border": 0
                    },
                    {
                        "type": "rich_text_section",
                        "elements": [
                            {
                                "type": "text",
                                "text": "追記",
                                "style": {
                                    "bold": true
                                }
                            },
                            {
                                "type": "text",
                                "text": "\n"
                            },
                            {
                                "type": "text",
                                "text": "organic 10種のリーフレットも同梱してください",
                                "style": {
                                    "bold": true
                                }
                            },
                            {
                                "type": "emoji",
                                "name": "pray",
                                "unicode": "1f64f",
                                "style": {
                                    "bold": true
                                }
                            },
                            {
                                "type": "text",
                                "text": "\n\n顧客情報\n"
                            }
                        ]
                    },
                    {
                        "type": "rich_text_preformatted",
                        "elements": [
                            {
                                "type": "text",
                                "text": "Company name (brand name): Morning Matcha\nYour name : Jacob Laurent\nShipping address : 6\/6 Hinkler Parade, Maroochydore, Queensland, 4558, Australia\nBilling address (if different from the above) :\nPostal code (Zip code) : 4558\nPhone number : +61488225328\nEmail address : jacoblaurent7@gmail.com\nEORI number : n\/a"
                            }
                        ],
                        "border": 0
                    }
                ]
            }
        ]
    },
    {
        "user": "U066P20UQH1",
        "type": "message",
        "ts": "1719901783.558829",
        "edited": {
            "user": "U066P20UQH1",
            "ts": "1719902315.000000"
        },
        "client_msg_id": "62c5fd54-459c-47fa-8267-a413dfa1acb7",
        "text": "<@U0331FZTHEK>\n~入金待ちの状態です！~\n入金ありましたので回収をお願いします！",
        "team": "T033D70RR6H",
        "user_team": "T033D70RR6H",
        "source_team": "T033D70RR6H",
        "user_profile": {
            "avatar_hash": "179323cb3551",
            "image_72": "https:\/\/avatars.slack-edge.com\/2024-04-12\/6955353714228_179323cb3551f7c8ecfe_72.png",
            "first_name": "Haruka",
            "real_name": "Haruka Hayashi",
            "display_name": "林遥香",
            "team": "T033D70RR6H",
            "name": "haru.nboc",
            "is_restricted": false,
            "is_ultra_restricted": false
        },
        "thread_ts": "1719901659.893329",
        "parent_user_id": "U066P20UQH1",
        "blocks": [
            {
                "type": "rich_text",
                "block_id": "\/oKpM",
                "elements": [
                    {
                        "type": "rich_text_section",
                        "elements": [
                            {
                                "type": "user",
                                "user_id": "U0331FZTHEK"
                            },
                            {
                                "type": "text",
                                "text": "\n"
                            },
                            {
                                "type": "text",
                                "text": "入金待ちの状態です！",
                                "style": {
                                    "strike": true
                                }
                            },
                            {
                                "type": "text",
                                "text": "\n入金ありましたので回収をお願いします！"
                            }
                        ]
                    }
                ]
            }
        ],
        "reactions": [
            {
                "name": "d130b000eb8d6784",
                "users": [
                    "U0331FZTHEK"
                ],
                "count": 1
            },
            {
                "name": "7e6ac2088523a821",
                "users": [
                    "U0331FZTHEK"
                ],
                "count": 1
            }
        ]
    },
    {
        "user": "U0331FZTHEK",
        "type": "message",
        "ts": "1719903410.038159",
        "client_msg_id": "be0e222d-7a5e-4157-ade0-7ae0353d8a1f",
        "text": "<@U066P20UQH1>\n <!subteam^S073HEMKWV7|@hirakawa-adachi-yamamoto-fuse>\nご入金を確認致しました。\n・7\/2 [PayPal]\n・40 USD\n回収（入金）処理致します。\nよろしくお願いします。",
        "team": "T033D70RR6H",
        "user_team": "T033D70RR6H",
        "source_team": "T033D70RR6H",
        "user_profile": {
            "avatar_hash": "21cdbd6a05f9",
            "image_72": "https:\/\/avatars.slack-edge.com\/2022-02-16\/3115258488741_21cdbd6a05f9a69110f7_72.png",
            "first_name": "Mitsunobu",
            "real_name": "Mitsunobu Katayose",
            "display_name": "片寄",
            "team": "T033D70RR6H",
            "name": "tousuien03",
            "is_restricted": false,
            "is_ultra_restricted": false
        },
        "thread_ts": "1719901659.893329",
        "parent_user_id": "U066P20UQH1",
        "blocks": [
            {
                "type": "rich_text",
                "block_id": "Yhtv3",
                "elements": [
                    {
                        "type": "rich_text_section",
                        "elements": [
                            {
                                "type": "user",
                                "user_id": "U066P20UQH1"
                            },
                            {
                                "type": "text",
                                "text": "\n "
                            },
                            {
                                "type": "usergroup",
                                "usergroup_id": "S073HEMKWV7"
                            },
                            {
                                "type": "text",
                                "text": "\nご入金を確認致しました。\n・7\/2 [PayPal]\n・40 USD\n回収（入金）処理致します。\nよろしくお願いします。"
                            }
                        ]
                    }
                ]
            }
        ],
        "reactions": [
            {
                "name": "pray",
                "users": [
                    "U066P20UQH1"
                ],
                "count": 1
            },
            {
                "name": "入金完了",
                "users": [
                    "U0331FZTHEK"
                ],
                "count": 1
            }
        ]
    }
]