[
    {
        "user": "U05KGS6HN9H",
        "type": "message",
        "ts": "1725332848.153439",
        "edited": {
            "user": "U05KGS6HN9H",
            "ts": "1725332868.000000"
        },
        "client_msg_id": "46d7b68e-3e83-492d-9611-429dd476c412",
        "text": "<@U066P20UQH1>\nペガサスの尾泉さんからメール頂いておりますが、\nサンプルが通関保留状態とのことです。\nご確認のほどお願い致します。\n《以下メールより転記》\n-----------------------\n現地で通関手続きを進めるために、\n荷受人様から輸入ライセンス（Saudi Food and Drugs Approval）を\nご提出頂く必要がございますが、まだご提出に至っていないため、通関\n保留となっております。\n\nお早めにご対応を頂けますよう、発送人様から荷受人様に働きかけを\nお願いできますでしょうか。\n-----------------------",
        "team": "T033D70RR6H",
        "user_team": "T033D70RR6H",
        "source_team": "T033D70RR6H",
        "user_profile": {
            "avatar_hash": "gc4e7258333f",
            "image_72": "https:\/\/secure.gravatar.com\/avatar\/c4e7258333f2958f831d063db85b4542.jpg?s=72&d=https%3A%2F%2Fa.slack-edge.com%2Fdf10d%2Fimg%2Favatars%2Fava_0005-72.png",
            "first_name": "Adachi",
            "real_name": "Adachi",
            "display_name": "足立",
            "team": "T033D70RR6H",
            "name": "tousuien05",
            "is_restricted": false,
            "is_ultra_restricted": false
        },
        "thread_ts": "1724201645.624619",
        "parent_user_id": "U066P20UQH1",
        "blocks": [
            {
                "type": "rich_text",
                "block_id": "ybLzv",
                "elements": [
                    {
                        "type": "rich_text_section",
                        "elements": [
                            {
                                "type": "user",
                                "user_id": "U066P20UQH1"
                            },
                            {
                                "type": "text",
                                "text": "\nペガサスの尾泉さんからメール頂いておりますが、\nサンプルが通関保留状態とのことです。\nご確認のほどお願い致します。\n《以下メールより転記》\n-----------------------\n現地で通関手続きを進めるために、\n荷受人様から輸入ライセンス（Saudi Food and Drugs Approval）を\nご提出頂く必要がございますが、まだご提出に至っていないため、通関\n保留となっております。\n\nお早めにご対応を頂けますよう、発送人様から荷受人様に働きかけを\nお願いできますでしょうか。\n-----------------------"
                            }
                        ]
                    }
                ]
            }
        ],
        "reactions": [
            {
                "name": "連絡完了",
                "users": [
                    "U066P20UQH1"
                ],
                "count": 1
            },
            {
                "name": "あり",
                "users": [
                    "U066P20UQH1"
                ],
                "count": 1
            }
        ]
    }
]