[
    {
        "user": "U041RJKV5JA",
        "type": "message",
        "ts": "1715932934.417049",
        "client_msg_id": "8bb02453-705a-4535-a6da-022b692c1a7c",
        "text": "<@U066P20UQH1>\n <!subteam^S073HEMKWV7|@hirakawa-adachi-yamamoto-fuse> <!subteam^S072Q871SF9|@oka-matsui-furukawa-hayashi-kimura-hasegawa-kawatani>\n出荷可能日：5月21日（火）\nよろしくお願いいたします。",
        "team": "T033D70RR6H",
        "user_team": "T033D70RR6H",
        "source_team": "T033D70RR6H",
        "user_profile": {
            "avatar_hash": "aed9eafd9eee",
            "image_72": "https:\/\/avatars.slack-edge.com\/2022-09-11\/4078874890257_aed9eafd9eee277ba076_72.png",
            "first_name": "Hirakawa",
            "real_name": "Hirakawa",
            "display_name": "平川",
            "team": "T033D70RR6H",
            "name": "tousuien.s006",
            "is_restricted": false,
            "is_ultra_restricted": false
        },
        "thread_ts": "1715903353.451429",
        "parent_user_id": "U066P20UQH1",
        "blocks": [
            {
                "type": "rich_text",
                "block_id": "GmiJA",
                "elements": [
                    {
                        "type": "rich_text_section",
                        "elements": [
                            {
                                "type": "user",
                                "user_id": "U066P20UQH1"
                            },
                            {
                                "type": "text",
                                "text": "\n "
                            },
                            {
                                "type": "usergroup",
                                "usergroup_id": "S073HEMKWV7"
                            },
                            {
                                "type": "text",
                                "text": " "
                            },
                            {
                                "type": "usergroup",
                                "usergroup_id": "S072Q871SF9"
                            },
                            {
                                "type": "text",
                                "text": "\n出荷可能日：5月21日（火）\nよろしくお願いいたします。"
                            }
                        ]
                    }
                ]
            }
        ],
        "reactions": [
            {
                "name": "pray",
                "users": [
                    "U066P20UQH1"
                ],
                "count": 1
            },
            {
                "name": "承知-1",
                "users": [
                    "U066P20UQH1"
                ],
                "count": 1
            },
            {
                "name": "eyes",
                "users": [
                    "U0606SPN4BW"
                ],
                "count": 1
            }
        ]
    },
    {
        "user": "U05KGS6HN9H",
        "type": "message",
        "ts": "1715936986.428519",
        "edited": {
            "user": "U05KGS6HN9H",
            "ts": "1715939239.000000"
        },
        "client_msg_id": "9ca9479e-56aa-4e02-868c-4a134853cc69",
        "text": "<@U0606SPN4BW>\n<@U041RJKV5JA> <@U033G4KN4TD>\n出荷可能日　5\/21（火）\nフレーバー系の抹茶は、鹿児島Bの同等品のまるゑい・有機抹茶＃60で\n手配致します。\n《確認》Ship用INVOICEのOrganic Matcha Top grade-1が「30ｇ」に\nなっていますが、請求用INVとPackingListは「20ｇ」です。\n「20ｇ」でＯＫでしょうか？",
        "team": "T033D70RR6H",
        "user_team": "T033D70RR6H",
        "source_team": "T033D70RR6H",
        "user_profile": {
            "avatar_hash": "gc4e7258333f",
            "image_72": "https:\/\/secure.gravatar.com\/avatar\/c4e7258333f2958f831d063db85b4542.jpg?s=72&d=https%3A%2F%2Fa.slack-edge.com%2Fdf10d%2Fimg%2Favatars%2Fava_0005-72.png",
            "first_name": "Adachi",
            "real_name": "Adachi",
            "display_name": "足立",
            "team": "T033D70RR6H",
            "name": "tousuien05",
            "is_restricted": false,
            "is_ultra_restricted": false
        },
        "thread_ts": "1715794411.221069",
        "parent_user_id": "U0606SPN4BW",
        "blocks": [
            {
                "type": "rich_text",
                "block_id": "OKY7c",
                "elements": [
                    {
                        "type": "rich_text_section",
                        "elements": [
                            {
                                "type": "user",
                                "user_id": "U0606SPN4BW"
                            },
                            {
                                "type": "text",
                                "text": "\n"
                            },
                            {
                                "type": "user",
                                "user_id": "U041RJKV5JA"
                            },
                            {
                                "type": "text",
                                "text": " "
                            },
                            {
                                "type": "user",
                                "user_id": "U033G4KN4TD"
                            },
                            {
                                "type": "text",
                                "text": "\n出荷可能日　5\/21（火）\nフレーバー系の抹茶は、鹿児島Bの同等品のまるゑい・有機抹茶＃60で\n手配致します。\n《確認》Ship用INVOICEのOrganic Matcha Top grade-1が「30ｇ」に\nなっていますが、請求用INVとPackingListは「20ｇ」です。\n「20ｇ」でＯＫでしょうか？"
                            }
                        ]
                    }
                ]
            }
        ],
        "reactions": [
            {
                "name": "了解です",
                "users": [
                    "U0606SPN4BW"
                ],
                "count": 1
            }
        ]
    },
    {
        "user": "U066P20UQH1",
        "type": "message",
        "ts": "1715937151.808009",
        "edited": {
            "user": "U066P20UQH1",
            "ts": "1716075378.000000"
        },
        "client_msg_id": "93cb7933-0aef-4d46-b341-ce51305c5db7",
        "text": "<!subteam^S073HEMKWV7|@hirakawa-adachi-yamamoto-fuse> <!subteam^S072Q871SF9|@oka-matsui-furukawa-hayashi-kimura-hasegawa-kawatani>\nアメリカ：Don Elgie様からサンプルの注文をいただきました！\n<@U0331FZTHEK> さんから入金確認済みと言われております！\n出荷予定日わかり次第共有ください！\n▼サンプル内容　計6点 20gずつ\nOrganic Matcha Upper-1　鹿児島A\nOrganic Matcha Upper-2　鹿児島1A\nOrganic Matcha Middle-1　鹿児島B\nOrganic Matcha Middle-2　鹿児島C\nOrganic Matcha Regular-1　鹿児島D\nOrganic Matcha Regular-2　まるゑい有機抹茶3000\n\n※梱包・輸送会社指定ありません。\n*Organic Matcha 6種の冊子同梱してください！*\n\n▼顧客情報\nBrand: <http:\/\/IVL.com|IVL.com>\nName: Don Elgie:\nShip to: 2017 John J Ct Franklin TN 37067\nPhone: <tel:6154857136|615 485 7136>\nemail: <mailto:don@ivl.com|don@ivl.com>\nEIN: 82-1348792",
        "team": "T033D70RR6H",
        "user_team": "T033D70RR6H",
        "source_team": "T033D70RR6H",
        "user_profile": {
            "avatar_hash": "179323cb3551",
            "image_72": "https:\/\/avatars.slack-edge.com\/2024-04-12\/6955353714228_179323cb3551f7c8ecfe_72.png",
            "first_name": "Haruka",
            "real_name": "Haruka Hayashi",
            "display_name": "林遥香",
            "team": "T033D70RR6H",
            "name": "haru.nboc",
            "is_restricted": false,
            "is_ultra_restricted": false
        },
        "thread_ts": "1715937151.808009",
        "reply_count": 3,
        "reply_users_count": 2,
        "latest_reply": "1716353897.484989",
        "reply_users": [
            "U0331FZTHEK",
            "U05KGS6HN9H"
        ],
        "replies": [
            {
                "user": "U0331FZTHEK",
                "ts": "1715938243.111409"
            },
            {
                "user": "U05KGS6HN9H",
                "ts": "1716166242.645349"
            },
            {
                "user": "U05KGS6HN9H",
                "ts": "1716353897.484989"
            }
        ],
        "is_locked": false,
        "subscribed": true,
        "last_read": "1716353897.484989",
        "blocks": [
            {
                "type": "rich_text",
                "block_id": "H0ZNY",
                "elements": [
                    {
                        "type": "rich_text_section",
                        "elements": [
                            {
                                "type": "usergroup",
                                "usergroup_id": "S073HEMKWV7"
                            },
                            {
                                "type": "text",
                                "text": " "
                            },
                            {
                                "type": "usergroup",
                                "usergroup_id": "S072Q871SF9"
                            },
                            {
                                "type": "text",
                                "text": "\nアメリカ：Don Elgie様からサンプルの注文をいただきました！\n"
                            },
                            {
                                "type": "user",
                                "user_id": "U0331FZTHEK"
                            },
                            {
                                "type": "text",
                                "text": " さんから入金確認済みと言われております！\n出荷予定日わかり次第共有ください！\n▼サンプル内容　計6点 20gずつ\nOrganic Matcha Upper-1　鹿児島A\nOrganic Matcha Upper-2　鹿児島1A\nOrganic Matcha Middle-1　鹿児島B\nOrganic Matcha Middle-2　鹿児島C\nOrganic Matcha Regular-1　鹿児島D\nOrganic Matcha Regular-2　まるゑい有機抹茶3000\n\n※梱包・輸送会社指定ありません。\n"
                            },
                            {
                                "type": "text",
                                "text": "Organic Matcha 6種の冊子同梱してください！",
                                "style": {
                                    "bold": true,
                                    "italic": false,
                                    "strike": false
                                }
                            },
                            {
                                "type": "text",
                                "text": "\n\n▼顧客情報\nBrand: "
                            },
                            {
                                "type": "link",
                                "url": "http:\/\/IVL.com",
                                "text": "IVL.com"
                            },
                            {
                                "type": "text",
                                "text": "\nName: Don Elgie:\nShip to: 2017 John J Ct Franklin TN 37067\nPhone: "
                            },
                            {
                                "type": "link",
                                "url": "tel:6154857136",
                                "text": "615 485 7136"
                            },
                            {
                                "type": "text",
                                "text": "\nemail: "
                            },
                            {
                                "type": "link",
                                "url": "mailto:don@ivl.com",
                                "text": "don@ivl.com"
                            },
                            {
                                "type": "text",
                                "text": "\nEIN: 82-1348792"
                            }
                        ]
                    }
                ]
            }
        ],
        "reactions": [
            {
                "name": "承知_致しました",
                "users": [
                    "U05KGS6HN9H",
                    "U033G4KN4TD"
                ],
                "count": 2
            }
        ]
    },
    {
        "user": "U0331FZTHEK",
        "type": "message",
        "ts": "1715938243.111409",
        "client_msg_id": "f15038a0-545d-43cf-9199-3eff16c64590",
        "text": "<@U066P20UQH1>\n <!subteam^S073HEMKWV7|@hirakawa-adachi-yamamoto-fuse>\n本件、ご入金を確認致しました。\n・5\/17 [PayPal]\n・30 USD\n回収（入金）処理致します。\nよろしくお願いします。",
        "team": "T033D70RR6H",
        "user_team": "T033D70RR6H",
        "source_team": "T033D70RR6H",
        "user_profile": {
            "avatar_hash": "21cdbd6a05f9",
            "image_72": "https:\/\/avatars.slack-edge.com\/2022-02-16\/3115258488741_21cdbd6a05f9a69110f7_72.png",
            "first_name": "Mitsunobu",
            "real_name": "Mitsunobu Katayose",
            "display_name": "片寄",
            "team": "T033D70RR6H",
            "name": "tousuien03",
            "is_restricted": false,
            "is_ultra_restricted": false
        },
        "thread_ts": "1715937151.808009",
        "parent_user_id": "U066P20UQH1",
        "blocks": [
            {
                "type": "rich_text",
                "block_id": "8rH3N",
                "elements": [
                    {
                        "type": "rich_text_section",
                        "elements": [
                            {
                                "type": "user",
                                "user_id": "U066P20UQH1"
                            },
                            {
                                "type": "text",
                                "text": "\n "
                            },
                            {
                                "type": "usergroup",
                                "usergroup_id": "S073HEMKWV7"
                            },
                            {
                                "type": "text",
                                "text": "\n本件、ご入金を確認致しました。\n・5\/17 [PayPal]\n・30 USD\n回収（入金）処理致します。\nよろしくお願いします。"
                            }
                        ]
                    }
                ]
            }
        ]
    },
    {
        "user": "U0606SPN4BW",
        "type": "message",
        "ts": "1715943572.767129",
        "client_msg_id": "6e7ed6ae-5fa0-4ca0-aa62-a2a0eed12fef",
        "text": "<@U05KGS6HN9H>\n<@U041RJKV5JA> <@U033G4KN4TD>\n\n&gt; 《確認》Ship用INVOICEのOrganic Matcha Top grade-1が「30ｇ」になっていますが、請求用INVとPackingListは「20ｇ」です。\n&gt; 「20ｇ」でＯＫでしょうか？\nありがとうございます:sweat_drops:\n20g でOKです！ よろしくお願いします！",
        "team": "T033D70RR6H",
        "user_team": "T033D70RR6H",
        "source_team": "T033D70RR6H",
        "user_profile": {
            "avatar_hash": "823d8545f678",
            "image_72": "https:\/\/avatars.slack-edge.com\/2024-04-12\/6946592133062_823d8545f678615a3e0a_72.jpg",
            "first_name": "SATOSHI",
            "real_name": "SATOSHI FURUKAWA",
            "display_name": "古川　敏",
            "team": "T033D70RR6H",
            "name": "jpfreebirds",
            "is_restricted": false,
            "is_ultra_restricted": false
        },
        "thread_ts": "1715794411.221069",
        "parent_user_id": "U0606SPN4BW",
        "blocks": [
            {
                "type": "rich_text",
                "block_id": "wkhie",
                "elements": [
                    {
                        "type": "rich_text_section",
                        "elements": [
                            {
                                "type": "user",
                                "user_id": "U05KGS6HN9H"
                            },
                            {
                                "type": "text",
                                "text": "\n"
                            },
                            {
                                "type": "user",
                                "user_id": "U041RJKV5JA"
                            },
                            {
                                "type": "text",
                                "text": " "
                            },
                            {
                                "type": "user",
                                "user_id": "U033G4KN4TD"
                            },
                            {
                                "type": "text",
                                "text": "\n\n"
                            }
                        ]
                    },
                    {
                        "type": "rich_text_quote",
                        "elements": [
                            {
                                "type": "text",
                                "text": "《確認》Ship用INVOICEのOrganic Matcha Top grade-1が「30ｇ」になっていますが、請求用INVとPackingListは「20ｇ」です。\n「20ｇ」でＯＫでしょうか？"
                            }
                        ]
                    },
                    {
                        "type": "rich_text_section",
                        "elements": [
                            {
                                "type": "text",
                                "text": "\nありがとうございます"
                            },
                            {
                                "type": "emoji",
                                "name": "sweat_drops",
                                "unicode": "1f4a6"
                            },
                            {
                                "type": "text",
                                "text": "\n20g でOKです！ よろしくお願いします！"
                            }
                        ]
                    }
                ]
            }
        ],
        "reactions": [
            {
                "name": "man-bowing",
                "users": [
                    "U0606SPN4BW"
                ],
                "count": 1
            },
            {
                "name": "承知_致しました",
                "users": [
                    "U05KGS6HN9H"
                ],
                "count": 1
            }
        ]
    },
    {
        "user": "U0606SPN4BW",
        "type": "message",
        "ts": "1715959394.664409",
        "edited": {
            "user": "U0606SPN4BW",
            "ts": "1715959443.000000"
        },
        "client_msg_id": "0c4ee753-7a6b-4aa0-859a-e84afbb984bb",
        "text": "<!subteam^S073HEMKWV7|@hirakawa-adachi-yamamoto-fuse> <!subteam^S072Q871SF9|@oka-matsui-furukawa-hayashi-kimura-hasegawa-kawatani>\n< 急ぎではありません > オランダ事務所に以下のサンプルのご用意・発送をお願いできますでしょうか？\n\n*下記の数量はあくまでも目安の為、下回っても全く問題ございません！\n\n\n【お茶 各20g】\n20 x Organic Matcha Upper - 1  鹿児島製茶 (鹿児島 A)\n20 x Organic Matcha Upper - 2  鹿児島製茶 (鹿児島 1A)\n\n\n10 x Organic Lemongrass Matcha (しまね有機ファーム 有機レモングラス20%)\n10 x Organic Mint Matcha  (キタマ有機ペパーミントパウダー 5%)\n10 x Organic Ginger Matcha  (島根有機ファーム 有機しょうがパウダー 7%)\n\n10 x Non-Organic Cinnamon Matcha (キタマ 有機シナモンパウダー 15%)\n10 x Non-Organic Turmeric Matcha  (キタマ有機ウコンパウダー 20%)\n10 x Non-Organic Chocolate Matcha（キタマ チョコレートパウダー 5%）\n10 x Non-Organic Vanilla Matcha （キタマ バニラパウダー 5%）\n\n\n 5 x Organic Kagoshima Hojicha Leaf (ひかわ 国産有機ほうじ茶リーフ)\n 5 x Organic Kagoshima Hojicha Powder (ひかわ有機ほうじ茶パウダー 鹿児島 )\n 5 x Organic Genmaicha Leaf (鹿児島有機煎茶1B, 丸菱オーガニック玄米 49%)\n 5 x Organic Genmaicha Powder (丸菱 オーガニック玄米 49%)\n\n\n【その他】\n30 x 30g用 Pull-top tin シルバー\n 3 x 茶筅\n\n林さん作成、Thanks Card各種 (～各30枚程度)\n枚数は在庫との兼ね合いでお任せします！（*発注後でも問題ありません)\n\n\n--------------------------------------------------\nCompany: JP Free Birds\nName: Satoshi Furukawa\nAddress: Laan van 's-Gravenmade 40Y,\nDen Haag, the Netherlands\nPostal code: 2495AJ\nPhone: <tel:+31685641964|+31 685641964>\nEORI: NL379069647\n--------------------------------------------------",
        "team": "T033D70RR6H",
        "user_team": "T033D70RR6H",
        "source_team": "T033D70RR6H",
        "user_profile": {
            "avatar_hash": "823d8545f678",
            "image_72": "https:\/\/avatars.slack-edge.com\/2024-04-12\/6946592133062_823d8545f678615a3e0a_72.jpg",
            "first_name": "SATOSHI",
            "real_name": "SATOSHI FURUKAWA",
            "display_name": "古川　敏",
            "team": "T033D70RR6H",
            "name": "jpfreebirds",
            "is_restricted": false,
            "is_ultra_restricted": false
        },
        "thread_ts": "1715959394.664409",
        "reply_count": 6,
        "reply_users_count": 2,
        "latest_reply": "1717052277.475829",
        "reply_users": [
            "U05KGS6HN9H",
            "U0606SPN4BW"
        ],
        "replies": [
            {
                "user": "U05KGS6HN9H",
                "ts": "1716361165.281629"
            },
            {
                "user": "U0606SPN4BW",
                "ts": "1716458603.089139"
            },
            {
                "user": "U05KGS6HN9H",
                "ts": "1716968935.075199"
            },
            {
                "user": "U05KGS6HN9H",
                "ts": "1716970813.352429"
            },
            {
                "user": "U0606SPN4BW",
                "ts": "1716970877.943239"
            },
            {
                "user": "U05KGS6HN9H",
                "ts": "1717052277.475829"
            }
        ],
        "is_locked": false,
        "subscribed": true,
        "last_read": "1717052277.475829",
        "blocks": [
            {
                "type": "rich_text",
                "block_id": "4qWqv",
                "elements": [
                    {
                        "type": "rich_text_section",
                        "elements": [
                            {
                                "type": "usergroup",
                                "usergroup_id": "S073HEMKWV7"
                            },
                            {
                                "type": "text",
                                "text": " "
                            },
                            {
                                "type": "usergroup",
                                "usergroup_id": "S072Q871SF9"
                            },
                            {
                                "type": "text",
                                "text": "\n< 急ぎではありません > オランダ事務所に以下のサンプルのご用意・発送をお願いできますでしょうか？\n\n*下記の数量はあくまでも目安の為、下回っても全く問題ございません！\n\n\n【お茶 各20g】\n20 x Organic Matcha Upper - 1  鹿児島製茶 (鹿児島 A)\n20 x Organic Matcha Upper - 2  鹿児島製茶 (鹿児島 1A)\n\n\n10 x Organic Lemongrass Matcha (しまね有機ファーム 有機レモングラス20%)\n10 x Organic Mint Matcha  (キタマ有機ペパーミントパウダー 5%)\n10 x Organic Ginger Matcha  (島根有機ファーム 有機しょうがパウダー 7%)\n\n10 x Non-Organic Cinnamon Matcha (キタマ 有機シナモンパウダー 15%)\n10 x Non-Organic Turmeric Matcha  (キタマ有機ウコンパウダー 20%)\n10 x Non-Organic Chocolate Matcha（キタマ チョコレートパウダー 5%）\n10 x Non-Organic Vanilla Matcha （キタマ バニラパウダー 5%）\n\n\n 5 x Organic Kagoshima Hojicha Leaf (ひかわ 国産有機ほうじ茶リーフ)\n 5 x Organic Kagoshima Hojicha Powder (ひかわ有機ほうじ茶パウダー 鹿児島 )\n 5 x Organic Genmaicha Leaf (鹿児島有機煎茶1B, 丸菱オーガニック玄米 49%)\n 5 x Organic Genmaicha Powder (丸菱 オーガニック玄米 49%)\n\n\n【その他】\n30 x 30g用 Pull-top tin シルバー\n 3 x 茶筅\n\n林さん作成、Thanks Card各種 (～各30枚程度)\n枚数は在庫との兼ね合いでお任せします！（*発注後でも問題ありません)\n\n\n--------------------------------------------------\nCompany: JP Free Birds\nName: Satoshi Furukawa\nAddress: Laan van 's-Gravenmade 40Y,\nDen Haag, the Netherlands\nPostal code: 2495AJ\nPhone: "
                            },
                            {
                                "type": "link",
                                "url": "tel:+31685641964",
                                "text": "+31 685641964"
                            },
                            {
                                "type": "text",
                                "text": "\nEORI: NL379069647\n--------------------------------------------------"
                            }
                        ]
                    }
                ]
            }
        ],
        "reactions": [
            {
                "name": "eyes",
                "users": [
                    "U0331FZS7JT"
                ],
                "count": 1
            },
            {
                "name": "承知_致しました",
                "users": [
                    "U041RJKV5JA",
                    "U05KGS6HN9H",
                    "U033G4KN4TD"
                ],
                "count": 3
            }
        ]
    }
]