[
    {
        "user": "U05KGS6HN9H",
        "type": "message",
        "ts": "1729589387.821249",
        "client_msg_id": "96150e1d-f915-426e-baaa-46fb9d328e32",
        "text": "<@U0606SPN4BW>\n<!subteam^S073HEMKWV7|@hirakawa-adachi-yamamoto-fuse>\n本日10\/22のDHLで発送しました。\nAWB No 8228857195\n宜しくお願い致します。",
        "team": "T033D70RR6H",
        "user_team": "T033D70RR6H",
        "source_team": "T033D70RR6H",
        "user_profile": {
            "avatar_hash": "gc4e7258333f",
            "image_72": "https:\/\/secure.gravatar.com\/avatar\/c4e7258333f2958f831d063db85b4542.jpg?s=72&d=https%3A%2F%2Fa.slack-edge.com%2Fdf10d%2Fimg%2Favatars%2Fava_0005-72.png",
            "first_name": "Adachi",
            "real_name": "Adachi",
            "display_name": "足立",
            "team": "T033D70RR6H",
            "name": "tousuien05",
            "is_restricted": false,
            "is_ultra_restricted": false
        },
        "thread_ts": "1727801859.599649",
        "parent_user_id": "U0606SPN4BW",
        "blocks": [
            {
                "type": "rich_text",
                "block_id": "gjNno",
                "elements": [
                    {
                        "type": "rich_text_section",
                        "elements": [
                            {
                                "type": "user",
                                "user_id": "U0606SPN4BW"
                            },
                            {
                                "type": "text",
                                "text": "\n"
                            },
                            {
                                "type": "usergroup",
                                "usergroup_id": "S073HEMKWV7"
                            },
                            {
                                "type": "text",
                                "text": "\n本日10\/22のDHLで発送しました。\nAWB No 8228857195\n宜しくお願い致します。"
                            }
                        ]
                    }
                ]
            }
        ],
        "reactions": [
            {
                "name": "あり",
                "users": [
                    "U0606SPN4BW"
                ],
                "count": 1
            }
        ]
    },
    {
        "user": "U05KGS6HN9H",
        "type": "message",
        "ts": "1729596015.338429",
        "client_msg_id": "c308c7a6-9f00-492f-ae6f-e96e7336877d",
        "text": "<@U066P20UQH1>\n<!subteam^S073HEMKWV7|@hirakawa-adachi-yamamoto-fuse>\n出荷可能日10\/25にてお願い致します。",
        "team": "T033D70RR6H",
        "user_team": "T033D70RR6H",
        "source_team": "T033D70RR6H",
        "user_profile": {
            "avatar_hash": "gc4e7258333f",
            "image_72": "https:\/\/secure.gravatar.com\/avatar\/c4e7258333f2958f831d063db85b4542.jpg?s=72&d=https%3A%2F%2Fa.slack-edge.com%2Fdf10d%2Fimg%2Favatars%2Fava_0005-72.png",
            "first_name": "Adachi",
            "real_name": "Adachi",
            "display_name": "足立",
            "team": "T033D70RR6H",
            "name": "tousuien05",
            "is_restricted": false,
            "is_ultra_restricted": false
        },
        "thread_ts": "1729065855.734659",
        "parent_user_id": "U066P20UQH1",
        "blocks": [
            {
                "type": "rich_text",
                "block_id": "aij2F",
                "elements": [
                    {
                        "type": "rich_text_section",
                        "elements": [
                            {
                                "type": "user",
                                "user_id": "U066P20UQH1"
                            },
                            {
                                "type": "text",
                                "text": "\n"
                            },
                            {
                                "type": "usergroup",
                                "usergroup_id": "S073HEMKWV7"
                            },
                            {
                                "type": "text",
                                "text": "\n出荷可能日10\/25にてお願い致します。"
                            }
                        ]
                    }
                ]
            }
        ],
        "reactions": [
            {
                "name": "連絡完了",
                "users": [
                    "U0606SPN4BW"
                ],
                "count": 1
            }
        ]
    },
    {
        "user": "U05KGS6HN9H",
        "type": "message",
        "ts": "1729599652.444089",
        "client_msg_id": "4aec7d5a-61b5-49e2-b576-a3d1f5aa09d2",
        "text": "<@U066P20UQH1>\nPackingList編集しております。ケースNo.6Eで出荷想定です。",
        "team": "T033D70RR6H",
        "user_team": "T033D70RR6H",
        "source_team": "T033D70RR6H",
        "user_profile": {
            "avatar_hash": "gc4e7258333f",
            "image_72": "https:\/\/secure.gravatar.com\/avatar\/c4e7258333f2958f831d063db85b4542.jpg?s=72&d=https%3A%2F%2Fa.slack-edge.com%2Fdf10d%2Fimg%2Favatars%2Fava_0005-72.png",
            "first_name": "Adachi",
            "real_name": "Adachi",
            "display_name": "足立",
            "team": "T033D70RR6H",
            "name": "tousuien05",
            "is_restricted": false,
            "is_ultra_restricted": false
        },
        "thread_ts": "1729065855.734659",
        "parent_user_id": "U066P20UQH1",
        "blocks": [
            {
                "type": "rich_text",
                "block_id": "XFKgJ",
                "elements": [
                    {
                        "type": "rich_text_section",
                        "elements": [
                            {
                                "type": "user",
                                "user_id": "U066P20UQH1"
                            },
                            {
                                "type": "text",
                                "text": "\nPackingList編集しております。ケースNo.6Eで出荷想定です。"
                            }
                        ]
                    }
                ]
            }
        ],
        "reactions": [
            {
                "name": "承知-1",
                "users": [
                    "U066P20UQH1"
                ],
                "count": 1
            }
        ]
    },
    {
        "user": "U0606SPN4BW",
        "type": "message",
        "ts": "1729601400.877999",
        "client_msg_id": "9d0dbac2-109c-430f-b36c-5a349f3960a4",
        "text": "<!subteam^S073HEMKWV7|@hirakawa-adachi-yamamoto-fuse> cc <!subteam^S072Q871SF9|@oka-matsui-furukawa-hayashi-kimura-hasegawa-kawatani>\n:flag-ae:アラブ首長国連邦、GHR-Ghita RADJA様(アリババ国旗はモロッコ)からサンプル注文を頂きました。\n*TSE-GHR-SPL-001-24*",
        "team": "T033D70RR6H",
        "user_team": "T033D70RR6H",
        "source_team": "T033D70RR6H",
        "user_profile": {
            "avatar_hash": "823d8545f678",
            "image_72": "https:\/\/avatars.slack-edge.com\/2024-04-12\/6946592133062_823d8545f678615a3e0a_72.jpg",
            "first_name": "SATOSHI",
            "real_name": "SATOSHI FURUKAWA",
            "display_name": "古川　敏",
            "team": "T033D70RR6H",
            "name": "jpfreebirds",
            "is_restricted": false,
            "is_ultra_restricted": false
        },
        "thread_ts": "1729601400.877999",
        "reply_count": 4,
        "reply_users_count": 3,
        "latest_reply": "1730199554.105279",
        "reply_users": [
            "U0606SPN4BW",
            "U0331FZTHEK",
            "U05KGS6HN9H"
        ],
        "replies": [
            {
                "user": "U0606SPN4BW",
                "ts": "1729601470.305359"
            },
            {
                "user": "U0331FZTHEK",
                "ts": "1729638110.752079"
            },
            {
                "user": "U05KGS6HN9H",
                "ts": "1730087927.603439"
            },
            {
                "user": "U05KGS6HN9H",
                "ts": "1730199554.105279"
            }
        ],
        "is_locked": false,
        "subscribed": true,
        "last_read": "1730199554.105279",
        "blocks": [
            {
                "type": "rich_text",
                "block_id": "4cWPV",
                "elements": [
                    {
                        "type": "rich_text_section",
                        "elements": [
                            {
                                "type": "usergroup",
                                "usergroup_id": "S073HEMKWV7"
                            },
                            {
                                "type": "text",
                                "text": " cc "
                            },
                            {
                                "type": "usergroup",
                                "usergroup_id": "S072Q871SF9"
                            },
                            {
                                "type": "text",
                                "text": "\n"
                            },
                            {
                                "type": "emoji",
                                "name": "flag-ae",
                                "unicode": "1f1e6-1f1ea"
                            },
                            {
                                "type": "text",
                                "text": "アラブ首長国連邦、GHR-Ghita RADJA様(アリババ国旗はモロッコ)からサンプル注文を頂きました。\n"
                            },
                            {
                                "type": "text",
                                "text": "TSE-GHR-SPL-001-24",
                                "style": {
                                    "bold": true
                                }
                            }
                        ]
                    }
                ]
            }
        ],
        "reactions": [
            {
                "name": "承知_致しました",
                "users": [
                    "U05KGS6HN9H",
                    "U041RJKV5JA"
                ],
                "count": 2
            }
        ]
    },
    {
        "user": "U0606SPN4BW",
        "type": "message",
        "ts": "1729601470.305359",
        "client_msg_id": "9c2a3eba-1e49-41e5-a044-d5bc95beabd0",
        "text": "下記へ発送手続き、および発送日のお知らせをお願いします！\n\n\n<@U0331FZTHEK> 入金確認済 (PayPal), 回収処理をお願いします！\n\n\n▼サンプル内容 (計 8点)\n&lt;各20g&gt;\nOrganic Lemongrass Matcha - 1 鹿児島製茶 (鹿児島B, しまね有機ファーム 有機レモングラス)\nOrganic Ginger Matcha - 1 鹿児島製茶 (鹿児島B, 島根有機ファーム)\nOrganic Mint Matcha - 1 鹿児島製茶 (鹿児島B, キタマ有機ペパーミント)\nOrganic Matcha Upper - 1 鹿児島製茶 (鹿児島A)\nOrganic Matcha Upper - 2 鹿児島製茶 (鹿児島1A)\nOrganic Matcha Middle - 1 鹿児島製茶 (鹿児島B)\nOrganic Matcha Middle - 2 鹿児島製茶 (鹿児島C)\nOrganic Matcha Regular - 1 鹿児島製茶 (鹿児島D)\n\n\n袋指定なし、\nエージレス無し、\n品名ラベル貼り。\n価格表示：なし\n\n\n発送: DHL\n\n\n-----------------------\nBrand name: LyKenko\nName: Ghita RADJA\nAddress: Al Sayorah street - Sparkle towers 1-1601-Dubai Marina\nPostal code: なし\nPhone number: <tel:+971582403442|+971582403442>\ne-mail: <mailto:contact.lyk.co@gmail.com|contact.lyk.co@gmail.com>\t\n-----------------------",
        "team": "T033D70RR6H",
        "user_team": "T033D70RR6H",
        "source_team": "T033D70RR6H",
        "user_profile": {
            "avatar_hash": "823d8545f678",
            "image_72": "https:\/\/avatars.slack-edge.com\/2024-04-12\/6946592133062_823d8545f678615a3e0a_72.jpg",
            "first_name": "SATOSHI",
            "real_name": "SATOSHI FURUKAWA",
            "display_name": "古川　敏",
            "team": "T033D70RR6H",
            "name": "jpfreebirds",
            "is_restricted": false,
            "is_ultra_restricted": false
        },
        "thread_ts": "1729601400.877999",
        "parent_user_id": "U0606SPN4BW",
        "blocks": [
            {
                "type": "rich_text",
                "block_id": "Khw4s",
                "elements": [
                    {
                        "type": "rich_text_section",
                        "elements": [
                            {
                                "type": "text",
                                "text": "下記へ発送手続き、および発送日のお知らせをお願いします！\n\n\n"
                            },
                            {
                                "type": "user",
                                "user_id": "U0331FZTHEK"
                            },
                            {
                                "type": "text",
                                "text": " 入金確認済 (PayPal), 回収処理をお願いします！\n\n\n▼サンプル内容 (計 8点)\n<各20g>\nOrganic Lemongrass Matcha - 1 鹿児島製茶 (鹿児島B, しまね有機ファーム 有機レモングラス)\nOrganic Ginger Matcha - 1 鹿児島製茶 (鹿児島B, 島根有機ファーム)\nOrganic Mint Matcha - 1 鹿児島製茶 (鹿児島B, キタマ有機ペパーミント)\nOrganic Matcha Upper - 1 鹿児島製茶 (鹿児島A)\nOrganic Matcha Upper - 2 鹿児島製茶 (鹿児島1A)\nOrganic Matcha Middle - 1 鹿児島製茶 (鹿児島B)\nOrganic Matcha Middle - 2 鹿児島製茶 (鹿児島C)\nOrganic Matcha Regular - 1 鹿児島製茶 (鹿児島D)\n\n\n袋指定なし、\nエージレス無し、\n品名ラベル貼り。\n価格表示：なし\n\n\n発送: DHL\n\n\n-----------------------\nBrand name: LyKenko\nName: Ghita RADJA\nAddress: Al Sayorah street - Sparkle towers 1-1601-Dubai Marina\nPostal code: なし\nPhone number: "
                            },
                            {
                                "type": "link",
                                "url": "tel:+971582403442",
                                "text": "+971582403442"
                            },
                            {
                                "type": "text",
                                "text": "\ne-mail: "
                            },
                            {
                                "type": "link",
                                "url": "mailto:contact.lyk.co@gmail.com",
                                "text": "contact.lyk.co@gmail.com",
                                "unsafe": true
                            },
                            {
                                "type": "text",
                                "text": "\t\n-----------------------"
                            }
                        ]
                    }
                ]
            }
        ],
        "reactions": [
            {
                "name": "d130b000eb8d6784",
                "users": [
                    "U0331FZTHEK"
                ],
                "count": 1
            },
            {
                "name": "7e6ac2088523a821",
                "users": [
                    "U0331FZTHEK"
                ],
                "count": 1
            }
        ]
    },
    {
        "user": "U0606SPN4BW",
        "type": "message",
        "ts": "1729608398.108219",
        "client_msg_id": "00724a81-b5ff-4ca1-8acc-6a1b80ff465d",
        "text": "<!subteam^S073HEMKWV7|@hirakawa-adachi-yamamoto-fuse> cc <!subteam^S072Q871SF9|@oka-matsui-furukawa-hayashi-kimura-hasegawa-kawatani>\n:gb:イギリス、Andrius Alimas様からサンプル注文をいただききました。\n*TSE-APT-SPL-001-24*",
        "team": "T033D70RR6H",
        "user_team": "T033D70RR6H",
        "source_team": "T033D70RR6H",
        "user_profile": {
            "avatar_hash": "823d8545f678",
            "image_72": "https:\/\/avatars.slack-edge.com\/2024-04-12\/6946592133062_823d8545f678615a3e0a_72.jpg",
            "first_name": "SATOSHI",
            "real_name": "SATOSHI FURUKAWA",
            "display_name": "古川　敏",
            "team": "T033D70RR6H",
            "name": "jpfreebirds",
            "is_restricted": false,
            "is_ultra_restricted": false
        },
        "thread_ts": "1729608398.108219",
        "reply_count": 4,
        "reply_users_count": 3,
        "latest_reply": "1729839994.388359",
        "reply_users": [
            "U0606SPN4BW",
            "U0331FZTHEK",
            "U041RJKV5JA"
        ],
        "replies": [
            {
                "user": "U0606SPN4BW",
                "ts": "1729608594.797849"
            },
            {
                "user": "U0331FZTHEK",
                "ts": "1729638121.491719"
            },
            {
                "user": "U041RJKV5JA",
                "ts": "1729819581.007659"
            },
            {
                "user": "U041RJKV5JA",
                "ts": "1729839994.388359"
            }
        ],
        "is_locked": false,
        "subscribed": true,
        "last_read": "1729839994.388359",
        "blocks": [
            {
                "type": "rich_text",
                "block_id": "eeNbb",
                "elements": [
                    {
                        "type": "rich_text_section",
                        "elements": [
                            {
                                "type": "usergroup",
                                "usergroup_id": "S073HEMKWV7"
                            },
                            {
                                "type": "text",
                                "text": " cc "
                            },
                            {
                                "type": "usergroup",
                                "usergroup_id": "S072Q871SF9"
                            },
                            {
                                "type": "text",
                                "text": "\n"
                            },
                            {
                                "type": "emoji",
                                "name": "flag-gb",
                                "unicode": "1f1ec-1f1e7"
                            },
                            {
                                "type": "text",
                                "text": "イギリス、Andrius Alimas様からサンプル注文をいただききました。\n"
                            },
                            {
                                "type": "text",
                                "text": "TSE-APT-SPL-001-24",
                                "style": {
                                    "bold": true
                                }
                            }
                        ]
                    }
                ]
            }
        ],
        "reactions": [
            {
                "name": "承知_致しました",
                "users": [
                    "U05KGS6HN9H",
                    "U041RJKV5JA"
                ],
                "count": 2
            }
        ]
    },
    {
        "user": "U0606SPN4BW",
        "type": "message",
        "ts": "1729608594.797849",
        "client_msg_id": "d9b074ca-c5b9-49d2-86a3-65978ccf2176",
        "text": "下記へ発送手続き、および発送日のお知らせをお願いします！\n\n\n<@U0331FZTHEK> 入金確認済 (PayPal) 回収処理をお願いします！\n\n\n▼サンプル内容 (計 6点)\n&lt;各20g&gt;\nOrganic Matcha Upper - 1 鹿児島製茶 (鹿児島 A)\nOrganic Matcha Upper - 2 鹿児島製茶 (鹿児島 1A)\nOrganic Matcha Middle - 1 鹿児島製茶 (鹿児島 B)\nNon Organic Matcha Upper - 1 出雲製茶G\nNon Organic Matcha Upper - 2 出雲製茶R\nNon Organic Matcha Middle - 1 出雲製茶T\n\n\n袋指定なし、\nエージレス無し、\n品名ラベル貼り。\n価格表示：あり\n(1kg bulkを記載：Quotation_tousuien_20241022_organic_non-organic)\n\n\n発送: DHL\n\n\n---------------------------------------------\nCompany Name: Andrita Prime Traders Limited\nName: Andrius Alimas\nShipping Address: 14 Westfield View, Wakefield, West Yorkshire, WF1 3RU, UK\nBilling Address: 203 West Street, Fareham, Hampshire, England, PO16 0EN, UK\nPhone Number: <tel:+447443230080|+447443230080>\nEmail Address: <mailto:andritaprimetraders@gmail.com|andritaprimetraders@gmail.com>\nEORI Number: GB470470108000\n---------------------------------------------",
        "team": "T033D70RR6H",
        "user_team": "T033D70RR6H",
        "source_team": "T033D70RR6H",
        "user_profile": {
            "avatar_hash": "823d8545f678",
            "image_72": "https:\/\/avatars.slack-edge.com\/2024-04-12\/6946592133062_823d8545f678615a3e0a_72.jpg",
            "first_name": "SATOSHI",
            "real_name": "SATOSHI FURUKAWA",
            "display_name": "古川　敏",
            "team": "T033D70RR6H",
            "name": "jpfreebirds",
            "is_restricted": false,
            "is_ultra_restricted": false
        },
        "thread_ts": "1729608398.108219",
        "parent_user_id": "U0606SPN4BW",
        "blocks": [
            {
                "type": "rich_text",
                "block_id": "bjko7",
                "elements": [
                    {
                        "type": "rich_text_section",
                        "elements": [
                            {
                                "type": "text",
                                "text": "下記へ発送手続き、および発送日のお知らせをお願いします！\n\n\n"
                            },
                            {
                                "type": "user",
                                "user_id": "U0331FZTHEK"
                            },
                            {
                                "type": "text",
                                "text": " 入金確認済 (PayPal) 回収処理をお願いします！\n\n\n▼サンプル内容 (計 6点)\n<各20g>\nOrganic Matcha Upper - 1 鹿児島製茶 (鹿児島 A)\nOrganic Matcha Upper - 2 鹿児島製茶 (鹿児島 1A)\nOrganic Matcha Middle - 1 鹿児島製茶 (鹿児島 B)\nNon Organic Matcha Upper - 1 出雲製茶G\nNon Organic Matcha Upper - 2 出雲製茶R\nNon Organic Matcha Middle - 1 出雲製茶T\n\n\n袋指定なし、\nエージレス無し、\n品名ラベル貼り。\n価格表示：あり\n(1kg bulkを記載：Quotation_tousuien_20241022_organic_non-organic)\n\n\n発送: DHL\n\n\n---------------------------------------------\nCompany Name: Andrita Prime Traders Limited\nName: Andrius Alimas\nShipping Address: 14 Westfield View, Wakefield, West Yorkshire, WF1 3RU, UK\nBilling Address: 203 West Street, Fareham, Hampshire, England, PO16 0EN, UK\nPhone Number: "
                            },
                            {
                                "type": "link",
                                "url": "tel:+447443230080",
                                "text": "+447443230080"
                            },
                            {
                                "type": "text",
                                "text": "\nEmail Address: "
                            },
                            {
                                "type": "link",
                                "url": "mailto:andritaprimetraders@gmail.com",
                                "text": "andritaprimetraders@gmail.com"
                            },
                            {
                                "type": "text",
                                "text": "\nEORI Number: GB470470108000\n---------------------------------------------"
                            }
                        ]
                    }
                ]
            }
        ],
        "reactions": [
            {
                "name": "d130b000eb8d6784",
                "users": [
                    "U0331FZTHEK"
                ],
                "count": 1
            },
            {
                "name": "7e6ac2088523a821",
                "users": [
                    "U0331FZTHEK"
                ],
                "count": 1
            }
        ]
    },
    {
        "user": "U0331FZTHEK",
        "type": "message",
        "ts": "1729638110.752079",
        "client_msg_id": "c5bf3f0b-3499-4fce-ac2e-af6fc1365389",
        "text": "<@U0606SPN4BW>\n <!subteam^S073HEMKWV7|@hirakawa-adachi-yamamoto-fuse>\nご入金を確認致しました。\n・10\/22 [PayPal]\n・40 USD\n回収（入金）処理致します。\nよろしくお願いします。",
        "team": "T033D70RR6H",
        "user_team": "T033D70RR6H",
        "source_team": "T033D70RR6H",
        "user_profile": {
            "avatar_hash": "21cdbd6a05f9",
            "image_72": "https:\/\/avatars.slack-edge.com\/2022-02-16\/3115258488741_21cdbd6a05f9a69110f7_72.png",
            "first_name": "Mitsunobu",
            "real_name": "Mitsunobu Katayose",
            "display_name": "片寄",
            "team": "T033D70RR6H",
            "name": "tousuien03",
            "is_restricted": false,
            "is_ultra_restricted": false
        },
        "thread_ts": "1729601400.877999",
        "parent_user_id": "U0606SPN4BW",
        "blocks": [
            {
                "type": "rich_text",
                "block_id": "Iz5ag",
                "elements": [
                    {
                        "type": "rich_text_section",
                        "elements": [
                            {
                                "type": "user",
                                "user_id": "U0606SPN4BW"
                            },
                            {
                                "type": "text",
                                "text": "\n "
                            },
                            {
                                "type": "usergroup",
                                "usergroup_id": "S073HEMKWV7"
                            },
                            {
                                "type": "text",
                                "text": "\nご入金を確認致しました。\n・10\/22 [PayPal]\n・40 USD\n回収（入金）処理致します。\nよろしくお願いします。"
                            }
                        ]
                    }
                ]
            }
        ],
        "reactions": [
            {
                "name": "d130b000eb8d6784",
                "users": [
                    "U0606SPN4BW"
                ],
                "count": 1
            },
            {
                "name": "入金完了",
                "users": [
                    "U0331FZTHEK"
                ],
                "count": 1
            }
        ]
    },
    {
        "user": "U0331FZTHEK",
        "type": "message",
        "ts": "1729638121.491719",
        "client_msg_id": "e6fad492-80b9-4b25-bd43-c55f4fa9194e",
        "text": "<@U0606SPN4BW>\n <!subteam^S073HEMKWV7|@hirakawa-adachi-yamamoto-fuse>\nご入金を確認致しました。\n・10\/22 [PayPal]\n・30 USD\n回収（入金）処理致します。\nよろしくお願いします。",
        "team": "T033D70RR6H",
        "user_team": "T033D70RR6H",
        "source_team": "T033D70RR6H",
        "user_profile": {
            "avatar_hash": "21cdbd6a05f9",
            "image_72": "https:\/\/avatars.slack-edge.com\/2022-02-16\/3115258488741_21cdbd6a05f9a69110f7_72.png",
            "first_name": "Mitsunobu",
            "real_name": "Mitsunobu Katayose",
            "display_name": "片寄",
            "team": "T033D70RR6H",
            "name": "tousuien03",
            "is_restricted": false,
            "is_ultra_restricted": false
        },
        "thread_ts": "1729608398.108219",
        "parent_user_id": "U0606SPN4BW",
        "blocks": [
            {
                "type": "rich_text",
                "block_id": "YrO1i",
                "elements": [
                    {
                        "type": "rich_text_section",
                        "elements": [
                            {
                                "type": "user",
                                "user_id": "U0606SPN4BW"
                            },
                            {
                                "type": "text",
                                "text": "\n "
                            },
                            {
                                "type": "usergroup",
                                "usergroup_id": "S073HEMKWV7"
                            },
                            {
                                "type": "text",
                                "text": "\nご入金を確認致しました。\n・10\/22 [PayPal]\n・30 USD\n回収（入金）処理致します。\nよろしくお願いします。"
                            }
                        ]
                    }
                ]
            }
        ],
        "reactions": [
            {
                "name": "d130b000eb8d6784",
                "users": [
                    "U0606SPN4BW"
                ],
                "count": 1
            },
            {
                "name": "入金完了",
                "users": [
                    "U0331FZTHEK"
                ],
                "count": 1
            }
        ]
    }
]