[
    {
        "user": "U0331FWGQRM",
        "type": "message",
        "ts": "1707136589.093729",
        "client_msg_id": "93b536a1-5066-4afe-a877-e42157e280cd",
        "text": "<@U041RJKV5JA> <@U05KGS6HN9H> <@U033G4KN4TD>\nサウジアラビアのHadeel様へサンプル出荷お願いします。\n\n各20g\nOrganic Matcha Top grade - 1　碧翠園16000京都\nOrganic Matcha Top grade - 2　碧翠園12000京都\nーーー\nContact Name : hadeel alhabib\n会社の電話番号：966505590488\n住所 : hitten district, villa, Riyadh, Riyadh Province, Saudi Arabia, 13512\n\n<mailto:Hadeelkhalid2013@gmail.com|Hadeelkhalid2013@gmail.com>",
        "team": "T033D70RR6H",
        "user_team": "T033D70RR6H",
        "source_team": "T033D70RR6H",
        "user_profile": {
            "avatar_hash": "gf9d05f2cae1",
            "image_72": "https:\/\/secure.gravatar.com\/avatar\/f9d05f2cae161f657bb1248fc85b5235.jpg?s=72&d=https%3A%2F%2Fa.slack-edge.com%2Fdf10d%2Fimg%2Favatars%2Fava_0008-72.png",
            "first_name": "matsui",
            "real_name": "matsui",
            "display_name": "松井",
            "team": "T033D70RR6H",
            "name": "tousuien.matsui",
            "is_restricted": false,
            "is_ultra_restricted": false
        },
        "thread_ts": "1707136589.093729",
        "reply_count": 8,
        "reply_users_count": 3,
        "latest_reply": "1707784119.488689",
        "reply_users": [
            "U0331FZTHEK",
            "U05KGS6HN9H",
            "U0331FWGQRM"
        ],
        "replies": [
            {
                "user": "U0331FZTHEK",
                "ts": "1707174118.769939"
            },
            {
                "user": "U05KGS6HN9H",
                "ts": "1707179536.064649"
            },
            {
                "user": "U05KGS6HN9H",
                "ts": "1707371116.360729"
            },
            {
                "user": "U0331FWGQRM",
                "ts": "1707655902.899939"
            },
            {
                "user": "U05KGS6HN9H",
                "ts": "1707778902.039669"
            },
            {
                "user": "U0331FWGQRM",
                "ts": "1707782935.095559"
            },
            {
                "user": "U05KGS6HN9H",
                "ts": "1707783248.044139"
            },
            {
                "user": "U0331FWGQRM",
                "ts": "1707784119.488689"
            }
        ],
        "is_locked": false,
        "subscribed": true,
        "last_read": "1707784119.488689",
        "blocks": [
            {
                "type": "rich_text",
                "block_id": "9+mN8",
                "elements": [
                    {
                        "type": "rich_text_section",
                        "elements": [
                            {
                                "type": "user",
                                "user_id": "U041RJKV5JA"
                            },
                            {
                                "type": "text",
                                "text": " "
                            },
                            {
                                "type": "user",
                                "user_id": "U05KGS6HN9H"
                            },
                            {
                                "type": "text",
                                "text": " "
                            },
                            {
                                "type": "user",
                                "user_id": "U033G4KN4TD"
                            },
                            {
                                "type": "text",
                                "text": "\nサウジアラビアのHadeel様へサンプル出荷お願いします。\n\n各20g\nOrganic Matcha Top grade - 1　碧翠園16000京都\nOrganic Matcha Top grade - 2　碧翠園12000京都\nーーー\nContact Name : hadeel alhabib\n会社の電話番号：966505590488\n住所 : hitten district, villa, Riyadh, Riyadh Province, Saudi Arabia, 13512\n\n"
                            },
                            {
                                "type": "link",
                                "url": "mailto:Hadeelkhalid2013@gmail.com",
                                "text": "Hadeelkhalid2013@gmail.com"
                            }
                        ]
                    }
                ]
            }
        ],
        "reactions": [
            {
                "name": "承知_致しました",
                "users": [
                    "U033G4KN4TD",
                    "U05KGS6HN9H",
                    "U041RJKV5JA"
                ],
                "count": 3
            }
        ]
    },
    {
        "user": "U0331FZTHEK",
        "type": "message",
        "ts": "1707174118.769939",
        "client_msg_id": "4344e763-7de2-4c3c-acc6-085e2dbd3951",
        "text": "<@U0331FWGQRM>\n<@U041RJKV5JA> <@U05KGS6HN9H> <@U033G4KN4TD>\n本件、ご入金を確認致しました。\n・2\/5 [PayPal]\n・30 USD\n回収（入金）処理致します。\nよろしくお願いします。",
        "team": "T033D70RR6H",
        "user_team": "T033D70RR6H",
        "source_team": "T033D70RR6H",
        "user_profile": {
            "avatar_hash": "21cdbd6a05f9",
            "image_72": "https:\/\/avatars.slack-edge.com\/2022-02-16\/3115258488741_21cdbd6a05f9a69110f7_72.png",
            "first_name": "Mitsunobu",
            "real_name": "Mitsunobu Katayose",
            "display_name": "片寄",
            "team": "T033D70RR6H",
            "name": "tousuien03",
            "is_restricted": false,
            "is_ultra_restricted": false
        },
        "thread_ts": "1707136589.093729",
        "parent_user_id": "U0331FWGQRM",
        "blocks": [
            {
                "type": "rich_text",
                "block_id": "OrQuz",
                "elements": [
                    {
                        "type": "rich_text_section",
                        "elements": [
                            {
                                "type": "user",
                                "user_id": "U0331FWGQRM"
                            },
                            {
                                "type": "text",
                                "text": "\n"
                            },
                            {
                                "type": "user",
                                "user_id": "U041RJKV5JA"
                            },
                            {
                                "type": "text",
                                "text": " "
                            },
                            {
                                "type": "user",
                                "user_id": "U05KGS6HN9H"
                            },
                            {
                                "type": "text",
                                "text": " "
                            },
                            {
                                "type": "user",
                                "user_id": "U033G4KN4TD"
                            },
                            {
                                "type": "text",
                                "text": "\n本件、ご入金を確認致しました。\n・2\/5 [PayPal]\n・30 USD\n回収（入金）処理致します。\nよろしくお願いします。"
                            }
                        ]
                    }
                ]
            }
        ]
    },
    {
        "user": "U05KGS6HN9H",
        "type": "message",
        "ts": "1707179536.064649",
        "client_msg_id": "5fe86296-33de-4a2a-957f-97b64abc5a77",
        "text": "<@U0331FWGQRM>\n<@U041RJKV5JA> <@U033G4KN4TD>\nサンプル2種各20ｇ、2\/8（木）発送にて\nお願い致します。",
        "team": "T033D70RR6H",
        "user_team": "T033D70RR6H",
        "source_team": "T033D70RR6H",
        "user_profile": {
            "avatar_hash": "gc4e7258333f",
            "image_72": "https:\/\/secure.gravatar.com\/avatar\/c4e7258333f2958f831d063db85b4542.jpg?s=72&d=https%3A%2F%2Fa.slack-edge.com%2Fdf10d%2Fimg%2Favatars%2Fava_0005-72.png",
            "first_name": "Adachi",
            "real_name": "Adachi",
            "display_name": "足立",
            "team": "T033D70RR6H",
            "name": "tousuien05",
            "is_restricted": false,
            "is_ultra_restricted": false
        },
        "thread_ts": "1707136589.093729",
        "parent_user_id": "U0331FWGQRM",
        "blocks": [
            {
                "type": "rich_text",
                "block_id": "RbBBk",
                "elements": [
                    {
                        "type": "rich_text_section",
                        "elements": [
                            {
                                "type": "user",
                                "user_id": "U0331FWGQRM"
                            },
                            {
                                "type": "text",
                                "text": "\n"
                            },
                            {
                                "type": "user",
                                "user_id": "U041RJKV5JA"
                            },
                            {
                                "type": "text",
                                "text": " "
                            },
                            {
                                "type": "user",
                                "user_id": "U033G4KN4TD"
                            },
                            {
                                "type": "text",
                                "text": "\nサンプル2種各20ｇ、2\/8（木）発送にて\nお願い致します。"
                            }
                        ]
                    }
                ]
            }
        ],
        "reactions": [
            {
                "name": "d130b000eb8d6784",
                "users": [
                    "U0331FWGQRM"
                ],
                "count": 1
            }
        ]
    },
    {
        "user": "U0331FWGQRM",
        "type": "message",
        "ts": "1707196234.408009",
        "edited": {
            "user": "U0331FWGQRM",
            "ts": "1707252765.000000"
        },
        "client_msg_id": "2e063eb7-a819-4705-865c-2d27a50f061c",
        "text": "<@U041RJKV5JA> <@U05KGS6HN9H> <@U033G4KN4TD>\nNeels様にサンプル発送をお願いします。\nUPCコードは本番時と同様のラベルを貼り付けてください。\n\n・100g袋　Culinary　５枚\n・100g袋　Ceremonial　５枚\n・バブルバッグ　Culinary　5枚（UPCコード付き）\n・バブルバッグ　Ceremonial　5枚（UPCコード付き）\n\nーーーーーーーー\n南アフリカのDHL営業所受け取りを希望されております。\nそして、短期間しかその場所に滞在しないので、早急な発送を希望されています。\nーーーーーーーー\nDHLの住所\nDHLサービスポイント(POSTNET LANGEBAAN)\n南アフリカでは<tel:+27638018739|+2763 801 8739>]の電話番号をご利用ください。\n\nDHL Service Point (POSTNET LANGEBAAN)での預かりとなるので、\n備考欄に記載したり、ペガサスに伝えるなど、お願いします。\n\n住所 Shop 1, Swemmer Park Centre, Oostewal St, Langebaan, 7357\n名前：Cornelis Saayman\n連絡先電話番号：<tel:+27638018739|+2763 801 8739>\n\n上記場所での受け取りを希望する\n速達便（最短での輸送方法）があるのであればそれを利用する",
        "team": "T033D70RR6H",
        "user_team": "T033D70RR6H",
        "source_team": "T033D70RR6H",
        "user_profile": {
            "avatar_hash": "gf9d05f2cae1",
            "image_72": "https:\/\/secure.gravatar.com\/avatar\/f9d05f2cae161f657bb1248fc85b5235.jpg?s=72&d=https%3A%2F%2Fa.slack-edge.com%2Fdf10d%2Fimg%2Favatars%2Fava_0008-72.png",
            "first_name": "matsui",
            "real_name": "matsui",
            "display_name": "松井",
            "team": "T033D70RR6H",
            "name": "tousuien.matsui",
            "is_restricted": false,
            "is_ultra_restricted": false
        },
        "thread_ts": "1707196234.408009",
        "reply_count": 10,
        "reply_users_count": 2,
        "latest_reply": "1707392660.052389",
        "reply_users": [
            "U0331FWGQRM",
            "U041RJKV5JA"
        ],
        "replies": [
            {
                "user": "U0331FWGQRM",
                "ts": "1707252712.291089"
            },
            {
                "user": "U041RJKV5JA",
                "ts": "1707268124.513879"
            },
            {
                "user": "U0331FWGQRM",
                "ts": "1707271351.506269"
            },
            {
                "user": "U041RJKV5JA",
                "ts": "1707274231.806509"
            },
            {
                "user": "U041RJKV5JA",
                "ts": "1707354873.757739"
            },
            {
                "user": "U0331FWGQRM",
                "ts": "1707365487.733019"
            },
            {
                "user": "U0331FWGQRM",
                "ts": "1707365889.371029"
            },
            {
                "user": "U041RJKV5JA",
                "ts": "1707366678.098849"
            },
            {
                "user": "U041RJKV5JA",
                "ts": "1707371099.623309"
            },
            {
                "user": "U0331FWGQRM",
                "ts": "1707392660.052389"
            }
        ],
        "is_locked": false,
        "subscribed": true,
        "last_read": "1707392660.052389",
        "blocks": [
            {
                "type": "rich_text",
                "block_id": "5K0yO",
                "elements": [
                    {
                        "type": "rich_text_section",
                        "elements": [
                            {
                                "type": "user",
                                "user_id": "U041RJKV5JA"
                            },
                            {
                                "type": "text",
                                "text": " "
                            },
                            {
                                "type": "user",
                                "user_id": "U05KGS6HN9H"
                            },
                            {
                                "type": "text",
                                "text": " "
                            },
                            {
                                "type": "user",
                                "user_id": "U033G4KN4TD"
                            },
                            {
                                "type": "text",
                                "text": "\nNeels様にサンプル発送をお願いします。\nUPCコードは本番時と同様のラベルを貼り付けてください。\n\n・100g袋　Culinary　５枚\n・100g袋　Ceremonial　５枚\n・バブルバッグ　Culinary　5枚（UPCコード付き）\n・バブルバッグ　Ceremonial　5枚（UPCコード付き）\n\nーーーーーーーー\n南アフリカのDHL営業所受け取りを希望されております。\nそして、短期間しかその場所に滞在しないので、早急な発送を希望されています。\nーーーーーーーー\nDHLの住所\nDHLサービスポイント(POSTNET LANGEBAAN)\n南アフリカでは"
                            },
                            {
                                "type": "link",
                                "url": "tel:+27638018739",
                                "text": "+2763 801 8739"
                            },
                            {
                                "type": "text",
                                "text": "]の電話番号をご利用ください。\n\nDHL Service Point (POSTNET LANGEBAAN)での預かりとなるので、\n備考欄に記載したり、ペガサスに伝えるなど、お願いします。\n\n住所 Shop 1, Swemmer Park Centre, Oostewal St, Langebaan, 7357\n名前：Cornelis Saayman\n連絡先電話番号："
                            },
                            {
                                "type": "link",
                                "url": "tel:+27638018739",
                                "text": "+2763 801 8739"
                            },
                            {
                                "type": "text",
                                "text": "\n\n上記場所での受け取りを希望する\n速達便（最短での輸送方法）があるのであればそれを利用する"
                            }
                        ]
                    }
                ]
            }
        ],
        "reactions": [
            {
                "name": "承知_致しました",
                "users": [
                    "U041RJKV5JA",
                    "U05KGS6HN9H"
                ],
                "count": 2
            }
        ]
    },
    {
        "user": "U05KGS6HN9H",
        "type": "message",
        "ts": "1707203998.163889",
        "client_msg_id": "1e68c5f6-baf8-485a-a18b-c165d7d23e7e",
        "text": "<@U0606SPN4BW>\n<@U041RJKV5JA> <@U033G4KN4TD>\n本日2\/6のDHLで出荷しました。\nAWB No 5267298831\n宜しくお願い致します。",
        "team": "T033D70RR6H",
        "user_team": "T033D70RR6H",
        "source_team": "T033D70RR6H",
        "user_profile": {
            "avatar_hash": "gc4e7258333f",
            "image_72": "https:\/\/secure.gravatar.com\/avatar\/c4e7258333f2958f831d063db85b4542.jpg?s=72&d=https%3A%2F%2Fa.slack-edge.com%2Fdf10d%2Fimg%2Favatars%2Fava_0005-72.png",
            "first_name": "Adachi",
            "real_name": "Adachi",
            "display_name": "足立",
            "team": "T033D70RR6H",
            "name": "tousuien05",
            "is_restricted": false,
            "is_ultra_restricted": false
        },
        "thread_ts": "1706780197.714349",
        "parent_user_id": "U0606SPN4BW",
        "blocks": [
            {
                "type": "rich_text",
                "block_id": "tf+9q",
                "elements": [
                    {
                        "type": "rich_text_section",
                        "elements": [
                            {
                                "type": "user",
                                "user_id": "U0606SPN4BW"
                            },
                            {
                                "type": "text",
                                "text": "\n"
                            },
                            {
                                "type": "user",
                                "user_id": "U041RJKV5JA"
                            },
                            {
                                "type": "text",
                                "text": " "
                            },
                            {
                                "type": "user",
                                "user_id": "U033G4KN4TD"
                            },
                            {
                                "type": "text",
                                "text": "\n本日2\/6のDHLで出荷しました。\nAWB No 5267298831\n宜しくお願い致します。"
                            }
                        ]
                    }
                ]
            }
        ],
        "reactions": [
            {
                "name": "d130b000eb8d6784",
                "users": [
                    "U0606SPN4BW"
                ],
                "count": 1
            }
        ]
    },
    {
        "user": "U05KGS6HN9H",
        "type": "message",
        "ts": "1707204007.500609",
        "client_msg_id": "b982d443-c2a2-464b-a407-dd1b0774a6d0",
        "text": "<@U0331FZS7JT>\n<@U041RJKV5JA> <@U033G4KN4TD>\n本日2\/6のDHL便で出荷しました。\nAWB No 5267298654\n宜しくお願い致します。",
        "team": "T033D70RR6H",
        "user_team": "T033D70RR6H",
        "source_team": "T033D70RR6H",
        "user_profile": {
            "avatar_hash": "gc4e7258333f",
            "image_72": "https:\/\/secure.gravatar.com\/avatar\/c4e7258333f2958f831d063db85b4542.jpg?s=72&d=https%3A%2F%2Fa.slack-edge.com%2Fdf10d%2Fimg%2Favatars%2Fava_0005-72.png",
            "first_name": "Adachi",
            "real_name": "Adachi",
            "display_name": "足立",
            "team": "T033D70RR6H",
            "name": "tousuien05",
            "is_restricted": false,
            "is_ultra_restricted": false
        },
        "thread_ts": "1706798424.232039",
        "parent_user_id": "U0331FZS7JT",
        "blocks": [
            {
                "type": "rich_text",
                "block_id": "aJwYY",
                "elements": [
                    {
                        "type": "rich_text_section",
                        "elements": [
                            {
                                "type": "user",
                                "user_id": "U0331FZS7JT"
                            },
                            {
                                "type": "text",
                                "text": "\n"
                            },
                            {
                                "type": "user",
                                "user_id": "U041RJKV5JA"
                            },
                            {
                                "type": "text",
                                "text": " "
                            },
                            {
                                "type": "user",
                                "user_id": "U033G4KN4TD"
                            },
                            {
                                "type": "text",
                                "text": "\n本日2\/6のDHL便で出荷しました。\nAWB No 5267298654\n宜しくお願い致します。"
                            }
                        ]
                    }
                ]
            }
        ],
        "reactions": [
            {
                "name": "了解です",
                "users": [
                    "U0331FZS7JT"
                ],
                "count": 1
            },
            {
                "name": "d130b000eb8d6784",
                "users": [
                    "U0331FZS7JT"
                ],
                "count": 1
            }
        ]
    }
]