[
    {
        "user": "U0606SPN4BW",
        "type": "message",
        "ts": "1726911744.919009",
        "client_msg_id": "307aff5e-df4e-4901-b56a-cc4c72657e71",
        "text": "<!subteam^S073HEMKWV7|@hirakawa-adachi-yamamoto-fuse> cc <!subteam^S072Q871SF9|@oka-matsui-furukawa-hayashi-kimura-hasegawa-kawatani>\n:flag-au:オーストラリア Kim Piper様からサンプル注文を頂きました。\n*TSE-KPP-SPL-001-24* ",
        "team": "T033D70RR6H",
        "user_team": "T033D70RR6H",
        "source_team": "T033D70RR6H",
        "user_profile": {
            "avatar_hash": "823d8545f678",
            "image_72": "https:\/\/avatars.slack-edge.com\/2024-04-12\/6946592133062_823d8545f678615a3e0a_72.jpg",
            "first_name": "SATOSHI",
            "real_name": "SATOSHI FURUKAWA",
            "display_name": "古川　敏",
            "team": "T033D70RR6H",
            "name": "jpfreebirds",
            "is_restricted": false,
            "is_ultra_restricted": false
        },
        "thread_ts": "1726911744.919009",
        "reply_count": 4,
        "reply_users_count": 3,
        "latest_reply": "1727245180.608419",
        "reply_users": [
            "U0606SPN4BW",
            "U0331FZTHEK",
            "U05KGS6HN9H"
        ],
        "replies": [
            {
                "user": "U0606SPN4BW",
                "ts": "1726911796.737749"
            },
            {
                "user": "U0331FZTHEK",
                "ts": "1727133054.375789"
            },
            {
                "user": "U05KGS6HN9H",
                "ts": "1727141085.207869"
            },
            {
                "user": "U05KGS6HN9H",
                "ts": "1727245180.608419"
            }
        ],
        "is_locked": false,
        "subscribed": true,
        "last_read": "1727245180.608419",
        "blocks": [
            {
                "type": "rich_text",
                "block_id": "0F5IO",
                "elements": [
                    {
                        "type": "rich_text_section",
                        "elements": [
                            {
                                "type": "usergroup",
                                "usergroup_id": "S073HEMKWV7"
                            },
                            {
                                "type": "text",
                                "text": " cc "
                            },
                            {
                                "type": "usergroup",
                                "usergroup_id": "S072Q871SF9"
                            },
                            {
                                "type": "text",
                                "text": "\n"
                            },
                            {
                                "type": "emoji",
                                "name": "flag-au",
                                "unicode": "1f1e6-1f1fa"
                            },
                            {
                                "type": "text",
                                "text": "オーストラリア Kim Piper様からサンプル注文を頂きました。\n"
                            },
                            {
                                "type": "text",
                                "text": "TSE-KPP-SPL-001-24 ",
                                "style": {
                                    "bold": true
                                }
                            }
                        ]
                    }
                ]
            }
        ],
        "reactions": [
            {
                "name": "承知_致しました",
                "users": [
                    "U041RJKV5JA",
                    "U05KGS6HN9H",
                    "U033G4KN4TD"
                ],
                "count": 3
            }
        ]
    },
    {
        "user": "U0606SPN4BW",
        "type": "message",
        "ts": "1726911796.737749",
        "edited": {
            "user": "U0606SPN4BW",
            "ts": "1726911884.000000"
        },
        "client_msg_id": "e3c47a5e-10d2-488e-87da-2c47d8515a0c",
        "text": "下記へ発送手続き、および発送日のお知らせをお願いします！\n\n\n<@U0331FZTHEK> 入金確認済（PayPal）, 回収処理をお願いします！\n\n\n▼サンプル内容 (計 6点)\n<各20g>\nOrganic Matcha Upper - 1 (鹿児島製茶 鹿児島 A)\nOrganic Matcha Upper - 2 (鹿児島製茶 鹿児島 1A)\nOrganic Matcha Middle - 1 (鹿児島製茶 鹿児島 B)\nOrganic Matcha Middle - 2 (鹿児島製茶 鹿児島 C)\nOrganic Matcha Regular - 1（鹿児島製茶 鹿児島 D）\nOrganic Matcha Regular - 2（まるゑい 有機抹茶3000）\n\n\n袋指定なし、エージレス無し、品名ラベル貼り。\n価格表示：あり Quotation_tousuien_20240915, (1kg bulk記載)\n\n\n発送: DHL\n\n\n---------------------------------------------------\nCompany : next door espresso pty ltd\nName: Kim Piper Address: 56 dry dock road, Tweed Heads, NSW 2486\nCountry: Australia\nZip code: 2486\ne-mail: <mailto:kim@nextdoorespresso.com.au|kim@nextdoorespresso.com.au>\nPhone: 0429510149\n---------------------------------------------------",
        "team": "T033D70RR6H",
        "user_team": "T033D70RR6H",
        "source_team": "T033D70RR6H",
        "user_profile": {
            "avatar_hash": "823d8545f678",
            "image_72": "https:\/\/avatars.slack-edge.com\/2024-04-12\/6946592133062_823d8545f678615a3e0a_72.jpg",
            "first_name": "SATOSHI",
            "real_name": "SATOSHI FURUKAWA",
            "display_name": "古川　敏",
            "team": "T033D70RR6H",
            "name": "jpfreebirds",
            "is_restricted": false,
            "is_ultra_restricted": false
        },
        "thread_ts": "1726911744.919009",
        "parent_user_id": "U0606SPN4BW",
        "blocks": [
            {
                "type": "rich_text",
                "block_id": "xouj9",
                "elements": [
                    {
                        "type": "rich_text_section",
                        "elements": [
                            {
                                "type": "text",
                                "text": "下記へ発送手続き、および発送日のお知らせをお願いします！\n\n\n"
                            },
                            {
                                "type": "user",
                                "user_id": "U0331FZTHEK"
                            },
                            {
                                "type": "text",
                                "text": " 入金確認済（PayPal）, 回収処理をお願いします！\n\n\n▼サンプル内容 (計 6点)\n<各20g>\nOrganic Matcha Upper - 1 (鹿児島製茶 鹿児島 A)\nOrganic Matcha Upper - 2 (鹿児島製茶 鹿児島 1A)\nOrganic Matcha Middle - 1 (鹿児島製茶 鹿児島 B)\nOrganic Matcha Middle - 2 (鹿児島製茶 鹿児島 C)\nOrganic Matcha Regular - 1（鹿児島製茶 鹿児島 D）\nOrganic Matcha Regular - 2（まるゑい 有機抹茶3000）\n\n\n袋指定なし、エージレス無し、品名ラベル貼り。\n価格表示：あり Quotation_tousuien_20240915, (1kg bulk記載)\n\n\n発送: DHL\n\n\n---------------------------------------------------\nCompany : next door espresso pty ltd\nName: Kim Piper Address: 56 dry dock road, Tweed Heads, NSW 2486\nCountry: Australia\nZip code: 2486\ne-mail: "
                            },
                            {
                                "type": "link",
                                "url": "mailto:kim@nextdoorespresso.com.au",
                                "text": "kim@nextdoorespresso.com.au",
                                "unsafe": true
                            },
                            {
                                "type": "text",
                                "text": "\nPhone: 0429510149\n---------------------------------------------------"
                            }
                        ]
                    }
                ]
            }
        ],
        "reactions": [
            {
                "name": "d130b000eb8d6784",
                "users": [
                    "U0331FZTHEK"
                ],
                "count": 1
            },
            {
                "name": "承知_致しました",
                "users": [
                    "U0331FZTHEK"
                ],
                "count": 1
            }
        ]
    }
]