[
    {
        "user": "U0331FZTHEK",
        "type": "message",
        "ts": "1732494997.331919",
        "edited": {
            "user": "U0331FZTHEK",
            "ts": "1732514730.000000"
        },
        "client_msg_id": "c1bf0432-5e2c-4a62-a950-1e856907b52a",
        "text": "<@U0606SPN4BW>\n <!subteam^S073HEMKWV7|@hirakawa-adachi-yamamoto-fuse>\n> ↑**Shopifyペイメントの当座口座の設定は引き続き手続き中*です。\n> 　進捗があり次第、お知らせします！\n→承知致しました。\n　回収（入金）処理は、口座入金時に行います。\n　前3件分と合わせて待っております。\n　よろしくお願いします。",
        "team": "T033D70RR6H",
        "user_team": "T033D70RR6H",
        "source_team": "T033D70RR6H",
        "user_profile": {
            "avatar_hash": "21cdbd6a05f9",
            "image_72": "https:\/\/avatars.slack-edge.com\/2022-02-16\/3115258488741_21cdbd6a05f9a69110f7_72.png",
            "first_name": "Mitsunobu",
            "real_name": "Mitsunobu Katayose",
            "display_name": "片寄",
            "team": "T033D70RR6H",
            "name": "tousuien03",
            "is_restricted": false,
            "is_ultra_restricted": false
        },
        "thread_ts": "1732292547.100349",
        "parent_user_id": "U0606SPN4BW",
        "blocks": [
            {
                "type": "rich_text",
                "block_id": "HyHHq",
                "elements": [
                    {
                        "type": "rich_text_section",
                        "elements": [
                            {
                                "type": "user",
                                "user_id": "U0606SPN4BW"
                            },
                            {
                                "type": "text",
                                "text": "\n "
                            },
                            {
                                "type": "usergroup",
                                "usergroup_id": "S073HEMKWV7"
                            },
                            {
                                "type": "text",
                                "text": "\n"
                            }
                        ]
                    },
                    {
                        "type": "rich_text_quote",
                        "elements": [
                            {
                                "type": "text",
                                "text": "↑"
                            },
                            {
                                "type": "text",
                                "text": "*Shopifyペイメントの当座口座の設定は引き続き手続き中",
                                "style": {
                                    "bold": true
                                }
                            },
                            {
                                "type": "text",
                                "text": "です。\n　進捗があり次第、お知らせします！"
                            }
                        ]
                    },
                    {
                        "type": "rich_text_section",
                        "elements": [
                            {
                                "type": "text",
                                "text": "→承知致しました。\n　回収（入金）処理は、口座入金時に行います。\n　前3件分と合わせて待っております。\n　よろしくお願いします。"
                            }
                        ]
                    }
                ]
            }
        ],
        "reactions": [
            {
                "name": "eyes",
                "users": [
                    "U0331FWGQRM"
                ],
                "count": 1
            },
            {
                "name": "承知-1",
                "users": [
                    "U0606SPN4BW"
                ],
                "count": 1
            }
        ]
    },
    {
        "user": "U0331FZS7JT",
        "type": "message",
        "ts": "1732503585.190969",
        "client_msg_id": "f23b7a68-99ef-453a-91eb-059ff6af63b3",
        "text": "<!subteam^S073HEMKWV7|@hirakawa-adachi-yamamoto-fuse>\nCC：<@U0331FWGQRM>\n:flag-ch:スイス：セバスチャン様からサンプル依頼です。\n送り先：:us:ロサンゼルス",
        "team": "T033D70RR6H",
        "user_team": "T033D70RR6H",
        "source_team": "T033D70RR6H",
        "user_profile": {
            "avatar_hash": "2c9de1514f26",
            "image_72": "https:\/\/avatars.slack-edge.com\/2022-02-16\/3118160981555_2c9de1514f262063f72d_72.png",
            "first_name": "Yuta",
            "real_name": "Yuta Oka",
            "display_name": "岡祐太",
            "team": "T033D70RR6H",
            "name": "yuta.oka.0915",
            "is_restricted": false,
            "is_ultra_restricted": false
        },
        "thread_ts": "1732503585.190969",
        "reply_count": 3,
        "reply_users_count": 3,
        "latest_reply": "1732599846.818299",
        "reply_users": [
            "U0331FZS7JT",
            "U0331FWGQRM",
            "U041RJKV5JA"
        ],
        "replies": [
            {
                "user": "U0331FZS7JT",
                "ts": "1732503623.900189"
            },
            {
                "user": "U0331FWGQRM",
                "ts": "1732509207.981489"
            },
            {
                "user": "U041RJKV5JA",
                "ts": "1732599846.818299"
            }
        ],
        "is_locked": false,
        "subscribed": true,
        "last_read": "1732599846.818299",
        "blocks": [
            {
                "type": "rich_text",
                "block_id": "elLex",
                "elements": [
                    {
                        "type": "rich_text_section",
                        "elements": [
                            {
                                "type": "usergroup",
                                "usergroup_id": "S073HEMKWV7"
                            },
                            {
                                "type": "text",
                                "text": "\nCC："
                            },
                            {
                                "type": "user",
                                "user_id": "U0331FWGQRM"
                            },
                            {
                                "type": "text",
                                "text": "\n"
                            },
                            {
                                "type": "emoji",
                                "name": "flag-ch",
                                "unicode": "1f1e8-1f1ed"
                            },
                            {
                                "type": "text",
                                "text": "スイス：セバスチャン様からサンプル依頼です。\n送り先："
                            },
                            {
                                "type": "emoji",
                                "name": "us",
                                "unicode": "1f1fa-1f1f8"
                            },
                            {
                                "type": "text",
                                "text": "ロサンゼルス"
                            }
                        ]
                    }
                ]
            }
        ],
        "reactions": [
            {
                "name": "承知_致しました",
                "users": [
                    "U041RJKV5JA"
                ],
                "count": 1
            }
        ]
    },
    {
        "user": "U0331FZS7JT",
        "type": "message",
        "ts": "1732503623.900189",
        "edited": {
            "user": "U0331FZS7JT",
            "ts": "1732503655.000000"
        },
        "client_msg_id": "a86de5ba-0fd3-4d0c-a6e0-58a04115cb29",
        "text": "<!subteam^S073HEMKWV7|@hirakawa-adachi-yamamoto-fuse>\nシナモン抹茶：カシア10%,今までの通常のシナモン10%,抹茶R80%\n本日サンプルを製造するので、明日出荷でお願いします！\n\nCinnamon Matcha 50g×2pacs",
        "team": "T033D70RR6H",
        "user_team": "T033D70RR6H",
        "source_team": "T033D70RR6H",
        "user_profile": {
            "avatar_hash": "2c9de1514f26",
            "image_72": "https:\/\/avatars.slack-edge.com\/2022-02-16\/3118160981555_2c9de1514f262063f72d_72.png",
            "first_name": "Yuta",
            "real_name": "Yuta Oka",
            "display_name": "岡祐太",
            "team": "T033D70RR6H",
            "name": "yuta.oka.0915",
            "is_restricted": false,
            "is_ultra_restricted": false
        },
        "thread_ts": "1732503585.190969",
        "parent_user_id": "U0331FZS7JT",
        "blocks": [
            {
                "type": "rich_text",
                "block_id": "Dk6\/s",
                "elements": [
                    {
                        "type": "rich_text_section",
                        "elements": [
                            {
                                "type": "usergroup",
                                "usergroup_id": "S073HEMKWV7"
                            },
                            {
                                "type": "text",
                                "text": "\nシナモン抹茶：カシア10%,今までの通常のシナモン10%,抹茶R80%\n本日サンプルを製造するので、明日出荷でお願いします！\n\nCinnamon Matcha 50g×2pacs"
                            }
                        ]
                    }
                ]
            }
        ],
        "reactions": [
            {
                "name": "承知_致しました",
                "users": [
                    "U041RJKV5JA"
                ],
                "count": 1
            }
        ]
    },
    {
        "user": "U0331FWGQRM",
        "type": "message",
        "ts": "1732509207.981489",
        "client_msg_id": "c23ccf06-24fe-4d11-9af0-b32a58b0ac45",
        "text": "メモ\n今までの通常のシナモン：セイロンシナモン",
        "team": "T033D70RR6H",
        "user_team": "T033D70RR6H",
        "source_team": "T033D70RR6H",
        "user_profile": {
            "avatar_hash": "gf9d05f2cae1",
            "image_72": "https:\/\/secure.gravatar.com\/avatar\/f9d05f2cae161f657bb1248fc85b5235.jpg?s=72&d=https%3A%2F%2Fa.slack-edge.com%2Fdf10d%2Fimg%2Favatars%2Fava_0008-72.png",
            "first_name": "matsui",
            "real_name": "matsui",
            "display_name": "松井",
            "team": "T033D70RR6H",
            "name": "tousuien.matsui",
            "is_restricted": false,
            "is_ultra_restricted": false
        },
        "thread_ts": "1732503585.190969",
        "parent_user_id": "U0331FZS7JT",
        "blocks": [
            {
                "type": "rich_text",
                "block_id": "nlJnW",
                "elements": [
                    {
                        "type": "rich_text_section",
                        "elements": [
                            {
                                "type": "text",
                                "text": "メモ\n今までの通常のシナモン：セイロンシナモン"
                            }
                        ]
                    }
                ]
            }
        ]
    }
]