[
    {
        "user": "U05KGS6HN9H",
        "type": "message",
        "ts": "1732697802.816669",
        "client_msg_id": "1bb4fcfc-95c2-44e2-811b-ca782f69bdbc",
        "text": "<@U066P20UQH1>\n<!subteam^S073HEMKWV7|@hirakawa-adachi-yamamoto-fuse>\n本日11\/27のDHLで発送しました。\nAWB No 8228930360\n宜しくお願い致します。",
        "team": "T033D70RR6H",
        "user_team": "T033D70RR6H",
        "source_team": "T033D70RR6H",
        "user_profile": {
            "avatar_hash": "gc4e7258333f",
            "image_72": "https:\/\/secure.gravatar.com\/avatar\/c4e7258333f2958f831d063db85b4542.jpg?s=72&d=https%3A%2F%2Fa.slack-edge.com%2Fdf10d%2Fimg%2Favatars%2Fava_0005-72.png",
            "first_name": "Adachi",
            "real_name": "Adachi",
            "display_name": "足立",
            "team": "T033D70RR6H",
            "name": "tousuien05",
            "is_restricted": false,
            "is_ultra_restricted": false
        },
        "thread_ts": "1732605655.648429",
        "parent_user_id": "U066P20UQH1",
        "blocks": [
            {
                "type": "rich_text",
                "block_id": "zCDXe",
                "elements": [
                    {
                        "type": "rich_text_section",
                        "elements": [
                            {
                                "type": "user",
                                "user_id": "U066P20UQH1"
                            },
                            {
                                "type": "text",
                                "text": "\n"
                            },
                            {
                                "type": "usergroup",
                                "usergroup_id": "S073HEMKWV7"
                            },
                            {
                                "type": "text",
                                "text": "\n本日11\/27のDHLで発送しました。\nAWB No 8228930360\n宜しくお願い致します。"
                            }
                        ]
                    }
                ]
            }
        ],
        "reactions": [
            {
                "name": "pray",
                "users": [
                    "U066P20UQH1"
                ],
                "count": 1
            },
            {
                "name": "連絡完了",
                "users": [
                    "U066P20UQH1"
                ],
                "count": 1
            }
        ]
    },
    {
        "user": "U05KGS6HN9H",
        "type": "message",
        "ts": "1732697809.064949",
        "client_msg_id": "a43bb5ee-300a-47f1-8580-c64b8f8b66f3",
        "text": "<@U0606SPN4BW>\n<!subteam^S073HEMKWV7|@hirakawa-adachi-yamamoto-fuse>\n本日11\/27のDHLで発送しました。\nAWB No 8228930426\n宜しくお願い致します。",
        "team": "T033D70RR6H",
        "user_team": "T033D70RR6H",
        "source_team": "T033D70RR6H",
        "user_profile": {
            "avatar_hash": "gc4e7258333f",
            "image_72": "https:\/\/secure.gravatar.com\/avatar\/c4e7258333f2958f831d063db85b4542.jpg?s=72&d=https%3A%2F%2Fa.slack-edge.com%2Fdf10d%2Fimg%2Favatars%2Fava_0005-72.png",
            "first_name": "Adachi",
            "real_name": "Adachi",
            "display_name": "足立",
            "team": "T033D70RR6H",
            "name": "tousuien05",
            "is_restricted": false,
            "is_ultra_restricted": false
        },
        "thread_ts": "1732540390.597059",
        "parent_user_id": "U0606SPN4BW",
        "blocks": [
            {
                "type": "rich_text",
                "block_id": "22nUz",
                "elements": [
                    {
                        "type": "rich_text_section",
                        "elements": [
                            {
                                "type": "user",
                                "user_id": "U0606SPN4BW"
                            },
                            {
                                "type": "text",
                                "text": "\n"
                            },
                            {
                                "type": "usergroup",
                                "usergroup_id": "S073HEMKWV7"
                            },
                            {
                                "type": "text",
                                "text": "\n本日11\/27のDHLで発送しました。\nAWB No 8228930426\n宜しくお願い致します。"
                            }
                        ]
                    }
                ]
            }
        ],
        "reactions": [
            {
                "name": "あり",
                "users": [
                    "U0606SPN4BW"
                ],
                "count": 1
            },
            {
                "name": "連絡完了",
                "users": [
                    "U0606SPN4BW"
                ],
                "count": 1
            }
        ]
    },
    {
        "user": "U05KGS6HN9H",
        "type": "message",
        "ts": "1732697814.132709",
        "client_msg_id": "e8a26d23-725c-474a-9591-fa597569adab",
        "text": "<@U066P20UQH1>\n<!subteam^S073HEMKWV7|@hirakawa-adachi-yamamoto-fuse>\n本日11\/27の佐川で発送しました。\nAWB No 491768185996\n宜しくお願い致します。",
        "team": "T033D70RR6H",
        "user_team": "T033D70RR6H",
        "source_team": "T033D70RR6H",
        "user_profile": {
            "avatar_hash": "gc4e7258333f",
            "image_72": "https:\/\/secure.gravatar.com\/avatar\/c4e7258333f2958f831d063db85b4542.jpg?s=72&d=https%3A%2F%2Fa.slack-edge.com%2Fdf10d%2Fimg%2Favatars%2Fava_0005-72.png",
            "first_name": "Adachi",
            "real_name": "Adachi",
            "display_name": "足立",
            "team": "T033D70RR6H",
            "name": "tousuien05",
            "is_restricted": false,
            "is_ultra_restricted": false
        },
        "thread_ts": "1732600166.237869",
        "parent_user_id": "U066P20UQH1",
        "blocks": [
            {
                "type": "rich_text",
                "block_id": "HPI6f",
                "elements": [
                    {
                        "type": "rich_text_section",
                        "elements": [
                            {
                                "type": "user",
                                "user_id": "U066P20UQH1"
                            },
                            {
                                "type": "text",
                                "text": "\n"
                            },
                            {
                                "type": "usergroup",
                                "usergroup_id": "S073HEMKWV7"
                            },
                            {
                                "type": "text",
                                "text": "\n本日11\/27の佐川で発送しました。\nAWB No 491768185996\n宜しくお願い致します。"
                            }
                        ]
                    }
                ]
            }
        ],
        "reactions": [
            {
                "name": "pray",
                "users": [
                    "U066P20UQH1"
                ],
                "count": 1
            },
            {
                "name": "連絡完了",
                "users": [
                    "U066P20UQH1"
                ],
                "count": 1
            }
        ]
    },
    {
        "user": "U0606SPN4BW",
        "type": "message",
        "ts": "1732724007.910459",
        "client_msg_id": "15e02d4d-2fa0-48c0-8d1a-219a6e0fb951",
        "text": "<!subteam^S073HEMKWV7|@hirakawa-adachi-yamamoto-fuse> cc <!subteam^S072Q871SF9|@oka-matsui-furukawa-hayashi-kimura-hasegawa-kawatani>\n:flag-nl:オランダ Fiorella Kiekens様からサンプル注文を頂きました。\n*TSE-FIO-SPL-002-24*  ",
        "team": "T033D70RR6H",
        "user_team": "T033D70RR6H",
        "source_team": "T033D70RR6H",
        "user_profile": {
            "avatar_hash": "823d8545f678",
            "image_72": "https:\/\/avatars.slack-edge.com\/2024-04-12\/6946592133062_823d8545f678615a3e0a_72.jpg",
            "first_name": "SATOSHI",
            "real_name": "SATOSHI FURUKAWA",
            "display_name": "古川　敏",
            "team": "T033D70RR6H",
            "name": "jpfreebirds",
            "is_restricted": false,
            "is_ultra_restricted": false
        },
        "thread_ts": "1732724007.910459",
        "reply_count": 3,
        "reply_users_count": 2,
        "latest_reply": "1732870411.604569",
        "reply_users": [
            "U0606SPN4BW",
            "U0331FZTHEK"
        ],
        "replies": [
            {
                "user": "U0606SPN4BW",
                "ts": "1732724040.281529"
            },
            {
                "user": "U0331FZTHEK",
                "ts": "1732753519.123319"
            },
            {
                "user": "U0606SPN4BW",
                "ts": "1732870411.604569"
            }
        ],
        "is_locked": false,
        "subscribed": true,
        "last_read": "1732870411.604569",
        "blocks": [
            {
                "type": "rich_text",
                "block_id": "9lF2D",
                "elements": [
                    {
                        "type": "rich_text_section",
                        "elements": [
                            {
                                "type": "usergroup",
                                "usergroup_id": "S073HEMKWV7"
                            },
                            {
                                "type": "text",
                                "text": " cc "
                            },
                            {
                                "type": "usergroup",
                                "usergroup_id": "S072Q871SF9"
                            },
                            {
                                "type": "text",
                                "text": "\n"
                            },
                            {
                                "type": "emoji",
                                "name": "flag-nl",
                                "unicode": "1f1f3-1f1f1"
                            },
                            {
                                "type": "text",
                                "text": "オランダ Fiorella Kiekens様からサンプル注文を頂きました。\n"
                            },
                            {
                                "type": "text",
                                "text": "TSE-FIO-SPL-002-24  ",
                                "style": {
                                    "bold": true
                                }
                            }
                        ]
                    }
                ]
            }
        ]
    },
    {
        "user": "U0606SPN4BW",
        "type": "message",
        "ts": "1732724040.281529",
        "client_msg_id": "67d6df6f-b363-4d99-aa54-6237be3b5879",
        "text": "オランダ事務所から発送します！\n\n\n<@U0331FZTHEK> 入金確認済（記載なしの場合は確認要）, 回収処理をお願いします！\n\n\n▼サンプル内容 (計 4点)\n&lt;各20g&gt;\nOrganic Matcha Top - 1 （碧翠園 16000 京都）\nOrganic Matcha Top - 2 （碧翠園 12000 京都）\nNon Organic Matcha Top - 1 （出雲精茶, 出雲翠）\nNon Organic Matcha Top - 2 （出雲精茶, 宇迦の白）\n\n\n袋指定なし、\nエージレス無し、\n品名ラベル貼り。\n\n\n発送:PostNL\n\n\n------------------------\nName: Fiorella Kiekens\nAddress: Lange Nieuwstraat 308\nCity: IJmuiden\nPostal code: 1972 GW\nCountry: Netherlands\nPhone: <tel:+31648817996|+31 648817996>\ne-mail address: <mailto:fiorellagina_@hotmail.com|fiorellagina_@hotmail.com>\n------------------------",
        "team": "T033D70RR6H",
        "user_team": "T033D70RR6H",
        "source_team": "T033D70RR6H",
        "user_profile": {
            "avatar_hash": "823d8545f678",
            "image_72": "https:\/\/avatars.slack-edge.com\/2024-04-12\/6946592133062_823d8545f678615a3e0a_72.jpg",
            "first_name": "SATOSHI",
            "real_name": "SATOSHI FURUKAWA",
            "display_name": "古川　敏",
            "team": "T033D70RR6H",
            "name": "jpfreebirds",
            "is_restricted": false,
            "is_ultra_restricted": false
        },
        "thread_ts": "1732724007.910459",
        "parent_user_id": "U0606SPN4BW",
        "blocks": [
            {
                "type": "rich_text",
                "block_id": "6v9AB",
                "elements": [
                    {
                        "type": "rich_text_section",
                        "elements": [
                            {
                                "type": "text",
                                "text": "オランダ事務所から発送します！\n\n\n"
                            },
                            {
                                "type": "user",
                                "user_id": "U0331FZTHEK"
                            },
                            {
                                "type": "text",
                                "text": " 入金確認済（記載なしの場合は確認要）, 回収処理をお願いします！\n\n\n▼サンプル内容 (計 4点)\n<各20g>\nOrganic Matcha Top - 1 （碧翠園 16000 京都）\nOrganic Matcha Top - 2 （碧翠園 12000 京都）\nNon Organic Matcha Top - 1 （出雲精茶, 出雲翠）\nNon Organic Matcha Top - 2 （出雲精茶, 宇迦の白）\n\n\n袋指定なし、\nエージレス無し、\n品名ラベル貼り。\n\n\n発送:PostNL\n\n\n------------------------\nName: Fiorella Kiekens\nAddress: Lange Nieuwstraat 308\nCity: IJmuiden\nPostal code: 1972 GW\nCountry: Netherlands\nPhone: "
                            },
                            {
                                "type": "link",
                                "url": "tel:+31648817996",
                                "text": "+31 648817996"
                            },
                            {
                                "type": "text",
                                "text": "\ne-mail address: "
                            },
                            {
                                "type": "link",
                                "url": "mailto:fiorellagina_@hotmail.com",
                                "text": "fiorellagina_@hotmail.com"
                            },
                            {
                                "type": "text",
                                "text": "\n------------------------"
                            }
                        ]
                    }
                ]
            }
        ],
        "reactions": [
            {
                "name": "0af08fe0505342b0",
                "users": [
                    "U041RJKV5JA"
                ],
                "count": 1
            },
            {
                "name": "d130b000eb8d6784",
                "users": [
                    "U0331FZTHEK"
                ],
                "count": 1
            },
            {
                "name": "7e6ac2088523a821",
                "users": [
                    "U0331FZTHEK"
                ],
                "count": 1
            }
        ]
    },
    {
        "user": "U0331FZTHEK",
        "type": "message",
        "ts": "1732753519.123319",
        "edited": {
            "user": "U0331FZTHEK",
            "ts": "1732759875.000000"
        },
        "client_msg_id": "25114b00-6721-4369-b0f8-78640c095345",
        "text": "<@U0606SPN4BW>\n <!subteam^S073HEMKWV7|@hirakawa-adachi-yamamoto-fuse>\nご入金を確認致しました。\n・11\/28 [PayPal]\n・30 USD\n回収（入金）処理、並びに売上処理致します。\nよろしくお願いします。",
        "team": "T033D70RR6H",
        "user_team": "T033D70RR6H",
        "source_team": "T033D70RR6H",
        "user_profile": {
            "avatar_hash": "21cdbd6a05f9",
            "image_72": "https:\/\/avatars.slack-edge.com\/2022-02-16\/3115258488741_21cdbd6a05f9a69110f7_72.png",
            "first_name": "Mitsunobu",
            "real_name": "Mitsunobu Katayose",
            "display_name": "片寄",
            "team": "T033D70RR6H",
            "name": "tousuien03",
            "is_restricted": false,
            "is_ultra_restricted": false
        },
        "thread_ts": "1732724007.910459",
        "parent_user_id": "U0606SPN4BW",
        "blocks": [
            {
                "type": "rich_text",
                "block_id": "+kfYR",
                "elements": [
                    {
                        "type": "rich_text_section",
                        "elements": [
                            {
                                "type": "user",
                                "user_id": "U0606SPN4BW"
                            },
                            {
                                "type": "text",
                                "text": "\n "
                            },
                            {
                                "type": "usergroup",
                                "usergroup_id": "S073HEMKWV7"
                            },
                            {
                                "type": "text",
                                "text": "\nご入金を確認致しました。\n・11\/28 [PayPal]\n・30 USD\n回収（入金）処理、並びに売上処理致します。\nよろしくお願いします。"
                            }
                        ]
                    }
                ]
            }
        ],
        "reactions": [
            {
                "name": "d130b000eb8d6784",
                "users": [
                    "U0606SPN4BW"
                ],
                "count": 1
            },
            {
                "name": "入金完了",
                "users": [
                    "U0331FZTHEK"
                ],
                "count": 1
            }
        ]
    }
]