[
    {
        "user": "U0331FZTHEK",
        "type": "message",
        "ts": "1714430689.687189",
        "client_msg_id": "17df089c-52b1-4ccc-a7e0-24525e520076",
        "text": "<@U0606SPN4BW>\n <@U041RJKV5JA> <@U05KGS6HN9H> <@U033G4KN4TD>\n本件、ご入金を確認致しました。\n・4\/27 [PayPal]\n・30 USD\n回収（入金）処理致します。\nよろしくお願いします。",
        "team": "T033D70RR6H",
        "user_team": "T033D70RR6H",
        "source_team": "T033D70RR6H",
        "user_profile": {
            "avatar_hash": "21cdbd6a05f9",
            "image_72": "https:\/\/avatars.slack-edge.com\/2022-02-16\/3115258488741_21cdbd6a05f9a69110f7_72.png",
            "first_name": "Mitsunobu",
            "real_name": "Mitsunobu Katayose",
            "display_name": "片寄",
            "team": "T033D70RR6H",
            "name": "tousuien03",
            "is_restricted": false,
            "is_ultra_restricted": false
        },
        "thread_ts": "1714211378.430429",
        "parent_user_id": "U0606SPN4BW",
        "blocks": [
            {
                "type": "rich_text",
                "block_id": "+HaUe",
                "elements": [
                    {
                        "type": "rich_text_section",
                        "elements": [
                            {
                                "type": "user",
                                "user_id": "U0606SPN4BW"
                            },
                            {
                                "type": "text",
                                "text": "\n "
                            },
                            {
                                "type": "user",
                                "user_id": "U041RJKV5JA"
                            },
                            {
                                "type": "text",
                                "text": " "
                            },
                            {
                                "type": "user",
                                "user_id": "U05KGS6HN9H"
                            },
                            {
                                "type": "text",
                                "text": " "
                            },
                            {
                                "type": "user",
                                "user_id": "U033G4KN4TD"
                            },
                            {
                                "type": "text",
                                "text": "\n本件、ご入金を確認致しました。\n・4\/27 [PayPal]\n・30 USD\n回収（入金）処理致します。\nよろしくお願いします。"
                            }
                        ]
                    }
                ]
            }
        ],
        "reactions": [
            {
                "name": "d130b000eb8d6784",
                "users": [
                    "U0606SPN4BW"
                ],
                "count": 1
            },
            {
                "name": "入金完了",
                "users": [
                    "U0331FZTHEK"
                ],
                "count": 1
            }
        ]
    },
    {
        "user": "U0331FZTHEK",
        "type": "message",
        "ts": "1714430707.363649",
        "client_msg_id": "df7547af-fa88-4270-9301-bffe3fdb3b60",
        "text": "<@U0331FWGQRM>\n <@U041RJKV5JA> <@U05KGS6HN9H> <@U033G4KN4TD> <@U0606SPN4BW> <@U066P20UQH1>\n本件、ご入金を確認致しました。\n・4\/28 [PayPal]\n・30 USD\n回収（入金）処理致します。\nよろしくお願いします。",
        "team": "T033D70RR6H",
        "user_team": "T033D70RR6H",
        "source_team": "T033D70RR6H",
        "user_profile": {
            "avatar_hash": "21cdbd6a05f9",
            "image_72": "https:\/\/avatars.slack-edge.com\/2022-02-16\/3115258488741_21cdbd6a05f9a69110f7_72.png",
            "first_name": "Mitsunobu",
            "real_name": "Mitsunobu Katayose",
            "display_name": "片寄",
            "team": "T033D70RR6H",
            "name": "tousuien03",
            "is_restricted": false,
            "is_ultra_restricted": false
        },
        "thread_ts": "1714289818.080259",
        "parent_user_id": "U0331FWGQRM",
        "blocks": [
            {
                "type": "rich_text",
                "block_id": "TZHpb",
                "elements": [
                    {
                        "type": "rich_text_section",
                        "elements": [
                            {
                                "type": "user",
                                "user_id": "U0331FWGQRM"
                            },
                            {
                                "type": "text",
                                "text": "\n "
                            },
                            {
                                "type": "user",
                                "user_id": "U041RJKV5JA"
                            },
                            {
                                "type": "text",
                                "text": " "
                            },
                            {
                                "type": "user",
                                "user_id": "U05KGS6HN9H"
                            },
                            {
                                "type": "text",
                                "text": " "
                            },
                            {
                                "type": "user",
                                "user_id": "U033G4KN4TD"
                            },
                            {
                                "type": "text",
                                "text": " "
                            },
                            {
                                "type": "user",
                                "user_id": "U0606SPN4BW"
                            },
                            {
                                "type": "text",
                                "text": " "
                            },
                            {
                                "type": "user",
                                "user_id": "U066P20UQH1"
                            },
                            {
                                "type": "text",
                                "text": "\n本件、ご入金を確認致しました。\n・4\/28 [PayPal]\n・30 USD\n回収（入金）処理致します。\nよろしくお願いします。"
                            }
                        ]
                    }
                ]
            }
        ]
    },
    {
        "user": "U041RJKV5JA",
        "type": "message",
        "ts": "1714437900.594659",
        "client_msg_id": "2f59d124-c5d1-4707-b0a4-ce0ffb601062",
        "text": "<@U0606SPN4BW>\n <@U033G4KN4TD> <@U05KGS6HN9H>\n出荷日：5月1日（水）\nよろしくお願いいたします。",
        "team": "T033D70RR6H",
        "user_team": "T033D70RR6H",
        "source_team": "T033D70RR6H",
        "user_profile": {
            "avatar_hash": "aed9eafd9eee",
            "image_72": "https:\/\/avatars.slack-edge.com\/2022-09-11\/4078874890257_aed9eafd9eee277ba076_72.png",
            "first_name": "Hirakawa",
            "real_name": "Hirakawa",
            "display_name": "平川",
            "team": "T033D70RR6H",
            "name": "tousuien.s006",
            "is_restricted": false,
            "is_ultra_restricted": false
        },
        "thread_ts": "1714211378.430429",
        "parent_user_id": "U0606SPN4BW",
        "blocks": [
            {
                "type": "rich_text",
                "block_id": "mXn2Z",
                "elements": [
                    {
                        "type": "rich_text_section",
                        "elements": [
                            {
                                "type": "user",
                                "user_id": "U0606SPN4BW"
                            },
                            {
                                "type": "text",
                                "text": "\n "
                            },
                            {
                                "type": "user",
                                "user_id": "U033G4KN4TD"
                            },
                            {
                                "type": "text",
                                "text": " "
                            },
                            {
                                "type": "user",
                                "user_id": "U05KGS6HN9H"
                            },
                            {
                                "type": "text",
                                "text": "\n出荷日：5月1日（水）\nよろしくお願いいたします。"
                            }
                        ]
                    }
                ]
            }
        ],
        "reactions": [
            {
                "name": "d130b000eb8d6784",
                "users": [
                    "U0606SPN4BW"
                ],
                "count": 1
            }
        ]
    },
    {
        "text": "<@U041RJKV5JA> <@U05KGS6HN9H> <@U033G4KN4TD>\nCC：<@U0331FWGQRM> <@U0606SPN4BW> <@U066P20UQH1>\n\n本件、改善した\n・Non-Organic Upper-2\nを改めてお客様に送付をお願いします。\n\n変更点\n従来品：粉砕時間24h\n改善品：粉砕時間18h(20hも画像上は似ているか、指での引きやすさは18hの方が良かった)\n\n<@U03BLQ65GK0>\n紙の上でパウダーを引いた際\n粒度が粗い方が滑らかなのかを改めて確認する必要があります。\n出雲抹茶Pを下記の時間で出雲精茶にて粉砕をお願いします。\n①30時間\n②36時間\n各50gずつ、サンプルの採取もお願いします。\n\nよろしくお願いします。",
        "files": [
            {
                "id": "F07186H3LCS",
                "created": 1714440475,
                "timestamp": 1714440475,
                "name": "Matcha Silkness test.jpg",
                "title": "Matcha Silkness test.jpg",
                "mimetype": "image\/jpeg",
                "filetype": "jpg",
                "pretty_type": "JPEG",
                "user": "U0331FZS7JT",
                "user_team": "T033D70RR6H",
                "editable": false,
                "size": 631610,
                "mode": "hosted",
                "is_external": false,
                "external_type": "",
                "is_public": true,
                "public_url_shared": false,
                "display_as_bot": false,
                "username": "",
                "url_private": "https:\/\/files.slack.com\/files-pri\/T033D70RR6H-F07186H3LCS\/matcha_silkness_test.jpg?token=xoxe-3115238875221-9710624591398-9697214945543-aa82359f925d11baadb4ddc07b089467",
                "url_private_download": "https:\/\/files.slack.com\/files-pri\/T033D70RR6H-F07186H3LCS\/download\/matcha_silkness_test.jpg?token=xoxe-3115238875221-9710624591398-9697214945543-aa82359f925d11baadb4ddc07b089467",
                "media_display_type": "unknown",
                "thumb_64": "https:\/\/files.slack.com\/files-tmb\/T033D70RR6H-F07186H3LCS-ccc692b9a9\/matcha_silkness_test_64.jpg?t=xoxe-3115238875221-9710624591398-9697214945543-aa82359f925d11baadb4ddc07b089467",
                "thumb_80": "https:\/\/files.slack.com\/files-tmb\/T033D70RR6H-F07186H3LCS-ccc692b9a9\/matcha_silkness_test_80.jpg?t=xoxe-3115238875221-9710624591398-9697214945543-aa82359f925d11baadb4ddc07b089467",
                "thumb_360": "https:\/\/files.slack.com\/files-tmb\/T033D70RR6H-F07186H3LCS-ccc692b9a9\/matcha_silkness_test_360.jpg?t=xoxe-3115238875221-9710624591398-9697214945543-aa82359f925d11baadb4ddc07b089467",
                "thumb_360_w": 270,
                "thumb_360_h": 360,
                "thumb_480": "https:\/\/files.slack.com\/files-tmb\/T033D70RR6H-F07186H3LCS-ccc692b9a9\/matcha_silkness_test_480.jpg?t=xoxe-3115238875221-9710624591398-9697214945543-aa82359f925d11baadb4ddc07b089467",
                "thumb_480_w": 360,
                "thumb_480_h": 480,
                "thumb_160": "https:\/\/files.slack.com\/files-tmb\/T033D70RR6H-F07186H3LCS-ccc692b9a9\/matcha_silkness_test_160.jpg?t=xoxe-3115238875221-9710624591398-9697214945543-aa82359f925d11baadb4ddc07b089467",
                "thumb_720": "https:\/\/files.slack.com\/files-tmb\/T033D70RR6H-F07186H3LCS-ccc692b9a9\/matcha_silkness_test_720.jpg?t=xoxe-3115238875221-9710624591398-9697214945543-aa82359f925d11baadb4ddc07b089467",
                "thumb_720_w": 540,
                "thumb_720_h": 720,
                "thumb_800": "https:\/\/files.slack.com\/files-tmb\/T033D70RR6H-F07186H3LCS-ccc692b9a9\/matcha_silkness_test_800.jpg?t=xoxe-3115238875221-9710624591398-9697214945543-aa82359f925d11baadb4ddc07b089467",
                "thumb_800_w": 800,
                "thumb_800_h": 1066,
                "thumb_960": "https:\/\/files.slack.com\/files-tmb\/T033D70RR6H-F07186H3LCS-ccc692b9a9\/matcha_silkness_test_960.jpg?t=xoxe-3115238875221-9710624591398-9697214945543-aa82359f925d11baadb4ddc07b089467",
                "thumb_960_w": 720,
                "thumb_960_h": 960,
                "thumb_1024": "https:\/\/files.slack.com\/files-tmb\/T033D70RR6H-F07186H3LCS-ccc692b9a9\/matcha_silkness_test_1024.jpg?t=xoxe-3115238875221-9710624591398-9697214945543-aa82359f925d11baadb4ddc07b089467",
                "thumb_1024_w": 768,
                "thumb_1024_h": 1024,
                "original_w": 1774,
                "original_h": 2364,
                "thumb_tiny": "AwAwACSaZ44mUeWDkZPAolkhjVSEUlhnGO1OuEDBSfpRNEpVeOnApagNL2wRWKoN3baM0pFtgEiP5unHWo54ERVKjGOKbLbAMoBOG45pXYFK5AS5kUAAA8AVHmpLwYupAOgOP0qHFUBuTD7hHXdSzfcxjqRTZifk9NwpJWOz8RSAWbov+8KWT78f1qOXJCj\/AGhSsf3kZ96AM29\/4\/Jfr\/Soalvf+PuT61BTA3JBuA5xg5prjcpGcUpNNJoAUnpS4yy+xzTc0ooAzLz\/AI+5PrUNT3XN1J9ahoA\/\/9k=",
                "permalink": "https:\/\/grp-ssm9297.slack.com\/files\/U0331FWGQRM\/F07186H3LCS\/matcha_silkness_test.jpg",
                "permalink_public": "https:\/\/slack-files.com\/T033D70RR6H-F07186H3LCS-66aada2272",
                "is_starred": false,
                "skipped_shares": true,
                "has_rich_preview": false,
                "file_access": "visible"
            }
        ],
        "upload": false,
        "user": "U0331FZS7JT",
        "display_as_bot": false,
        "blocks": [
            {
                "type": "rich_text",
                "block_id": "vAunz",
                "elements": [
                    {
                        "type": "rich_text_section",
                        "elements": [
                            {
                                "type": "user",
                                "user_id": "U041RJKV5JA"
                            },
                            {
                                "type": "text",
                                "text": " "
                            },
                            {
                                "type": "user",
                                "user_id": "U05KGS6HN9H"
                            },
                            {
                                "type": "text",
                                "text": " "
                            },
                            {
                                "type": "user",
                                "user_id": "U033G4KN4TD"
                            },
                            {
                                "type": "text",
                                "text": "\nCC："
                            },
                            {
                                "type": "user",
                                "user_id": "U0331FWGQRM"
                            },
                            {
                                "type": "text",
                                "text": " "
                            },
                            {
                                "type": "user",
                                "user_id": "U0606SPN4BW"
                            },
                            {
                                "type": "text",
                                "text": " "
                            },
                            {
                                "type": "user",
                                "user_id": "U066P20UQH1"
                            },
                            {
                                "type": "text",
                                "text": "\n\n本件、改善した\n・Non-Organic Upper-2\nを改めてお客様に送付をお願いします。\n\n変更点\n従来品：粉砕時間24h\n改善品：粉砕時間18h(20hも画像上は似ているか、指での引きやすさは18hの方が良かった)\n\n"
                            },
                            {
                                "type": "user",
                                "user_id": "U03BLQ65GK0"
                            },
                            {
                                "type": "text",
                                "text": "\n紙の上でパウダーを引いた際\n粒度が粗い方が滑らかなのかを改めて確認する必要があります。\n出雲抹茶Pを下記の時間で出雲精茶にて粉砕をお願いします。\n①30時間\n②36時間\n各50gずつ、サンプルの採取もお願いします。\n\nよろしくお願いします。"
                            }
                        ]
                    }
                ]
            }
        ],
        "type": "message",
        "ts": "1714440561.675409",
        "client_msg_id": "979b4b78-4b59-429b-9b7c-d26dd4e5c792",
        "thread_ts": "1713209591.973489",
        "parent_user_id": "U0606SPN4BW",
        "reactions": [
            {
                "name": "承知_致しました",
                "users": [
                    "U041RJKV5JA"
                ],
                "count": 1
            },
            {
                "name": "d130b000eb8d6784",
                "users": [
                    "U0331FWGQRM"
                ],
                "count": 1
            }
        ]
    },
    {
        "user": "U05KGS6HN9H",
        "type": "message",
        "ts": "1714448005.739799",
        "edited": {
            "user": "U05KGS6HN9H",
            "ts": "1714449839.000000"
        },
        "client_msg_id": "046a405e-fe44-4e76-ad1e-53870fc173ac",
        "text": "<@U0331FWGQRM>\n<@U041RJKV5JA> <@U033G4KN4TD>\n出荷可能日　5\/1（水）でお願い致します。\n以下修正となります。\nNon organic Izumo Hojicha Powder：\n　~茎ほうじPowder\/サプライヤー：出雲精茶~\n　→出雲ほうじ茶Powder\/サプライヤー：出雲精茶\nNon organic Izumo stem Hojicha Powder：\n　~出雲ほうじ茶Powder\/サプライヤー：出雲精茶~\n　→茎ほうじPowder\/サプライヤー：出雲精茶\nNon organic Uji Hojicha Powder：\n　~ほうじ茶パウダー\/サプライヤー：香岳園~\n　→京都産ほうじ茶パウダー\/サプライヤー\n　原料：香岳園　　焙煎：中島製茶",
        "team": "T033D70RR6H",
        "user_team": "T033D70RR6H",
        "source_team": "T033D70RR6H",
        "user_profile": {
            "avatar_hash": "gc4e7258333f",
            "image_72": "https:\/\/secure.gravatar.com\/avatar\/c4e7258333f2958f831d063db85b4542.jpg?s=72&d=https%3A%2F%2Fa.slack-edge.com%2Fdf10d%2Fimg%2Favatars%2Fava_0005-72.png",
            "first_name": "Adachi",
            "real_name": "Adachi",
            "display_name": "足立",
            "team": "T033D70RR6H",
            "name": "tousuien05",
            "is_restricted": false,
            "is_ultra_restricted": false
        },
        "thread_ts": "1714289818.080259",
        "parent_user_id": "U0331FWGQRM",
        "blocks": [
            {
                "type": "rich_text",
                "block_id": "BFcsZ",
                "elements": [
                    {
                        "type": "rich_text_section",
                        "elements": [
                            {
                                "type": "user",
                                "user_id": "U0331FWGQRM"
                            },
                            {
                                "type": "text",
                                "text": "\n"
                            },
                            {
                                "type": "user",
                                "user_id": "U041RJKV5JA"
                            },
                            {
                                "type": "text",
                                "text": " "
                            },
                            {
                                "type": "user",
                                "user_id": "U033G4KN4TD"
                            },
                            {
                                "type": "text",
                                "text": "\n出荷可能日　5\/1（水）でお願い致します。\n以下修正となります。\nNon organic Izumo Hojicha Powder：\n"
                            },
                            {
                                "type": "text",
                                "text": "　茎ほうじPowder\/サプライヤー：出雲精茶",
                                "style": {
                                    "strike": true
                                }
                            },
                            {
                                "type": "text",
                                "text": "\n　→出雲ほうじ茶Powder\/サプライヤー：出雲精茶\nNon organic Izumo stem Hojicha Powder：\n"
                            },
                            {
                                "type": "text",
                                "text": "　出雲ほうじ茶Powder\/サプライヤー：出雲精茶",
                                "style": {
                                    "strike": true
                                }
                            },
                            {
                                "type": "text",
                                "text": "\n　→茎ほうじPowder\/サプライヤー：出雲精茶\nNon organic Uji Hojicha Powder：\n"
                            },
                            {
                                "type": "text",
                                "text": "　ほうじ茶パウダー\/サプライヤー：香岳園",
                                "style": {
                                    "strike": true
                                }
                            },
                            {
                                "type": "text",
                                "text": "\n　→京都産ほうじ茶パウダー\/サプライヤー\n　原料：香岳園　　焙煎：中島製茶"
                            }
                        ]
                    }
                ]
            }
        ],
        "reactions": [
            {
                "name": "eyes",
                "users": [
                    "U066P20UQH1"
                ],
                "count": 1
            },
            {
                "name": "了解です",
                "users": [
                    "U0331FWGQRM"
                ],
                "count": 1
            }
        ]
    },
    {
        "user": "U041RJKV5JA",
        "type": "message",
        "ts": "1714451777.062749",
        "client_msg_id": "602149fd-2bd2-43fd-8ef8-62871a691ae4",
        "text": "<@U0331FZS7JT>\n <@U05KGS6HN9H> <@U033G4KN4TD>CC：<@U0331FWGQRM> <@U0606SPN4BW> <@U066P20UQH1>\n明日（5\/1）DHLにて出荷いたします。\nよろしくお願いいたします。",
        "team": "T033D70RR6H",
        "user_team": "T033D70RR6H",
        "source_team": "T033D70RR6H",
        "user_profile": {
            "avatar_hash": "aed9eafd9eee",
            "image_72": "https:\/\/avatars.slack-edge.com\/2022-09-11\/4078874890257_aed9eafd9eee277ba076_72.png",
            "first_name": "Hirakawa",
            "real_name": "Hirakawa",
            "display_name": "平川",
            "team": "T033D70RR6H",
            "name": "tousuien.s006",
            "is_restricted": false,
            "is_ultra_restricted": false
        },
        "thread_ts": "1713209591.973489",
        "parent_user_id": "U0606SPN4BW",
        "blocks": [
            {
                "type": "rich_text",
                "block_id": "8eqPU",
                "elements": [
                    {
                        "type": "rich_text_section",
                        "elements": [
                            {
                                "type": "user",
                                "user_id": "U0331FZS7JT"
                            },
                            {
                                "type": "text",
                                "text": "\n "
                            },
                            {
                                "type": "user",
                                "user_id": "U05KGS6HN9H"
                            },
                            {
                                "type": "text",
                                "text": " "
                            },
                            {
                                "type": "user",
                                "user_id": "U033G4KN4TD"
                            },
                            {
                                "type": "text",
                                "text": "CC："
                            },
                            {
                                "type": "user",
                                "user_id": "U0331FWGQRM"
                            },
                            {
                                "type": "text",
                                "text": " "
                            },
                            {
                                "type": "user",
                                "user_id": "U0606SPN4BW"
                            },
                            {
                                "type": "text",
                                "text": " "
                            },
                            {
                                "type": "user",
                                "user_id": "U066P20UQH1"
                            },
                            {
                                "type": "text",
                                "text": "\n明日（5\/1）DHLにて出荷いたします。\nよろしくお願いいたします。"
                            }
                        ]
                    }
                ]
            }
        ],
        "reactions": [
            {
                "name": "0af08fe0505342b0",
                "users": [
                    "U0331FZS7JT"
                ],
                "count": 1
            }
        ]
    },
    {
        "user": "U05KGS6HN9H",
        "type": "message",
        "ts": "1714455228.728369",
        "client_msg_id": "a4f9b234-4b44-4338-a9d2-273ddfea29e0",
        "text": "<@U0331FWGQRM>\n<@U041RJKV5JA> <@U033G4KN4TD>\n・発送先の住所等をご教示ください。\n・今回各200ｇ×4種ですが、Invoice評価金額に\n指定はありますでしょうか？もし無ければ\n以下くらいでサンプル用INVOICEを設定いたします。\n（仮USD1＝156円）\nOrganic Kagoshima Hojicha Powder\n2300円\/Kg→　USD2.95\nNon organic Izumo Hojicha Powder\n912円\/Kg→　USD1.17\nNon organic Izumo stem Hojicha Powder\n1800円\/kg→　USD2.31\nNon organic Uji Hojicha Powder\n2300円\/kg→　USD2.95",
        "team": "T033D70RR6H",
        "user_team": "T033D70RR6H",
        "source_team": "T033D70RR6H",
        "user_profile": {
            "avatar_hash": "gc4e7258333f",
            "image_72": "https:\/\/secure.gravatar.com\/avatar\/c4e7258333f2958f831d063db85b4542.jpg?s=72&d=https%3A%2F%2Fa.slack-edge.com%2Fdf10d%2Fimg%2Favatars%2Fava_0005-72.png",
            "first_name": "Adachi",
            "real_name": "Adachi",
            "display_name": "足立",
            "team": "T033D70RR6H",
            "name": "tousuien05",
            "is_restricted": false,
            "is_ultra_restricted": false
        },
        "thread_ts": "1714289818.080259",
        "parent_user_id": "U0331FWGQRM",
        "blocks": [
            {
                "type": "rich_text",
                "block_id": "jCEHt",
                "elements": [
                    {
                        "type": "rich_text_section",
                        "elements": [
                            {
                                "type": "user",
                                "user_id": "U0331FWGQRM"
                            },
                            {
                                "type": "text",
                                "text": "\n"
                            },
                            {
                                "type": "user",
                                "user_id": "U041RJKV5JA"
                            },
                            {
                                "type": "text",
                                "text": " "
                            },
                            {
                                "type": "user",
                                "user_id": "U033G4KN4TD"
                            },
                            {
                                "type": "text",
                                "text": "\n・発送先の住所等をご教示ください。\n・今回各200ｇ×4種ですが、Invoice評価金額に\n指定はありますでしょうか？もし無ければ\n以下くらいでサンプル用INVOICEを設定いたします。\n（仮USD1＝156円）\nOrganic Kagoshima Hojicha Powder\n2300円\/Kg→　USD2.95\nNon organic Izumo Hojicha Powder\n912円\/Kg→　USD1.17\nNon organic Izumo stem Hojicha Powder\n1800円\/kg→　USD2.31\nNon organic Uji Hojicha Powder\n2300円\/kg→　USD2.95"
                            }
                        ]
                    }
                ]
            }
        ]
    }
]