[
    {
        "user": "U0331FZS7JT",
        "type": "message",
        "ts": "1711363292.594389",
        "edited": {
            "user": "U0331FZS7JT",
            "ts": "1711363311.000000"
        },
        "client_msg_id": "b543e6c6-d3ab-4eb0-8a3e-a9063343517c",
        "text": "<@U041RJKV5JA> <@U033G4KN4TD> <@U05KGS6HN9H>\n下記のサンプルを\n*・各50g*\n*・４月12日（金）*\n*・私のデスクに置いて*\nいただきますよう、お願いします。\n\n【有機抹茶】\n・水宗園：有機抹茶4200\n・まるゑい：有機抹茶ME上、有機抹茶8000\n【非有機】\n・香岳園：2500,4500,6000\n・出雲抹茶：P、F、R\n合計9種類\n\nラベルは\n・日付\n・仕入れ先名\n・製品名\nが分かるようになっていたらOKです！\n\nよろしくお願いします。",
        "team": "T033D70RR6H",
        "user_team": "T033D70RR6H",
        "source_team": "T033D70RR6H",
        "user_profile": {
            "avatar_hash": "2c9de1514f26",
            "image_72": "https:\/\/avatars.slack-edge.com\/2022-02-16\/3118160981555_2c9de1514f262063f72d_72.png",
            "first_name": "Yuta",
            "real_name": "Yuta Oka",
            "display_name": "岡祐太",
            "team": "T033D70RR6H",
            "name": "yuta.oka.0915",
            "is_restricted": false,
            "is_ultra_restricted": false
        },
        "thread_ts": "1711363292.594389",
        "reply_count": 1,
        "reply_users_count": 1,
        "latest_reply": "1712723458.142789",
        "reply_users": [
            "U05KGS6HN9H"
        ],
        "replies": [
            {
                "user": "U05KGS6HN9H",
                "ts": "1712723458.142789"
            }
        ],
        "is_locked": false,
        "subscribed": false,
        "blocks": [
            {
                "type": "rich_text",
                "block_id": "1NOW8",
                "elements": [
                    {
                        "type": "rich_text_section",
                        "elements": [
                            {
                                "type": "user",
                                "user_id": "U041RJKV5JA"
                            },
                            {
                                "type": "text",
                                "text": " "
                            },
                            {
                                "type": "user",
                                "user_id": "U033G4KN4TD"
                            },
                            {
                                "type": "text",
                                "text": " "
                            },
                            {
                                "type": "user",
                                "user_id": "U05KGS6HN9H"
                            },
                            {
                                "type": "text",
                                "text": "\n下記のサンプルを\n"
                            },
                            {
                                "type": "text",
                                "text": "・各50g",
                                "style": {
                                    "bold": true
                                }
                            },
                            {
                                "type": "text",
                                "text": "\n"
                            },
                            {
                                "type": "text",
                                "text": "・４月12日（金）",
                                "style": {
                                    "bold": true
                                }
                            },
                            {
                                "type": "text",
                                "text": "\n"
                            },
                            {
                                "type": "text",
                                "text": "・私のデスクに置いて",
                                "style": {
                                    "bold": true
                                }
                            },
                            {
                                "type": "text",
                                "text": "\nいただきますよう、お願いします。\n\n【有機抹茶】\n・水宗園：有機抹茶4200\n・まるゑい：有機抹茶ME上、有機抹茶8000\n【非有機】\n・香岳園：2500,4500,6000\n・出雲抹茶：P、F、R\n合計9種類\n\nラベルは\n・日付\n・仕入れ先名\n・製品名\nが分かるようになっていたらOKです！\n\nよろしくお願いします。"
                            }
                        ]
                    }
                ]
            }
        ],
        "reactions": [
            {
                "name": "承知_致しました",
                "users": [
                    "U05KGS6HN9H",
                    "U033G4KN4TD"
                ],
                "count": 2
            }
        ]
    },
    {
        "user": "U0331FWGQRM",
        "type": "message",
        "ts": "1711364097.477039",
        "client_msg_id": "49544c4f-b9b5-49b3-bc4e-98a667ef8b12",
        "text": "<@U05KGS6HN9H> <@U033G4KN4TD> <@U041RJKV5JA> サンプル発送先はこちらとのことです。\n\n&lt;宛先&gt;\nMeadow Valley Organics LLC\n\n&lt;address&gt;\n1555 Phillips Rd 529\nLambrook\nArkansas\n72353\nUnited States\n\n&lt;Contact person and number&gt;\nNeels Saayman\n<tel:+18707140178|+1870 714 0178>",
        "team": "T033D70RR6H",
        "user_team": "T033D70RR6H",
        "source_team": "T033D70RR6H",
        "user_profile": {
            "avatar_hash": "gf9d05f2cae1",
            "image_72": "https:\/\/secure.gravatar.com\/avatar\/f9d05f2cae161f657bb1248fc85b5235.jpg?s=72&d=https%3A%2F%2Fa.slack-edge.com%2Fdf10d%2Fimg%2Favatars%2Fava_0008-72.png",
            "first_name": "matsui",
            "real_name": "matsui",
            "display_name": "松井",
            "team": "T033D70RR6H",
            "name": "tousuien.matsui",
            "is_restricted": false,
            "is_ultra_restricted": false
        },
        "thread_ts": "1711036537.970979",
        "parent_user_id": "U0331FWGQRM",
        "blocks": [
            {
                "type": "rich_text",
                "block_id": "g5Eqi",
                "elements": [
                    {
                        "type": "rich_text_section",
                        "elements": [
                            {
                                "type": "user",
                                "user_id": "U05KGS6HN9H"
                            },
                            {
                                "type": "text",
                                "text": " "
                            },
                            {
                                "type": "user",
                                "user_id": "U033G4KN4TD"
                            },
                            {
                                "type": "text",
                                "text": " "
                            },
                            {
                                "type": "user",
                                "user_id": "U041RJKV5JA"
                            },
                            {
                                "type": "text",
                                "text": " サンプル発送先はこちらとのことです。\n\n<宛先>\nMeadow Valley Organics LLC\n\n<address>\n1555 Phillips Rd 529\nLambrook\nArkansas\n72353\nUnited States\n\n<Contact person and number>\nNeels Saayman\n"
                            },
                            {
                                "type": "link",
                                "url": "tel:+18707140178",
                                "text": "+1870 714 0178"
                            }
                        ]
                    }
                ]
            }
        ],
        "reactions": [
            {
                "name": "承知_致しました",
                "users": [
                    "U05KGS6HN9H"
                ],
                "count": 1
            }
        ]
    },
    {
        "text": "<@U041RJKV5JA> <@U033G4KN4TD> <@U05KGS6HN9H>\nサウジアラビアのFay様にサンプル発送をお願いします。\nひかわの有機ほうじ茶パウダー（鹿児島） 20g\n\n準備出来次第の発送でOKです。",
        "files": [
            {
                "id": "F06RBRQ8V7E",
                "created": 1711407482,
                "timestamp": 1711407482,
                "name": "Quotation_tousuien_20240326.pdf",
                "title": "Quotation_tousuien_20240326.pdf",
                "mimetype": "application\/pdf",
                "filetype": "pdf",
                "pretty_type": "PDF",
                "user": "U0331FWGQRM",
                "user_team": "T033D70RR6H",
                "editable": false,
                "size": 160386,
                "mode": "hosted",
                "is_external": false,
                "external_type": "",
                "is_public": true,
                "public_url_shared": false,
                "display_as_bot": false,
                "username": "",
                "url_private": "https:\/\/files.slack.com\/files-pri\/T033D70RR6H-F06RBRQ8V7E\/quotation_tousuien_20240326.pdf?token=xoxe-3115238875221-9710624591398-9697214945543-aa82359f925d11baadb4ddc07b089467",
                "url_private_download": "https:\/\/files.slack.com\/files-pri\/T033D70RR6H-F06RBRQ8V7E\/download\/quotation_tousuien_20240326.pdf?token=xoxe-3115238875221-9710624591398-9697214945543-aa82359f925d11baadb4ddc07b089467",
                "media_display_type": "unknown",
                "thumb_pdf": "https:\/\/files.slack.com\/files-tmb\/T033D70RR6H-F06RBRQ8V7E-c4762c4d1b\/quotation_tousuien_20240326_thumb_pdf.png?t=xoxe-3115238875221-9710624591398-9697214945543-aa82359f925d11baadb4ddc07b089467",
                "thumb_pdf_w": 909,
                "thumb_pdf_h": 1286,
                "permalink": "https:\/\/grp-ssm9297.slack.com\/files\/U0331FWGQRM\/F06RBRQ8V7E\/quotation_tousuien_20240326.pdf",
                "permalink_public": "https:\/\/slack-files.com\/T033D70RR6H-F06RBRQ8V7E-bdfaee78b0",
                "is_starred": false,
                "skipped_shares": true,
                "has_rich_preview": false,
                "file_access": "visible"
            }
        ],
        "upload": false,
        "user": "U0331FWGQRM",
        "display_as_bot": false,
        "blocks": [
            {
                "type": "rich_text",
                "block_id": "1Ovhh",
                "elements": [
                    {
                        "type": "rich_text_section",
                        "elements": [
                            {
                                "type": "user",
                                "user_id": "U041RJKV5JA"
                            },
                            {
                                "type": "text",
                                "text": " "
                            },
                            {
                                "type": "user",
                                "user_id": "U033G4KN4TD"
                            },
                            {
                                "type": "text",
                                "text": " "
                            },
                            {
                                "type": "user",
                                "user_id": "U05KGS6HN9H"
                            },
                            {
                                "type": "text",
                                "text": "\nサウジアラビアのFay様にサンプル発送をお願いします。\nひかわの有機ほうじ茶パウダー（鹿児島） 20g\n\n準備出来次第の発送でOKです。"
                            }
                        ]
                    }
                ]
            }
        ],
        "type": "message",
        "ts": "1711407555.983439",
        "client_msg_id": "d1e034f4-54d1-4117-ad4f-013818324e3a",
        "thread_ts": "1711407555.983439",
        "reply_count": 2,
        "reply_users_count": 1,
        "latest_reply": "1711603893.952589",
        "reply_users": [
            "U05KGS6HN9H"
        ],
        "replies": [
            {
                "user": "U05KGS6HN9H",
                "ts": "1711425626.331879"
            },
            {
                "user": "U05KGS6HN9H",
                "ts": "1711603893.952589"
            }
        ],
        "is_locked": false,
        "subscribed": true,
        "last_read": "1711603893.952589",
        "reactions": [
            {
                "name": "承知_致しました",
                "users": [
                    "U033G4KN4TD",
                    "U041RJKV5JA",
                    "U05KGS6HN9H"
                ],
                "count": 3
            }
        ]
    },
    {
        "text": "<@U041RJKV5JA> <@U05KGS6HN9H> <@U033G4KN4TD>\nインドのsuraje様向けのサンプルを\nオランダの事務所に送ってもらえますか？\n手渡しで渡そうと思っております。\n\nこれらのサンプル全種類各20g送ってもらえますか？\n宜しくお願いします。\n\nすみませんが4\/3までに到着するようにお願いします:sweat_drops:",
        "files": [
            {
                "id": "F06R99H123D",
                "created": 1711407805,
                "timestamp": 1711407805,
                "name": "Quotation_tousuien_20240313_blended matcha.pdf",
                "title": "Quotation_tousuien_20240313_blended matcha.pdf",
                "mimetype": "application\/pdf",
                "filetype": "pdf",
                "pretty_type": "PDF",
                "user": "U0331FWGQRM",
                "user_team": "T033D70RR6H",
                "editable": false,
                "size": 159451,
                "mode": "hosted",
                "is_external": false,
                "external_type": "",
                "is_public": true,
                "public_url_shared": false,
                "display_as_bot": false,
                "username": "",
                "url_private": "https:\/\/files.slack.com\/files-pri\/T033D70RR6H-F06R99H123D\/quotation_tousuien_20240313_blended_matcha.pdf?token=xoxe-3115238875221-9710624591398-9697214945543-aa82359f925d11baadb4ddc07b089467",
                "url_private_download": "https:\/\/files.slack.com\/files-pri\/T033D70RR6H-F06R99H123D\/download\/quotation_tousuien_20240313_blended_matcha.pdf?token=xoxe-3115238875221-9710624591398-9697214945543-aa82359f925d11baadb4ddc07b089467",
                "media_display_type": "unknown",
                "thumb_pdf": "https:\/\/files.slack.com\/files-tmb\/T033D70RR6H-F06R99H123D-c2968032df\/quotation_tousuien_20240313_blended_matcha_thumb_pdf.png?t=xoxe-3115238875221-9710624591398-9697214945543-aa82359f925d11baadb4ddc07b089467",
                "thumb_pdf_w": 909,
                "thumb_pdf_h": 1286,
                "permalink": "https:\/\/grp-ssm9297.slack.com\/files\/U0331FWGQRM\/F06R99H123D\/quotation_tousuien_20240313_blended_matcha.pdf",
                "permalink_public": "https:\/\/slack-files.com\/T033D70RR6H-F06R99H123D-e32f5ddf65",
                "is_starred": false,
                "skipped_shares": true,
                "has_rich_preview": false,
                "file_access": "visible"
            },
            {
                "id": "F06QURLT0SK",
                "created": 1711407807,
                "timestamp": 1711407807,
                "name": "Quotation_tousuien_20240313_flavor matcha.pdf",
                "title": "Quotation_tousuien_20240313_flavor matcha.pdf",
                "mimetype": "application\/pdf",
                "filetype": "pdf",
                "pretty_type": "PDF",
                "user": "U0331FWGQRM",
                "user_team": "T033D70RR6H",
                "editable": false,
                "size": 151465,
                "mode": "hosted",
                "is_external": false,
                "external_type": "",
                "is_public": true,
                "public_url_shared": false,
                "display_as_bot": false,
                "username": "",
                "url_private": "https:\/\/files.slack.com\/files-pri\/T033D70RR6H-F06QURLT0SK\/quotation_tousuien_20240313_flavor_matcha.pdf?token=xoxe-3115238875221-9710624591398-9697214945543-aa82359f925d11baadb4ddc07b089467",
                "url_private_download": "https:\/\/files.slack.com\/files-pri\/T033D70RR6H-F06QURLT0SK\/download\/quotation_tousuien_20240313_flavor_matcha.pdf?token=xoxe-3115238875221-9710624591398-9697214945543-aa82359f925d11baadb4ddc07b089467",
                "media_display_type": "unknown",
                "thumb_pdf": "https:\/\/files.slack.com\/files-tmb\/T033D70RR6H-F06QURLT0SK-c111ccbd79\/quotation_tousuien_20240313_flavor_matcha_thumb_pdf.png?t=xoxe-3115238875221-9710624591398-9697214945543-aa82359f925d11baadb4ddc07b089467",
                "thumb_pdf_w": 909,
                "thumb_pdf_h": 1286,
                "permalink": "https:\/\/grp-ssm9297.slack.com\/files\/U0331FWGQRM\/F06QURLT0SK\/quotation_tousuien_20240313_flavor_matcha.pdf",
                "permalink_public": "https:\/\/slack-files.com\/T033D70RR6H-F06QURLT0SK-3ce81ed9b9",
                "is_starred": false,
                "skipped_shares": true,
                "has_rich_preview": false,
                "file_access": "visible"
            },
            {
                "id": "F06R6F2M30V",
                "created": 1711407809,
                "timestamp": 1711407809,
                "name": "Quotation_tousuien_20240313_organic matcha.pdf",
                "title": "Quotation_tousuien_20240313_organic matcha.pdf",
                "mimetype": "application\/pdf",
                "filetype": "pdf",
                "pretty_type": "PDF",
                "user": "U0331FWGQRM",
                "user_team": "T033D70RR6H",
                "editable": false,
                "size": 160413,
                "mode": "hosted",
                "is_external": false,
                "external_type": "",
                "is_public": true,
                "public_url_shared": false,
                "display_as_bot": false,
                "username": "",
                "url_private": "https:\/\/files.slack.com\/files-pri\/T033D70RR6H-F06R6F2M30V\/quotation_tousuien_20240313_organic_matcha.pdf?token=xoxe-3115238875221-9710624591398-9697214945543-aa82359f925d11baadb4ddc07b089467",
                "url_private_download": "https:\/\/files.slack.com\/files-pri\/T033D70RR6H-F06R6F2M30V\/download\/quotation_tousuien_20240313_organic_matcha.pdf?token=xoxe-3115238875221-9710624591398-9697214945543-aa82359f925d11baadb4ddc07b089467",
                "media_display_type": "unknown",
                "thumb_pdf": "https:\/\/files.slack.com\/files-tmb\/T033D70RR6H-F06R6F2M30V-26bf633068\/quotation_tousuien_20240313_organic_matcha_thumb_pdf.png?t=xoxe-3115238875221-9710624591398-9697214945543-aa82359f925d11baadb4ddc07b089467",
                "thumb_pdf_w": 909,
                "thumb_pdf_h": 1286,
                "permalink": "https:\/\/grp-ssm9297.slack.com\/files\/U0331FWGQRM\/F06R6F2M30V\/quotation_tousuien_20240313_organic_matcha.pdf",
                "permalink_public": "https:\/\/slack-files.com\/T033D70RR6H-F06R6F2M30V-17ccb0f892",
                "is_starred": false,
                "skipped_shares": true,
                "has_rich_preview": false,
                "file_access": "visible"
            }
        ],
        "upload": false,
        "user": "U0331FWGQRM",
        "blocks": [
            {
                "type": "rich_text",
                "block_id": "zIrpq",
                "elements": [
                    {
                        "type": "rich_text_section",
                        "elements": [
                            {
                                "type": "user",
                                "user_id": "U041RJKV5JA"
                            },
                            {
                                "type": "text",
                                "text": " "
                            },
                            {
                                "type": "user",
                                "user_id": "U05KGS6HN9H"
                            },
                            {
                                "type": "text",
                                "text": " "
                            },
                            {
                                "type": "user",
                                "user_id": "U033G4KN4TD"
                            },
                            {
                                "type": "text",
                                "text": "\nインドのsuraje様向けのサンプルを\nオランダの事務所に送ってもらえますか？\n手渡しで渡そうと思っております。\n\nこれらのサンプル全種類各20g送ってもらえますか？\n宜しくお願いします。\n\nすみませんが4\/3までに到着するようにお願いします"
                            },
                            {
                                "type": "emoji",
                                "name": "sweat_drops",
                                "unicode": "1f4a6"
                            }
                        ]
                    }
                ]
            }
        ],
        "type": "message",
        "ts": "1711407970.178999",
        "client_msg_id": "e339eb48-cf08-4d3e-be05-379fcdc348b7",
        "thread_ts": "1711407970.178999",
        "reply_count": 4,
        "reply_users_count": 2,
        "latest_reply": "1712134663.749869",
        "reply_users": [
            "U05KGS6HN9H",
            "U0606SPN4BW"
        ],
        "replies": [
            {
                "user": "U05KGS6HN9H",
                "ts": "1711519603.187809"
            },
            {
                "user": "U05KGS6HN9H",
                "ts": "1712107428.235479"
            },
            {
                "user": "U0606SPN4BW",
                "ts": "1712130859.354799"
            },
            {
                "user": "U0606SPN4BW",
                "ts": "1712134663.749869"
            }
        ],
        "is_locked": false,
        "subscribed": true,
        "last_read": "1712134663.749869",
        "reactions": [
            {
                "name": "承知_致しました",
                "users": [
                    "U033G4KN4TD",
                    "U041RJKV5JA",
                    "U05KGS6HN9H"
                ],
                "count": 3
            }
        ]
    },
    {
        "user": "U05KGS6HN9H",
        "type": "message",
        "ts": "1711425626.331879",
        "client_msg_id": "4fbc493b-647a-40fe-8740-4a372077b828",
        "text": "<@U0331FWGQRM>\n<@U041RJKV5JA> <@U033G4KN4TD>\n3\/28（木）出荷予定です。\n宜しくお願い致します。",
        "team": "T033D70RR6H",
        "user_team": "T033D70RR6H",
        "source_team": "T033D70RR6H",
        "user_profile": {
            "avatar_hash": "gc4e7258333f",
            "image_72": "https:\/\/secure.gravatar.com\/avatar\/c4e7258333f2958f831d063db85b4542.jpg?s=72&d=https%3A%2F%2Fa.slack-edge.com%2Fdf10d%2Fimg%2Favatars%2Fava_0005-72.png",
            "first_name": "Adachi",
            "real_name": "Adachi",
            "display_name": "足立",
            "team": "T033D70RR6H",
            "name": "tousuien05",
            "is_restricted": false,
            "is_ultra_restricted": false
        },
        "thread_ts": "1711407555.983439",
        "parent_user_id": "U0331FWGQRM",
        "blocks": [
            {
                "type": "rich_text",
                "block_id": "U5eSQ",
                "elements": [
                    {
                        "type": "rich_text_section",
                        "elements": [
                            {
                                "type": "user",
                                "user_id": "U0331FWGQRM"
                            },
                            {
                                "type": "text",
                                "text": "\n"
                            },
                            {
                                "type": "user",
                                "user_id": "U041RJKV5JA"
                            },
                            {
                                "type": "text",
                                "text": " "
                            },
                            {
                                "type": "user",
                                "user_id": "U033G4KN4TD"
                            },
                            {
                                "type": "text",
                                "text": "\n3\/28（木）出荷予定です。\n宜しくお願い致します。"
                            }
                        ]
                    }
                ]
            }
        ],
        "reactions": [
            {
                "name": "了解です",
                "users": [
                    "U0331FWGQRM"
                ],
                "count": 1
            },
            {
                "name": "d130b000eb8d6784",
                "users": [
                    "U0331FWGQRM"
                ],
                "count": 1
            }
        ]
    },
    {
        "user": "U05KGS6HN9H",
        "type": "message",
        "ts": "1711435430.134749",
        "client_msg_id": "55050b7d-d5e4-4c2b-84fb-c280dc03ad7d",
        "text": "<@U0331FWGQRM>\n<@U041RJKV5JA> <@U033G4KN4TD>\n本日3\/26のDHLで出荷しました。\nAWB No 5267385933\n宜しくお願い致します。",
        "team": "T033D70RR6H",
        "user_team": "T033D70RR6H",
        "source_team": "T033D70RR6H",
        "user_profile": {
            "avatar_hash": "gc4e7258333f",
            "image_72": "https:\/\/secure.gravatar.com\/avatar\/c4e7258333f2958f831d063db85b4542.jpg?s=72&d=https%3A%2F%2Fa.slack-edge.com%2Fdf10d%2Fimg%2Favatars%2Fava_0005-72.png",
            "first_name": "Adachi",
            "real_name": "Adachi",
            "display_name": "足立",
            "team": "T033D70RR6H",
            "name": "tousuien05",
            "is_restricted": false,
            "is_ultra_restricted": false
        },
        "thread_ts": "1711036537.970979",
        "parent_user_id": "U0331FWGQRM",
        "blocks": [
            {
                "type": "rich_text",
                "block_id": "p4G2K",
                "elements": [
                    {
                        "type": "rich_text_section",
                        "elements": [
                            {
                                "type": "user",
                                "user_id": "U0331FWGQRM"
                            },
                            {
                                "type": "text",
                                "text": "\n"
                            },
                            {
                                "type": "user",
                                "user_id": "U041RJKV5JA"
                            },
                            {
                                "type": "text",
                                "text": " "
                            },
                            {
                                "type": "user",
                                "user_id": "U033G4KN4TD"
                            },
                            {
                                "type": "text",
                                "text": "\n本日3\/26のDHLで出荷しました。\nAWB No 5267385933\n宜しくお願い致します。"
                            }
                        ]
                    }
                ]
            }
        ],
        "reactions": [
            {
                "name": "d130b000eb8d6784",
                "users": [
                    "U0331FWGQRM"
                ],
                "count": 1
            },
            {
                "name": "了解です",
                "users": [
                    "U0331FWGQRM"
                ],
                "count": 1
            }
        ]
    }
]