[
    {
        "user": "U0331FZS7JT",
        "type": "message",
        "ts": "1710070409.993609",
        "client_msg_id": "4d248970-d5aa-4a04-81ea-5dcdbbb885ca",
        "text": "<@U0331FWGQRM>\n<@U041RJKV5JA> <@U05KGS6HN9H> <@U033G4KN4TD>\n\n出荷可能です！\nで、粉砕済みの在庫があるかを確認中（オーストラリアからもデカフェ抹茶バニラブレンドの依頼受け中）なので\n在庫確認が終わり次第、\n準備できるようになっています！",
        "team": "T033D70RR6H",
        "user_team": "T033D70RR6H",
        "source_team": "T033D70RR6H",
        "user_profile": {
            "avatar_hash": "2c9de1514f26",
            "image_72": "https:\/\/avatars.slack-edge.com\/2022-02-16\/3118160981555_2c9de1514f262063f72d_72.png",
            "first_name": "Yuta",
            "real_name": "Yuta Oka",
            "display_name": "岡祐太",
            "team": "T033D70RR6H",
            "name": "yuta.oka.0915",
            "is_restricted": false,
            "is_ultra_restricted": false
        },
        "blocks": [
            {
                "type": "rich_text",
                "block_id": "ESbZo",
                "elements": [
                    {
                        "type": "rich_text_section",
                        "elements": [
                            {
                                "type": "user",
                                "user_id": "U0331FWGQRM"
                            },
                            {
                                "type": "text",
                                "text": "\n"
                            },
                            {
                                "type": "user",
                                "user_id": "U041RJKV5JA"
                            },
                            {
                                "type": "text",
                                "text": " "
                            },
                            {
                                "type": "user",
                                "user_id": "U05KGS6HN9H"
                            },
                            {
                                "type": "text",
                                "text": " "
                            },
                            {
                                "type": "user",
                                "user_id": "U033G4KN4TD"
                            },
                            {
                                "type": "text",
                                "text": "\n\n出荷可能です！\nで、粉砕済みの在庫があるかを確認中（オーストラリアからもデカフェ抹茶バニラブレンドの依頼受け中）なので\n在庫確認が終わり次第、\n準備できるようになっています！"
                            }
                        ]
                    }
                ]
            }
        ],
        "reactions": [
            {
                "name": "了解です",
                "users": [
                    "U0331FWGQRM"
                ],
                "count": 1
            },
            {
                "name": "d130b000eb8d6784",
                "users": [
                    "U0331FWGQRM"
                ],
                "count": 1
            }
        ]
    },
    {
        "user": "U041RJKV5JA",
        "type": "message",
        "ts": "1710115565.764309",
        "client_msg_id": "bbef2e9f-83ae-43d9-8f8f-2d2c70f33603",
        "text": "<@U0331FWGQRM>\n <@U0331FZS7JT> <@U05KGS6HN9H> <@U033G4KN4TD>\nミサキファームの単価について訂正いたします。\n伝票記載の重量単位がポンドになっておりました。\n私の確認ミスです。すみません。\n正しくは15,011円\/㎏となります。（6,800円\/ポンド）\nよろしくお願いいたします。",
        "team": "T033D70RR6H",
        "user_team": "T033D70RR6H",
        "source_team": "T033D70RR6H",
        "user_profile": {
            "avatar_hash": "aed9eafd9eee",
            "image_72": "https:\/\/avatars.slack-edge.com\/2022-09-11\/4078874890257_aed9eafd9eee277ba076_72.png",
            "first_name": "Hirakawa",
            "real_name": "Hirakawa",
            "display_name": "平川",
            "team": "T033D70RR6H",
            "name": "tousuien.s006",
            "is_restricted": false,
            "is_ultra_restricted": false
        },
        "thread_ts": "1709658406.589979",
        "parent_user_id": "U0331FWGQRM",
        "blocks": [
            {
                "type": "rich_text",
                "block_id": "l7GTM",
                "elements": [
                    {
                        "type": "rich_text_section",
                        "elements": [
                            {
                                "type": "user",
                                "user_id": "U0331FWGQRM"
                            },
                            {
                                "type": "text",
                                "text": "\n "
                            },
                            {
                                "type": "user",
                                "user_id": "U0331FZS7JT"
                            },
                            {
                                "type": "text",
                                "text": " "
                            },
                            {
                                "type": "user",
                                "user_id": "U05KGS6HN9H"
                            },
                            {
                                "type": "text",
                                "text": " "
                            },
                            {
                                "type": "user",
                                "user_id": "U033G4KN4TD"
                            },
                            {
                                "type": "text",
                                "text": "\nミサキファームの単価について訂正いたします。\n伝票記載の重量単位がポンドになっておりました。\n私の確認ミスです。すみません。\n正しくは15,011円\/㎏となります。（6,800円\/ポンド）\nよろしくお願いいたします。"
                            }
                        ]
                    }
                ]
            }
        ],
        "reactions": [
            {
                "name": "ok_hand",
                "users": [
                    "U0331FWGQRM",
                    "U0331FZS7JT"
                ],
                "count": 2
            }
        ]
    },
    {
        "user": "U05KGS6HN9H",
        "type": "message",
        "ts": "1710137917.100009",
        "edited": {
            "user": "U05KGS6HN9H",
            "ts": "1710137947.000000"
        },
        "client_msg_id": "bbe970de-a8a8-40a7-8dc6-61c929107548",
        "text": "<@U0331FWGQRM>\nサンプル7種類、3\/18（月）出荷でお願い致します。\n発送方法はEMSで宜しいでしょうか？",
        "team": "T033D70RR6H",
        "user_team": "T033D70RR6H",
        "source_team": "T033D70RR6H",
        "user_profile": {
            "avatar_hash": "gc4e7258333f",
            "image_72": "https:\/\/secure.gravatar.com\/avatar\/c4e7258333f2958f831d063db85b4542.jpg?s=72&d=https%3A%2F%2Fa.slack-edge.com%2Fdf10d%2Fimg%2Favatars%2Fava_0005-72.png",
            "first_name": "Adachi",
            "real_name": "Adachi",
            "display_name": "足立",
            "team": "T033D70RR6H",
            "name": "tousuien05",
            "is_restricted": false,
            "is_ultra_restricted": false
        },
        "thread_ts": "1709923217.203049",
        "parent_user_id": "U0331FWGQRM",
        "blocks": [
            {
                "type": "rich_text",
                "block_id": "huitb",
                "elements": [
                    {
                        "type": "rich_text_section",
                        "elements": [
                            {
                                "type": "user",
                                "user_id": "U0331FWGQRM"
                            },
                            {
                                "type": "text",
                                "text": "\nサンプル7種類、3\/18（月）出荷でお願い致します。\n発送方法はEMSで宜しいでしょうか？"
                            }
                        ]
                    }
                ]
            }
        ],
        "reactions": [
            {
                "name": "d130b000eb8d6784",
                "users": [
                    "U0331FWGQRM"
                ],
                "count": 1
            },
            {
                "name": "ok_hand",
                "users": [
                    "U0331FWGQRM"
                ],
                "count": 1
            },
            {
                "name": "ok",
                "users": [
                    "U0331FWGQRM"
                ],
                "count": 1
            }
        ]
    },
    {
        "user": "U05KGS6HN9H",
        "type": "message",
        "ts": "1710140016.660839",
        "client_msg_id": "868a02b6-84ff-42fe-8d61-280e43815cb1",
        "text": "<@U0331FWGQRM>\n<@U041RJKV5JA> <@U033G4KN4TD>\n本日3\/11のEMSで出荷しました。\nAWB No EN308342865JP\n宜しくお願い致します。",
        "team": "T033D70RR6H",
        "user_team": "T033D70RR6H",
        "source_team": "T033D70RR6H",
        "user_profile": {
            "avatar_hash": "gc4e7258333f",
            "image_72": "https:\/\/secure.gravatar.com\/avatar\/c4e7258333f2958f831d063db85b4542.jpg?s=72&d=https%3A%2F%2Fa.slack-edge.com%2Fdf10d%2Fimg%2Favatars%2Fava_0005-72.png",
            "first_name": "Adachi",
            "real_name": "Adachi",
            "display_name": "足立",
            "team": "T033D70RR6H",
            "name": "tousuien05",
            "is_restricted": false,
            "is_ultra_restricted": false
        },
        "thread_ts": "1709301854.889119",
        "parent_user_id": "U0331FWGQRM",
        "blocks": [
            {
                "type": "rich_text",
                "block_id": "Hn4Dq",
                "elements": [
                    {
                        "type": "rich_text_section",
                        "elements": [
                            {
                                "type": "user",
                                "user_id": "U0331FWGQRM"
                            },
                            {
                                "type": "text",
                                "text": "\n"
                            },
                            {
                                "type": "user",
                                "user_id": "U041RJKV5JA"
                            },
                            {
                                "type": "text",
                                "text": " "
                            },
                            {
                                "type": "user",
                                "user_id": "U033G4KN4TD"
                            },
                            {
                                "type": "text",
                                "text": "\n本日3\/11のEMSで出荷しました。\nAWB No EN308342865JP\n宜しくお願い致します。"
                            }
                        ]
                    }
                ]
            }
        ],
        "reactions": [
            {
                "name": "d130b000eb8d6784",
                "users": [
                    "U0331FWGQRM"
                ],
                "count": 1
            }
        ]
    }
]