[
    {
        "user": "U0606SPN4BW",
        "type": "message",
        "ts": "1723129261.193329",
        "client_msg_id": "25f3ed5b-dd10-4153-9b44-f00c5d71ce1e",
        "text": "<!subteam^S073HEMKWV7|@hirakawa-adachi-yamamoto-fuse> cc <!subteam^S072Q871SF9|@oka-matsui-furukawa-hayashi-kimura-hasegawa-kawatani>\n:flag-ae:アラブ首長国連邦、 Rida Dangra様からサンプル注文を頂きました。",
        "team": "T033D70RR6H",
        "user_team": "T033D70RR6H",
        "source_team": "T033D70RR6H",
        "user_profile": {
            "avatar_hash": "823d8545f678",
            "image_72": "https:\/\/avatars.slack-edge.com\/2024-04-12\/6946592133062_823d8545f678615a3e0a_72.jpg",
            "first_name": "SATOSHI",
            "real_name": "SATOSHI FURUKAWA",
            "display_name": "古川　敏",
            "team": "T033D70RR6H",
            "name": "jpfreebirds",
            "is_restricted": false,
            "is_ultra_restricted": false
        },
        "thread_ts": "1723129261.193329",
        "reply_count": 5,
        "reply_users_count": 3,
        "latest_reply": "1723273370.062999",
        "reply_users": [
            "U0606SPN4BW",
            "U0331FZTHEK",
            "U05KGS6HN9H"
        ],
        "replies": [
            {
                "user": "U0606SPN4BW",
                "ts": "1723129402.937089"
            },
            {
                "user": "U0606SPN4BW",
                "ts": "1723129618.727679"
            },
            {
                "user": "U0331FZTHEK",
                "ts": "1723162121.967479"
            },
            {
                "user": "U05KGS6HN9H",
                "ts": "1723177834.874549"
            },
            {
                "user": "U05KGS6HN9H",
                "ts": "1723273370.062999"
            }
        ],
        "is_locked": false,
        "subscribed": true,
        "last_read": "1723273370.062999",
        "blocks": [
            {
                "type": "rich_text",
                "block_id": "1BfvN",
                "elements": [
                    {
                        "type": "rich_text_section",
                        "elements": [
                            {
                                "type": "usergroup",
                                "usergroup_id": "S073HEMKWV7"
                            },
                            {
                                "type": "text",
                                "text": " cc "
                            },
                            {
                                "type": "usergroup",
                                "usergroup_id": "S072Q871SF9"
                            },
                            {
                                "type": "text",
                                "text": "\n"
                            },
                            {
                                "type": "emoji",
                                "name": "flag-ae",
                                "unicode": "1f1e6-1f1ea"
                            },
                            {
                                "type": "text",
                                "text": "アラブ首長国連邦、 Rida Dangra様からサンプル注文を頂きました。"
                            }
                        ]
                    }
                ]
            }
        ],
        "reactions": [
            {
                "name": "承知_致しました",
                "users": [
                    "U041RJKV5JA",
                    "U05KGS6HN9H",
                    "U033G4KN4TD"
                ],
                "count": 3
            }
        ]
    },
    {
        "user": "U0606SPN4BW",
        "type": "message",
        "ts": "1723129402.937089",
        "client_msg_id": "a798dc71-c8a0-40d8-a59c-d50ba3e092d2",
        "text": "下記へ発送手続き、および発送日のお知らせをお願いします！\n(お盆休み明けとなる可能性をお伝えしてあります)\n\n\n<@U0331FZTHEK> 入金確認済 (PayPal USD30), 回収処理をお願いします！\n\n\n▼サンプル内容 (合計11点)\n&lt;茶・各20g&gt;\nOrganic Matcha Top - 1 碧翠園 (16000京都)\nOrganic Matcha Top - 2 碧翠園 (12000京都)\n\n袋指定なし、エージレス無し、品名ラベル貼り。\n価格表示：あり (1kgあたりの価格)\n\n\n&lt;30g pull-top缶・3点&gt;\nシルバー\nホワイト\nブラック\n\n\n&lt; zip bag 90-100g用 6点 &gt;\nシルバー 清和 50011\nホワイト・艶あり 清和 10417\nホワイト・マット 清和 50897\nブラック・艶あり 清和 50002\nブラック・マット 清和 50900\nクラフト 清和 11558\n\n\n発送：DHL\n\n\n------------------------\nName: Rida Dangra\nCompany name: TSB\nAddress: Villa 4, Street 91, Al Barsha South 2, Dubai,\nPostal code: 00000\nCountry: UAE\nPhone number: <tel:+971527780205|+971527780205>\ne-mail address: <mailto:getlatecheckout@gmail.com|getlatecheckout@gmail.com>\n------------------------",
        "team": "T033D70RR6H",
        "user_team": "T033D70RR6H",
        "source_team": "T033D70RR6H",
        "user_profile": {
            "avatar_hash": "823d8545f678",
            "image_72": "https:\/\/avatars.slack-edge.com\/2024-04-12\/6946592133062_823d8545f678615a3e0a_72.jpg",
            "first_name": "SATOSHI",
            "real_name": "SATOSHI FURUKAWA",
            "display_name": "古川　敏",
            "team": "T033D70RR6H",
            "name": "jpfreebirds",
            "is_restricted": false,
            "is_ultra_restricted": false
        },
        "thread_ts": "1723129261.193329",
        "parent_user_id": "U0606SPN4BW",
        "blocks": [
            {
                "type": "rich_text",
                "block_id": "2uuzW",
                "elements": [
                    {
                        "type": "rich_text_section",
                        "elements": [
                            {
                                "type": "text",
                                "text": "下記へ発送手続き、および発送日のお知らせをお願いします！\n(お盆休み明けとなる可能性をお伝えしてあります)\n\n\n"
                            },
                            {
                                "type": "user",
                                "user_id": "U0331FZTHEK"
                            },
                            {
                                "type": "text",
                                "text": " 入金確認済 (PayPal USD30), 回収処理をお願いします！\n\n\n▼サンプル内容 (合計11点)\n<茶・各20g>\nOrganic Matcha Top - 1 碧翠園 (16000京都)\nOrganic Matcha Top - 2 碧翠園 (12000京都)\n\n袋指定なし、エージレス無し、品名ラベル貼り。\n価格表示：あり (1kgあたりの価格)\n\n\n<30g pull-top缶・3点>\nシルバー\nホワイト\nブラック\n\n\n< zip bag 90-100g用 6点 >\nシルバー 清和 50011\nホワイト・艶あり 清和 10417\nホワイト・マット 清和 50897\nブラック・艶あり 清和 50002\nブラック・マット 清和 50900\nクラフト 清和 11558\n\n\n発送：DHL\n\n\n------------------------\nName: Rida Dangra\nCompany name: TSB\nAddress: Villa 4, Street 91, Al Barsha South 2, Dubai,\nPostal code: 00000\nCountry: UAE\nPhone number: "
                            },
                            {
                                "type": "link",
                                "url": "tel:+971527780205",
                                "text": "+971527780205"
                            },
                            {
                                "type": "text",
                                "text": "\ne-mail address: "
                            },
                            {
                                "type": "link",
                                "url": "mailto:getlatecheckout@gmail.com",
                                "text": "getlatecheckout@gmail.com"
                            },
                            {
                                "type": "text",
                                "text": "\n------------------------"
                            }
                        ]
                    }
                ]
            }
        ],
        "reactions": [
            {
                "name": "d130b000eb8d6784",
                "users": [
                    "U0331FZTHEK"
                ],
                "count": 1
            }
        ]
    },
    {
        "text": "▼価格表示用 (1kgあたりのみ表示)",
        "files": [
            {
                "id": "F07FXAGL338",
                "created": 1723129576,
                "timestamp": 1723129576,
                "name": "Quotation_tousuien_20240808_variety.pdf",
                "title": "Quotation_tousuien_20240808_variety.pdf",
                "mimetype": "application\/pdf",
                "filetype": "pdf",
                "pretty_type": "PDF",
                "user": "U0606SPN4BW",
                "user_team": "T033D70RR6H",
                "editable": false,
                "size": 391879,
                "mode": "hosted",
                "is_external": false,
                "external_type": "",
                "is_public": true,
                "public_url_shared": false,
                "display_as_bot": false,
                "username": "",
                "url_private": "https:\/\/files.slack.com\/files-pri\/T033D70RR6H-F07FXAGL338\/quotation_tousuien_20240808_variety.pdf?token=xoxe-3115238875221-9710624591398-9697214945543-aa82359f925d11baadb4ddc07b089467",
                "url_private_download": "https:\/\/files.slack.com\/files-pri\/T033D70RR6H-F07FXAGL338\/download\/quotation_tousuien_20240808_variety.pdf?token=xoxe-3115238875221-9710624591398-9697214945543-aa82359f925d11baadb4ddc07b089467",
                "media_display_type": "unknown",
                "thumb_pdf": "https:\/\/files.slack.com\/files-tmb\/T033D70RR6H-F07FXAGL338-394c13ce31\/quotation_tousuien_20240808_variety_thumb_pdf.png?t=xoxe-3115238875221-9710624591398-9697214945543-aa82359f925d11baadb4ddc07b089467",
                "thumb_pdf_w": 909,
                "thumb_pdf_h": 1286,
                "permalink": "https:\/\/grp-ssm9297.slack.com\/files\/U0331FWGQRM\/F07FXAGL338\/quotation_tousuien_20240808_variety.pdf",
                "permalink_public": "https:\/\/slack-files.com\/T033D70RR6H-F07FXAGL338-d182eb5d24",
                "is_starred": false,
                "skipped_shares": true,
                "has_rich_preview": false,
                "file_access": "visible"
            }
        ],
        "upload": false,
        "user": "U0606SPN4BW",
        "display_as_bot": false,
        "blocks": [
            {
                "type": "rich_text",
                "block_id": "30zU+",
                "elements": [
                    {
                        "type": "rich_text_section",
                        "elements": [
                            {
                                "type": "text",
                                "text": "▼価格表示用 (1kgあたりのみ表示)"
                            }
                        ]
                    }
                ]
            }
        ],
        "type": "message",
        "ts": "1723129618.727679",
        "client_msg_id": "a91cd047-8799-492c-a3ba-902c8a71589d",
        "thread_ts": "1723129261.193329",
        "parent_user_id": "U0606SPN4BW"
    },
    {
        "text": "<!subteam^S073HEMKWV7|@hirakawa-adachi-yamamoto-fuse> cc <@U066P20UQH1>\nBaselさんから集荷手配をした旨、連絡がありました！\n送り状を添付しましたので集荷・発送のご対応をよろしくお願いします！\n-----\n集荷詳細:\n2024年8月9日（金）\n午前9時から午後6時の間\n追跡番号: 8341557836\n荷物番号: JD014600011645112852\n集荷確認番号: CBJ240809671412\n-----",
        "files": [
            {
                "id": "F07GSSV9ZU0",
                "created": 1723130775,
                "timestamp": 1723130775,
                "name": "DOCUMENTS_8341557836.pdf",
                "title": "DOCUMENTS_8341557836.pdf",
                "mimetype": "application\/pdf",
                "filetype": "pdf",
                "pretty_type": "PDF",
                "user": "U0606SPN4BW",
                "user_team": "T033D70RR6H",
                "editable": false,
                "size": 88892,
                "mode": "hosted",
                "is_external": false,
                "external_type": "",
                "is_public": true,
                "public_url_shared": false,
                "display_as_bot": false,
                "username": "",
                "url_private": "https:\/\/files.slack.com\/files-pri\/T033D70RR6H-F07GSSV9ZU0\/documents_8341557836.pdf?token=xoxe-3115238875221-9710624591398-9697214945543-aa82359f925d11baadb4ddc07b089467",
                "url_private_download": "https:\/\/files.slack.com\/files-pri\/T033D70RR6H-F07GSSV9ZU0\/download\/documents_8341557836.pdf?token=xoxe-3115238875221-9710624591398-9697214945543-aa82359f925d11baadb4ddc07b089467",
                "media_display_type": "unknown",
                "thumb_pdf": "https:\/\/files.slack.com\/files-tmb\/T033D70RR6H-F07GSSV9ZU0-4286360240\/documents_8341557836_thumb_pdf.png?t=xoxe-3115238875221-9710624591398-9697214945543-aa82359f925d11baadb4ddc07b089467",
                "thumb_pdf_w": 1286,
                "thumb_pdf_h": 909,
                "permalink": "https:\/\/grp-ssm9297.slack.com\/files\/U0331FWGQRM\/F07GSSV9ZU0\/documents_8341557836.pdf",
                "permalink_public": "https:\/\/slack-files.com\/T033D70RR6H-F07GSSV9ZU0-490286983c",
                "is_starred": false,
                "skipped_shares": true,
                "has_rich_preview": false,
                "file_access": "visible"
            }
        ],
        "upload": false,
        "user": "U0606SPN4BW",
        "display_as_bot": false,
        "blocks": [
            {
                "type": "rich_text",
                "block_id": "ebW72",
                "elements": [
                    {
                        "type": "rich_text_section",
                        "elements": [
                            {
                                "type": "usergroup",
                                "usergroup_id": "S073HEMKWV7"
                            },
                            {
                                "type": "text",
                                "text": " cc "
                            },
                            {
                                "type": "user",
                                "user_id": "U066P20UQH1"
                            },
                            {
                                "type": "text",
                                "text": "\nBaselさんから集荷手配をした旨、連絡がありました！\n送り状を添付しましたので集荷・発送のご対応をよろしくお願いします！\n-----\n集荷詳細:\n2024年8月9日（金）\n午前9時から午後6時の間\n追跡番号: 8341557836\n荷物番号: JD014600011645112852\n集荷確認番号: CBJ240809671412\n-----"
                            }
                        ]
                    }
                ]
            }
        ],
        "type": "message",
        "ts": "1723130946.629219",
        "client_msg_id": "23286e7d-0821-468e-9b6f-73e8947e96dd",
        "thread_ts": "1722875309.351169",
        "parent_user_id": "U0606SPN4BW",
        "reactions": [
            {
                "name": "承知_致しました",
                "users": [
                    "U05KGS6HN9H"
                ],
                "count": 1
            }
        ]
    },
    {
        "user": "U0606SPN4BW",
        "type": "message",
        "ts": "1723131071.967779",
        "client_msg_id": "e595ad1f-24c5-4e24-832e-31b37fd22688",
        "text": "<!subteam^S073HEMKWV7|@hirakawa-adachi-yamamoto-fuse>\n集荷完了後、お手数ですがご一報をお願いします。\n追って先方にお知らせします！",
        "team": "T033D70RR6H",
        "user_team": "T033D70RR6H",
        "source_team": "T033D70RR6H",
        "user_profile": {
            "avatar_hash": "823d8545f678",
            "image_72": "https:\/\/avatars.slack-edge.com\/2024-04-12\/6946592133062_823d8545f678615a3e0a_72.jpg",
            "first_name": "SATOSHI",
            "real_name": "SATOSHI FURUKAWA",
            "display_name": "古川　敏",
            "team": "T033D70RR6H",
            "name": "jpfreebirds",
            "is_restricted": false,
            "is_ultra_restricted": false
        },
        "thread_ts": "1722875309.351169",
        "parent_user_id": "U0606SPN4BW",
        "blocks": [
            {
                "type": "rich_text",
                "block_id": "D2gHe",
                "elements": [
                    {
                        "type": "rich_text_section",
                        "elements": [
                            {
                                "type": "usergroup",
                                "usergroup_id": "S073HEMKWV7"
                            },
                            {
                                "type": "text",
                                "text": "\n集荷完了後、お手数ですがご一報をお願いします。\n追って先方にお知らせします！"
                            }
                        ]
                    }
                ]
            }
        ]
    },
    {
        "user": "U066P20UQH1",
        "type": "message",
        "ts": "1723160619.028709",
        "client_msg_id": "ef8243f1-ea88-4748-a073-3770beeedc35",
        "text": "<!subteam^S073HEMKWV7|@hirakawa-adachi-yamamoto-fuse> <!subteam^S072Q871SF9|@oka-matsui-furukawa-hayashi-kimura-hasegawa-kawatani>\n:gb:　イギリス：Aaron Providence様よりサンプル注文をいただきました。",
        "team": "T033D70RR6H",
        "user_team": "T033D70RR6H",
        "source_team": "T033D70RR6H",
        "user_profile": {
            "avatar_hash": "179323cb3551",
            "image_72": "https:\/\/avatars.slack-edge.com\/2024-04-12\/6955353714228_179323cb3551f7c8ecfe_72.png",
            "first_name": "Haruka",
            "real_name": "Haruka Hayashi",
            "display_name": "林遥香",
            "team": "T033D70RR6H",
            "name": "haru.nboc",
            "is_restricted": false,
            "is_ultra_restricted": false
        },
        "thread_ts": "1723160619.028709",
        "reply_count": 6,
        "reply_users_count": 4,
        "latest_reply": "1723775814.888709",
        "reply_users": [
            "U066P20UQH1",
            "U0606SPN4BW",
            "U0331FZTHEK",
            "U05KGS6HN9H"
        ],
        "replies": [
            {
                "user": "U066P20UQH1",
                "ts": "1723162101.925499"
            },
            {
                "user": "U0606SPN4BW",
                "ts": "1723210770.706799"
            },
            {
                "user": "U0331FZTHEK",
                "ts": "1723243363.440149"
            },
            {
                "user": "U066P20UQH1",
                "ts": "1723256938.029049"
            },
            {
                "user": "U05KGS6HN9H",
                "ts": "1723258839.197689"
            },
            {
                "user": "U05KGS6HN9H",
                "ts": "1723775814.888709"
            }
        ],
        "is_locked": false,
        "subscribed": true,
        "last_read": "1723775814.888709",
        "blocks": [
            {
                "type": "rich_text",
                "block_id": "VtL99",
                "elements": [
                    {
                        "type": "rich_text_section",
                        "elements": [
                            {
                                "type": "usergroup",
                                "usergroup_id": "S073HEMKWV7"
                            },
                            {
                                "type": "text",
                                "text": " "
                            },
                            {
                                "type": "usergroup",
                                "usergroup_id": "S072Q871SF9"
                            },
                            {
                                "type": "text",
                                "text": "\n"
                            },
                            {
                                "type": "emoji",
                                "name": "gb",
                                "unicode": "1f1ec-1f1e7"
                            },
                            {
                                "type": "text",
                                "text": "　イギリス：Aaron Providence様よりサンプル注文をいただきました。"
                            }
                        ]
                    }
                ]
            }
        ],
        "reactions": [
            {
                "name": "承知_致しました",
                "users": [
                    "U033G4KN4TD",
                    "U05KGS6HN9H"
                ],
                "count": 2
            }
        ]
    },
    {
        "user": "U066P20UQH1",
        "type": "message",
        "ts": "1723162101.925499",
        "client_msg_id": "5451a0c3-985c-4dee-9985-43ad3f2e01f6",
        "text": "*TSE-FCG-SPL-001-24*\nでinvoice作成しましたのでご確認お願いいたします！\n\nスプシも更新済みですので合わせてご確認ください。\n\n<@U0331FZTHEK> <!subteam^S073HEMKWV7|@hirakawa-adachi-yamamoto-fuse>\n入金待ちです。\n入金あり次第出荷手配お願いいたします！",
        "team": "T033D70RR6H",
        "user_team": "T033D70RR6H",
        "source_team": "T033D70RR6H",
        "user_profile": {
            "avatar_hash": "179323cb3551",
            "image_72": "https:\/\/avatars.slack-edge.com\/2024-04-12\/6955353714228_179323cb3551f7c8ecfe_72.png",
            "first_name": "Haruka",
            "real_name": "Haruka Hayashi",
            "display_name": "林遥香",
            "team": "T033D70RR6H",
            "name": "haru.nboc",
            "is_restricted": false,
            "is_ultra_restricted": false
        },
        "thread_ts": "1723160619.028709",
        "parent_user_id": "U066P20UQH1",
        "blocks": [
            {
                "type": "rich_text",
                "block_id": "Us3iz",
                "elements": [
                    {
                        "type": "rich_text_section",
                        "elements": [
                            {
                                "type": "text",
                                "text": "TSE-FCG-SPL-001-24",
                                "style": {
                                    "bold": true
                                }
                            },
                            {
                                "type": "text",
                                "text": "\nでinvoice作成しましたのでご確認お願いいたします！\n\nスプシも更新済みですので合わせてご確認ください。\n\n"
                            },
                            {
                                "type": "user",
                                "user_id": "U0331FZTHEK"
                            },
                            {
                                "type": "text",
                                "text": " "
                            },
                            {
                                "type": "usergroup",
                                "usergroup_id": "S073HEMKWV7"
                            },
                            {
                                "type": "text",
                                "text": "\n入金待ちです。\n入金あり次第出荷手配お願いいたします！"
                            }
                        ]
                    }
                ]
            }
        ],
        "reactions": [
            {
                "name": "d130b000eb8d6784",
                "users": [
                    "U0331FZTHEK"
                ],
                "count": 1
            },
            {
                "name": "承知_致しました",
                "users": [
                    "U0331FZTHEK"
                ],
                "count": 1
            }
        ]
    },
    {
        "user": "U0331FZTHEK",
        "type": "message",
        "ts": "1723162121.967479",
        "client_msg_id": "fdaf5ec1-15fc-4b0d-acff-a2cca50707c3",
        "text": "<@U0606SPN4BW>\n <!subteam^S073HEMKWV7|@hirakawa-adachi-yamamoto-fuse>\nご入金を確認致しました。\n・8\/8 [PayPal]\n・30 USD\n回収（入金）処理致します。\nよろしくお願いします。",
        "team": "T033D70RR6H",
        "user_team": "T033D70RR6H",
        "source_team": "T033D70RR6H",
        "user_profile": {
            "avatar_hash": "21cdbd6a05f9",
            "image_72": "https:\/\/avatars.slack-edge.com\/2022-02-16\/3115258488741_21cdbd6a05f9a69110f7_72.png",
            "first_name": "Mitsunobu",
            "real_name": "Mitsunobu Katayose",
            "display_name": "片寄",
            "team": "T033D70RR6H",
            "name": "tousuien03",
            "is_restricted": false,
            "is_ultra_restricted": false
        },
        "thread_ts": "1723129261.193329",
        "parent_user_id": "U0606SPN4BW",
        "blocks": [
            {
                "type": "rich_text",
                "block_id": "YXFFc",
                "elements": [
                    {
                        "type": "rich_text_section",
                        "elements": [
                            {
                                "type": "user",
                                "user_id": "U0606SPN4BW"
                            },
                            {
                                "type": "text",
                                "text": "\n "
                            },
                            {
                                "type": "usergroup",
                                "usergroup_id": "S073HEMKWV7"
                            },
                            {
                                "type": "text",
                                "text": "\nご入金を確認致しました。\n・8\/8 [PayPal]\n・30 USD\n回収（入金）処理致します。\nよろしくお願いします。"
                            }
                        ]
                    }
                ]
            }
        ],
        "reactions": [
            {
                "name": "d130b000eb8d6784",
                "users": [
                    "U0606SPN4BW"
                ],
                "count": 1
            },
            {
                "name": "入金完了",
                "users": [
                    "U0331FZTHEK"
                ],
                "count": 1
            }
        ]
    },
    {
        "text": "<@U0606SPN4BW>\n<!subteam^S073HEMKWV7|@hirakawa-adachi-yamamoto-fuse>\n風袋サンプル1種類（清和No.50011）が明日8\/10着予定です。\n揃い次第8\/10発送で準備致します。\n30g缶は中国製（画像）を発送致します。",
        "files": [
            {
                "id": "F07FSPXKJVD",
                "created": 1723177828,
                "timestamp": 1723177828,
                "name": "中国製30g缶サンプル.jpg",
                "title": "中国製30g缶サンプル.jpg",
                "mimetype": "image\/jpeg",
                "filetype": "jpg",
                "pretty_type": "JPEG",
                "user": "U05KGS6HN9H",
                "user_team": "T033D70RR6H",
                "editable": false,
                "size": 144964,
                "mode": "hosted",
                "is_external": false,
                "external_type": "",
                "is_public": true,
                "public_url_shared": false,
                "display_as_bot": false,
                "username": "",
                "url_private": "https:\/\/files.slack.com\/files-pri\/T033D70RR6H-F07FSPXKJVD\/_________30g_______________.jpg?token=xoxe-3115238875221-9710624591398-9697214945543-aa82359f925d11baadb4ddc07b089467",
                "url_private_download": "https:\/\/files.slack.com\/files-pri\/T033D70RR6H-F07FSPXKJVD\/download\/_________30g_______________.jpg?token=xoxe-3115238875221-9710624591398-9697214945543-aa82359f925d11baadb4ddc07b089467",
                "media_display_type": "unknown",
                "thumb_64": "https:\/\/files.slack.com\/files-tmb\/T033D70RR6H-F07FSPXKJVD-6ce8a3a898\/_________30g________________64.jpg?t=xoxe-3115238875221-9710624591398-9697214945543-aa82359f925d11baadb4ddc07b089467",
                "thumb_80": "https:\/\/files.slack.com\/files-tmb\/T033D70RR6H-F07FSPXKJVD-6ce8a3a898\/_________30g________________80.jpg?t=xoxe-3115238875221-9710624591398-9697214945543-aa82359f925d11baadb4ddc07b089467",
                "thumb_360": "https:\/\/files.slack.com\/files-tmb\/T033D70RR6H-F07FSPXKJVD-6ce8a3a898\/_________30g________________360.jpg?t=xoxe-3115238875221-9710624591398-9697214945543-aa82359f925d11baadb4ddc07b089467",
                "thumb_360_w": 360,
                "thumb_360_h": 203,
                "thumb_480": "https:\/\/files.slack.com\/files-tmb\/T033D70RR6H-F07FSPXKJVD-6ce8a3a898\/_________30g________________480.jpg?t=xoxe-3115238875221-9710624591398-9697214945543-aa82359f925d11baadb4ddc07b089467",
                "thumb_480_w": 480,
                "thumb_480_h": 270,
                "thumb_160": "https:\/\/files.slack.com\/files-tmb\/T033D70RR6H-F07FSPXKJVD-6ce8a3a898\/_________30g________________160.jpg?t=xoxe-3115238875221-9710624591398-9697214945543-aa82359f925d11baadb4ddc07b089467",
                "thumb_720": "https:\/\/files.slack.com\/files-tmb\/T033D70RR6H-F07FSPXKJVD-6ce8a3a898\/_________30g________________720.jpg?t=xoxe-3115238875221-9710624591398-9697214945543-aa82359f925d11baadb4ddc07b089467",
                "thumb_720_w": 720,
                "thumb_720_h": 405,
                "thumb_800": "https:\/\/files.slack.com\/files-tmb\/T033D70RR6H-F07FSPXKJVD-6ce8a3a898\/_________30g________________800.jpg?t=xoxe-3115238875221-9710624591398-9697214945543-aa82359f925d11baadb4ddc07b089467",
                "thumb_800_w": 800,
                "thumb_800_h": 450,
                "thumb_960": "https:\/\/files.slack.com\/files-tmb\/T033D70RR6H-F07FSPXKJVD-6ce8a3a898\/_________30g________________960.jpg?t=xoxe-3115238875221-9710624591398-9697214945543-aa82359f925d11baadb4ddc07b089467",
                "thumb_960_w": 960,
                "thumb_960_h": 540,
                "thumb_1024": "https:\/\/files.slack.com\/files-tmb\/T033D70RR6H-F07FSPXKJVD-6ce8a3a898\/_________30g________________1024.jpg?t=xoxe-3115238875221-9710624591398-9697214945543-aa82359f925d11baadb4ddc07b089467",
                "thumb_1024_w": 1024,
                "thumb_1024_h": 576,
                "original_w": 1706,
                "original_h": 960,
                "thumb_tiny": "AwAbADB6glsCneWB\/F+lJkRsDmmySHHA\/GkkNtiqm\/knAFDpgE5qCKaSPhl3fTtTpJzKNqqVxyc9TRZWC7uS7QpxjNKy4APrSxHdEGY4B\/WkkOWGDnFNrQSbuDgE570x1BUjBHpipDTDU3KsNXIY7lOPUUuN44B47mnjpSrRcLDUBCAOCCBjNBH509ulMNMSR\/\/Z",
                "permalink": "https:\/\/grp-ssm9297.slack.com\/files\/U0331FWGQRM\/F07FSPXKJVD\/_________30g_______________.jpg",
                "permalink_public": "https:\/\/slack-files.com\/T033D70RR6H-F07FSPXKJVD-fe5d5a88f1",
                "is_starred": false,
                "skipped_shares": true,
                "has_rich_preview": false,
                "file_access": "visible"
            }
        ],
        "upload": false,
        "user": "U05KGS6HN9H",
        "display_as_bot": false,
        "blocks": [
            {
                "type": "rich_text",
                "block_id": "gkFwC",
                "elements": [
                    {
                        "type": "rich_text_section",
                        "elements": [
                            {
                                "type": "user",
                                "user_id": "U0606SPN4BW"
                            },
                            {
                                "type": "text",
                                "text": "\n"
                            },
                            {
                                "type": "usergroup",
                                "usergroup_id": "S073HEMKWV7"
                            },
                            {
                                "type": "text",
                                "text": "\n風袋サンプル1種類（清和No.50011）が明日8\/10着予定です。\n揃い次第8\/10発送で準備致します。\n30g缶は中国製（画像）を発送致します。"
                            }
                        ]
                    }
                ]
            }
        ],
        "type": "message",
        "ts": "1723177834.874549",
        "client_msg_id": "d7812f08-666a-42ff-bdc4-c672aab9ae8e",
        "thread_ts": "1723129261.193329",
        "parent_user_id": "U0606SPN4BW",
        "reactions": [
            {
                "name": "d130b000eb8d6784",
                "users": [
                    "U0606SPN4BW"
                ],
                "count": 1
            }
        ]
    },
    {
        "user": "U05KGS6HN9H",
        "type": "message",
        "ts": "1723186323.357919",
        "client_msg_id": "89653f1d-6d83-4b80-b700-e8ed34e4d937",
        "text": "<@U0606SPN4BW>\n<!subteam^S073HEMKWV7|@hirakawa-adachi-yamamoto-fuse>\n本日8\/9のUPSで発送しました。\nAWB No 1Z219Y8R0410942841\n宜しくお願い致します。",
        "team": "T033D70RR6H",
        "user_team": "T033D70RR6H",
        "source_team": "T033D70RR6H",
        "user_profile": {
            "avatar_hash": "gc4e7258333f",
            "image_72": "https:\/\/secure.gravatar.com\/avatar\/c4e7258333f2958f831d063db85b4542.jpg?s=72&d=https%3A%2F%2Fa.slack-edge.com%2Fdf10d%2Fimg%2Favatars%2Fava_0005-72.png",
            "first_name": "Adachi",
            "real_name": "Adachi",
            "display_name": "足立",
            "team": "T033D70RR6H",
            "name": "tousuien05",
            "is_restricted": false,
            "is_ultra_restricted": false
        },
        "thread_ts": "1723053138.688369",
        "parent_user_id": "U0606SPN4BW",
        "blocks": [
            {
                "type": "rich_text",
                "block_id": "G3xBm",
                "elements": [
                    {
                        "type": "rich_text_section",
                        "elements": [
                            {
                                "type": "user",
                                "user_id": "U0606SPN4BW"
                            },
                            {
                                "type": "text",
                                "text": "\n"
                            },
                            {
                                "type": "usergroup",
                                "usergroup_id": "S073HEMKWV7"
                            },
                            {
                                "type": "text",
                                "text": "\n本日8\/9のUPSで発送しました。\nAWB No 1Z219Y8R0410942841\n宜しくお願い致します。"
                            }
                        ]
                    }
                ]
            }
        ],
        "reactions": [
            {
                "name": "承知-1",
                "users": [
                    "U066P20UQH1"
                ],
                "count": 1
            },
            {
                "name": "d130b000eb8d6784",
                "users": [
                    "U0606SPN4BW"
                ],
                "count": 1
            }
        ]
    }
]