[
    {
        "user": "U0606SPN4BW",
        "type": "message",
        "ts": "1714932698.907459",
        "client_msg_id": "e019097c-6480-49f3-99f5-12e126da372f",
        "text": "<@U041RJKV5JA> <@U05KGS6HN9H> <@U033G4KN4TD> cc <@U0331FZS7JT> <@U0331FWGQRM>\nイギリス、Lalintip Pichaironnarongsongkram (Matcha Life LTD) 様からサンプル注文を頂きました。\n下記へ発送手続き、および発送日のお知らせをお願いします！\n*今回のサンプル量は*各20gではなく、30gとなります*のでご注意願いいます。\n\n<@U0331FZTHEK>: 入金確認済 (PayPal USD30), 回収処理をお願いします！\n\n\n▼サンプル内容 (計 3点)\n&lt;各30g&gt;\nOrganic Matcha Top grade - 1 (碧翠園 16000京都)\nOrganic Matcha Upper grade - 1 (鹿児島製茶 鹿児島 A)\nOrganic Matcha Shizuoka - 杉本製茶 有機抹茶B\n↑\n&lt; 備考 &gt;\nお客様のご要望により、杉本製茶から100%静岡産の抹茶のサンプルを取り寄せ済みです。\n(杉本製茶 有機抹茶B)\nサンプルの保管場所、詳細について不明点があれば社長に確認お願いします。\n\n袋指定なし、エージレス無し、品名ラベル貼り。\n\n発送:DHL\n\nTSE-LTP-SMP-002-24\n\n------------------------\n・Company name: Matcha Life LTD\n・Name: Lalintip Pichaironnarongsongkram\n・Delivery address: 3 The Walled Garden, Kingscote, Tetbury, United Kingdom\n・Postal code: GL8 8YP\n・Phone number: 07809 486960\n・e-mail: <mailto:Matchalife.co@gmail.com|Matchalife.co@gmail.com>\n・EORI: GB097002714000\n------------------------",
        "team": "T033D70RR6H",
        "user_team": "T033D70RR6H",
        "source_team": "T033D70RR6H",
        "user_profile": {
            "avatar_hash": "823d8545f678",
            "image_72": "https:\/\/avatars.slack-edge.com\/2024-04-12\/6946592133062_823d8545f678615a3e0a_72.jpg",
            "first_name": "SATOSHI",
            "real_name": "SATOSHI FURUKAWA",
            "display_name": "古川　敏",
            "team": "T033D70RR6H",
            "name": "jpfreebirds",
            "is_restricted": false,
            "is_ultra_restricted": false
        },
        "thread_ts": "1714932698.907459",
        "reply_count": 3,
        "reply_users_count": 2,
        "latest_reply": "1715238629.544659",
        "reply_users": [
            "U0331FZTHEK",
            "U05KGS6HN9H"
        ],
        "replies": [
            {
                "user": "U0331FZTHEK",
                "ts": "1715035791.947549"
            },
            {
                "user": "U05KGS6HN9H",
                "ts": "1715045910.614019"
            },
            {
                "user": "U05KGS6HN9H",
                "ts": "1715238629.544659"
            }
        ],
        "is_locked": false,
        "subscribed": true,
        "last_read": "1715238629.544659",
        "blocks": [
            {
                "type": "rich_text",
                "block_id": "SLAcj",
                "elements": [
                    {
                        "type": "rich_text_section",
                        "elements": [
                            {
                                "type": "user",
                                "user_id": "U041RJKV5JA"
                            },
                            {
                                "type": "text",
                                "text": " "
                            },
                            {
                                "type": "user",
                                "user_id": "U05KGS6HN9H"
                            },
                            {
                                "type": "text",
                                "text": " "
                            },
                            {
                                "type": "user",
                                "user_id": "U033G4KN4TD"
                            },
                            {
                                "type": "text",
                                "text": " cc "
                            },
                            {
                                "type": "user",
                                "user_id": "U0331FZS7JT"
                            },
                            {
                                "type": "text",
                                "text": " "
                            },
                            {
                                "type": "user",
                                "user_id": "U0331FWGQRM"
                            },
                            {
                                "type": "text",
                                "text": "\nイギリス、Lalintip Pichaironnarongsongkram (Matcha Life LTD) 様からサンプル注文を頂きました。\n下記へ発送手続き、および発送日のお知らせをお願いします！\n*今回のサンプル量は"
                            },
                            {
                                "type": "text",
                                "text": "各20gではなく、30gとなります",
                                "style": {
                                    "bold": true
                                }
                            },
                            {
                                "type": "text",
                                "text": "のでご注意願いいます。\n\n"
                            },
                            {
                                "type": "user",
                                "user_id": "U0331FZTHEK"
                            },
                            {
                                "type": "text",
                                "text": ": 入金確認済 (PayPal USD30), 回収処理をお願いします！\n\n\n▼サンプル内容 (計 3点)\n<各30g>\nOrganic Matcha Top grade - 1 (碧翠園 16000京都)\nOrganic Matcha Upper grade - 1 (鹿児島製茶 鹿児島 A)\nOrganic Matcha Shizuoka - 杉本製茶 有機抹茶B\n↑\n< 備考 >\nお客様のご要望により、杉本製茶から100%静岡産の抹茶のサンプルを取り寄せ済みです。\n(杉本製茶 有機抹茶B)\nサンプルの保管場所、詳細について不明点があれば社長に確認お願いします。\n\n袋指定なし、エージレス無し、品名ラベル貼り。\n\n発送:DHL\n\nTSE-LTP-SMP-002-24\n\n------------------------\n・Company name: Matcha Life LTD\n・Name: Lalintip Pichaironnarongsongkram\n・Delivery address: 3 The Walled Garden, Kingscote, Tetbury, United Kingdom\n・Postal code: GL8 8YP\n・Phone number: 07809 486960\n・e-mail: "
                            },
                            {
                                "type": "link",
                                "url": "mailto:Matchalife.co@gmail.com",
                                "text": "Matchalife.co@gmail.com"
                            },
                            {
                                "type": "text",
                                "text": "\n・EORI: GB097002714000\n------------------------"
                            }
                        ]
                    }
                ]
            }
        ],
        "reactions": [
            {
                "name": "承知_致しました",
                "users": [
                    "U041RJKV5JA",
                    "U033G4KN4TD",
                    "U05KGS6HN9H"
                ],
                "count": 3
            }
        ]
    }
]