[
    {
        "user": "U0606SPN4BW",
        "type": "message",
        "ts": "1709550668.141429",
        "client_msg_id": "4d8121bb-2d66-4e65-a3f4-0c4d304503c4",
        "text": "<@U041RJKV5JA> <@U05KGS6HN9H> <@U033G4KN4TD> cc <@U0331FZS7JT> <@U0331FWGQRM>\nアメリカ、Bianca Pearson (Matcha cita) 様から下記内容でサンプル注文を頂きました。\n*入金確認後* (PayPal USD30) 下記へ発送願います！\n\nTSE-BPR-SMP-001-24\n\n▼サンプル内容 (計 3点)\n&lt;各20g&gt;\nOrganic Matcha Upper grade - 1　(鹿児島製茶, 鹿児島 A)\nOrganic Matcha Upper grade - 2　(鹿児島製茶, 鹿児島 1A)\nOrganic Matcha Middle grade - 1 (鹿児島製茶, 鹿児島 B)\n\n\n袋指定なし、エージレス無し、品名ラベル貼り。\n\n発送:DHL\n\n------------------------\n・Company name: Matcha cita\n・Name: Bianca Pearson\n・Address: 1017 west lake steeet Chicago IL, USA\n・Zip code: 60607\n・Phone number: <tel:+18153192414|+1 8153192414>\n・e-mail:<mailto:Bianca@matchacitachi.com|Bianca@matchacitachi.com>\n\n・EIN: 「持っている。」とのことですが、現時点では聞き出せていません。サンプルなので「なし」にて進めて頂ければと思います。\n発送までに聞き出せた場合は追ってお知らせします！\n------------------------",
        "team": "T033D70RR6H",
        "user_team": "T033D70RR6H",
        "source_team": "T033D70RR6H",
        "user_profile": {
            "avatar_hash": "823d8545f678",
            "image_72": "https:\/\/avatars.slack-edge.com\/2024-04-12\/6946592133062_823d8545f678615a3e0a_72.jpg",
            "first_name": "SATOSHI",
            "real_name": "SATOSHI FURUKAWA",
            "display_name": "古川　敏",
            "team": "T033D70RR6H",
            "name": "jpfreebirds",
            "is_restricted": false,
            "is_ultra_restricted": false
        },
        "thread_ts": "1709550668.141429",
        "reply_count": 3,
        "reply_users_count": 2,
        "latest_reply": "1709801027.788619",
        "reply_users": [
            "U05KGS6HN9H",
            "U0331FZTHEK"
        ],
        "replies": [
            {
                "user": "U05KGS6HN9H",
                "ts": "1709612621.258899"
            },
            {
                "user": "U0331FZTHEK",
                "ts": "1709698724.798459"
            },
            {
                "user": "U05KGS6HN9H",
                "ts": "1709801027.788619"
            }
        ],
        "is_locked": false,
        "subscribed": true,
        "last_read": "1709801027.788619",
        "blocks": [
            {
                "type": "rich_text",
                "block_id": "3cx2e",
                "elements": [
                    {
                        "type": "rich_text_section",
                        "elements": [
                            {
                                "type": "user",
                                "user_id": "U041RJKV5JA"
                            },
                            {
                                "type": "text",
                                "text": " "
                            },
                            {
                                "type": "user",
                                "user_id": "U05KGS6HN9H"
                            },
                            {
                                "type": "text",
                                "text": " "
                            },
                            {
                                "type": "user",
                                "user_id": "U033G4KN4TD"
                            },
                            {
                                "type": "text",
                                "text": " cc "
                            },
                            {
                                "type": "user",
                                "user_id": "U0331FZS7JT"
                            },
                            {
                                "type": "text",
                                "text": " "
                            },
                            {
                                "type": "user",
                                "user_id": "U0331FWGQRM"
                            },
                            {
                                "type": "text",
                                "text": "\nアメリカ、Bianca Pearson (Matcha cita) 様から下記内容でサンプル注文を頂きました。\n"
                            },
                            {
                                "type": "text",
                                "text": "入金確認後 ",
                                "style": {
                                    "bold": true
                                }
                            },
                            {
                                "type": "text",
                                "text": "(PayPal USD30) 下記へ発送願います！\n\nTSE-BPR-SMP-001-24\n\n▼サンプル内容 (計 3点)\n<各20g>\nOrganic Matcha Upper grade - 1　(鹿児島製茶, 鹿児島 A)\nOrganic Matcha Upper grade - 2　(鹿児島製茶, 鹿児島 1A)\nOrganic Matcha Middle grade - 1 (鹿児島製茶, 鹿児島 B)\n\n\n袋指定なし、エージレス無し、品名ラベル貼り。\n\n発送:DHL\n\n------------------------\n・Company name: Matcha cita\n・Name: Bianca Pearson\n・Address: 1017 west lake steeet Chicago IL, USA\n・Zip code: 60607\n・Phone number: "
                            },
                            {
                                "type": "link",
                                "url": "tel:+18153192414",
                                "text": "+1 8153192414"
                            },
                            {
                                "type": "text",
                                "text": "\n・e-mail:"
                            },
                            {
                                "type": "link",
                                "url": "mailto:Bianca@matchacitachi.com",
                                "text": "Bianca@matchacitachi.com"
                            },
                            {
                                "type": "text",
                                "text": "\n\n・EIN: 「持っている。」とのことですが、現時点では聞き出せていません。サンプルなので「なし」にて進めて頂ければと思います。\n発送までに聞き出せた場合は追ってお知らせします！\n------------------------"
                            }
                        ]
                    }
                ]
            }
        ],
        "reactions": [
            {
                "name": "承知_致しました",
                "users": [
                    "U041RJKV5JA",
                    "U033G4KN4TD",
                    "U05KGS6HN9H"
                ],
                "count": 3
            }
        ]
    },
    {
        "user": "U0331FWGQRM",
        "type": "message",
        "ts": "1709557247.798559",
        "client_msg_id": "efe4a227-1a03-4547-a3d8-a968f2cc9a9b",
        "text": "<@U041RJKV5JA> <@U05KGS6HN9H> <@U033G4KN4TD>\nOrganic matcha Upper grade-1    20g x1 bag　（鹿児島製茶A？）\nも追加できますか？:sweat_drops:\n\n宜しくお願いします。",
        "team": "T033D70RR6H",
        "user_team": "T033D70RR6H",
        "source_team": "T033D70RR6H",
        "user_profile": {
            "avatar_hash": "gf9d05f2cae1",
            "image_72": "https:\/\/secure.gravatar.com\/avatar\/f9d05f2cae161f657bb1248fc85b5235.jpg?s=72&d=https%3A%2F%2Fa.slack-edge.com%2Fdf10d%2Fimg%2Favatars%2Fava_0008-72.png",
            "first_name": "matsui",
            "real_name": "matsui",
            "display_name": "松井",
            "team": "T033D70RR6H",
            "name": "tousuien.matsui",
            "is_restricted": false,
            "is_ultra_restricted": false
        },
        "thread_ts": "1709301854.889119",
        "parent_user_id": "U0331FWGQRM",
        "blocks": [
            {
                "type": "rich_text",
                "block_id": "SRGLY",
                "elements": [
                    {
                        "type": "rich_text_section",
                        "elements": [
                            {
                                "type": "user",
                                "user_id": "U041RJKV5JA"
                            },
                            {
                                "type": "text",
                                "text": " "
                            },
                            {
                                "type": "user",
                                "user_id": "U05KGS6HN9H"
                            },
                            {
                                "type": "text",
                                "text": " "
                            },
                            {
                                "type": "user",
                                "user_id": "U033G4KN4TD"
                            },
                            {
                                "type": "text",
                                "text": "\nOrganic matcha Upper grade-1    20g x1 bag　（鹿児島製茶A？）\nも追加できますか？"
                            },
                            {
                                "type": "emoji",
                                "name": "sweat_drops",
                                "unicode": "1f4a6"
                            },
                            {
                                "type": "text",
                                "text": "\n\n宜しくお願いします。"
                            }
                        ]
                    }
                ]
            }
        ],
        "reactions": [
            {
                "name": "承知_致しました",
                "users": [
                    "U033G4KN4TD",
                    "U05KGS6HN9H"
                ],
                "count": 2
            }
        ]
    },
    {
        "user": "U0331FZS7JT",
        "type": "message",
        "ts": "1709560862.269049",
        "client_msg_id": "1d98e714-6075-4ce2-a42c-66e96c908021",
        "text": "<@U05KGS6HN9H> <@U041RJKV5JA> <@U033G4KN4TD>\n\n本件のお客様（京都ホテル）への発送について、\n宛名に下記、追加で１名の名前を記載して発送をお願いします。\nMiss Jiwadee Tonklongjan\n\nよろしくお願いします。",
        "team": "T033D70RR6H",
        "user_team": "T033D70RR6H",
        "source_team": "T033D70RR6H",
        "user_profile": {
            "avatar_hash": "2c9de1514f26",
            "image_72": "https:\/\/avatars.slack-edge.com\/2022-02-16\/3118160981555_2c9de1514f262063f72d_72.png",
            "first_name": "Yuta",
            "real_name": "Yuta Oka",
            "display_name": "岡祐太",
            "team": "T033D70RR6H",
            "name": "yuta.oka.0915",
            "is_restricted": false,
            "is_ultra_restricted": false
        },
        "thread_ts": "1707669742.984349",
        "parent_user_id": "U0331FZS7JT",
        "blocks": [
            {
                "type": "rich_text",
                "block_id": "SPsET",
                "elements": [
                    {
                        "type": "rich_text_section",
                        "elements": [
                            {
                                "type": "user",
                                "user_id": "U05KGS6HN9H"
                            },
                            {
                                "type": "text",
                                "text": " "
                            },
                            {
                                "type": "user",
                                "user_id": "U041RJKV5JA"
                            },
                            {
                                "type": "text",
                                "text": " "
                            },
                            {
                                "type": "user",
                                "user_id": "U033G4KN4TD"
                            },
                            {
                                "type": "text",
                                "text": "\n\n本件のお客様（京都ホテル）への発送について、\n宛名に下記、追加で１名の名前を記載して発送をお願いします。\nMiss Jiwadee Tonklongjan\n\nよろしくお願いします。"
                            }
                        ]
                    }
                ]
            }
        ],
        "reactions": [
            {
                "name": "承知_致しました",
                "users": [
                    "U05KGS6HN9H"
                ],
                "count": 1
            }
        ]
    },
    {
        "user": "U05KGS6HN9H",
        "type": "message",
        "ts": "1709612621.258899",
        "client_msg_id": "3118f9ca-cb1f-476d-b2ef-7f74ae1b1f26",
        "text": "<@U0606SPN4BW>\n<@U041RJKV5JA> <@U033G4KN4TD>\n出荷可能日3\/7（木）にてお願い致します。\nEINの件ですが、近日発送となりますので無しで進めさせてください。\nこのままDHLの送り状を作成しPNCを申請致します。",
        "team": "T033D70RR6H",
        "user_team": "T033D70RR6H",
        "source_team": "T033D70RR6H",
        "user_profile": {
            "avatar_hash": "gc4e7258333f",
            "image_72": "https:\/\/secure.gravatar.com\/avatar\/c4e7258333f2958f831d063db85b4542.jpg?s=72&d=https%3A%2F%2Fa.slack-edge.com%2Fdf10d%2Fimg%2Favatars%2Fava_0005-72.png",
            "first_name": "Adachi",
            "real_name": "Adachi",
            "display_name": "足立",
            "team": "T033D70RR6H",
            "name": "tousuien05",
            "is_restricted": false,
            "is_ultra_restricted": false
        },
        "thread_ts": "1709550668.141429",
        "parent_user_id": "U0606SPN4BW",
        "blocks": [
            {
                "type": "rich_text",
                "block_id": "P9QbW",
                "elements": [
                    {
                        "type": "rich_text_section",
                        "elements": [
                            {
                                "type": "user",
                                "user_id": "U0606SPN4BW"
                            },
                            {
                                "type": "text",
                                "text": "\n"
                            },
                            {
                                "type": "user",
                                "user_id": "U041RJKV5JA"
                            },
                            {
                                "type": "text",
                                "text": " "
                            },
                            {
                                "type": "user",
                                "user_id": "U033G4KN4TD"
                            },
                            {
                                "type": "text",
                                "text": "\n出荷可能日3\/7（木）にてお願い致します。\nEINの件ですが、近日発送となりますので無しで進めさせてください。\nこのままDHLの送り状を作成しPNCを申請致します。"
                            }
                        ]
                    }
                ]
            }
        ],
        "reactions": [
            {
                "name": "ok_hand",
                "users": [
                    "U0331FWGQRM"
                ],
                "count": 1
            },
            {
                "name": "0af08fe0505342b0",
                "users": [
                    "U0606SPN4BW"
                ],
                "count": 1
            }
        ]
    },
    {
        "user": "U0331FZTHEK",
        "type": "message",
        "ts": "1709622439.641169",
        "client_msg_id": "79cecbec-888e-4c29-98d1-5e609d404d20",
        "text": "<@U0331FZS7JT>\n <@U041RJKV5JA> <@U05KGS6HN9H> <@U033G4KN4TD>\nご入金を確認致しました。\n（山陰合銀より被仕向送金連絡有りました）\n・3\/6 [USD外貨普通預金]\n・USD 50.00\n計算書届き次第、回収（入金）処理致します。\nよろしくお願いします。",
        "team": "T033D70RR6H",
        "user_team": "T033D70RR6H",
        "source_team": "T033D70RR6H",
        "user_profile": {
            "avatar_hash": "21cdbd6a05f9",
            "image_72": "https:\/\/avatars.slack-edge.com\/2022-02-16\/3115258488741_21cdbd6a05f9a69110f7_72.png",
            "first_name": "Mitsunobu",
            "real_name": "Mitsunobu Katayose",
            "display_name": "片寄",
            "team": "T033D70RR6H",
            "name": "tousuien03",
            "is_restricted": false,
            "is_ultra_restricted": false
        },
        "thread_ts": "1709218072.278619",
        "parent_user_id": "U0331FZS7JT",
        "blocks": [
            {
                "type": "rich_text",
                "block_id": "tyBrr",
                "elements": [
                    {
                        "type": "rich_text_section",
                        "elements": [
                            {
                                "type": "user",
                                "user_id": "U0331FZS7JT"
                            },
                            {
                                "type": "text",
                                "text": "\n "
                            },
                            {
                                "type": "user",
                                "user_id": "U041RJKV5JA"
                            },
                            {
                                "type": "text",
                                "text": " "
                            },
                            {
                                "type": "user",
                                "user_id": "U05KGS6HN9H"
                            },
                            {
                                "type": "text",
                                "text": " "
                            },
                            {
                                "type": "user",
                                "user_id": "U033G4KN4TD"
                            },
                            {
                                "type": "text",
                                "text": "\nご入金を確認致しました。\n（山陰合銀より被仕向送金連絡有りました）\n・3\/6 [USD外貨普通預金]\n・USD 50.00\n計算書届き次第、回収（入金）処理致します。\nよろしくお願いします。"
                            }
                        ]
                    }
                ]
            }
        ],
        "reactions": [
            {
                "name": "d130b000eb8d6784",
                "users": [
                    "U0331FZS7JT"
                ],
                "count": 1
            },
            {
                "name": "0af08fe0505342b0",
                "users": [
                    "U0331FZS7JT"
                ],
                "count": 1
            },
            {
                "name": "入金完了",
                "users": [
                    "U0331FZTHEK"
                ],
                "count": 1
            }
        ]
    }
]