[
    {
        "text": "<@U0331FZS7JT>\n<@U041RJKV5JA> <@U033G4KN4TD>\nサンプル9種類を机に置きます。\n宜しくお願い致します。",
        "files": [
            {
                "id": "F06T5UY9G3H",
                "created": 1712723430,
                "timestamp": 1712723430,
                "name": "サンプル1.jpg",
                "title": "サンプル1.jpg",
                "mimetype": "image\/jpeg",
                "filetype": "jpg",
                "pretty_type": "JPEG",
                "user": "U05KGS6HN9H",
                "user_team": "T033D70RR6H",
                "editable": false,
                "size": 291389,
                "mode": "hosted",
                "is_external": false,
                "external_type": "",
                "is_public": true,
                "public_url_shared": false,
                "display_as_bot": false,
                "username": "",
                "url_private": "https:\/\/files.slack.com\/files-pri\/T033D70RR6H-F06T5UY9G3H\/____________1.jpg?token=xoxe-3115238875221-9710624591398-9697214945543-aa82359f925d11baadb4ddc07b089467",
                "url_private_download": "https:\/\/files.slack.com\/files-pri\/T033D70RR6H-F06T5UY9G3H\/download\/____________1.jpg?token=xoxe-3115238875221-9710624591398-9697214945543-aa82359f925d11baadb4ddc07b089467",
                "media_display_type": "unknown",
                "thumb_64": "https:\/\/files.slack.com\/files-tmb\/T033D70RR6H-F06T5UY9G3H-e12615702e\/____________1_64.jpg?t=xoxe-3115238875221-9710624591398-9697214945543-aa82359f925d11baadb4ddc07b089467",
                "thumb_80": "https:\/\/files.slack.com\/files-tmb\/T033D70RR6H-F06T5UY9G3H-e12615702e\/____________1_80.jpg?t=xoxe-3115238875221-9710624591398-9697214945543-aa82359f925d11baadb4ddc07b089467",
                "thumb_360": "https:\/\/files.slack.com\/files-tmb\/T033D70RR6H-F06T5UY9G3H-e12615702e\/____________1_360.jpg?t=xoxe-3115238875221-9710624591398-9697214945543-aa82359f925d11baadb4ddc07b089467",
                "thumb_360_w": 203,
                "thumb_360_h": 360,
                "thumb_480": "https:\/\/files.slack.com\/files-tmb\/T033D70RR6H-F06T5UY9G3H-e12615702e\/____________1_480.jpg?t=xoxe-3115238875221-9710624591398-9697214945543-aa82359f925d11baadb4ddc07b089467",
                "thumb_480_w": 270,
                "thumb_480_h": 480,
                "thumb_160": "https:\/\/files.slack.com\/files-tmb\/T033D70RR6H-F06T5UY9G3H-e12615702e\/____________1_160.jpg?t=xoxe-3115238875221-9710624591398-9697214945543-aa82359f925d11baadb4ddc07b089467",
                "thumb_720": "https:\/\/files.slack.com\/files-tmb\/T033D70RR6H-F06T5UY9G3H-e12615702e\/____________1_720.jpg?t=xoxe-3115238875221-9710624591398-9697214945543-aa82359f925d11baadb4ddc07b089467",
                "thumb_720_w": 405,
                "thumb_720_h": 720,
                "thumb_800": "https:\/\/files.slack.com\/files-tmb\/T033D70RR6H-F06T5UY9G3H-e12615702e\/____________1_800.jpg?t=xoxe-3115238875221-9710624591398-9697214945543-aa82359f925d11baadb4ddc07b089467",
                "thumb_800_w": 800,
                "thumb_800_h": 1422,
                "thumb_960": "https:\/\/files.slack.com\/files-tmb\/T033D70RR6H-F06T5UY9G3H-e12615702e\/____________1_960.jpg?t=xoxe-3115238875221-9710624591398-9697214945543-aa82359f925d11baadb4ddc07b089467",
                "thumb_960_w": 540,
                "thumb_960_h": 960,
                "thumb_1024": "https:\/\/files.slack.com\/files-tmb\/T033D70RR6H-F06T5UY9G3H-e12615702e\/____________1_1024.jpg?t=xoxe-3115238875221-9710624591398-9697214945543-aa82359f925d11baadb4ddc07b089467",
                "thumb_1024_w": 576,
                "thumb_1024_h": 1024,
                "original_w": 960,
                "original_h": 1706,
                "thumb_tiny": "AwAwABuPymZeoNC2wBJZs57CnbX3GlaMk0ARtb7eUP4Go8kcFDmpzG3bFKEbHIFAEnQ9OvvQO1KU+b7wxSHIxjBoAX1+tGaGUdiM+9PVRgZNAEeOM5pI8OoOazfMkxje2PrSB3UYDMPxoA01wzlc8g0\/FZQZ1+fLc9807ex53H86QH\/\/2Q==",
                "permalink": "https:\/\/grp-ssm9297.slack.com\/files\/U0331FWGQRM\/F06T5UY9G3H\/____________1.jpg",
                "permalink_public": "https:\/\/slack-files.com\/T033D70RR6H-F06T5UY9G3H-de03171446",
                "is_starred": false,
                "skipped_shares": true,
                "has_rich_preview": false,
                "file_access": "visible"
            },
            {
                "id": "F06TP094G0L",
                "created": 1712723435,
                "timestamp": 1712723435,
                "name": "サンプル2.jpg",
                "title": "サンプル2.jpg",
                "mimetype": "image\/jpeg",
                "filetype": "jpg",
                "pretty_type": "JPEG",
                "user": "U05KGS6HN9H",
                "user_team": "T033D70RR6H",
                "editable": false,
                "size": 277953,
                "mode": "hosted",
                "is_external": false,
                "external_type": "",
                "is_public": true,
                "public_url_shared": false,
                "display_as_bot": false,
                "username": "",
                "url_private": "https:\/\/files.slack.com\/files-pri\/T033D70RR6H-F06TP094G0L\/____________2.jpg?token=xoxe-3115238875221-9710624591398-9697214945543-aa82359f925d11baadb4ddc07b089467",
                "url_private_download": "https:\/\/files.slack.com\/files-pri\/T033D70RR6H-F06TP094G0L\/download\/____________2.jpg?token=xoxe-3115238875221-9710624591398-9697214945543-aa82359f925d11baadb4ddc07b089467",
                "media_display_type": "unknown",
                "thumb_64": "https:\/\/files.slack.com\/files-tmb\/T033D70RR6H-F06TP094G0L-0c346cceb3\/____________2_64.jpg?t=xoxe-3115238875221-9710624591398-9697214945543-aa82359f925d11baadb4ddc07b089467",
                "thumb_80": "https:\/\/files.slack.com\/files-tmb\/T033D70RR6H-F06TP094G0L-0c346cceb3\/____________2_80.jpg?t=xoxe-3115238875221-9710624591398-9697214945543-aa82359f925d11baadb4ddc07b089467",
                "thumb_360": "https:\/\/files.slack.com\/files-tmb\/T033D70RR6H-F06TP094G0L-0c346cceb3\/____________2_360.jpg?t=xoxe-3115238875221-9710624591398-9697214945543-aa82359f925d11baadb4ddc07b089467",
                "thumb_360_w": 360,
                "thumb_360_h": 203,
                "thumb_480": "https:\/\/files.slack.com\/files-tmb\/T033D70RR6H-F06TP094G0L-0c346cceb3\/____________2_480.jpg?t=xoxe-3115238875221-9710624591398-9697214945543-aa82359f925d11baadb4ddc07b089467",
                "thumb_480_w": 480,
                "thumb_480_h": 270,
                "thumb_160": "https:\/\/files.slack.com\/files-tmb\/T033D70RR6H-F06TP094G0L-0c346cceb3\/____________2_160.jpg?t=xoxe-3115238875221-9710624591398-9697214945543-aa82359f925d11baadb4ddc07b089467",
                "thumb_720": "https:\/\/files.slack.com\/files-tmb\/T033D70RR6H-F06TP094G0L-0c346cceb3\/____________2_720.jpg?t=xoxe-3115238875221-9710624591398-9697214945543-aa82359f925d11baadb4ddc07b089467",
                "thumb_720_w": 720,
                "thumb_720_h": 405,
                "thumb_800": "https:\/\/files.slack.com\/files-tmb\/T033D70RR6H-F06TP094G0L-0c346cceb3\/____________2_800.jpg?t=xoxe-3115238875221-9710624591398-9697214945543-aa82359f925d11baadb4ddc07b089467",
                "thumb_800_w": 800,
                "thumb_800_h": 450,
                "thumb_960": "https:\/\/files.slack.com\/files-tmb\/T033D70RR6H-F06TP094G0L-0c346cceb3\/____________2_960.jpg?t=xoxe-3115238875221-9710624591398-9697214945543-aa82359f925d11baadb4ddc07b089467",
                "thumb_960_w": 960,
                "thumb_960_h": 540,
                "thumb_1024": "https:\/\/files.slack.com\/files-tmb\/T033D70RR6H-F06TP094G0L-0c346cceb3\/____________2_1024.jpg?t=xoxe-3115238875221-9710624591398-9697214945543-aa82359f925d11baadb4ddc07b089467",
                "thumb_1024_w": 1024,
                "thumb_1024_h": 576,
                "original_w": 1706,
                "original_h": 960,
                "thumb_tiny": "AwAbADB7MFGSD+FIJVJHBpWOF5Gc0igA5AoAdvUdc0b1IOCc0xiCBnNLjA9qADJHViPqKepyOuajIG7GDUg4FADlQMOaRo8dDSBiOhpCx9aQCrGDGp4zj0pJFwmfcUbiBgHikLEjBPFADxGCT0\/KlK4pqsc07JNAH\/\/Z",
                "permalink": "https:\/\/grp-ssm9297.slack.com\/files\/U0331FWGQRM\/F06TP094G0L\/____________2.jpg",
                "permalink_public": "https:\/\/slack-files.com\/T033D70RR6H-F06TP094G0L-d23fc8162d",
                "is_starred": false,
                "skipped_shares": true,
                "has_rich_preview": false,
                "file_access": "visible"
            }
        ],
        "upload": false,
        "user": "U05KGS6HN9H",
        "blocks": [
            {
                "type": "rich_text",
                "block_id": "nlDuB",
                "elements": [
                    {
                        "type": "rich_text_section",
                        "elements": [
                            {
                                "type": "user",
                                "user_id": "U0331FZS7JT"
                            },
                            {
                                "type": "text",
                                "text": "\n"
                            },
                            {
                                "type": "user",
                                "user_id": "U041RJKV5JA"
                            },
                            {
                                "type": "text",
                                "text": " "
                            },
                            {
                                "type": "user",
                                "user_id": "U033G4KN4TD"
                            },
                            {
                                "type": "text",
                                "text": "\nサンプル9種類を机に置きます。\n宜しくお願い致します。"
                            }
                        ]
                    }
                ]
            }
        ],
        "type": "message",
        "ts": "1712723458.142789",
        "client_msg_id": "cc8a17d1-78d9-4dce-a94c-632b28dcf2a6",
        "thread_ts": "1711363292.594389",
        "parent_user_id": "U0331FZS7JT",
        "reactions": [
            {
                "name": "d130b000eb8d6784",
                "users": [
                    "U0331FZS7JT"
                ],
                "count": 1
            }
        ]
    },
    {
        "user": "U0331FWGQRM",
        "type": "message",
        "ts": "1712726985.385439",
        "client_msg_id": "AF98A07F-4253-4842-8E9B-F308C597BEDC",
        "text": "<@U041RJKV5JA> <@U033G4KN4TD> <@U05KGS6HN9H> \n<@U0606SPN4BW> \n追加でサンプル依頼です。\nOrganic matcha Lower grade -2\nNon organic matcha Lower grade -2\n\nを各20gお願いします。",
        "team": "T033D70RR6H",
        "user_team": "T033D70RR6H",
        "source_team": "T033D70RR6H",
        "user_profile": {
            "avatar_hash": "gf9d05f2cae1",
            "image_72": "https:\/\/secure.gravatar.com\/avatar\/f9d05f2cae161f657bb1248fc85b5235.jpg?s=72&d=https%3A%2F%2Fa.slack-edge.com%2Fdf10d%2Fimg%2Favatars%2Fava_0008-72.png",
            "first_name": "matsui",
            "real_name": "matsui",
            "display_name": "松井",
            "team": "T033D70RR6H",
            "name": "tousuien.matsui",
            "is_restricted": false,
            "is_ultra_restricted": false
        },
        "thread_ts": "1705643364.941719",
        "parent_user_id": "U0606SPN4BW",
        "blocks": [
            {
                "type": "rich_text",
                "block_id": "DkMg\/",
                "elements": [
                    {
                        "type": "rich_text_section",
                        "elements": [
                            {
                                "type": "user",
                                "user_id": "U041RJKV5JA"
                            },
                            {
                                "type": "text",
                                "text": " "
                            },
                            {
                                "type": "user",
                                "user_id": "U033G4KN4TD"
                            },
                            {
                                "type": "text",
                                "text": " "
                            },
                            {
                                "type": "user",
                                "user_id": "U05KGS6HN9H"
                            },
                            {
                                "type": "text",
                                "text": " \n"
                            },
                            {
                                "type": "user",
                                "user_id": "U0606SPN4BW"
                            },
                            {
                                "type": "text",
                                "text": " \n追加でサンプル依頼です。\nOrganic matcha Lower grade -2\nNon o"
                            },
                            {
                                "type": "text",
                                "text": "rganic matcha Lower grade -2"
                            },
                            {
                                "type": "text",
                                "text": "\n\nを各20gお願いします。"
                            }
                        ]
                    }
                ]
            }
        ],
        "reactions": [
            {
                "name": "承知_致しました",
                "users": [
                    "U05KGS6HN9H",
                    "U033G4KN4TD",
                    "U041RJKV5JA"
                ],
                "count": 3
            }
        ]
    },
    {
        "user": "U0331FWGQRM",
        "type": "message",
        "ts": "1712727497.122879",
        "client_msg_id": "76352322-A8C3-4154-A71E-7C12A9B23867",
        "text": "<@U041RJKV5JA> <@U033G4KN4TD> <@U05KGS6HN9H> \n<@U0606SPN4BW> \n日本で手渡しすることになりました。\n4\/13（土）だけ、島根に行きますので、\nその時までに準備が間に合えば、手で持って帰ります！\n間に合わなければ、私の自宅に送ってください。宜しくお願い致します。",
        "team": "T033D70RR6H",
        "user_team": "T033D70RR6H",
        "source_team": "T033D70RR6H",
        "user_profile": {
            "avatar_hash": "gf9d05f2cae1",
            "image_72": "https:\/\/secure.gravatar.com\/avatar\/f9d05f2cae161f657bb1248fc85b5235.jpg?s=72&d=https%3A%2F%2Fa.slack-edge.com%2Fdf10d%2Fimg%2Favatars%2Fava_0008-72.png",
            "first_name": "matsui",
            "real_name": "matsui",
            "display_name": "松井",
            "team": "T033D70RR6H",
            "name": "tousuien.matsui",
            "is_restricted": false,
            "is_ultra_restricted": false
        },
        "thread_ts": "1705643364.941719",
        "parent_user_id": "U0606SPN4BW",
        "blocks": [
            {
                "type": "rich_text",
                "block_id": "gccpF",
                "elements": [
                    {
                        "type": "rich_text_section",
                        "elements": [
                            {
                                "type": "user",
                                "user_id": "U041RJKV5JA"
                            },
                            {
                                "type": "text",
                                "text": " "
                            },
                            {
                                "type": "user",
                                "user_id": "U033G4KN4TD"
                            },
                            {
                                "type": "text",
                                "text": " "
                            },
                            {
                                "type": "user",
                                "user_id": "U05KGS6HN9H"
                            },
                            {
                                "type": "text",
                                "text": " "
                            },
                            {
                                "type": "text",
                                "text": "\n"
                            },
                            {
                                "type": "user",
                                "user_id": "U0606SPN4BW"
                            },
                            {
                                "type": "text",
                                "text": " "
                            },
                            {
                                "type": "text",
                                "text": "\n日本で手渡しすることになりました。\n4\/13（土）だけ、島根に行きますので、\nその時までに準備が間に合えば、手で持って帰ります！\n間に合わなければ、私の自宅に送ってください。宜しくお願い致します。"
                            }
                        ]
                    }
                ]
            }
        ],
        "reactions": [
            {
                "name": "承知_致しました",
                "users": [
                    "U05KGS6HN9H",
                    "U033G4KN4TD",
                    "U041RJKV5JA"
                ],
                "count": 3
            }
        ]
    },
    {
        "user": "U05KGS6HN9H",
        "type": "message",
        "ts": "1712727944.192789",
        "client_msg_id": "d4a1abe2-037f-4c88-abaa-d003b350e263",
        "text": "<@U0331FWGQRM>\n<@U041RJKV5JA> <@U033G4KN4TD>\n明日4\/11に小分け作業予定です。4\/13が会社休みですので、\n島根での受渡方法をご指示いただけば準備しておきます。",
        "team": "T033D70RR6H",
        "user_team": "T033D70RR6H",
        "source_team": "T033D70RR6H",
        "user_profile": {
            "avatar_hash": "gc4e7258333f",
            "image_72": "https:\/\/secure.gravatar.com\/avatar\/c4e7258333f2958f831d063db85b4542.jpg?s=72&d=https%3A%2F%2Fa.slack-edge.com%2Fdf10d%2Fimg%2Favatars%2Fava_0005-72.png",
            "first_name": "Adachi",
            "real_name": "Adachi",
            "display_name": "足立",
            "team": "T033D70RR6H",
            "name": "tousuien05",
            "is_restricted": false,
            "is_ultra_restricted": false
        },
        "thread_ts": "1705643364.941719",
        "parent_user_id": "U0606SPN4BW",
        "blocks": [
            {
                "type": "rich_text",
                "block_id": "5DI9l",
                "elements": [
                    {
                        "type": "rich_text_section",
                        "elements": [
                            {
                                "type": "user",
                                "user_id": "U0331FWGQRM"
                            },
                            {
                                "type": "text",
                                "text": "\n"
                            },
                            {
                                "type": "user",
                                "user_id": "U041RJKV5JA"
                            },
                            {
                                "type": "text",
                                "text": " "
                            },
                            {
                                "type": "user",
                                "user_id": "U033G4KN4TD"
                            },
                            {
                                "type": "text",
                                "text": "\n明日4\/11に小分け作業予定です。4\/13が会社休みですので、\n島根での受渡方法をご指示いただけば準備しておきます。"
                            }
                        ]
                    }
                ]
            }
        ]
    },
    {
        "user": "U0331FWGQRM",
        "type": "message",
        "ts": "1712728009.026239",
        "client_msg_id": "0D8BAED7-40F1-4383-89EF-D93678583974",
        "text": "<@U05KGS6HN9H> <@U033G4KN4TD> <@U041RJKV5JA> \n私の机の上に置いておいてください。\n宜しくお願い致します。\n",
        "team": "T033D70RR6H",
        "user_team": "T033D70RR6H",
        "source_team": "T033D70RR6H",
        "user_profile": {
            "avatar_hash": "gf9d05f2cae1",
            "image_72": "https:\/\/secure.gravatar.com\/avatar\/f9d05f2cae161f657bb1248fc85b5235.jpg?s=72&d=https%3A%2F%2Fa.slack-edge.com%2Fdf10d%2Fimg%2Favatars%2Fava_0008-72.png",
            "first_name": "matsui",
            "real_name": "matsui",
            "display_name": "松井",
            "team": "T033D70RR6H",
            "name": "tousuien.matsui",
            "is_restricted": false,
            "is_ultra_restricted": false
        },
        "thread_ts": "1705643364.941719",
        "parent_user_id": "U0606SPN4BW",
        "blocks": [
            {
                "type": "rich_text",
                "block_id": "eoesp",
                "elements": [
                    {
                        "type": "rich_text_section",
                        "elements": [
                            {
                                "type": "user",
                                "user_id": "U05KGS6HN9H"
                            },
                            {
                                "type": "text",
                                "text": " "
                            },
                            {
                                "type": "user",
                                "user_id": "U033G4KN4TD"
                            },
                            {
                                "type": "text",
                                "text": " "
                            },
                            {
                                "type": "user",
                                "user_id": "U041RJKV5JA"
                            },
                            {
                                "type": "text",
                                "text": " \n私の机の上に置いておいてください。\n宜しくお願い致します。\n"
                            }
                        ]
                    }
                ]
            }
        ],
        "reactions": [
            {
                "name": "承知_致しました",
                "users": [
                    "U05KGS6HN9H",
                    "U033G4KN4TD",
                    "U041RJKV5JA"
                ],
                "count": 3
            }
        ]
    }
]