[
    {
        "user": "U0331FWGQRM",
        "type": "message",
        "ts": "1718287258.143299",
        "client_msg_id": "f20d2eda-a6ff-4376-971f-84f03af9af81",
        "text": "<!subteam^S073HEMKWV7|@hirakawa-adachi-yamamoto-fuse> cc <!subteam^S072Q871SF9|@oka-matsui-furukawa-hayashi-kimura-hasegawa-kawatani>\n:flag-ch: スイスのVivian Kochmann様からサンプル依頼です。\n入金確認後発送願います。\n各20g\n・5 flavored matcha\n（O-Lemongrass, O-Ginger, O-Mint,\n　NonO-Cinnamon, NonO-Turmeric）\n・Organic matcha upper grade 1\n・Organic matcha upper grade 2\n・Organic matcha middle grade 1\n\n----\nVivian Kochmann\nRue des alpes 3\n1196 Gland\nSwitzerland\n\nTel. <tel:+412220686|+412220686>\n<mailto:teahappych@outlook.com|teahappych@outlook.com>\n-----",
        "team": "T033D70RR6H",
        "user_team": "T033D70RR6H",
        "source_team": "T033D70RR6H",
        "user_profile": {
            "avatar_hash": "gf9d05f2cae1",
            "image_72": "https:\/\/secure.gravatar.com\/avatar\/f9d05f2cae161f657bb1248fc85b5235.jpg?s=72&d=https%3A%2F%2Fa.slack-edge.com%2Fdf10d%2Fimg%2Favatars%2Fava_0008-72.png",
            "first_name": "matsui",
            "real_name": "matsui",
            "display_name": "松井",
            "team": "T033D70RR6H",
            "name": "tousuien.matsui",
            "is_restricted": false,
            "is_ultra_restricted": false
        },
        "thread_ts": "1718287258.143299",
        "reply_count": 8,
        "reply_users_count": 4,
        "latest_reply": "1718599711.375319",
        "reply_users": [
            "U0331FWGQRM",
            "U066P20UQH1",
            "U0331FZTHEK",
            "U041RJKV5JA"
        ],
        "replies": [
            {
                "user": "U0331FWGQRM",
                "ts": "1718288096.345109"
            },
            {
                "user": "U066P20UQH1",
                "ts": "1718341355.260519"
            },
            {
                "user": "U0331FZTHEK",
                "ts": "1718341611.103529"
            },
            {
                "user": "U041RJKV5JA",
                "ts": "1718342029.564389"
            },
            {
                "user": "U066P20UQH1",
                "ts": "1718345057.395809"
            },
            {
                "user": "U0331FWGQRM",
                "ts": "1718345860.821499"
            },
            {
                "user": "U066P20UQH1",
                "ts": "1718353012.621379"
            },
            {
                "user": "U041RJKV5JA",
                "ts": "1718599711.375319"
            }
        ],
        "is_locked": false,
        "subscribed": true,
        "last_read": "1718599711.375319",
        "blocks": [
            {
                "type": "rich_text",
                "block_id": "kHZRW",
                "elements": [
                    {
                        "type": "rich_text_section",
                        "elements": [
                            {
                                "type": "usergroup",
                                "usergroup_id": "S073HEMKWV7"
                            },
                            {
                                "type": "text",
                                "text": " cc "
                            },
                            {
                                "type": "usergroup",
                                "usergroup_id": "S072Q871SF9"
                            },
                            {
                                "type": "text",
                                "text": "\n"
                            },
                            {
                                "type": "emoji",
                                "name": "flag-ch",
                                "unicode": "1f1e8-1f1ed"
                            },
                            {
                                "type": "text",
                                "text": " スイスのVivian Kochmann様からサンプル依頼です。\n入金確認後発送願います。\n各20g\n・5 flavored matcha\n（O-Lemongrass, O-Ginger, O-Mint,\n　NonO-Cinnamon, NonO-Turmeric）\n・Organic matcha upper grade 1\n・Organic matcha upper grade 2\n・Organic matcha middle grade 1\n\n----\nVivian Kochmann\nRue des alpes 3\n1196 Gland\nSwitzerland\n\nTel. "
                            },
                            {
                                "type": "link",
                                "url": "tel:+412220686",
                                "text": "+412220686"
                            },
                            {
                                "type": "text",
                                "text": "\n"
                            },
                            {
                                "type": "link",
                                "url": "mailto:teahappych@outlook.com",
                                "text": "teahappych@outlook.com"
                            },
                            {
                                "type": "text",
                                "text": "\n-----"
                            }
                        ]
                    }
                ]
            }
        ],
        "reactions": [
            {
                "name": "承知_致しました",
                "users": [
                    "U041RJKV5JA",
                    "U05KGS6HN9H",
                    "U033G4KN4TD"
                ],
                "count": 3
            }
        ]
    },
    {
        "user": "U0331FWGQRM",
        "type": "message",
        "ts": "1718288096.345109",
        "client_msg_id": "abd945fc-f7ab-4d68-8c80-4e77017a2940",
        "text": "<!subteam^S072Q871SF9|@oka-matsui-furukawa-hayashi-kimura-hasegawa-kawatani>\n※メモ※\ngoogleのアドレスにサンプル代請求していたようですが、outlookのメアドに送ってくれと言われたので、Paypalの請求処理画面で編集をし、アドレス変更して送っておきました。",
        "team": "T033D70RR6H",
        "user_team": "T033D70RR6H",
        "source_team": "T033D70RR6H",
        "user_profile": {
            "avatar_hash": "gf9d05f2cae1",
            "image_72": "https:\/\/secure.gravatar.com\/avatar\/f9d05f2cae161f657bb1248fc85b5235.jpg?s=72&d=https%3A%2F%2Fa.slack-edge.com%2Fdf10d%2Fimg%2Favatars%2Fava_0008-72.png",
            "first_name": "matsui",
            "real_name": "matsui",
            "display_name": "松井",
            "team": "T033D70RR6H",
            "name": "tousuien.matsui",
            "is_restricted": false,
            "is_ultra_restricted": false
        },
        "thread_ts": "1718287258.143299",
        "parent_user_id": "U0331FWGQRM",
        "blocks": [
            {
                "type": "rich_text",
                "block_id": "bXOlT",
                "elements": [
                    {
                        "type": "rich_text_section",
                        "elements": [
                            {
                                "type": "usergroup",
                                "usergroup_id": "S072Q871SF9"
                            },
                            {
                                "type": "text",
                                "text": "\n※メモ※\ngoogleのアドレスにサンプル代請求していたようですが、outlookのメアドに送ってくれと言われたので、Paypalの請求処理画面で編集をし、アドレス変更して送っておきました。"
                            }
                        ]
                    }
                ]
            }
        ]
    },
    {
        "user": "U066P20UQH1",
        "type": "message",
        "ts": "1718341355.260519",
        "client_msg_id": "89945f39-9c43-4daa-8426-533e425988c3",
        "text": "<@U0331FZTHEK> <!subteam^S072Q871SF9|@oka-matsui-furukawa-hayashi-kimura-hasegawa-kawatani>\n入金したと連絡がありましたので、確認・回収処理をお願いします！\n<!subteam^S073HEMKWV7|@hirakawa-adachi-yamamoto-fuse>\n発送準備を進めていただければと思います！",
        "team": "T033D70RR6H",
        "user_team": "T033D70RR6H",
        "source_team": "T033D70RR6H",
        "user_profile": {
            "avatar_hash": "179323cb3551",
            "image_72": "https:\/\/avatars.slack-edge.com\/2024-04-12\/6955353714228_179323cb3551f7c8ecfe_72.png",
            "first_name": "Haruka",
            "real_name": "Haruka Hayashi",
            "display_name": "林遥香",
            "team": "T033D70RR6H",
            "name": "haru.nboc",
            "is_restricted": false,
            "is_ultra_restricted": false
        },
        "thread_ts": "1718287258.143299",
        "parent_user_id": "U0331FWGQRM",
        "blocks": [
            {
                "type": "rich_text",
                "block_id": "bQnuC",
                "elements": [
                    {
                        "type": "rich_text_section",
                        "elements": [
                            {
                                "type": "user",
                                "user_id": "U0331FZTHEK"
                            },
                            {
                                "type": "text",
                                "text": " "
                            },
                            {
                                "type": "usergroup",
                                "usergroup_id": "S072Q871SF9"
                            },
                            {
                                "type": "text",
                                "text": "\n入金したと連絡がありましたので、確認・回収処理をお願いします！\n"
                            },
                            {
                                "type": "usergroup",
                                "usergroup_id": "S073HEMKWV7"
                            },
                            {
                                "type": "text",
                                "text": "\n発送準備を進めていただければと思います！"
                            }
                        ]
                    }
                ]
            }
        ],
        "reactions": [
            {
                "name": "d130b000eb8d6784",
                "users": [
                    "U0331FZTHEK"
                ],
                "count": 1
            },
            {
                "name": "承知_致しました",
                "users": [
                    "U033G4KN4TD"
                ],
                "count": 1
            }
        ]
    },
    {
        "user": "U0331FZTHEK",
        "type": "message",
        "ts": "1718341611.103529",
        "client_msg_id": "544e4e94-2301-46ab-839b-8be83432e9bc",
        "text": "<@U0331FWGQRM> <@U066P20UQH1>\n <!subteam^S073HEMKWV7|@hirakawa-adachi-yamamoto-fuse>\n ご入金を確認致しました。\n・6\/14 [PayPal]\n・40 USD\n回収（入金）処理致します。\nよろしくお願いします。",
        "team": "T033D70RR6H",
        "user_team": "T033D70RR6H",
        "source_team": "T033D70RR6H",
        "user_profile": {
            "avatar_hash": "21cdbd6a05f9",
            "image_72": "https:\/\/avatars.slack-edge.com\/2022-02-16\/3115258488741_21cdbd6a05f9a69110f7_72.png",
            "first_name": "Mitsunobu",
            "real_name": "Mitsunobu Katayose",
            "display_name": "片寄",
            "team": "T033D70RR6H",
            "name": "tousuien03",
            "is_restricted": false,
            "is_ultra_restricted": false
        },
        "thread_ts": "1718287258.143299",
        "parent_user_id": "U0331FWGQRM",
        "blocks": [
            {
                "type": "rich_text",
                "block_id": "u2Rem",
                "elements": [
                    {
                        "type": "rich_text_section",
                        "elements": [
                            {
                                "type": "user",
                                "user_id": "U0331FWGQRM"
                            },
                            {
                                "type": "text",
                                "text": " "
                            },
                            {
                                "type": "user",
                                "user_id": "U066P20UQH1"
                            },
                            {
                                "type": "text",
                                "text": "\n "
                            },
                            {
                                "type": "usergroup",
                                "usergroup_id": "S073HEMKWV7"
                            },
                            {
                                "type": "text",
                                "text": "\n ご入金を確認致しました。\n・6\/14 [PayPal]\n・40 USD\n回収（入金）処理致します。\nよろしくお願いします。"
                            }
                        ]
                    }
                ]
            }
        ],
        "reactions": [
            {
                "name": "pray",
                "users": [
                    "U066P20UQH1"
                ],
                "count": 1
            },
            {
                "name": "入金完了",
                "users": [
                    "U0331FZTHEK"
                ],
                "count": 1
            }
        ]
    },
    {
        "user": "U041RJKV5JA",
        "type": "message",
        "ts": "1718342029.564389",
        "client_msg_id": "4b0d87f4-78d2-4976-90ff-7a452feeeb5f",
        "text": "<@U066P20UQH1>\n <!subteam^S072Q871SF9|@oka-matsui-furukawa-hayashi-kimura-hasegawa-kawatani> <!subteam^S073HEMKWV7|@hirakawa-adachi-yamamoto-fuse>\n6月17日（月）に出荷いたします。\nよろしくお願いいたします",
        "team": "T033D70RR6H",
        "user_team": "T033D70RR6H",
        "source_team": "T033D70RR6H",
        "user_profile": {
            "avatar_hash": "aed9eafd9eee",
            "image_72": "https:\/\/avatars.slack-edge.com\/2022-09-11\/4078874890257_aed9eafd9eee277ba076_72.png",
            "first_name": "Hirakawa",
            "real_name": "Hirakawa",
            "display_name": "平川",
            "team": "T033D70RR6H",
            "name": "tousuien.s006",
            "is_restricted": false,
            "is_ultra_restricted": false
        },
        "thread_ts": "1718287258.143299",
        "parent_user_id": "U0331FWGQRM",
        "blocks": [
            {
                "type": "rich_text",
                "block_id": "RlkDc",
                "elements": [
                    {
                        "type": "rich_text_section",
                        "elements": [
                            {
                                "type": "user",
                                "user_id": "U066P20UQH1"
                            },
                            {
                                "type": "text",
                                "text": "\n "
                            },
                            {
                                "type": "usergroup",
                                "usergroup_id": "S072Q871SF9"
                            },
                            {
                                "type": "text",
                                "text": " "
                            },
                            {
                                "type": "usergroup",
                                "usergroup_id": "S073HEMKWV7"
                            },
                            {
                                "type": "text",
                                "text": "\n6月17日（月）に出荷いたします。\nよろしくお願いいたします"
                            }
                        ]
                    }
                ]
            }
        ],
        "reactions": [
            {
                "name": "pray",
                "users": [
                    "U066P20UQH1"
                ],
                "count": 1
            }
        ]
    },
    {
        "user": "U066P20UQH1",
        "type": "message",
        "ts": "1718345057.395809",
        "edited": {
            "user": "U066P20UQH1",
            "ts": "1718345073.000000"
        },
        "client_msg_id": "b813e209-d905-4934-a335-439049345a0f",
        "text": "<!subteam^S073HEMKWV7|@hirakawa-adachi-yamamoto-fuse> CC：<!subteam^S072Q871SF9|@oka-matsui-furukawa-hayashi-kimura-hasegawa-kawatani>\nこちら追加で、玄米茶・緑茶・紅茶のサンプルも併せて送付していただきたく、\n現在提案する原料の確認中ですので、分かり次第共有します:sweat_drops:",
        "team": "T033D70RR6H",
        "user_team": "T033D70RR6H",
        "source_team": "T033D70RR6H",
        "user_profile": {
            "avatar_hash": "179323cb3551",
            "image_72": "https:\/\/avatars.slack-edge.com\/2024-04-12\/6955353714228_179323cb3551f7c8ecfe_72.png",
            "first_name": "Haruka",
            "real_name": "Haruka Hayashi",
            "display_name": "林遥香",
            "team": "T033D70RR6H",
            "name": "haru.nboc",
            "is_restricted": false,
            "is_ultra_restricted": false
        },
        "thread_ts": "1718287258.143299",
        "parent_user_id": "U0331FWGQRM",
        "blocks": [
            {
                "type": "rich_text",
                "block_id": "VXeh9",
                "elements": [
                    {
                        "type": "rich_text_section",
                        "elements": [
                            {
                                "type": "usergroup",
                                "usergroup_id": "S073HEMKWV7"
                            },
                            {
                                "type": "text",
                                "text": " CC："
                            },
                            {
                                "type": "usergroup",
                                "usergroup_id": "S072Q871SF9"
                            },
                            {
                                "type": "text",
                                "text": "\nこちら追加で、玄米茶・緑茶・紅茶のサンプルも併せて送付していただきたく、\n現在提案する原料の確認中ですので、分かり次第共有します"
                            },
                            {
                                "type": "emoji",
                                "name": "sweat_drops",
                                "unicode": "1f4a6"
                            }
                        ]
                    }
                ]
            }
        ],
        "reactions": [
            {
                "name": "承知_致しました",
                "users": [
                    "U041RJKV5JA",
                    "U033G4KN4TD",
                    "U05KGS6HN9H"
                ],
                "count": 3
            }
        ]
    },
    {
        "user": "U0331FWGQRM",
        "type": "message",
        "ts": "1718345860.821499",
        "client_msg_id": "B7E19711-2078-4EBC-B2EC-4DE295A512D5",
        "text": "<@U066P20UQH1>\n最終サンプル数確定した段階で、\n数量が多かったら追加で請求しましょ！:sweat_drops:",
        "team": "T033D70RR6H",
        "user_team": "T033D70RR6H",
        "source_team": "T033D70RR6H",
        "user_profile": {
            "avatar_hash": "gf9d05f2cae1",
            "image_72": "https:\/\/secure.gravatar.com\/avatar\/f9d05f2cae161f657bb1248fc85b5235.jpg?s=72&d=https%3A%2F%2Fa.slack-edge.com%2Fdf10d%2Fimg%2Favatars%2Fava_0008-72.png",
            "first_name": "matsui",
            "real_name": "matsui",
            "display_name": "松井",
            "team": "T033D70RR6H",
            "name": "tousuien.matsui",
            "is_restricted": false,
            "is_ultra_restricted": false
        },
        "thread_ts": "1718287258.143299",
        "parent_user_id": "U0331FWGQRM",
        "blocks": [
            {
                "type": "rich_text",
                "block_id": "vzdMP",
                "elements": [
                    {
                        "type": "rich_text_section",
                        "elements": [
                            {
                                "type": "user",
                                "user_id": "U066P20UQH1"
                            },
                            {
                                "type": "text",
                                "text": "\n最終サンプル数確定した段階で、\n数量が多かったら追加で請求しましょ！"
                            },
                            {
                                "type": "emoji",
                                "name": "sweat_drops",
                                "unicode": "1f4a6"
                            }
                        ]
                    }
                ]
            }
        ],
        "reactions": [
            {
                "name": "承知-1",
                "users": [
                    "U066P20UQH1"
                ],
                "count": 1
            },
            {
                "name": "pray",
                "users": [
                    "U066P20UQH1"
                ],
                "count": 1
            }
        ]
    }
]