[
    {
        "user": "U0606SPN4BW",
        "type": "message",
        "ts": "1727796182.640349",
        "client_msg_id": "bc93a94c-32e4-4116-9e80-33318cfd7637",
        "text": "<!subteam^S073HEMKWV7|@hirakawa-adachi-yamamoto-fuse> cc <!subteam^S072Q871SF9|@oka-matsui-furukawa-hayashi-kimura-hasegawa-kawatani>\n:flag-nl:オランダ Eliza Melachropoulos様からサンプル注文を頂きました。\n*TSE-EMP-SPL-001-24* ",
        "team": "T033D70RR6H",
        "user_team": "T033D70RR6H",
        "source_team": "T033D70RR6H",
        "user_profile": {
            "avatar_hash": "823d8545f678",
            "image_72": "https:\/\/avatars.slack-edge.com\/2024-04-12\/6946592133062_823d8545f678615a3e0a_72.jpg",
            "first_name": "SATOSHI",
            "real_name": "SATOSHI FURUKAWA",
            "display_name": "古川　敏",
            "team": "T033D70RR6H",
            "name": "jpfreebirds",
            "is_restricted": false,
            "is_ultra_restricted": false
        },
        "thread_ts": "1727796182.640349",
        "reply_count": 3,
        "reply_users_count": 2,
        "latest_reply": "1727827934.138749",
        "reply_users": [
            "U0606SPN4BW",
            "U0331FZTHEK"
        ],
        "replies": [
            {
                "user": "U0606SPN4BW",
                "ts": "1727796230.158849"
            },
            {
                "user": "U0606SPN4BW",
                "ts": "1727799431.842619"
            },
            {
                "user": "U0331FZTHEK",
                "ts": "1727827934.138749"
            }
        ],
        "is_locked": false,
        "subscribed": true,
        "last_read": "1727827934.138749",
        "blocks": [
            {
                "type": "rich_text",
                "block_id": "CqtxV",
                "elements": [
                    {
                        "type": "rich_text_section",
                        "elements": [
                            {
                                "type": "usergroup",
                                "usergroup_id": "S073HEMKWV7"
                            },
                            {
                                "type": "text",
                                "text": " cc "
                            },
                            {
                                "type": "usergroup",
                                "usergroup_id": "S072Q871SF9"
                            },
                            {
                                "type": "text",
                                "text": "\n"
                            },
                            {
                                "type": "emoji",
                                "name": "flag-nl",
                                "unicode": "1f1f3-1f1f1"
                            },
                            {
                                "type": "text",
                                "text": "オランダ Eliza Melachropoulos様からサンプル注文を頂きました。\n"
                            },
                            {
                                "type": "text",
                                "text": "TSE-EMP-SPL-001-24 ",
                                "style": {
                                    "bold": true
                                }
                            }
                        ]
                    }
                ]
            }
        ],
        "reactions": [
            {
                "name": "承知_致しました",
                "users": [
                    "U05KGS6HN9H",
                    "U041RJKV5JA"
                ],
                "count": 2
            }
        ]
    },
    {
        "user": "U0606SPN4BW",
        "type": "message",
        "ts": "1727796230.158849",
        "client_msg_id": "79f09efa-c4a5-45a3-a2a2-7c7d410be8fa",
        "text": "本日オランダ事務所から発送しますので以下共有します！\n\n\n<@U0331FZTHEK> 入金確認済(PayPal USD30), 回収処理をお願いします！\n\n\n▼サンプル内容 (計 4点)\n&lt;各20g&gt;\nOrganic Matcha Upper - 1 鹿児島製茶 (鹿児島 A)\nOrganic Matcha Upper - 2 鹿児島製茶 (鹿児島 1A)\n\nNon Organic Matcha Upper - 1 出雲精茶G\nNon Organic Matcha Upper - 2 出雲精茶R\n\n\n袋指定なし、エージレス無し、品名ラベル貼り。\n価格表示なし。\n\n\n発送: Post NL\n\n\n---------------------------\nName: Eliza Melachropoulos\nAddress: Laan op Zuid 1390, Rotterdam, South Holland,\nPostal code: 3071AC\nCountry: Netherlands\nPhone number: (+31) 618016109\ne-mail address: <mailto:info@roffagems.nl|info@roffagems.nl>\n---------------------------",
        "team": "T033D70RR6H",
        "user_team": "T033D70RR6H",
        "source_team": "T033D70RR6H",
        "user_profile": {
            "avatar_hash": "823d8545f678",
            "image_72": "https:\/\/avatars.slack-edge.com\/2024-04-12\/6946592133062_823d8545f678615a3e0a_72.jpg",
            "first_name": "SATOSHI",
            "real_name": "SATOSHI FURUKAWA",
            "display_name": "古川　敏",
            "team": "T033D70RR6H",
            "name": "jpfreebirds",
            "is_restricted": false,
            "is_ultra_restricted": false
        },
        "thread_ts": "1727796182.640349",
        "parent_user_id": "U0606SPN4BW",
        "blocks": [
            {
                "type": "rich_text",
                "block_id": "OnCP+",
                "elements": [
                    {
                        "type": "rich_text_section",
                        "elements": [
                            {
                                "type": "text",
                                "text": "本日オランダ事務所から発送しますので以下共有します！\n\n\n"
                            },
                            {
                                "type": "user",
                                "user_id": "U0331FZTHEK"
                            },
                            {
                                "type": "text",
                                "text": " 入金確認済(PayPal USD30), 回収処理をお願いします！\n\n\n▼サンプル内容 (計 4点)\n<各20g>\nOrganic Matcha Upper - 1 鹿児島製茶 (鹿児島 A)\nOrganic Matcha Upper - 2 鹿児島製茶 (鹿児島 1A)\n\nNon Organic Matcha Upper - 1 出雲精茶G\nNon Organic Matcha Upper - 2 出雲精茶R\n\n\n袋指定なし、エージレス無し、品名ラベル貼り。\n価格表示なし。\n\n\n発送: Post NL\n\n\n---------------------------\nName: Eliza Melachropoulos\nAddress: Laan op Zuid 1390, Rotterdam, South Holland,\nPostal code: 3071AC\nCountry: Netherlands\nPhone number: (+31) 618016109\ne-mail address: "
                            },
                            {
                                "type": "link",
                                "url": "mailto:info@roffagems.nl",
                                "text": "info@roffagems.nl"
                            },
                            {
                                "type": "text",
                                "text": "\n---------------------------"
                            }
                        ]
                    }
                ]
            }
        ],
        "reactions": [
            {
                "name": "d130b000eb8d6784",
                "users": [
                    "U0331FZTHEK"
                ],
                "count": 1
            },
            {
                "name": "承知_致しました",
                "users": [
                    "U0331FZTHEK"
                ],
                "count": 1
            }
        ]
    },
    {
        "user": "U0606SPN4BW",
        "type": "message",
        "ts": "1727799431.842619",
        "client_msg_id": "779ef359-6811-4727-8638-a97b518d74b0",
        "text": "<!subteam^S073HEMKWV7|@hirakawa-adachi-yamamoto-fuse>\n発送対応、完了しましたので報告します！\n\nPostNL:\n3SOPKA001452989",
        "team": "T033D70RR6H",
        "user_team": "T033D70RR6H",
        "source_team": "T033D70RR6H",
        "user_profile": {
            "avatar_hash": "823d8545f678",
            "image_72": "https:\/\/avatars.slack-edge.com\/2024-04-12\/6946592133062_823d8545f678615a3e0a_72.jpg",
            "first_name": "SATOSHI",
            "real_name": "SATOSHI FURUKAWA",
            "display_name": "古川　敏",
            "team": "T033D70RR6H",
            "name": "jpfreebirds",
            "is_restricted": false,
            "is_ultra_restricted": false
        },
        "thread_ts": "1727796182.640349",
        "parent_user_id": "U0606SPN4BW",
        "blocks": [
            {
                "type": "rich_text",
                "block_id": "VJkvS",
                "elements": [
                    {
                        "type": "rich_text_section",
                        "elements": [
                            {
                                "type": "usergroup",
                                "usergroup_id": "S073HEMKWV7"
                            },
                            {
                                "type": "text",
                                "text": "\n発送対応、完了しましたので報告します！\n\nPostNL:\n3SOPKA001452989"
                            }
                        ]
                    }
                ]
            }
        ],
        "reactions": [
            {
                "name": "承知_致しました",
                "users": [
                    "U041RJKV5JA"
                ],
                "count": 1
            }
        ]
    },
    {
        "user": "U0606SPN4BW",
        "type": "message",
        "ts": "1727801859.599649",
        "client_msg_id": "8da91cbe-bcc6-4865-be4b-e94af63389f6",
        "text": "<!subteam^S073HEMKWV7|@hirakawa-adachi-yamamoto-fuse> cc <!subteam^S072Q871SF9|@oka-matsui-furukawa-hayashi-kimura-hasegawa-kawatani>\nEU圏向けサンプル補充のお願いです",
        "team": "T033D70RR6H",
        "user_team": "T033D70RR6H",
        "source_team": "T033D70RR6H",
        "user_profile": {
            "avatar_hash": "823d8545f678",
            "image_72": "https:\/\/avatars.slack-edge.com\/2024-04-12\/6946592133062_823d8545f678615a3e0a_72.jpg",
            "first_name": "SATOSHI",
            "real_name": "SATOSHI FURUKAWA",
            "display_name": "古川　敏",
            "team": "T033D70RR6H",
            "name": "jpfreebirds",
            "is_restricted": false,
            "is_ultra_restricted": false
        },
        "thread_ts": "1727801859.599649",
        "reply_count": 6,
        "reply_users_count": 2,
        "latest_reply": "1729589387.821249",
        "reply_users": [
            "U0606SPN4BW",
            "U05KGS6HN9H"
        ],
        "replies": [
            {
                "user": "U0606SPN4BW",
                "ts": "1727801945.509449"
            },
            {
                "user": "U05KGS6HN9H",
                "ts": "1727866350.116399"
            },
            {
                "user": "U0606SPN4BW",
                "ts": "1727866528.376669"
            },
            {
                "user": "U0606SPN4BW",
                "ts": "1728488972.130389"
            },
            {
                "user": "U05KGS6HN9H",
                "ts": "1729489133.728769"
            },
            {
                "user": "U05KGS6HN9H",
                "ts": "1729589387.821249"
            }
        ],
        "is_locked": false,
        "subscribed": true,
        "last_read": "1729589387.821249",
        "blocks": [
            {
                "type": "rich_text",
                "block_id": "S49H+",
                "elements": [
                    {
                        "type": "rich_text_section",
                        "elements": [
                            {
                                "type": "usergroup",
                                "usergroup_id": "S073HEMKWV7"
                            },
                            {
                                "type": "text",
                                "text": " cc "
                            },
                            {
                                "type": "usergroup",
                                "usergroup_id": "S072Q871SF9"
                            },
                            {
                                "type": "text",
                                "text": "\nEU圏向けサンプル補充のお願いです"
                            }
                        ]
                    }
                ]
            }
        ],
        "reactions": [
            {
                "name": "承知_致しました",
                "users": [
                    "U05KGS6HN9H",
                    "U033G4KN4TD",
                    "U041RJKV5JA"
                ],
                "count": 3
            }
        ]
    },
    {
        "user": "U0606SPN4BW",
        "type": "message",
        "ts": "1727801945.509449",
        "client_msg_id": "517bc353-f9ef-401f-9d10-44bf839c487e",
        "text": "お忙しい中スミマセン！\n急ぎではなく 2週間後ぐらいでも大丈夫ですので以下、\nオランダ事務所へ発送の手配をよろしくお願いします！\n\n\n・個数は大体の目安なので、日本側の在庫の兼ね合いで前後しても全く問題ありません。\n・現在、十分在庫があるものはゼロにしてありますので今回は不要です。\n・私のEORI番号が新しくなりました。今後は下記をご使用願います。\n(参考:プライバシー強化上の理由らしいです。既存のEU圏のお客様で同事象が出ることもあるかもです)\n\nEORI: NL7714800944\n\n\n各20g,\n袋指定なし,\nエージレスなし,\n品名ラベル貼り。\n金額不要。\n\n---------------\n&lt; Organic &gt;\ntop1 -  8\ntop2 -  4\nupp1 - 12\nupp2 -  5\nmid1 -  0\nmid2 -  0\nreg1 -  3\nreg2 -  4\nlow1 -  0\nlow2 -  0\n\n\n\n&lt; Non-org &gt;\ntop1 -  3\ntop2 -  3\nupp1 - 10\nupp2 -  8\nmid1 -  7\nmid2 -  6\nreg1 -  0\nreg2 -  0\nlow1 -  0\nlow2 -  0\n---------------\n\n\n\n------------------------------\nJP Free Birds\nSatoshi Furukawa\nLaan van 's-Gravenmade 40Y,\nDen Haag, 2495AJ, the Netherlands\ne-mail: <mailto:furukawa@tousuien.jp|furukawa@tousuien.jp>\n------------------------------",
        "team": "T033D70RR6H",
        "user_team": "T033D70RR6H",
        "source_team": "T033D70RR6H",
        "user_profile": {
            "avatar_hash": "823d8545f678",
            "image_72": "https:\/\/avatars.slack-edge.com\/2024-04-12\/6946592133062_823d8545f678615a3e0a_72.jpg",
            "first_name": "SATOSHI",
            "real_name": "SATOSHI FURUKAWA",
            "display_name": "古川　敏",
            "team": "T033D70RR6H",
            "name": "jpfreebirds",
            "is_restricted": false,
            "is_ultra_restricted": false
        },
        "thread_ts": "1727801859.599649",
        "parent_user_id": "U0606SPN4BW",
        "blocks": [
            {
                "type": "rich_text",
                "block_id": "yJ88E",
                "elements": [
                    {
                        "type": "rich_text_section",
                        "elements": [
                            {
                                "type": "text",
                                "text": "お忙しい中スミマセン！\n急ぎではなく 2週間後ぐらいでも大丈夫ですので以下、\nオランダ事務所へ発送の手配をよろしくお願いします！\n\n\n・個数は大体の目安なので、日本側の在庫の兼ね合いで前後しても全く問題ありません。\n・現在、十分在庫があるものはゼロにしてありますので今回は不要です。\n・私のEORI番号が新しくなりました。今後は下記をご使用願います。\n(参考:プライバシー強化上の理由らしいです。既存のEU圏のお客様で同事象が出ることもあるかもです)\n\nEORI: NL7714800944\n\n\n各20g,\n袋指定なし,\nエージレスなし,\n品名ラベル貼り。\n金額不要。\n\n---------------\n< Organic >\ntop1 -  8\ntop2 -  4\nupp1 - 12\nupp2 -  5\nmid1 -  0\nmid2 -  0\nreg1 -  3\nreg2 -  4\nlow1 -  0\nlow2 -  0\n\n\n\n< Non-org >\ntop1 -  3\ntop2 -  3\nupp1 - 10\nupp2 -  8\nmid1 -  7\nmid2 -  6\nreg1 -  0\nreg2 -  0\nlow1 -  0\nlow2 -  0\n---------------\n\n\n\n------------------------------\nJP Free Birds\nSatoshi Furukawa\nLaan van 's-Gravenmade 40Y,\nDen Haag, 2495AJ, the Netherlands\ne-mail: "
                            },
                            {
                                "type": "link",
                                "url": "mailto:furukawa@tousuien.jp",
                                "text": "furukawa@tousuien.jp"
                            },
                            {
                                "type": "text",
                                "text": "\n------------------------------"
                            }
                        ]
                    }
                ]
            }
        ],
        "reactions": [
            {
                "name": "承知_致しました",
                "users": [
                    "U033G4KN4TD",
                    "U041RJKV5JA",
                    "U05KGS6HN9H"
                ],
                "count": 3
            }
        ]
    },
    {
        "user": "U0331FZTHEK",
        "type": "message",
        "ts": "1727827934.138749",
        "client_msg_id": "6d0ddb40-bed6-43a3-ac5d-4b47b81ff1b2",
        "text": "<@U0606SPN4BW>\n <!subteam^S073HEMKWV7|@hirakawa-adachi-yamamoto-fuse>\nご入金を確認致しました。\n・10\/1 [PayPal]\n・30 USD\n回収（入金）処理、売上処理致します。\nよろしくお願いします。",
        "team": "T033D70RR6H",
        "user_team": "T033D70RR6H",
        "source_team": "T033D70RR6H",
        "user_profile": {
            "avatar_hash": "21cdbd6a05f9",
            "image_72": "https:\/\/avatars.slack-edge.com\/2022-02-16\/3115258488741_21cdbd6a05f9a69110f7_72.png",
            "first_name": "Mitsunobu",
            "real_name": "Mitsunobu Katayose",
            "display_name": "片寄",
            "team": "T033D70RR6H",
            "name": "tousuien03",
            "is_restricted": false,
            "is_ultra_restricted": false
        },
        "thread_ts": "1727796182.640349",
        "parent_user_id": "U0606SPN4BW",
        "blocks": [
            {
                "type": "rich_text",
                "block_id": "JrQkp",
                "elements": [
                    {
                        "type": "rich_text_section",
                        "elements": [
                            {
                                "type": "user",
                                "user_id": "U0606SPN4BW"
                            },
                            {
                                "type": "text",
                                "text": "\n "
                            },
                            {
                                "type": "usergroup",
                                "usergroup_id": "S073HEMKWV7"
                            },
                            {
                                "type": "text",
                                "text": "\nご入金を確認致しました。\n・10\/1 [PayPal]\n・30 USD\n回収（入金）処理、売上処理致します。\nよろしくお願いします。"
                            }
                        ]
                    }
                ]
            }
        ]
    },
    {
        "user": "U041RJKV5JA",
        "type": "message",
        "ts": "1727851739.353959",
        "client_msg_id": "a67262c0-109a-4a93-9881-5b7f0604178e",
        "text": "<@U066P20UQH1>\n <!subteam^S073HEMKWV7|@hirakawa-adachi-yamamoto-fuse>\n本日、DHLにて出荷しました。\nAWB NO. 8228827283\nよろしくお願いいたします。",
        "team": "T033D70RR6H",
        "user_team": "T033D70RR6H",
        "source_team": "T033D70RR6H",
        "user_profile": {
            "avatar_hash": "aed9eafd9eee",
            "image_72": "https:\/\/avatars.slack-edge.com\/2022-09-11\/4078874890257_aed9eafd9eee277ba076_72.png",
            "first_name": "Hirakawa",
            "real_name": "Hirakawa",
            "display_name": "平川",
            "team": "T033D70RR6H",
            "name": "tousuien.s006",
            "is_restricted": false,
            "is_ultra_restricted": false
        },
        "thread_ts": "1727686927.166249",
        "parent_user_id": "U066P20UQH1",
        "blocks": [
            {
                "type": "rich_text",
                "block_id": "L1iTt",
                "elements": [
                    {
                        "type": "rich_text_section",
                        "elements": [
                            {
                                "type": "user",
                                "user_id": "U066P20UQH1"
                            },
                            {
                                "type": "text",
                                "text": "\n "
                            },
                            {
                                "type": "usergroup",
                                "usergroup_id": "S073HEMKWV7"
                            },
                            {
                                "type": "text",
                                "text": "\n本日、DHLにて出荷しました。\nAWB NO. 8228827283\nよろしくお願いいたします。"
                            }
                        ]
                    }
                ]
            }
        ],
        "reactions": [
            {
                "name": "承知-1",
                "users": [
                    "U066P20UQH1"
                ],
                "count": 1
            },
            {
                "name": "連絡完了",
                "users": [
                    "U066P20UQH1"
                ],
                "count": 1
            }
        ]
    }
]