[
    {
        "user": "U05KGS6HN9H",
        "type": "message",
        "ts": "1723273370.062999",
        "client_msg_id": "e0855761-df34-4f7d-a036-101f1de48fd9",
        "text": "<@U0606SPN4BW>\n<!subteam^S073HEMKWV7|@hirakawa-adachi-yamamoto-fuse>\n本日8\/10のDHLで発送しました。\nAWB No 9154338395\n宜しくお願い致します。",
        "team": "T033D70RR6H",
        "user_team": "T033D70RR6H",
        "source_team": "T033D70RR6H",
        "user_profile": {
            "avatar_hash": "gc4e7258333f",
            "image_72": "https:\/\/secure.gravatar.com\/avatar\/c4e7258333f2958f831d063db85b4542.jpg?s=72&d=https%3A%2F%2Fa.slack-edge.com%2Fdf10d%2Fimg%2Favatars%2Fava_0005-72.png",
            "first_name": "Adachi",
            "real_name": "Adachi",
            "display_name": "足立",
            "team": "T033D70RR6H",
            "name": "tousuien05",
            "is_restricted": false,
            "is_ultra_restricted": false
        },
        "thread_ts": "1723129261.193329",
        "parent_user_id": "U0606SPN4BW",
        "blocks": [
            {
                "type": "rich_text",
                "block_id": "fAQah",
                "elements": [
                    {
                        "type": "rich_text_section",
                        "elements": [
                            {
                                "type": "user",
                                "user_id": "U0606SPN4BW"
                            },
                            {
                                "type": "text",
                                "text": "\n"
                            },
                            {
                                "type": "usergroup",
                                "usergroup_id": "S073HEMKWV7"
                            },
                            {
                                "type": "text",
                                "text": "\n本日8\/10のDHLで発送しました。\nAWB No 9154338395\n宜しくお願い致します。"
                            }
                        ]
                    }
                ]
            }
        ],
        "reactions": [
            {
                "name": "承知-1",
                "users": [
                    "U066P20UQH1"
                ],
                "count": 1
            },
            {
                "name": "連絡完了",
                "users": [
                    "U066P20UQH1"
                ],
                "count": 1
            },
            {
                "name": "d130b000eb8d6784",
                "users": [
                    "U0606SPN4BW"
                ],
                "count": 1
            }
        ]
    },
    {
        "user": "U066P20UQH1",
        "type": "message",
        "ts": "1723275177.129879",
        "client_msg_id": "13d87129-d544-45ec-83c1-ac0127a2bc09",
        "text": "<@U0606SPN4BW>\nFedExが13日に対応してそうなので、日本から出します！！お騒がせしました:sweat_drops::sweat_drops:",
        "team": "T033D70RR6H",
        "user_team": "T033D70RR6H",
        "source_team": "T033D70RR6H",
        "user_profile": {
            "avatar_hash": "179323cb3551",
            "image_72": "https:\/\/avatars.slack-edge.com\/2024-04-12\/6955353714228_179323cb3551f7c8ecfe_72.png",
            "first_name": "Haruka",
            "real_name": "Haruka Hayashi",
            "display_name": "林遥香",
            "team": "T033D70RR6H",
            "name": "haru.nboc",
            "is_restricted": false,
            "is_ultra_restricted": false
        },
        "thread_ts": "1723249516.254869",
        "parent_user_id": "U066P20UQH1",
        "blocks": [
            {
                "type": "rich_text",
                "block_id": "a5YDU",
                "elements": [
                    {
                        "type": "rich_text_section",
                        "elements": [
                            {
                                "type": "user",
                                "user_id": "U0606SPN4BW"
                            },
                            {
                                "type": "text",
                                "text": "\nFedExが13日に対応してそうなので、日本から出します！！お騒がせしました"
                            },
                            {
                                "type": "emoji",
                                "name": "sweat_drops",
                                "unicode": "1f4a6"
                            },
                            {
                                "type": "emoji",
                                "name": "sweat_drops",
                                "unicode": "1f4a6"
                            }
                        ]
                    }
                ]
            }
        ]
    },
    {
        "user": "U0606SPN4BW",
        "type": "message",
        "ts": "1723276717.963299",
        "client_msg_id": "26ce5ed8-fa4a-41ba-ace4-573a3b50323a",
        "text": "<@U066P20UQH1>  <@U0331FZS7JT>  <!subteam^S073HEMKWV7|@hirakawa-adachi-yamamoto-fuse> \n今日、事務所には午後から行きます。\n在庫はあるはずですので、今日オランダから発送しますね！\n発送完了後、こちらのスレッドでアップデートします！",
        "team": "T033D70RR6H",
        "user_team": "T033D70RR6H",
        "source_team": "T033D70RR6H",
        "user_profile": {
            "avatar_hash": "823d8545f678",
            "image_72": "https:\/\/avatars.slack-edge.com\/2024-04-12\/6946592133062_823d8545f678615a3e0a_72.jpg",
            "first_name": "SATOSHI",
            "real_name": "SATOSHI FURUKAWA",
            "display_name": "古川　敏",
            "team": "T033D70RR6H",
            "name": "jpfreebirds",
            "is_restricted": false,
            "is_ultra_restricted": false
        },
        "thread_ts": "1723249516.254869",
        "parent_user_id": "U066P20UQH1",
        "blocks": [
            {
                "type": "rich_text",
                "block_id": "4ct3R",
                "elements": [
                    {
                        "type": "rich_text_section",
                        "elements": [
                            {
                                "type": "user",
                                "user_id": "U066P20UQH1"
                            },
                            {
                                "type": "text",
                                "text": "  "
                            },
                            {
                                "type": "user",
                                "user_id": "U0331FZS7JT"
                            },
                            {
                                "type": "text",
                                "text": "  "
                            },
                            {
                                "type": "usergroup",
                                "usergroup_id": "S073HEMKWV7"
                            },
                            {
                                "type": "text",
                                "text": " \n今日、事務所には午後から行きます。\n在庫はあるはずですので、今日オランダから発送しますね！\n発送完了後、こちらのスレッドでアップデートします！"
                            }
                        ]
                    }
                ]
            }
        ]
    },
    {
        "user": "U066P20UQH1",
        "type": "message",
        "ts": "1723276850.648549",
        "client_msg_id": "b36e5657-4776-4804-968b-f40d96cc2051",
        "text": "<@U0606SPN4BW>\nありがとうございます！！！よろしくお願いします:sweat_drops:",
        "team": "T033D70RR6H",
        "user_team": "T033D70RR6H",
        "source_team": "T033D70RR6H",
        "user_profile": {
            "avatar_hash": "179323cb3551",
            "image_72": "https:\/\/avatars.slack-edge.com\/2024-04-12\/6955353714228_179323cb3551f7c8ecfe_72.png",
            "first_name": "Haruka",
            "real_name": "Haruka Hayashi",
            "display_name": "林遥香",
            "team": "T033D70RR6H",
            "name": "haru.nboc",
            "is_restricted": false,
            "is_ultra_restricted": false
        },
        "thread_ts": "1723249516.254869",
        "parent_user_id": "U066P20UQH1",
        "blocks": [
            {
                "type": "rich_text",
                "block_id": "f6Aeo",
                "elements": [
                    {
                        "type": "rich_text_section",
                        "elements": [
                            {
                                "type": "user",
                                "user_id": "U0606SPN4BW"
                            },
                            {
                                "type": "text",
                                "text": "\nありがとうございます！！！よろしくお願いします"
                            },
                            {
                                "type": "emoji",
                                "name": "sweat_drops",
                                "unicode": "1f4a6"
                            }
                        ]
                    }
                ]
            }
        ],
        "reactions": [
            {
                "name": "man-gesturing-ok",
                "users": [
                    "U0606SPN4BW"
                ],
                "count": 1
            }
        ]
    },
    {
        "user": "U0606SPN4BW",
        "type": "message",
        "ts": "1723309568.327289",
        "client_msg_id": "623f5bea-b6e1-4f17-838f-6a4b64e1dd2e",
        "text": "<@U066P20UQH1> <@U0331FZS7JT> <!subteam^S073HEMKWV7|@hirakawa-adachi-yamamoto-fuse>\n本日、発送完了しました！\n・シナモンとターメリックは同等性の関係でラベルも非有機となっている為、InvoiceとPacking listもNon-organicに揃えました！\n・「100g bag は白マットになると思う。」とのことなので、比較用に白マットと 艶あり を同梱しました！\n\n▼Tracking number\n05222072209632\n\n▼DPD\n<https:\/\/www.dpd.com\/nl\/en\/receiving\/track>",
        "team": "T033D70RR6H",
        "user_team": "T033D70RR6H",
        "source_team": "T033D70RR6H",
        "user_profile": {
            "avatar_hash": "823d8545f678",
            "image_72": "https:\/\/avatars.slack-edge.com\/2024-04-12\/6946592133062_823d8545f678615a3e0a_72.jpg",
            "first_name": "SATOSHI",
            "real_name": "SATOSHI FURUKAWA",
            "display_name": "古川　敏",
            "team": "T033D70RR6H",
            "name": "jpfreebirds",
            "is_restricted": false,
            "is_ultra_restricted": false
        },
        "thread_ts": "1723249516.254869",
        "parent_user_id": "U066P20UQH1",
        "attachments": [
            {
                "from_url": "https:\/\/www.dpd.com\/nl\/en\/receiving\/track",
                "service_icon": "https:\/\/www.dpd.com\/wp-content\/uploads\/sites\/220\/2019\/02\/cropped-favicon-194x194-180x180.png",
                "id": 1,
                "original_url": "https:\/\/www.dpd.com\/nl\/en\/receiving\/track",
                "fallback": "DPD: DPD Tracking: (International) Courier Parcel Track and Trace - DPD",
                "text": "DPD Tracking: Fill in your 14-digit parcel number and Track and Trace your DPD Parcel! ✓99% on time delivery ✓70.000 Pickup Parcelshops",
                "title": "DPD Tracking: (International) Courier Parcel Track and Trace - DPD",
                "title_link": "https:\/\/www.dpd.com\/nl\/en\/receiving\/track",
                "service_name": "DPD"
            }
        ],
        "blocks": [
            {
                "type": "rich_text",
                "block_id": "cI8AS",
                "elements": [
                    {
                        "type": "rich_text_section",
                        "elements": [
                            {
                                "type": "user",
                                "user_id": "U066P20UQH1"
                            },
                            {
                                "type": "text",
                                "text": " "
                            },
                            {
                                "type": "user",
                                "user_id": "U0331FZS7JT"
                            },
                            {
                                "type": "text",
                                "text": " "
                            },
                            {
                                "type": "usergroup",
                                "usergroup_id": "S073HEMKWV7"
                            },
                            {
                                "type": "text",
                                "text": "\n本日、発送完了しました！\n・シナモンとターメリックは同等性の関係でラベルも非有機となっている為、InvoiceとPacking listもNon-organicに揃えました！\n・「100g bag は白マットになると思う。」とのことなので、比較用に白マットと 艶あり を同梱しました！\n\n▼Tracking number\n05222072209632\n\n▼DPD\n"
                            },
                            {
                                "type": "link",
                                "url": "https:\/\/www.dpd.com\/nl\/en\/receiving\/track"
                            }
                        ]
                    }
                ]
            }
        ],
        "reactions": [
            {
                "name": "あり",
                "users": [
                    "U066P20UQH1"
                ],
                "count": 1
            }
        ]
    }
]