[
    {
        "user": "U066P20UQH1",
        "type": "message",
        "ts": "1712544805.724429",
        "client_msg_id": "601a1dab-8e10-4f66-814b-d681a132853d",
        "text": "<@U041RJKV5JA> <@U05KGS6HN9H> <@U033G4KN4TD> CC：<@U0331FWGQRM> <@U0331FZS7JT>\nお疲れ様です！\nインド、Abhilash Parmar (HNN Overseas) 様からサンプル注文を頂きました。\nUSD 30の入金確認済みですが、先方都合によりサンプル発送日は４〜5日後を目処に希望されています。\n*発送希望があり次第発送をお願いしたいので、準備だけ進めていただければと思います。*\n\n```▼サンプル内容 (計 6点)\n&lt;各20g&gt;\nOrganic Matcha Upper grade - 1（鹿児島製茶　鹿児島A）\nOrganic Matcha Upper grade - 2（鹿児島製茶　鹿児島1A）\nOrganic Matcha Middle grade - 1（鹿児島製茶　鹿児島B）\nOrganic Matcha Middle grade - 2（鹿児島製茶　鹿児島C）\nOrganic Matcha Regular grade - 1（鹿児島製茶　鹿児島D）\nOrganic Matcha Regular grade - 2（まるゑい　有機抹茶3000）\n\n袋指定なし、エージレス無し、品名ラベル貼り。\n\n発送:なんでもokです！```\n```▼顧客情報\n・Company name: HNN Overseas\n・Your name: Abhilash Parmar\n・Address: 395, Dwarkapuri, 60 feet road, Indore, Madhaya Prades, 452009\n・Postal code: 452009\n・Phone number: 7879877778\n・email address: <mailto:abhiparmar87@gmail.com|abhiparmar87@gmail.com>```",
        "team": "T033D70RR6H",
        "user_team": "T033D70RR6H",
        "source_team": "T033D70RR6H",
        "user_profile": {
            "avatar_hash": "179323cb3551",
            "image_72": "https:\/\/avatars.slack-edge.com\/2024-04-12\/6955353714228_179323cb3551f7c8ecfe_72.png",
            "first_name": "Haruka",
            "real_name": "Haruka Hayashi",
            "display_name": "林遥香",
            "team": "T033D70RR6H",
            "name": "haru.nboc",
            "is_restricted": false,
            "is_ultra_restricted": false
        },
        "thread_ts": "1712544805.724429",
        "reply_count": 23,
        "reply_users_count": 4,
        "latest_reply": "1713856897.441149",
        "reply_users": [
            "U0331FZTHEK",
            "U05KGS6HN9H",
            "U066P20UQH1",
            "U0331FWGQRM"
        ],
        "replies": [
            {
                "user": "U0331FZTHEK",
                "ts": "1712544952.791279"
            },
            {
                "user": "U05KGS6HN9H",
                "ts": "1712549770.796669"
            },
            {
                "user": "U05KGS6HN9H",
                "ts": "1712888053.886949"
            },
            {
                "user": "U066P20UQH1",
                "ts": "1712890100.296329"
            },
            {
                "user": "U05KGS6HN9H",
                "ts": "1712890276.317529"
            },
            {
                "user": "U05KGS6HN9H",
                "ts": "1713141985.108629"
            },
            {
                "user": "U066P20UQH1",
                "ts": "1713143726.702049"
            },
            {
                "user": "U066P20UQH1",
                "ts": "1713154572.765699"
            },
            {
                "user": "U05KGS6HN9H",
                "ts": "1713155284.382659"
            },
            {
                "user": "U066P20UQH1",
                "ts": "1713518882.301339"
            },
            {
                "user": "U066P20UQH1",
                "ts": "1713518904.759329"
            },
            {
                "user": "U05KGS6HN9H",
                "ts": "1713755908.517969"
            },
            {
                "user": "U066P20UQH1",
                "ts": "1713756031.424859"
            },
            {
                "user": "U066P20UQH1",
                "ts": "1713757918.755919"
            },
            {
                "user": "U066P20UQH1",
                "ts": "1713764322.493109"
            },
            {
                "user": "U05KGS6HN9H",
                "ts": "1713764846.340159"
            },
            {
                "user": "U066P20UQH1",
                "ts": "1713765619.439839"
            },
            {
                "user": "U05KGS6HN9H",
                "ts": "1713766047.946079"
            },
            {
                "user": "U066P20UQH1",
                "ts": "1713766071.680599"
            },
            {
                "user": "U05KGS6HN9H",
                "ts": "1713855506.369179"
            },
            {
                "user": "U066P20UQH1",
                "ts": "1713855736.179329"
            },
            {
                "user": "U0331FWGQRM",
                "ts": "1713856742.961189"
            },
            {
                "user": "U066P20UQH1",
                "ts": "1713856897.441149"
            }
        ],
        "is_locked": false,
        "subscribed": true,
        "last_read": "1713856897.441149",
        "blocks": [
            {
                "type": "rich_text",
                "block_id": "DF8Ch",
                "elements": [
                    {
                        "type": "rich_text_section",
                        "elements": [
                            {
                                "type": "user",
                                "user_id": "U041RJKV5JA"
                            },
                            {
                                "type": "text",
                                "text": " "
                            },
                            {
                                "type": "user",
                                "user_id": "U05KGS6HN9H"
                            },
                            {
                                "type": "text",
                                "text": " "
                            },
                            {
                                "type": "user",
                                "user_id": "U033G4KN4TD"
                            },
                            {
                                "type": "text",
                                "text": " CC："
                            },
                            {
                                "type": "user",
                                "user_id": "U0331FWGQRM"
                            },
                            {
                                "type": "text",
                                "text": " "
                            },
                            {
                                "type": "user",
                                "user_id": "U0331FZS7JT"
                            },
                            {
                                "type": "text",
                                "text": "\nお疲れ様です！\nインド、Abhilash Parmar (HNN Overseas) 様からサンプル注文を頂きました。\nUSD 30の入金確認済みですが、先方都合によりサンプル発送日は４〜5日後を目処に希望されています。\n"
                            },
                            {
                                "type": "text",
                                "text": "発送希望があり次第発送をお願いしたいので、準備だけ進めていただければと思います。",
                                "style": {
                                    "bold": true,
                                    "italic": false,
                                    "strike": false
                                }
                            },
                            {
                                "type": "text",
                                "text": "\n\n"
                            }
                        ]
                    },
                    {
                        "type": "rich_text_preformatted",
                        "elements": [
                            {
                                "type": "text",
                                "text": "▼サンプル内容 (計 6点)\n<各20g>\nOrganic Matcha Upper grade - 1（鹿児島製茶　鹿児島A）\nOrganic Matcha Upper grade - 2（鹿児島製茶　鹿児島1A）\nOrganic Matcha Middle grade - 1（鹿児島製茶　鹿児島B）\nOrganic Matcha Middle grade - 2（鹿児島製茶　鹿児島C）\nOrganic Matcha Regular grade - 1（鹿児島製茶　鹿児島D）\nOrganic Matcha Regular grade - 2（まるゑい　有機抹茶3000）\n\n袋指定なし、エージレス無し、品名ラベル貼り。\n\n発送:なんでもokです！"
                            }
                        ],
                        "border": 0
                    },
                    {
                        "type": "rich_text_preformatted",
                        "elements": [
                            {
                                "type": "text",
                                "text": "▼顧客情報\n・Company name: HNN Overseas\n・Your name: Abhilash Parmar\n・Address: 395, Dwarkapuri, 60 feet road, Indore, Madhaya Prades, 452009\n・Postal code: 452009\n・Phone number: 7879877778\n・email address: abhiparmar87@gmail.com"
                            }
                        ],
                        "border": 0
                    }
                ]
            }
        ],
        "reactions": [
            {
                "name": "承知_致しました",
                "users": [
                    "U041RJKV5JA",
                    "U05KGS6HN9H",
                    "U033G4KN4TD"
                ],
                "count": 3
            }
        ]
    },
    {
        "user": "U0331FZTHEK",
        "type": "message",
        "ts": "1712544952.791279",
        "client_msg_id": "7c1fa445-afc3-4248-a4dc-fb4589052291",
        "text": "<@U066P20UQH1>\nお疲れ様です。\n<@U041RJKV5JA> <@U05KGS6HN9H> <@U033G4KN4TD>\n本件、ご入金を確認致しました。\n・4\/8 [PayPal]\n・30 USD\n回収（入金）処理致します。\nよろしくお願いします。",
        "team": "T033D70RR6H",
        "user_team": "T033D70RR6H",
        "source_team": "T033D70RR6H",
        "user_profile": {
            "avatar_hash": "21cdbd6a05f9",
            "image_72": "https:\/\/avatars.slack-edge.com\/2022-02-16\/3115258488741_21cdbd6a05f9a69110f7_72.png",
            "first_name": "Mitsunobu",
            "real_name": "Mitsunobu Katayose",
            "display_name": "片寄",
            "team": "T033D70RR6H",
            "name": "tousuien03",
            "is_restricted": false,
            "is_ultra_restricted": false
        },
        "thread_ts": "1712544805.724429",
        "parent_user_id": "U066P20UQH1",
        "blocks": [
            {
                "type": "rich_text",
                "block_id": "LfJNC",
                "elements": [
                    {
                        "type": "rich_text_section",
                        "elements": [
                            {
                                "type": "user",
                                "user_id": "U066P20UQH1"
                            },
                            {
                                "type": "text",
                                "text": "\nお疲れ様です。\n"
                            },
                            {
                                "type": "user",
                                "user_id": "U041RJKV5JA"
                            },
                            {
                                "type": "text",
                                "text": " "
                            },
                            {
                                "type": "user",
                                "user_id": "U05KGS6HN9H"
                            },
                            {
                                "type": "text",
                                "text": " "
                            },
                            {
                                "type": "user",
                                "user_id": "U033G4KN4TD"
                            },
                            {
                                "type": "text",
                                "text": "\n本件、ご入金を確認致しました。\n・4\/8 [PayPal]\n・30 USD\n回収（入金）処理致します。\nよろしくお願いします。"
                            }
                        ]
                    }
                ]
            }
        ],
        "reactions": [
            {
                "name": "bow",
                "users": [
                    "U066P20UQH1"
                ],
                "count": 1
            },
            {
                "name": "入金完了",
                "users": [
                    "U0331FZTHEK"
                ],
                "count": 1
            }
        ]
    },
    {
        "user": "U05KGS6HN9H",
        "type": "message",
        "ts": "1712549770.796669",
        "edited": {
            "user": "U05KGS6HN9H",
            "ts": "1712551351.000000"
        },
        "client_msg_id": "8d5e34a4-a110-4bff-bfca-ea04a67c3604",
        "text": "<@U066P20UQH1>\n<@U0331FZS7JT> <@U0331FWGQRM> <@U041RJKV5JA> <@U033G4KN4TD>\n小分け作業は4\/11に行い、4\/12（金）発送目途で\n準備を進めます。発送はDHLで予定致しますが、\n4\/12発送の場合、当日11：00までに集荷依頼が必要です。\n以下、同等代替品での手配となります。\n・鹿児島B→まるゑい＃60\n・鹿児島D→大石2550\n\n宜しくお願い致します。",
        "team": "T033D70RR6H",
        "user_team": "T033D70RR6H",
        "source_team": "T033D70RR6H",
        "user_profile": {
            "avatar_hash": "gc4e7258333f",
            "image_72": "https:\/\/secure.gravatar.com\/avatar\/c4e7258333f2958f831d063db85b4542.jpg?s=72&d=https%3A%2F%2Fa.slack-edge.com%2Fdf10d%2Fimg%2Favatars%2Fava_0005-72.png",
            "first_name": "Adachi",
            "real_name": "Adachi",
            "display_name": "足立",
            "team": "T033D70RR6H",
            "name": "tousuien05",
            "is_restricted": false,
            "is_ultra_restricted": false
        },
        "thread_ts": "1712544805.724429",
        "parent_user_id": "U066P20UQH1",
        "blocks": [
            {
                "type": "rich_text",
                "block_id": "ZL\/YA",
                "elements": [
                    {
                        "type": "rich_text_section",
                        "elements": [
                            {
                                "type": "user",
                                "user_id": "U066P20UQH1"
                            },
                            {
                                "type": "text",
                                "text": "\n"
                            },
                            {
                                "type": "user",
                                "user_id": "U0331FZS7JT"
                            },
                            {
                                "type": "text",
                                "text": " "
                            },
                            {
                                "type": "user",
                                "user_id": "U0331FWGQRM"
                            },
                            {
                                "type": "text",
                                "text": " "
                            },
                            {
                                "type": "user",
                                "user_id": "U041RJKV5JA"
                            },
                            {
                                "type": "text",
                                "text": " "
                            },
                            {
                                "type": "user",
                                "user_id": "U033G4KN4TD"
                            },
                            {
                                "type": "text",
                                "text": "\n小分け作業は4\/11に行い、4\/12（金）発送目途で\n準備を進めます。発送はDHLで予定致しますが、\n4\/12発送の場合、当日11：00までに集荷依頼が必要です。\n以下、同等代替品での手配となります。\n・鹿児島B→まるゑい＃60\n・鹿児島D→大石2550\n\n宜しくお願い致します。"
                            }
                        ]
                    }
                ]
            }
        ],
        "reactions": [
            {
                "name": "承知",
                "users": [
                    "U066P20UQH1"
                ],
                "count": 1
            }
        ]
    }
]