[
    {
        "user": "U0331FZS7JT",
        "type": "message",
        "ts": "1722326304.239809",
        "client_msg_id": "d78750e3-ddf5-49fc-99fe-2afc6f80e39d",
        "text": "<!subteam^S073HEMKWV7|@hirakawa-adachi-yamamoto-fuse>\n<@U0331FWGQRM>\n:flag-ch:スイス：セバスチャン様向けに\n明日（7\/31）サンプル発送の準備をお願いします。",
        "team": "T033D70RR6H",
        "user_team": "T033D70RR6H",
        "source_team": "T033D70RR6H",
        "user_profile": {
            "avatar_hash": "2c9de1514f26",
            "image_72": "https:\/\/avatars.slack-edge.com\/2022-02-16\/3118160981555_2c9de1514f262063f72d_72.png",
            "first_name": "Yuta",
            "real_name": "Yuta Oka",
            "display_name": "岡祐太",
            "team": "T033D70RR6H",
            "name": "yuta.oka.0915",
            "is_restricted": false,
            "is_ultra_restricted": false
        },
        "thread_ts": "1722326304.239809",
        "reply_count": 1,
        "reply_users_count": 1,
        "latest_reply": "1722326486.225129",
        "reply_users": [
            "U0331FZS7JT"
        ],
        "replies": [
            {
                "user": "U0331FZS7JT",
                "ts": "1722326486.225129"
            }
        ],
        "is_locked": false,
        "subscribed": true,
        "last_read": "1722326486.225129",
        "blocks": [
            {
                "type": "rich_text",
                "block_id": "izVjM",
                "elements": [
                    {
                        "type": "rich_text_section",
                        "elements": [
                            {
                                "type": "usergroup",
                                "usergroup_id": "S073HEMKWV7"
                            },
                            {
                                "type": "text",
                                "text": "\n"
                            },
                            {
                                "type": "user",
                                "user_id": "U0331FWGQRM"
                            },
                            {
                                "type": "text",
                                "text": "\n"
                            },
                            {
                                "type": "emoji",
                                "name": "flag-ch",
                                "unicode": "1f1e8-1f1ed"
                            },
                            {
                                "type": "text",
                                "text": "スイス：セバスチャン様向けに\n明日（7\/31）サンプル発送の準備をお願いします。"
                            }
                        ]
                    }
                ]
            }
        ],
        "reactions": [
            {
                "name": "eyes",
                "users": [
                    "U0331FWGQRM"
                ],
                "count": 1
            },
            {
                "name": "承知_致しました",
                "users": [
                    "U05KGS6HN9H"
                ],
                "count": 1
            }
        ]
    },
    {
        "text": "<!subteam^S073HEMKWV7|@hirakawa-adachi-yamamoto-fuse>\n内容は添付の通り(黄色の塗りつぶし以外の12種類)\nです。\n送り先はLAなのでPNCの発行をお願いします。\n※一応、先方には送るね？と確認の連絡していますが、送る前提で進めて下さい。\nよろしくお願いします！",
        "files": [
            {
                "id": "F07EN852WE6",
                "created": 1722326340,
                "timestamp": 1722326340,
                "name": "Quotation_tousuien_20240724.pdf",
                "title": "Quotation_tousuien_20240724.pdf",
                "mimetype": "application\/pdf",
                "filetype": "pdf",
                "pretty_type": "PDF",
                "user": "U0331FZS7JT",
                "user_team": "T033D70RR6H",
                "editable": false,
                "size": 351523,
                "mode": "hosted",
                "is_external": false,
                "external_type": "",
                "is_public": true,
                "public_url_shared": false,
                "display_as_bot": false,
                "username": "",
                "url_private": "https:\/\/files.slack.com\/files-pri\/T033D70RR6H-F07EN852WE6\/quotation_tousuien_20240724.pdf?token=xoxe-3115238875221-9710624591398-9697214945543-aa82359f925d11baadb4ddc07b089467",
                "url_private_download": "https:\/\/files.slack.com\/files-pri\/T033D70RR6H-F07EN852WE6\/download\/quotation_tousuien_20240724.pdf?token=xoxe-3115238875221-9710624591398-9697214945543-aa82359f925d11baadb4ddc07b089467",
                "media_display_type": "unknown",
                "thumb_pdf": "https:\/\/files.slack.com\/files-tmb\/T033D70RR6H-F07EN852WE6-8654a4e6bd\/quotation_tousuien_20240724_thumb_pdf.png?t=xoxe-3115238875221-9710624591398-9697214945543-aa82359f925d11baadb4ddc07b089467",
                "thumb_pdf_w": 910,
                "thumb_pdf_h": 1286,
                "permalink": "https:\/\/grp-ssm9297.slack.com\/files\/U0331FWGQRM\/F07EN852WE6\/quotation_tousuien_20240724.pdf",
                "permalink_public": "https:\/\/slack-files.com\/T033D70RR6H-F07EN852WE6-c1cbfdf95f",
                "is_starred": false,
                "skipped_shares": true,
                "has_rich_preview": false,
                "file_access": "visible"
            }
        ],
        "upload": false,
        "user": "U0331FZS7JT",
        "display_as_bot": false,
        "blocks": [
            {
                "type": "rich_text",
                "block_id": "esIsz",
                "elements": [
                    {
                        "type": "rich_text_section",
                        "elements": [
                            {
                                "type": "usergroup",
                                "usergroup_id": "S073HEMKWV7"
                            },
                            {
                                "type": "text",
                                "text": "\n内容は添付の通り(黄色の塗りつぶし以外の12種類)\nです。\n送り先はLAなのでPNCの発行をお願いします。\n※一応、先方には送るね？と確認の連絡していますが、送る前提で進めて下さい。\nよろしくお願いします！"
                            }
                        ]
                    }
                ]
            }
        ],
        "type": "message",
        "ts": "1722326486.225129",
        "client_msg_id": "d04249df-587b-4cf5-92db-8f868c195931",
        "thread_ts": "1722326304.239809",
        "parent_user_id": "U0331FZS7JT"
    },
    {
        "user": "U066P20UQH1",
        "type": "message",
        "ts": "1722407652.101749",
        "client_msg_id": "11605b63-6646-45bc-8d08-77b9150f360b",
        "text": "<!subteam^S073HEMKWV7|@hirakawa-adachi-yamamoto-fuse> <!subteam^S072Q871SF9|@oka-matsui-furukawa-hayashi-kimura-hasegawa-kawatani>\n:flag-cz:チェコ：Jirka Martinec様からサンプル依頼です。",
        "team": "T033D70RR6H",
        "user_team": "T033D70RR6H",
        "source_team": "T033D70RR6H",
        "user_profile": {
            "avatar_hash": "179323cb3551",
            "image_72": "https:\/\/avatars.slack-edge.com\/2024-04-12\/6955353714228_179323cb3551f7c8ecfe_72.png",
            "first_name": "Haruka",
            "real_name": "Haruka Hayashi",
            "display_name": "林遥香",
            "team": "T033D70RR6H",
            "name": "haru.nboc",
            "is_restricted": false,
            "is_ultra_restricted": false
        },
        "thread_ts": "1722407652.101749",
        "reply_count": 4,
        "reply_users_count": 3,
        "latest_reply": "1722422658.008359",
        "reply_users": [
            "U066P20UQH1",
            "U0331FZTHEK",
            "U0606SPN4BW"
        ],
        "replies": [
            {
                "user": "U066P20UQH1",
                "ts": "1722408002.303959"
            },
            {
                "user": "U0331FZTHEK",
                "ts": "1722410883.523209"
            },
            {
                "user": "U0606SPN4BW",
                "ts": "1722411708.321029"
            },
            {
                "user": "U0606SPN4BW",
                "ts": "1722422658.008359"
            }
        ],
        "is_locked": false,
        "subscribed": true,
        "last_read": "1722422658.008359",
        "blocks": [
            {
                "type": "rich_text",
                "block_id": "579Mj",
                "elements": [
                    {
                        "type": "rich_text_section",
                        "elements": [
                            {
                                "type": "usergroup",
                                "usergroup_id": "S073HEMKWV7"
                            },
                            {
                                "type": "text",
                                "text": " "
                            },
                            {
                                "type": "usergroup",
                                "usergroup_id": "S072Q871SF9"
                            },
                            {
                                "type": "text",
                                "text": "\n"
                            },
                            {
                                "type": "emoji",
                                "name": "flag-cz",
                                "unicode": "1f1e8-1f1ff"
                            },
                            {
                                "type": "text",
                                "text": "チェコ：Jirka Martinec様からサンプル依頼です。"
                            }
                        ]
                    }
                ]
            }
        ]
    },
    {
        "user": "U066P20UQH1",
        "type": "message",
        "ts": "1722408002.303959",
        "client_msg_id": "e067dbb1-da11-4ba1-a0a5-f05f1b38ea91",
        "text": "<@U0331FZTHEK>\n間もなく入金があると思いますので、あり次第回収をお願いします。\n\n注文内容\n```20g each\nOrganic Matcha Upper grade - 1\nOrganic Matcha Upper grade - 2 \nOrganic Matcha Middle grade - 1\nNon organic Matcha Upper grade - 1 \nNon organic Matcha Upper grade - 2 \nNon organic Matcha Middle grade - 1 ```\n顧客情報\n```Name: Jirka Martinec\nStreet: Karla Hynka Máchy 736\/7\nPostCode: 500 02\nCity: Hradec Králové\nCountry: Czech Republic\nPhone:+420 734512444\nemail: <mailto:mattcha@mattcha.cz|mattcha@mattcha.cz>```\n<@U0606SPN4BW> cc: <!subteam^S073HEMKWV7|@hirakawa-adachi-yamamoto-fuse>\n入金あり次第オランダ事務所から発送をお願いします！",
        "team": "T033D70RR6H",
        "user_team": "T033D70RR6H",
        "source_team": "T033D70RR6H",
        "user_profile": {
            "avatar_hash": "179323cb3551",
            "image_72": "https:\/\/avatars.slack-edge.com\/2024-04-12\/6955353714228_179323cb3551f7c8ecfe_72.png",
            "first_name": "Haruka",
            "real_name": "Haruka Hayashi",
            "display_name": "林遥香",
            "team": "T033D70RR6H",
            "name": "haru.nboc",
            "is_restricted": false,
            "is_ultra_restricted": false
        },
        "thread_ts": "1722407652.101749",
        "parent_user_id": "U066P20UQH1",
        "blocks": [
            {
                "type": "rich_text",
                "block_id": "O120t",
                "elements": [
                    {
                        "type": "rich_text_section",
                        "elements": [
                            {
                                "type": "user",
                                "user_id": "U0331FZTHEK"
                            },
                            {
                                "type": "text",
                                "text": "\n間もなく入金があると思いますので、あり次第回収をお願いします。\n\n注文内容\n"
                            }
                        ]
                    },
                    {
                        "type": "rich_text_preformatted",
                        "elements": [
                            {
                                "type": "text",
                                "text": "20g each\nOrganic Matcha Upper grade - 1\nOrganic Matcha Upper grade - 2 \nOrganic Matcha Middle grade - 1\nNon organic Matcha Upper grade - 1 \nNon organic Matcha Upper grade - 2 \nNon organic Matcha Middle grade - 1 "
                            }
                        ],
                        "border": 0
                    },
                    {
                        "type": "rich_text_section",
                        "elements": [
                            {
                                "type": "text",
                                "text": "\n顧客情報\n"
                            }
                        ]
                    },
                    {
                        "type": "rich_text_preformatted",
                        "elements": [
                            {
                                "type": "text",
                                "text": "Name: Jirka Martinec\nStreet: Karla Hynka Máchy 736\/7\nPostCode: 500 02\nCity: Hradec Králové\nCountry: Czech Republic\nPhone:+420 734512444\nemail: mattcha@mattcha.cz"
                            }
                        ],
                        "border": 0
                    },
                    {
                        "type": "rich_text_section",
                        "elements": [
                            {
                                "type": "text",
                                "text": "\n"
                            },
                            {
                                "type": "user",
                                "user_id": "U0606SPN4BW"
                            },
                            {
                                "type": "text",
                                "text": " cc: "
                            },
                            {
                                "type": "usergroup",
                                "usergroup_id": "S073HEMKWV7"
                            },
                            {
                                "type": "text",
                                "text": "\n入金あり次第オランダ事務所から発送をお願いします！"
                            }
                        ]
                    }
                ]
            }
        ],
        "reactions": [
            {
                "name": "d130b000eb8d6784",
                "users": [
                    "U0331FZTHEK",
                    "U0606SPN4BW"
                ],
                "count": 2
            },
            {
                "name": "承知_致しました",
                "users": [
                    "U0331FZTHEK",
                    "U0606SPN4BW"
                ],
                "count": 2
            }
        ]
    },
    {
        "user": "U05KGS6HN9H",
        "type": "message",
        "ts": "1722408978.042289",
        "client_msg_id": "c9a328f4-f4fb-483b-a31f-a7be09d5b3ac",
        "text": "<@U0606SPN4BW>\n<!subteam^S073HEMKWV7|@hirakawa-adachi-yamamoto-fuse>\n本日7\/31のDHLで発送しました。\nAWB No 9154314643\n宜しくお願い致します。",
        "team": "T033D70RR6H",
        "user_team": "T033D70RR6H",
        "source_team": "T033D70RR6H",
        "user_profile": {
            "avatar_hash": "gc4e7258333f",
            "image_72": "https:\/\/secure.gravatar.com\/avatar\/c4e7258333f2958f831d063db85b4542.jpg?s=72&d=https%3A%2F%2Fa.slack-edge.com%2Fdf10d%2Fimg%2Favatars%2Fava_0005-72.png",
            "first_name": "Adachi",
            "real_name": "Adachi",
            "display_name": "足立",
            "team": "T033D70RR6H",
            "name": "tousuien05",
            "is_restricted": false,
            "is_ultra_restricted": false
        },
        "thread_ts": "1721944915.714599",
        "parent_user_id": "U0606SPN4BW",
        "blocks": [
            {
                "type": "rich_text",
                "block_id": "qS24s",
                "elements": [
                    {
                        "type": "rich_text_section",
                        "elements": [
                            {
                                "type": "user",
                                "user_id": "U0606SPN4BW"
                            },
                            {
                                "type": "text",
                                "text": "\n"
                            },
                            {
                                "type": "usergroup",
                                "usergroup_id": "S073HEMKWV7"
                            },
                            {
                                "type": "text",
                                "text": "\n本日7\/31のDHLで発送しました。\nAWB No 9154314643\n宜しくお願い致します。"
                            }
                        ]
                    }
                ]
            }
        ],
        "reactions": [
            {
                "name": "pray",
                "users": [
                    "U066P20UQH1"
                ],
                "count": 1
            },
            {
                "name": "連絡完了",
                "users": [
                    "U066P20UQH1"
                ],
                "count": 1
            }
        ]
    }
]