[
    {
        "user": "U0606SPN4BW",
        "type": "message",
        "ts": "1728664092.187139",
        "client_msg_id": "95a73410-8ba7-4e7a-af74-a9ce3d499ef3",
        "text": "<!subteam^S073HEMKWV7|@hirakawa-adachi-yamamoto-fuse> cc <!subteam^S072Q871SF9|@oka-matsui-furukawa-hayashi-kimura-hasegawa-kawatani>\n:flag-ae:アラブ首長国連邦、 ISD-Iasmina Denikaeva様からサンプル注文を頂きました。\n*TSE-ISD-SPL-001-24*",
        "team": "T033D70RR6H",
        "user_team": "T033D70RR6H",
        "source_team": "T033D70RR6H",
        "user_profile": {
            "avatar_hash": "823d8545f678",
            "image_72": "https:\/\/avatars.slack-edge.com\/2024-04-12\/6946592133062_823d8545f678615a3e0a_72.jpg",
            "first_name": "SATOSHI",
            "real_name": "SATOSHI FURUKAWA",
            "display_name": "古川　敏",
            "team": "T033D70RR6H",
            "name": "jpfreebirds",
            "is_restricted": false,
            "is_ultra_restricted": false
        },
        "thread_ts": "1728664092.187139",
        "reply_count": 10,
        "reply_users_count": 4,
        "latest_reply": "1729579683.176559",
        "reply_users": [
            "U0606SPN4BW",
            "U0331FZTHEK",
            "U066P20UQH1",
            "U05KGS6HN9H"
        ],
        "replies": [
            {
                "user": "U0606SPN4BW",
                "ts": "1728664154.526369"
            },
            {
                "user": "U0331FZTHEK",
                "ts": "1728686770.808759"
            },
            {
                "user": "U0606SPN4BW",
                "ts": "1728729978.393639"
            },
            {
                "user": "U0606SPN4BW",
                "ts": "1728914604.040969"
            },
            {
                "user": "U066P20UQH1",
                "ts": "1728973897.878859"
            },
            {
                "user": "U066P20UQH1",
                "ts": "1728973931.031329"
            },
            {
                "user": "U0606SPN4BW",
                "ts": "1728989440.931479"
            },
            {
                "user": "U0331FZTHEK",
                "ts": "1728994352.733789"
            },
            {
                "user": "U05KGS6HN9H",
                "ts": "1729242071.726709"
            },
            {
                "user": "U05KGS6HN9H",
                "ts": "1729579683.176559"
            }
        ],
        "is_locked": false,
        "subscribed": true,
        "last_read": "1729579683.176559",
        "blocks": [
            {
                "type": "rich_text",
                "block_id": "r+nma",
                "elements": [
                    {
                        "type": "rich_text_section",
                        "elements": [
                            {
                                "type": "usergroup",
                                "usergroup_id": "S073HEMKWV7"
                            },
                            {
                                "type": "text",
                                "text": " cc "
                            },
                            {
                                "type": "usergroup",
                                "usergroup_id": "S072Q871SF9"
                            },
                            {
                                "type": "text",
                                "text": "\n"
                            },
                            {
                                "type": "emoji",
                                "name": "flag-ae",
                                "unicode": "1f1e6-1f1ea"
                            },
                            {
                                "type": "text",
                                "text": "アラブ首長国連邦、 ISD-Iasmina Denikaeva様からサンプル注文を頂きました。\n"
                            },
                            {
                                "type": "text",
                                "text": "TSE-ISD-SPL-001-24",
                                "style": {
                                    "bold": true
                                }
                            }
                        ]
                    }
                ]
            }
        ],
        "reactions": [
            {
                "name": "承知_致しました",
                "users": [
                    "U05KGS6HN9H",
                    "U041RJKV5JA"
                ],
                "count": 2
            }
        ]
    },
    {
        "user": "U0606SPN4BW",
        "type": "message",
        "ts": "1728664154.526369",
        "client_msg_id": "3fea4c45-d910-4f2f-8ef0-86d828c8aba9",
        "text": "下記へ発送手続き、および発送日のお知らせをお願いします！\n\n\n<@U0331FZTHEK> 入金確認済 (PayPal USD30), 回収処理をお願いします！\n\n\n▼サンプル内容 (計 5点)\n&lt;各20g&gt;\n・Non-organic Mint Matcha\n(香岳園 宇治抹茶 K9000 おくみどり + 5% キタマ 有機ペパーミントパウダー)\n\n・Non-organic Cinnamon Matcha\n(香岳園 宇治抹茶 K8000 + 15% キタマ 有機シナモンパウダー)\n\n・Non-organic Matcha UJI grade A\n(香岳園 宇治抹茶 K9000 おくみどり)\n\n・Non-organic Matcha UJI grade B\n(香岳園 宇治抹茶 K8000)\n\n・Non-organic Kagoshima Matcha\n(和香園 中)\n\n\n・袋指定なし、\n・エージレス無し、\n・品名ラベル貼り。\n・価格表示：なし\n\n\n発送：DHL\n\n\n---------------------------------------------------\nBrand name: WellnessbyYasmina\nName: Iasmina Denikaeva\nAddress: Marina pinnacle tiger tower 5001 apartment\nCountry: UAE\nPhone number: 971 55 871 6310\ne-mail address: <mailto:Yasmina.denikaeva95@gmail.com|Yasmina.denikaeva95@gmail.com>\n---------------------------------------------------",
        "team": "T033D70RR6H",
        "user_team": "T033D70RR6H",
        "source_team": "T033D70RR6H",
        "user_profile": {
            "avatar_hash": "823d8545f678",
            "image_72": "https:\/\/avatars.slack-edge.com\/2024-04-12\/6946592133062_823d8545f678615a3e0a_72.jpg",
            "first_name": "SATOSHI",
            "real_name": "SATOSHI FURUKAWA",
            "display_name": "古川　敏",
            "team": "T033D70RR6H",
            "name": "jpfreebirds",
            "is_restricted": false,
            "is_ultra_restricted": false
        },
        "thread_ts": "1728664092.187139",
        "parent_user_id": "U0606SPN4BW",
        "blocks": [
            {
                "type": "rich_text",
                "block_id": "McF0X",
                "elements": [
                    {
                        "type": "rich_text_section",
                        "elements": [
                            {
                                "type": "text",
                                "text": "下記へ発送手続き、および発送日のお知らせをお願いします！\n\n\n"
                            },
                            {
                                "type": "user",
                                "user_id": "U0331FZTHEK"
                            },
                            {
                                "type": "text",
                                "text": " 入金確認済 (PayPal USD30), 回収処理をお願いします！\n\n\n▼サンプル内容 (計 5点)\n<各20g>\n・Non-organic Mint Matcha\n(香岳園 宇治抹茶 K9000 おくみどり + 5% キタマ 有機ペパーミントパウダー)\n\n・Non-organic Cinnamon Matcha\n(香岳園 宇治抹茶 K8000 + 15% キタマ 有機シナモンパウダー)\n\n・Non-organic Matcha UJI grade A\n(香岳園 宇治抹茶 K9000 おくみどり)\n\n・Non-organic Matcha UJI grade B\n(香岳園 宇治抹茶 K8000)\n\n・Non-organic Kagoshima Matcha\n(和香園 中)\n\n\n・袋指定なし、\n・エージレス無し、\n・品名ラベル貼り。\n・価格表示：なし\n\n\n発送：DHL\n\n\n---------------------------------------------------\nBrand name: WellnessbyYasmina\nName: Iasmina Denikaeva\nAddress: Marina pinnacle tiger tower 5001 apartment\nCountry: UAE\nPhone number: 971 55 871 6310\ne-mail address: "
                            },
                            {
                                "type": "link",
                                "url": "mailto:Yasmina.denikaeva95@gmail.com",
                                "text": "Yasmina.denikaeva95@gmail.com"
                            },
                            {
                                "type": "text",
                                "text": "\n---------------------------------------------------"
                            }
                        ]
                    }
                ]
            }
        ],
        "reactions": [
            {
                "name": "d130b000eb8d6784",
                "users": [
                    "U0331FZTHEK"
                ],
                "count": 1
            },
            {
                "name": "承知_致しました",
                "users": [
                    "U0331FZTHEK"
                ],
                "count": 1
            }
        ]
    },
    {
        "user": "U0606SPN4BW",
        "type": "message",
        "ts": "1728668659.481539",
        "client_msg_id": "8e5a31cc-df16-49b7-b318-996a093ab0e4",
        "text": "<@U0331FZTHEK> <@U066P20UQH1> <!subteam^S073HEMKWV7|@hirakawa-adachi-yamamoto-fuse>\nPayPalにて入金確認が取れました！\n回収処理、発送のご用意をよろしくお願いいたします！",
        "team": "T033D70RR6H",
        "user_team": "T033D70RR6H",
        "source_team": "T033D70RR6H",
        "user_profile": {
            "avatar_hash": "823d8545f678",
            "image_72": "https:\/\/avatars.slack-edge.com\/2024-04-12\/6946592133062_823d8545f678615a3e0a_72.jpg",
            "first_name": "SATOSHI",
            "real_name": "SATOSHI FURUKAWA",
            "display_name": "古川　敏",
            "team": "T033D70RR6H",
            "name": "jpfreebirds",
            "is_restricted": false,
            "is_ultra_restricted": false
        },
        "thread_ts": "1728621771.979689",
        "parent_user_id": "U066P20UQH1",
        "blocks": [
            {
                "type": "rich_text",
                "block_id": "fCGTE",
                "elements": [
                    {
                        "type": "rich_text_section",
                        "elements": [
                            {
                                "type": "user",
                                "user_id": "U0331FZTHEK"
                            },
                            {
                                "type": "text",
                                "text": " "
                            },
                            {
                                "type": "user",
                                "user_id": "U066P20UQH1"
                            },
                            {
                                "type": "text",
                                "text": " "
                            },
                            {
                                "type": "usergroup",
                                "usergroup_id": "S073HEMKWV7"
                            },
                            {
                                "type": "text",
                                "text": "\nPayPalにて入金確認が取れました！\n回収処理、発送のご用意をよろしくお願いいたします！"
                            }
                        ]
                    }
                ]
            }
        ]
    },
    {
        "user": "U0331FZTHEK",
        "type": "message",
        "ts": "1728686764.584829",
        "client_msg_id": "19c0bd09-91d0-4669-8b6c-df4c7ccbd212",
        "text": "<@U066P20UQH1> <@U0606SPN4BW>\n <!subteam^S073HEMKWV7|@hirakawa-adachi-yamamoto-fuse>\nご入金を確認致しました。\n・10\/12 [PayPal]\n・30 USD\n回収（入金）処理致します。\nよろしくお願いします。",
        "team": "T033D70RR6H",
        "user_team": "T033D70RR6H",
        "source_team": "T033D70RR6H",
        "user_profile": {
            "avatar_hash": "21cdbd6a05f9",
            "image_72": "https:\/\/avatars.slack-edge.com\/2022-02-16\/3115258488741_21cdbd6a05f9a69110f7_72.png",
            "first_name": "Mitsunobu",
            "real_name": "Mitsunobu Katayose",
            "display_name": "片寄",
            "team": "T033D70RR6H",
            "name": "tousuien03",
            "is_restricted": false,
            "is_ultra_restricted": false
        },
        "thread_ts": "1728621771.979689",
        "parent_user_id": "U066P20UQH1",
        "blocks": [
            {
                "type": "rich_text",
                "block_id": "V5jYJ",
                "elements": [
                    {
                        "type": "rich_text_section",
                        "elements": [
                            {
                                "type": "user",
                                "user_id": "U066P20UQH1"
                            },
                            {
                                "type": "text",
                                "text": " "
                            },
                            {
                                "type": "user",
                                "user_id": "U0606SPN4BW"
                            },
                            {
                                "type": "text",
                                "text": "\n "
                            },
                            {
                                "type": "usergroup",
                                "usergroup_id": "S073HEMKWV7"
                            },
                            {
                                "type": "text",
                                "text": "\nご入金を確認致しました。\n・10\/12 [PayPal]\n・30 USD\n回収（入金）処理致します。\nよろしくお願いします。"
                            }
                        ]
                    }
                ]
            }
        ],
        "reactions": [
            {
                "name": "pray",
                "users": [
                    "U066P20UQH1"
                ],
                "count": 1
            },
            {
                "name": "入金完了",
                "users": [
                    "U0331FZTHEK"
                ],
                "count": 1
            }
        ]
    },
    {
        "user": "U0331FZTHEK",
        "type": "message",
        "ts": "1728686770.808759",
        "client_msg_id": "11ae0817-ebec-4e9e-bb1a-cf06953131cc",
        "text": "<@U0606SPN4BW>\n <!subteam^S073HEMKWV7|@hirakawa-adachi-yamamoto-fuse>\nご入金を確認致しました。\n・10\/11 [PayPal]\n・30 USD\n回収（入金）処理致します。\nよろしくお願いします。",
        "team": "T033D70RR6H",
        "user_team": "T033D70RR6H",
        "source_team": "T033D70RR6H",
        "user_profile": {
            "avatar_hash": "21cdbd6a05f9",
            "image_72": "https:\/\/avatars.slack-edge.com\/2022-02-16\/3115258488741_21cdbd6a05f9a69110f7_72.png",
            "first_name": "Mitsunobu",
            "real_name": "Mitsunobu Katayose",
            "display_name": "片寄",
            "team": "T033D70RR6H",
            "name": "tousuien03",
            "is_restricted": false,
            "is_ultra_restricted": false
        },
        "thread_ts": "1728664092.187139",
        "parent_user_id": "U0606SPN4BW",
        "blocks": [
            {
                "type": "rich_text",
                "block_id": "b8qWQ",
                "elements": [
                    {
                        "type": "rich_text_section",
                        "elements": [
                            {
                                "type": "user",
                                "user_id": "U0606SPN4BW"
                            },
                            {
                                "type": "text",
                                "text": "\n "
                            },
                            {
                                "type": "usergroup",
                                "usergroup_id": "S073HEMKWV7"
                            },
                            {
                                "type": "text",
                                "text": "\nご入金を確認致しました。\n・10\/11 [PayPal]\n・30 USD\n回収（入金）処理致します。\nよろしくお願いします。"
                            }
                        ]
                    }
                ]
            }
        ]
    },
    {
        "user": "U066P20UQH1",
        "type": "message",
        "ts": "1728699838.985119",
        "client_msg_id": "85a7ef9f-aad4-482e-8b8f-ff1aac25bfe0",
        "text": "<!subteam^S073HEMKWV7|@hirakawa-adachi-yamamoto-fuse> <!subteam^S072Q871SF9|@oka-matsui-furukawa-hayashi-kimura-hasegawa-kawatani>\n:flag-ca:LWS-Lisa wilson様からサンプル注文をいただきました（2回目）\n*TSE-LWS-SPL-002-24*",
        "team": "T033D70RR6H",
        "user_team": "T033D70RR6H",
        "source_team": "T033D70RR6H",
        "user_profile": {
            "avatar_hash": "179323cb3551",
            "image_72": "https:\/\/avatars.slack-edge.com\/2024-04-12\/6955353714228_179323cb3551f7c8ecfe_72.png",
            "first_name": "Haruka",
            "real_name": "Haruka Hayashi",
            "display_name": "林遥香",
            "team": "T033D70RR6H",
            "name": "haru.nboc",
            "is_restricted": false,
            "is_ultra_restricted": false
        },
        "thread_ts": "1728699838.985119",
        "reply_count": 9,
        "reply_users_count": 2,
        "latest_reply": "1730461615.957109",
        "reply_users": [
            "U066P20UQH1",
            "U05KGS6HN9H"
        ],
        "replies": [
            {
                "user": "U066P20UQH1",
                "ts": "1728699919.595579"
            },
            {
                "user": "U05KGS6HN9H",
                "ts": "1728703842.389659"
            },
            {
                "user": "U066P20UQH1",
                "ts": "1728705086.008379"
            },
            {
                "user": "U05KGS6HN9H",
                "ts": "1728967684.485969"
            },
            {
                "user": "U05KGS6HN9H",
                "ts": "1729053360.637439"
            },
            {
                "user": "U066P20UQH1",
                "ts": "1729054206.638149"
            },
            {
                "user": "U05KGS6HN9H",
                "ts": "1730072707.579329"
            },
            {
                "user": "U066P20UQH1",
                "ts": "1730075847.199849"
            },
            {
                "user": "U066P20UQH1",
                "ts": "1730461615.957109"
            }
        ],
        "is_locked": false,
        "subscribed": true,
        "last_read": "1730461615.957109",
        "blocks": [
            {
                "type": "rich_text",
                "block_id": "j8Nzs",
                "elements": [
                    {
                        "type": "rich_text_section",
                        "elements": [
                            {
                                "type": "usergroup",
                                "usergroup_id": "S073HEMKWV7"
                            },
                            {
                                "type": "text",
                                "text": " "
                            },
                            {
                                "type": "usergroup",
                                "usergroup_id": "S072Q871SF9"
                            },
                            {
                                "type": "text",
                                "text": "\n"
                            },
                            {
                                "type": "emoji",
                                "name": "flag-ca",
                                "unicode": "1f1e8-1f1e6"
                            },
                            {
                                "type": "text",
                                "text": "LWS-Lisa wilson様からサンプル注文をいただきました（2回目）\n"
                            },
                            {
                                "type": "text",
                                "text": "TSE-LWS-SPL-002-24",
                                "style": {
                                    "bold": true
                                }
                            }
                        ]
                    }
                ]
            }
        ],
        "reactions": [
            {
                "name": "承知_致しました",
                "users": [
                    "U041RJKV5JA",
                    "U05KGS6HN9H"
                ],
                "count": 2
            }
        ]
    },
    {
        "user": "U066P20UQH1",
        "type": "message",
        "ts": "1728699919.595579",
        "client_msg_id": "f9ee02cf-7402-4dac-8dca-c9a1d481420d",
        "text": "<@U0331FZTHEK>\n未入金です。入金あり次第回収処理をお願いします！\n\n<!subteam^S073HEMKWV7|@hirakawa-adachi-yamamoto-fuse>\n200g ずつですが、サンプルなので袋の指定はないですが、通常のサンプルと同様の白いアルミzipであれば良いと思います。\n清和11946は大きいですかね。。？白の在庫なければ別の袋でも問題ないです！\nよろしくお願いします！",
        "team": "T033D70RR6H",
        "user_team": "T033D70RR6H",
        "source_team": "T033D70RR6H",
        "user_profile": {
            "avatar_hash": "179323cb3551",
            "image_72": "https:\/\/avatars.slack-edge.com\/2024-04-12\/6955353714228_179323cb3551f7c8ecfe_72.png",
            "first_name": "Haruka",
            "real_name": "Haruka Hayashi",
            "display_name": "林遥香",
            "team": "T033D70RR6H",
            "name": "haru.nboc",
            "is_restricted": false,
            "is_ultra_restricted": false
        },
        "thread_ts": "1728699838.985119",
        "parent_user_id": "U066P20UQH1",
        "blocks": [
            {
                "type": "rich_text",
                "block_id": "IxY6q",
                "elements": [
                    {
                        "type": "rich_text_section",
                        "elements": [
                            {
                                "type": "user",
                                "user_id": "U0331FZTHEK"
                            },
                            {
                                "type": "text",
                                "text": "\n未入金です。入金あり次第回収処理をお願いします！\n\n"
                            },
                            {
                                "type": "usergroup",
                                "usergroup_id": "S073HEMKWV7"
                            },
                            {
                                "type": "text",
                                "text": "\n200g ずつですが、サンプルなので袋の指定はないですが、通常のサンプルと同様の白いアルミzipであれば良いと思います。\n清和11946は大きいですかね。。？白の在庫なければ別の袋でも問題ないです！\nよろしくお願いします！"
                            }
                        ]
                    }
                ]
            }
        ],
        "reactions": [
            {
                "name": "d130b000eb8d6784",
                "users": [
                    "U0331FZTHEK"
                ],
                "count": 1
            },
            {
                "name": "承知_致しました",
                "users": [
                    "U0331FZTHEK"
                ],
                "count": 1
            }
        ]
    },
    {
        "user": "U05KGS6HN9H",
        "type": "message",
        "ts": "1728703840.026429",
        "client_msg_id": "04c47192-a5f4-4082-9093-cf577a43ce2a",
        "text": "<@U066P20UQH1>\n<!subteam^S073HEMKWV7|@hirakawa-adachi-yamamoto-fuse>\nラベルへの金額表示につき、ご指示ください。",
        "team": "T033D70RR6H",
        "user_team": "T033D70RR6H",
        "source_team": "T033D70RR6H",
        "user_profile": {
            "avatar_hash": "gc4e7258333f",
            "image_72": "https:\/\/secure.gravatar.com\/avatar\/c4e7258333f2958f831d063db85b4542.jpg?s=72&d=https%3A%2F%2Fa.slack-edge.com%2Fdf10d%2Fimg%2Favatars%2Fava_0005-72.png",
            "first_name": "Adachi",
            "real_name": "Adachi",
            "display_name": "足立",
            "team": "T033D70RR6H",
            "name": "tousuien05",
            "is_restricted": false,
            "is_ultra_restricted": false
        },
        "thread_ts": "1728621771.979689",
        "parent_user_id": "U066P20UQH1",
        "blocks": [
            {
                "type": "rich_text",
                "block_id": "UqSN+",
                "elements": [
                    {
                        "type": "rich_text_section",
                        "elements": [
                            {
                                "type": "user",
                                "user_id": "U066P20UQH1"
                            },
                            {
                                "type": "text",
                                "text": "\n"
                            },
                            {
                                "type": "usergroup",
                                "usergroup_id": "S073HEMKWV7"
                            },
                            {
                                "type": "text",
                                "text": "\nラベルへの金額表示につき、ご指示ください。"
                            }
                        ]
                    }
                ]
            }
        ]
    },
    {
        "user": "U05KGS6HN9H",
        "type": "message",
        "ts": "1728703842.389659",
        "client_msg_id": "dad3007a-6085-4062-a896-e6c38fffd2b8",
        "text": "<@U066P20UQH1>\n<!subteam^S073HEMKWV7|@hirakawa-adachi-yamamoto-fuse>\nラベルへの金額表示につき、ご指示ください。",
        "team": "T033D70RR6H",
        "user_team": "T033D70RR6H",
        "source_team": "T033D70RR6H",
        "user_profile": {
            "avatar_hash": "gc4e7258333f",
            "image_72": "https:\/\/secure.gravatar.com\/avatar\/c4e7258333f2958f831d063db85b4542.jpg?s=72&d=https%3A%2F%2Fa.slack-edge.com%2Fdf10d%2Fimg%2Favatars%2Fava_0005-72.png",
            "first_name": "Adachi",
            "real_name": "Adachi",
            "display_name": "足立",
            "team": "T033D70RR6H",
            "name": "tousuien05",
            "is_restricted": false,
            "is_ultra_restricted": false
        },
        "thread_ts": "1728699838.985119",
        "parent_user_id": "U066P20UQH1",
        "blocks": [
            {
                "type": "rich_text",
                "block_id": "UqSN+",
                "elements": [
                    {
                        "type": "rich_text_section",
                        "elements": [
                            {
                                "type": "user",
                                "user_id": "U066P20UQH1"
                            },
                            {
                                "type": "text",
                                "text": "\n"
                            },
                            {
                                "type": "usergroup",
                                "usergroup_id": "S073HEMKWV7"
                            },
                            {
                                "type": "text",
                                "text": "\nラベルへの金額表示につき、ご指示ください。"
                            }
                        ]
                    }
                ]
            }
        ]
    },
    {
        "user": "U066P20UQH1",
        "type": "message",
        "ts": "1728705067.208039",
        "client_msg_id": "98920a82-29f4-4722-8dab-e5ca3e7614b5",
        "text": "<@U05KGS6HN9H>\n金額表示なしでOKです！",
        "team": "T033D70RR6H",
        "user_team": "T033D70RR6H",
        "source_team": "T033D70RR6H",
        "user_profile": {
            "avatar_hash": "179323cb3551",
            "image_72": "https:\/\/avatars.slack-edge.com\/2024-04-12\/6955353714228_179323cb3551f7c8ecfe_72.png",
            "first_name": "Haruka",
            "real_name": "Haruka Hayashi",
            "display_name": "林遥香",
            "team": "T033D70RR6H",
            "name": "haru.nboc",
            "is_restricted": false,
            "is_ultra_restricted": false
        },
        "thread_ts": "1728621771.979689",
        "parent_user_id": "U066P20UQH1",
        "blocks": [
            {
                "type": "rich_text",
                "block_id": "G1A27",
                "elements": [
                    {
                        "type": "rich_text_section",
                        "elements": [
                            {
                                "type": "user",
                                "user_id": "U05KGS6HN9H"
                            },
                            {
                                "type": "text",
                                "text": "\n金額表示なしでOKです！"
                            }
                        ]
                    }
                ]
            }
        ]
    },
    {
        "user": "U066P20UQH1",
        "type": "message",
        "ts": "1728705086.008379",
        "client_msg_id": "1af36e26-44ea-4a0a-a6d5-a6b7bfb5b95f",
        "text": "<@U05KGS6HN9H>\n金額表示なしでOKです！",
        "team": "T033D70RR6H",
        "user_team": "T033D70RR6H",
        "source_team": "T033D70RR6H",
        "user_profile": {
            "avatar_hash": "179323cb3551",
            "image_72": "https:\/\/avatars.slack-edge.com\/2024-04-12\/6955353714228_179323cb3551f7c8ecfe_72.png",
            "first_name": "Haruka",
            "real_name": "Haruka Hayashi",
            "display_name": "林遥香",
            "team": "T033D70RR6H",
            "name": "haru.nboc",
            "is_restricted": false,
            "is_ultra_restricted": false
        },
        "thread_ts": "1728699838.985119",
        "parent_user_id": "U066P20UQH1",
        "blocks": [
            {
                "type": "rich_text",
                "block_id": "G1A27",
                "elements": [
                    {
                        "type": "rich_text_section",
                        "elements": [
                            {
                                "type": "user",
                                "user_id": "U05KGS6HN9H"
                            },
                            {
                                "type": "text",
                                "text": "\n金額表示なしでOKです！"
                            }
                        ]
                    }
                ]
            }
        ]
    }
]