[
    {
        "text": "<@U0331FWGQRM>\n<@U041RJKV5JA> <@U033G4KN4TD>\n奥村製鑵30ｇプルトップスクリュー缶（白）×2個\n準備ができました。Fedex、EMSとも発送は可能と\n思われます。運賃的な部分を考慮するとFedexは割高\nですが、発送方法はFedexで宜しいでしょうか？",
        "files": [
            {
                "id": "F06NN11ARRT",
                "created": 1709972347,
                "timestamp": 1709972347,
                "name": "EMS見積.jpg",
                "title": "EMS見積.jpg",
                "mimetype": "image\/jpeg",
                "filetype": "jpg",
                "pretty_type": "JPEG",
                "user": "U05KGS6HN9H",
                "user_team": "T033D70RR6H",
                "editable": false,
                "size": 152290,
                "mode": "hosted",
                "is_external": false,
                "external_type": "",
                "is_public": true,
                "public_url_shared": false,
                "display_as_bot": false,
                "username": "",
                "url_private": "https:\/\/files.slack.com\/files-pri\/T033D70RR6H-F06NN11ARRT\/ems______.jpg?token=xoxe-3115238875221-9710624591398-9697214945543-aa82359f925d11baadb4ddc07b089467",
                "url_private_download": "https:\/\/files.slack.com\/files-pri\/T033D70RR6H-F06NN11ARRT\/download\/ems______.jpg?token=xoxe-3115238875221-9710624591398-9697214945543-aa82359f925d11baadb4ddc07b089467",
                "media_display_type": "unknown",
                "thumb_64": "https:\/\/files.slack.com\/files-tmb\/T033D70RR6H-F06NN11ARRT-55ef10f3b3\/ems_______64.jpg?t=xoxe-3115238875221-9710624591398-9697214945543-aa82359f925d11baadb4ddc07b089467",
                "thumb_80": "https:\/\/files.slack.com\/files-tmb\/T033D70RR6H-F06NN11ARRT-55ef10f3b3\/ems_______80.jpg?t=xoxe-3115238875221-9710624591398-9697214945543-aa82359f925d11baadb4ddc07b089467",
                "thumb_360": "https:\/\/files.slack.com\/files-tmb\/T033D70RR6H-F06NN11ARRT-55ef10f3b3\/ems_______360.jpg?t=xoxe-3115238875221-9710624591398-9697214945543-aa82359f925d11baadb4ddc07b089467",
                "thumb_360_w": 360,
                "thumb_360_h": 239,
                "thumb_480": "https:\/\/files.slack.com\/files-tmb\/T033D70RR6H-F06NN11ARRT-55ef10f3b3\/ems_______480.jpg?t=xoxe-3115238875221-9710624591398-9697214945543-aa82359f925d11baadb4ddc07b089467",
                "thumb_480_w": 480,
                "thumb_480_h": 318,
                "thumb_160": "https:\/\/files.slack.com\/files-tmb\/T033D70RR6H-F06NN11ARRT-55ef10f3b3\/ems_______160.jpg?t=xoxe-3115238875221-9710624591398-9697214945543-aa82359f925d11baadb4ddc07b089467",
                "thumb_720": "https:\/\/files.slack.com\/files-tmb\/T033D70RR6H-F06NN11ARRT-55ef10f3b3\/ems_______720.jpg?t=xoxe-3115238875221-9710624591398-9697214945543-aa82359f925d11baadb4ddc07b089467",
                "thumb_720_w": 720,
                "thumb_720_h": 477,
                "thumb_800": "https:\/\/files.slack.com\/files-tmb\/T033D70RR6H-F06NN11ARRT-55ef10f3b3\/ems_______800.jpg?t=xoxe-3115238875221-9710624591398-9697214945543-aa82359f925d11baadb4ddc07b089467",
                "thumb_800_w": 800,
                "thumb_800_h": 530,
                "thumb_960": "https:\/\/files.slack.com\/files-tmb\/T033D70RR6H-F06NN11ARRT-55ef10f3b3\/ems_______960.jpg?t=xoxe-3115238875221-9710624591398-9697214945543-aa82359f925d11baadb4ddc07b089467",
                "thumb_960_w": 960,
                "thumb_960_h": 636,
                "thumb_1024": "https:\/\/files.slack.com\/files-tmb\/T033D70RR6H-F06NN11ARRT-55ef10f3b3\/ems_______1024.jpg?t=xoxe-3115238875221-9710624591398-9697214945543-aa82359f925d11baadb4ddc07b089467",
                "thumb_1024_w": 1024,
                "thumb_1024_h": 679,
                "original_w": 1162,
                "original_h": 770,
                "thumb_tiny": "AwAfADC2baHHKnHuakwmfuqKe33TTRz1AoHdvcCEH8K\/pRtU9FX8qXAPUCloC4hRf7o\/Kk2Lj7o\/KnUjfdPPagBW6UzA9akPSm7R6H86BCBR64pdvvQRnsR9DSjr3oATb70EhVJPQClxz1pGOFJxnAoA\/9k=",
                "permalink": "https:\/\/grp-ssm9297.slack.com\/files\/U0331FWGQRM\/F06NN11ARRT\/ems______.jpg",
                "permalink_public": "https:\/\/slack-files.com\/T033D70RR6H-F06NN11ARRT-6399098de4",
                "is_starred": false,
                "skipped_shares": true,
                "has_rich_preview": false,
                "file_access": "visible"
            },
            {
                "id": "F06PDMTGD5W",
                "created": 1709972350,
                "timestamp": 1709972350,
                "name": "Fedex見積.jpg",
                "title": "Fedex見積.jpg",
                "mimetype": "image\/jpeg",
                "filetype": "jpg",
                "pretty_type": "JPEG",
                "user": "U05KGS6HN9H",
                "user_team": "T033D70RR6H",
                "editable": false,
                "size": 159575,
                "mode": "hosted",
                "is_external": false,
                "external_type": "",
                "is_public": true,
                "public_url_shared": false,
                "display_as_bot": false,
                "username": "",
                "url_private": "https:\/\/files.slack.com\/files-pri\/T033D70RR6H-F06PDMTGD5W\/fedex______.jpg?token=xoxe-3115238875221-9710624591398-9697214945543-aa82359f925d11baadb4ddc07b089467",
                "url_private_download": "https:\/\/files.slack.com\/files-pri\/T033D70RR6H-F06PDMTGD5W\/download\/fedex______.jpg?token=xoxe-3115238875221-9710624591398-9697214945543-aa82359f925d11baadb4ddc07b089467",
                "media_display_type": "unknown",
                "thumb_64": "https:\/\/files.slack.com\/files-tmb\/T033D70RR6H-F06PDMTGD5W-4e182f55ff\/fedex_______64.jpg?t=xoxe-3115238875221-9710624591398-9697214945543-aa82359f925d11baadb4ddc07b089467",
                "thumb_80": "https:\/\/files.slack.com\/files-tmb\/T033D70RR6H-F06PDMTGD5W-4e182f55ff\/fedex_______80.jpg?t=xoxe-3115238875221-9710624591398-9697214945543-aa82359f925d11baadb4ddc07b089467",
                "thumb_360": "https:\/\/files.slack.com\/files-tmb\/T033D70RR6H-F06PDMTGD5W-4e182f55ff\/fedex_______360.jpg?t=xoxe-3115238875221-9710624591398-9697214945543-aa82359f925d11baadb4ddc07b089467",
                "thumb_360_w": 260,
                "thumb_360_h": 360,
                "thumb_480": "https:\/\/files.slack.com\/files-tmb\/T033D70RR6H-F06PDMTGD5W-4e182f55ff\/fedex_______480.jpg?t=xoxe-3115238875221-9710624591398-9697214945543-aa82359f925d11baadb4ddc07b089467",
                "thumb_480_w": 347,
                "thumb_480_h": 480,
                "thumb_160": "https:\/\/files.slack.com\/files-tmb\/T033D70RR6H-F06PDMTGD5W-4e182f55ff\/fedex_______160.jpg?t=xoxe-3115238875221-9710624591398-9697214945543-aa82359f925d11baadb4ddc07b089467",
                "thumb_720": "https:\/\/files.slack.com\/files-tmb\/T033D70RR6H-F06PDMTGD5W-4e182f55ff\/fedex_______720.jpg?t=xoxe-3115238875221-9710624591398-9697214945543-aa82359f925d11baadb4ddc07b089467",
                "thumb_720_w": 520,
                "thumb_720_h": 720,
                "thumb_800": "https:\/\/files.slack.com\/files-tmb\/T033D70RR6H-F06PDMTGD5W-4e182f55ff\/fedex_______800.jpg?t=xoxe-3115238875221-9710624591398-9697214945543-aa82359f925d11baadb4ddc07b089467",
                "thumb_800_w": 800,
                "thumb_800_h": 1108,
                "thumb_960": "https:\/\/files.slack.com\/files-tmb\/T033D70RR6H-F06PDMTGD5W-4e182f55ff\/fedex_______960.jpg?t=xoxe-3115238875221-9710624591398-9697214945543-aa82359f925d11baadb4ddc07b089467",
                "thumb_960_w": 693,
                "thumb_960_h": 960,
                "thumb_1024": "https:\/\/files.slack.com\/files-tmb\/T033D70RR6H-F06PDMTGD5W-4e182f55ff\/fedex_______1024.jpg?t=xoxe-3115238875221-9710624591398-9697214945543-aa82359f925d11baadb4ddc07b089467",
                "thumb_1024_w": 739,
                "thumb_1024_h": 1024,
                "original_w": 974,
                "original_h": 1349,
                "thumb_tiny": "AwAwACK4bWDqUH5mk+yQZ+4PzNTsR0zTQR6indgQ\/Y4f7g\/X\/GnCzg\/55j8zUuR60oIz1ouwIfscH\/PP9TR9jg\/55\/qanoouwENAAoOCOaTaAevNIBcCjAppwvLNge9KpU\/dYH8aAHUUUUAFIeo4pTSHqKAGyAlcBQ3PRqSJWBOUVfpRLgpzuPP8NJDjJwHH+9U9SvsktFFFUSf\/2Q==",
                "permalink": "https:\/\/grp-ssm9297.slack.com\/files\/U0331FWGQRM\/F06PDMTGD5W\/fedex______.jpg",
                "permalink_public": "https:\/\/slack-files.com\/T033D70RR6H-F06PDMTGD5W-5a32bf51d9",
                "is_starred": false,
                "skipped_shares": true,
                "has_rich_preview": false,
                "file_access": "visible"
            }
        ],
        "upload": false,
        "user": "U05KGS6HN9H",
        "blocks": [
            {
                "type": "rich_text",
                "block_id": "1pcop",
                "elements": [
                    {
                        "type": "rich_text_section",
                        "elements": [
                            {
                                "type": "user",
                                "user_id": "U0331FWGQRM"
                            },
                            {
                                "type": "text",
                                "text": "\n"
                            },
                            {
                                "type": "user",
                                "user_id": "U041RJKV5JA"
                            },
                            {
                                "type": "text",
                                "text": " "
                            },
                            {
                                "type": "user",
                                "user_id": "U033G4KN4TD"
                            },
                            {
                                "type": "text",
                                "text": "\n奥村製鑵30ｇプルトップスクリュー缶（白）×2個\n準備ができました。Fedex、EMSとも発送は可能と\n思われます。運賃的な部分を考慮するとFedexは割高\nですが、発送方法はFedexで宜しいでしょうか？"
                            }
                        ]
                    }
                ]
            }
        ],
        "type": "message",
        "ts": "1709972438.364129",
        "client_msg_id": "b7b5944e-0767-4f8c-bf91-1e8bae082427",
        "thread_ts": "1709301854.889119",
        "parent_user_id": "U0331FWGQRM"
    },
    {
        "user": "U0331FWGQRM",
        "type": "message",
        "ts": "1709974666.357299",
        "client_msg_id": "85DA318D-A60E-488E-BF0E-8246A258DABC",
        "text": "<@U05KGS6HN9H> \nEMSで送りますか！\n宜しくお願いします！",
        "team": "T033D70RR6H",
        "user_team": "T033D70RR6H",
        "source_team": "T033D70RR6H",
        "user_profile": {
            "avatar_hash": "gf9d05f2cae1",
            "image_72": "https:\/\/secure.gravatar.com\/avatar\/f9d05f2cae161f657bb1248fc85b5235.jpg?s=72&d=https%3A%2F%2Fa.slack-edge.com%2Fdf10d%2Fimg%2Favatars%2Fava_0008-72.png",
            "first_name": "matsui",
            "real_name": "matsui",
            "display_name": "松井",
            "team": "T033D70RR6H",
            "name": "tousuien.matsui",
            "is_restricted": false,
            "is_ultra_restricted": false
        },
        "thread_ts": "1709301854.889119",
        "parent_user_id": "U0331FWGQRM",
        "blocks": [
            {
                "type": "rich_text",
                "block_id": "3MTi2",
                "elements": [
                    {
                        "type": "rich_text_section",
                        "elements": [
                            {
                                "type": "user",
                                "user_id": "U05KGS6HN9H"
                            },
                            {
                                "type": "text",
                                "text": " \nEMSで送りますか！\n宜しくお願いします！"
                            }
                        ]
                    }
                ]
            }
        ],
        "reactions": [
            {
                "name": "承知_致しました",
                "users": [
                    "U05KGS6HN9H"
                ],
                "count": 1
            }
        ]
    },
    {
        "user": "U0331FZS7JT",
        "type": "message",
        "ts": "1709974700.366679",
        "client_msg_id": "b4d9f871-6554-43cb-9869-c10f663625ba",
        "text": "<@U041RJKV5JA> <@U05KGS6HN9H> <@U033G4KN4TD>\n\nオーストラリア：Jarrod Herscu(alibaba)様から\nデカフェ抹茶(バニラブレンド)のサンプル依頼です。\n各20g\n\n<@U03BLQ65GK0> に確認し、上記抹茶の在庫があるか確認をお願いします。\n（前回、ビューローに検査依頼をしたのでおそらく在庫無い？）\n秋碾茶はひかわが持っているので、無い場合は<@U03BLQ65GK0>サンプルで！と言って\nもらって下さい！\n\nブレンド比率はお客様の意向も確認しつつ\n連絡します（10%か20%で考えています）。\nよろしくお願いします。",
        "team": "T033D70RR6H",
        "user_team": "T033D70RR6H",
        "source_team": "T033D70RR6H",
        "user_profile": {
            "avatar_hash": "2c9de1514f26",
            "image_72": "https:\/\/avatars.slack-edge.com\/2022-02-16\/3118160981555_2c9de1514f262063f72d_72.png",
            "first_name": "Yuta",
            "real_name": "Yuta Oka",
            "display_name": "岡祐太",
            "team": "T033D70RR6H",
            "name": "yuta.oka.0915",
            "is_restricted": false,
            "is_ultra_restricted": false
        },
        "thread_ts": "1709974700.366679",
        "reply_count": 8,
        "reply_users_count": 3,
        "latest_reply": "1710739638.698769",
        "reply_users": [
            "U0331FZS7JT",
            "U05KGS6HN9H",
            "U0331FZTHEK"
        ],
        "replies": [
            {
                "user": "U0331FZS7JT",
                "ts": "1710150565.503169"
            },
            {
                "user": "U05KGS6HN9H",
                "ts": "1710214719.298709"
            },
            {
                "user": "U0331FZS7JT",
                "ts": "1710215872.325309"
            },
            {
                "user": "U05KGS6HN9H",
                "ts": "1710217882.956019"
            },
            {
                "user": "U05KGS6HN9H",
                "ts": "1710468311.483929"
            },
            {
                "user": "U0331FZS7JT",
                "ts": "1710476611.958329"
            },
            {
                "user": "U0331FZTHEK",
                "ts": "1710716307.838489"
            },
            {
                "user": "U05KGS6HN9H",
                "ts": "1710739638.698769"
            }
        ],
        "is_locked": false,
        "subscribed": false,
        "blocks": [
            {
                "type": "rich_text",
                "block_id": "bG6PS",
                "elements": [
                    {
                        "type": "rich_text_section",
                        "elements": [
                            {
                                "type": "user",
                                "user_id": "U041RJKV5JA"
                            },
                            {
                                "type": "text",
                                "text": " "
                            },
                            {
                                "type": "user",
                                "user_id": "U05KGS6HN9H"
                            },
                            {
                                "type": "text",
                                "text": " "
                            },
                            {
                                "type": "user",
                                "user_id": "U033G4KN4TD"
                            },
                            {
                                "type": "text",
                                "text": "\n\nオーストラリア：Jarrod Herscu(alibaba)様から\nデカフェ抹茶(バニラブレンド)のサンプル依頼です。\n各20g\n\n"
                            },
                            {
                                "type": "user",
                                "user_id": "U03BLQ65GK0"
                            },
                            {
                                "type": "text",
                                "text": " に確認し、上記抹茶の在庫があるか確認をお願いします。\n（前回、ビューローに検査依頼をしたのでおそらく在庫無い？）\n秋碾茶はひかわが持っているので、無い場合は"
                            },
                            {
                                "type": "user",
                                "user_id": "U03BLQ65GK0"
                            },
                            {
                                "type": "text",
                                "text": "サンプルで！と言って\nもらって下さい！\n\nブレンド比率はお客様の意向も確認しつつ\n連絡します（10%か20%で考えています）。\nよろしくお願いします。"
                            }
                        ]
                    }
                ]
            }
        ],
        "reactions": [
            {
                "name": "承知_致しました",
                "users": [
                    "U033G4KN4TD",
                    "U05KGS6HN9H",
                    "U041RJKV5JA"
                ],
                "count": 3
            }
        ]
    },
    {
        "text": "<@U041RJKV5JA> <@U05KGS6HN9H> <@U033G4KN4TD> cc <@U0331FZS7JT>\nOssu teaにデカフェ抹茶のサンプル出荷したいのですが、\nデカフェ抹茶って、各グレードのサンプル出荷は可能なのでしょうか？\n今はまだ複数グレードはないのでしょうか？",
        "files": [
            {
                "id": "F06NR8HSFJ7",
                "created": 1709995394,
                "timestamp": 1709995394,
                "name": "Quotation_tousuien_20240309_Low Caffeine Matcha.pdf",
                "title": "Quotation_tousuien_20240309_Low Caffeine Matcha.pdf",
                "mimetype": "application\/pdf",
                "filetype": "pdf",
                "pretty_type": "PDF",
                "user": "U0331FWGQRM",
                "user_team": "T033D70RR6H",
                "editable": false,
                "size": 163124,
                "mode": "hosted",
                "is_external": false,
                "external_type": "",
                "is_public": true,
                "public_url_shared": false,
                "display_as_bot": false,
                "username": "",
                "url_private": "https:\/\/files.slack.com\/files-pri\/T033D70RR6H-F06NR8HSFJ7\/quotation_tousuien_20240309_low_caffeine_matcha.pdf?token=xoxe-3115238875221-9710624591398-9697214945543-aa82359f925d11baadb4ddc07b089467",
                "url_private_download": "https:\/\/files.slack.com\/files-pri\/T033D70RR6H-F06NR8HSFJ7\/download\/quotation_tousuien_20240309_low_caffeine_matcha.pdf?token=xoxe-3115238875221-9710624591398-9697214945543-aa82359f925d11baadb4ddc07b089467",
                "media_display_type": "unknown",
                "thumb_pdf": "https:\/\/files.slack.com\/files-tmb\/T033D70RR6H-F06NR8HSFJ7-b03d5ba614\/quotation_tousuien_20240309_low_caffeine_matcha_thumb_pdf.png?t=xoxe-3115238875221-9710624591398-9697214945543-aa82359f925d11baadb4ddc07b089467",
                "thumb_pdf_w": 909,
                "thumb_pdf_h": 1286,
                "permalink": "https:\/\/grp-ssm9297.slack.com\/files\/U0331FWGQRM\/F06NR8HSFJ7\/quotation_tousuien_20240309_low_caffeine_matcha.pdf",
                "permalink_public": "https:\/\/slack-files.com\/T033D70RR6H-F06NR8HSFJ7-254b136ed2",
                "is_starred": false,
                "skipped_shares": true,
                "has_rich_preview": false,
                "file_access": "visible"
            }
        ],
        "upload": false,
        "user": "U0331FWGQRM",
        "display_as_bot": false,
        "blocks": [
            {
                "type": "rich_text",
                "block_id": "eM\/Qd",
                "elements": [
                    {
                        "type": "rich_text_section",
                        "elements": [
                            {
                                "type": "user",
                                "user_id": "U041RJKV5JA"
                            },
                            {
                                "type": "text",
                                "text": " "
                            },
                            {
                                "type": "user",
                                "user_id": "U05KGS6HN9H"
                            },
                            {
                                "type": "text",
                                "text": " "
                            },
                            {
                                "type": "user",
                                "user_id": "U033G4KN4TD"
                            },
                            {
                                "type": "text",
                                "text": " cc "
                            },
                            {
                                "type": "user",
                                "user_id": "U0331FZS7JT"
                            },
                            {
                                "type": "text",
                                "text": "\nOssu teaにデカフェ抹茶のサンプル出荷したいのですが、\nデカフェ抹茶って、各グレードのサンプル出荷は可能なのでしょうか？\n今はまだ複数グレードはないのでしょうか？"
                            }
                        ]
                    }
                ]
            }
        ],
        "type": "message",
        "ts": "1709995435.833019",
        "client_msg_id": "48712c8c-e22d-4a6d-a394-3ca6e62d2010",
        "thread_ts": "1709995435.833019",
        "reply_count": 9,
        "reply_users_count": 2,
        "latest_reply": "1710826094.204019",
        "reply_users": [
            "U05KGS6HN9H",
            "U0331FWGQRM"
        ],
        "replies": [
            {
                "user": "U05KGS6HN9H",
                "ts": "1710149390.837229"
            },
            {
                "user": "U0331FWGQRM",
                "ts": "1710150111.581429"
            },
            {
                "user": "U05KGS6HN9H",
                "ts": "1710402349.590449"
            },
            {
                "user": "U0331FWGQRM",
                "ts": "1710403222.348369"
            },
            {
                "user": "U0331FWGQRM",
                "ts": "1710492206.342419"
            },
            {
                "user": "U05KGS6HN9H",
                "ts": "1710492577.993389"
            },
            {
                "user": "U05KGS6HN9H",
                "ts": "1710496891.453449"
            },
            {
                "user": "U0331FWGQRM",
                "ts": "1710511975.977819"
            },
            {
                "user": "U05KGS6HN9H",
                "ts": "1710826094.204019"
            }
        ],
        "is_locked": false,
        "subscribed": true,
        "last_read": "1710826094.204019"
    }
]