[
    {
        "user": "U0606SPN4BW",
        "type": "message",
        "ts": "1721944915.714599",
        "client_msg_id": "da0d3530-d034-4b5b-b7bf-8bfbd2f54d0d",
        "text": "<!subteam^S073HEMKWV7|@hirakawa-adachi-yamamoto-fuse> cc <!subteam^S072Q871SF9|@oka-matsui-furukawa-hayashi-kimura-hasegawa-kawatani>\n:us:アメリカ、 Enara Roy様からサンプル注文を頂きました。\n*TSE-ENR-SPL-01-24*",
        "team": "T033D70RR6H",
        "user_team": "T033D70RR6H",
        "source_team": "T033D70RR6H",
        "user_profile": {
            "avatar_hash": "823d8545f678",
            "image_72": "https:\/\/avatars.slack-edge.com\/2024-04-12\/6946592133062_823d8545f678615a3e0a_72.jpg",
            "first_name": "SATOSHI",
            "real_name": "SATOSHI FURUKAWA",
            "display_name": "古川　敏",
            "team": "T033D70RR6H",
            "name": "jpfreebirds",
            "is_restricted": false,
            "is_ultra_restricted": false
        },
        "thread_ts": "1721944915.714599",
        "reply_count": 12,
        "reply_users_count": 3,
        "latest_reply": "1722840435.298919",
        "reply_users": [
            "U0606SPN4BW",
            "U0331FZTHEK",
            "U05KGS6HN9H"
        ],
        "replies": [
            {
                "user": "U0606SPN4BW",
                "ts": "1721944998.274289"
            },
            {
                "user": "U0331FZTHEK",
                "ts": "1721953809.004699"
            },
            {
                "user": "U05KGS6HN9H",
                "ts": "1721958427.599849"
            },
            {
                "user": "U0606SPN4BW",
                "ts": "1721982618.249459"
            },
            {
                "user": "U0606SPN4BW",
                "ts": "1721988305.345419"
            },
            {
                "user": "U0606SPN4BW",
                "ts": "1722002458.970039"
            },
            {
                "user": "U05KGS6HN9H",
                "ts": "1722223068.104079"
            },
            {
                "user": "U0606SPN4BW",
                "ts": "1722247446.895099"
            },
            {
                "user": "U05KGS6HN9H",
                "ts": "1722408978.042289"
            },
            {
                "user": "U05KGS6HN9H",
                "ts": "1722571970.704969"
            },
            {
                "user": "U0606SPN4BW",
                "ts": "1722584713.681139"
            },
            {
                "user": "U05KGS6HN9H",
                "ts": "1722840435.298919"
            }
        ],
        "is_locked": false,
        "subscribed": true,
        "last_read": "1722840435.298919",
        "blocks": [
            {
                "type": "rich_text",
                "block_id": "K5Dyt",
                "elements": [
                    {
                        "type": "rich_text_section",
                        "elements": [
                            {
                                "type": "usergroup",
                                "usergroup_id": "S073HEMKWV7"
                            },
                            {
                                "type": "text",
                                "text": " cc "
                            },
                            {
                                "type": "usergroup",
                                "usergroup_id": "S072Q871SF9"
                            },
                            {
                                "type": "text",
                                "text": "\n"
                            },
                            {
                                "type": "emoji",
                                "name": "us",
                                "unicode": "1f1fa-1f1f8"
                            },
                            {
                                "type": "text",
                                "text": "アメリカ、 Enara Roy様からサンプル注文を頂きました。\n"
                            },
                            {
                                "type": "text",
                                "text": "TSE-ENR-SPL-01-24",
                                "style": {
                                    "bold": true
                                }
                            }
                        ]
                    }
                ]
            }
        ],
        "reactions": [
            {
                "name": "承知_致しました",
                "users": [
                    "U05KGS6HN9H",
                    "U041RJKV5JA"
                ],
                "count": 2
            }
        ]
    },
    {
        "user": "U0606SPN4BW",
        "type": "message",
        "ts": "1721944998.274289",
        "client_msg_id": "427f46c5-214b-42cb-9f54-8fe923b6f235",
        "text": "下記へ発送手続き、および発送日のお知らせをお願いします！\n\n\n<@U0331FZTHEK> 入金確認済 (USD30), 回収処理をお願いします！\n\n\n▼サンプル内容 (計 8点)\n&lt;各20g&gt;\nNon Organic Low Caffeine Matcha Upper Grade - 1\nNon Organic Low Caffeine Matcha Upper Grade - 2\nNon Organic Low Caffeine Matcha Middle Grade - 1\nNon Organic Low Caffeine Matcha Middle Grade - 2\n\n1 x Pull-top缶 40-50g用、ホワイト\n1 x 100g用 zip bag ホワイト(マット: No.50897 )\n1 x 100g用 zip bag ホワイト(艶あり: No.10417 )\n1 x 100g用 zip bag クラフト(No.11558)\n\n\n発送:DHL\n\n\n------------------------\nBrand name: Mindful Fuel\nName: Enara Roy\nAddress: 61-41 Saunders Street Apt. A25,\nRego Park, NY 11374, USA\nZip code: 11374\ne-mail: <mailto:royenara@gmail.com|royenara@gmail.com>\nPhone: <tel:+16462864537|+1 646-286-4537>\nEIN:未取得\n------------------------",
        "team": "T033D70RR6H",
        "user_team": "T033D70RR6H",
        "source_team": "T033D70RR6H",
        "user_profile": {
            "avatar_hash": "823d8545f678",
            "image_72": "https:\/\/avatars.slack-edge.com\/2024-04-12\/6946592133062_823d8545f678615a3e0a_72.jpg",
            "first_name": "SATOSHI",
            "real_name": "SATOSHI FURUKAWA",
            "display_name": "古川　敏",
            "team": "T033D70RR6H",
            "name": "jpfreebirds",
            "is_restricted": false,
            "is_ultra_restricted": false
        },
        "thread_ts": "1721944915.714599",
        "parent_user_id": "U0606SPN4BW",
        "blocks": [
            {
                "type": "rich_text",
                "block_id": "uzLm0",
                "elements": [
                    {
                        "type": "rich_text_section",
                        "elements": [
                            {
                                "type": "text",
                                "text": "下記へ発送手続き、および発送日のお知らせをお願いします！\n\n\n"
                            },
                            {
                                "type": "user",
                                "user_id": "U0331FZTHEK"
                            },
                            {
                                "type": "text",
                                "text": " 入金確認済 (USD30), 回収処理をお願いします！\n\n\n▼サンプル内容 (計 8点)\n<各20g>\nNon Organic Low Caffeine Matcha Upper Grade - 1\nNon Organic Low Caffeine Matcha Upper Grade - 2\nNon Organic Low Caffeine Matcha Middle Grade - 1\nNon Organic Low Caffeine Matcha Middle Grade - 2\n\n1 x Pull-top缶 40-50g用、ホワイト\n1 x 100g用 zip bag ホワイト(マット: No.50897 )\n1 x 100g用 zip bag ホワイト(艶あり: No.10417 )\n1 x 100g用 zip bag クラフト(No.11558)\n\n\n発送:DHL\n\n\n------------------------\nBrand name: Mindful Fuel\nName: Enara Roy\nAddress: 61-41 Saunders Street Apt. A25,\nRego Park, NY 11374, USA\nZip code: 11374\ne-mail: "
                            },
                            {
                                "type": "link",
                                "url": "mailto:royenara@gmail.com",
                                "text": "royenara@gmail.com"
                            },
                            {
                                "type": "text",
                                "text": "\nPhone: "
                            },
                            {
                                "type": "link",
                                "url": "tel:+16462864537",
                                "text": "+1 646-286-4537"
                            },
                            {
                                "type": "text",
                                "text": "\nEIN:未取得\n------------------------"
                            }
                        ]
                    }
                ]
            }
        ],
        "reactions": [
            {
                "name": "d130b000eb8d6784",
                "users": [
                    "U0331FZTHEK"
                ],
                "count": 1
            }
        ]
    },
    {
        "user": "U0606SPN4BW",
        "type": "message",
        "ts": "1721945499.840009",
        "client_msg_id": "57b89291-5788-4cb1-816a-0c64a91dbce3",
        "text": "<@U0331FZS7JT> <!subteam^S073HEMKWV7|@hirakawa-adachi-yamamoto-fuse>\n本日、7\/26発送します！\n完了後に改めてお知らせします。＾＾",
        "team": "T033D70RR6H",
        "user_team": "T033D70RR6H",
        "source_team": "T033D70RR6H",
        "user_profile": {
            "avatar_hash": "823d8545f678",
            "image_72": "https:\/\/avatars.slack-edge.com\/2024-04-12\/6946592133062_823d8545f678615a3e0a_72.jpg",
            "first_name": "SATOSHI",
            "real_name": "SATOSHI FURUKAWA",
            "display_name": "古川　敏",
            "team": "T033D70RR6H",
            "name": "jpfreebirds",
            "is_restricted": false,
            "is_ultra_restricted": false
        },
        "thread_ts": "1721864233.188889",
        "parent_user_id": "U0331FZS7JT",
        "blocks": [
            {
                "type": "rich_text",
                "block_id": "aIaEj",
                "elements": [
                    {
                        "type": "rich_text_section",
                        "elements": [
                            {
                                "type": "user",
                                "user_id": "U0331FZS7JT"
                            },
                            {
                                "type": "text",
                                "text": " "
                            },
                            {
                                "type": "usergroup",
                                "usergroup_id": "S073HEMKWV7"
                            },
                            {
                                "type": "text",
                                "text": "\n本日、7\/26発送します！\n完了後に改めてお知らせします。＾＾"
                            }
                        ]
                    }
                ]
            }
        ],
        "reactions": [
            {
                "name": "了解です",
                "users": [
                    "U0331FZS7JT"
                ],
                "count": 1
            },
            {
                "name": "d130b000eb8d6784",
                "users": [
                    "U0331FZS7JT"
                ],
                "count": 1
            }
        ]
    },
    {
        "user": "U0331FWGQRM",
        "type": "message",
        "ts": "1721952254.072369",
        "edited": {
            "user": "U0331FWGQRM",
            "ts": "1721952268.000000"
        },
        "client_msg_id": "c9019824-19e4-426f-8166-76863f24e0ca",
        "text": "<@U0331FZS7JT>\n先日、ポーランドのOla様に商品発送をした際に、\n通関できずに送り返されてきました。\nその問題がある意味完全には解決できておりませんが、\n大丈夫そうでしょうか？:sweat_drops:気になったので。\nされてるかと思いますが、TRACESへの登録は確認しておいた方がいいかもです。",
        "team": "T033D70RR6H",
        "user_team": "T033D70RR6H",
        "source_team": "T033D70RR6H",
        "user_profile": {
            "avatar_hash": "gf9d05f2cae1",
            "image_72": "https:\/\/secure.gravatar.com\/avatar\/f9d05f2cae161f657bb1248fc85b5235.jpg?s=72&d=https%3A%2F%2Fa.slack-edge.com%2Fdf10d%2Fimg%2Favatars%2Fava_0008-72.png",
            "first_name": "matsui",
            "real_name": "matsui",
            "display_name": "松井",
            "team": "T033D70RR6H",
            "name": "tousuien.matsui",
            "is_restricted": false,
            "is_ultra_restricted": false
        },
        "thread_ts": "1721864233.188889",
        "parent_user_id": "U0331FZS7JT",
        "blocks": [
            {
                "type": "rich_text",
                "block_id": "yQfVD",
                "elements": [
                    {
                        "type": "rich_text_section",
                        "elements": [
                            {
                                "type": "user",
                                "user_id": "U0331FZS7JT"
                            },
                            {
                                "type": "text",
                                "text": "\n先日、ポーランドのOla様に商品発送をした際に、\n通関できずに送り返されてきました。\nその問題がある意味完全には解決できておりませんが、\n大丈夫そうでしょうか？"
                            },
                            {
                                "type": "emoji",
                                "name": "sweat_drops",
                                "unicode": "1f4a6"
                            },
                            {
                                "type": "text",
                                "text": "気になったので。\nされてるかと思いますが、TRACESへの登録は確認しておいた方がいいかもです。"
                            }
                        ]
                    }
                ]
            }
        ],
        "reactions": [
            {
                "name": "d130b000eb8d6784",
                "users": [
                    "U0331FZS7JT"
                ],
                "count": 1
            },
            {
                "name": "チェック2",
                "users": [
                    "U0331FWGQRM"
                ],
                "count": 1
            }
        ]
    },
    {
        "user": "U0331FZS7JT",
        "type": "message",
        "ts": "1721952839.436049",
        "client_msg_id": "4bf3b003-1d65-4222-9a9b-f8c96264d90c",
        "text": "<@U0331FWGQRM>\n了解です！\nありがとうございます:pray::sweat_drops:\n現時点でオーガニック認証の取得をしているかも確認していないので\nその状況も含めて確認し、認証持ってたらTRACESの登録を促します。",
        "team": "T033D70RR6H",
        "user_team": "T033D70RR6H",
        "source_team": "T033D70RR6H",
        "user_profile": {
            "avatar_hash": "2c9de1514f26",
            "image_72": "https:\/\/avatars.slack-edge.com\/2022-02-16\/3118160981555_2c9de1514f262063f72d_72.png",
            "first_name": "Yuta",
            "real_name": "Yuta Oka",
            "display_name": "岡祐太",
            "team": "T033D70RR6H",
            "name": "yuta.oka.0915",
            "is_restricted": false,
            "is_ultra_restricted": false
        },
        "thread_ts": "1721864233.188889",
        "parent_user_id": "U0331FZS7JT",
        "blocks": [
            {
                "type": "rich_text",
                "block_id": "DMpba",
                "elements": [
                    {
                        "type": "rich_text_section",
                        "elements": [
                            {
                                "type": "user",
                                "user_id": "U0331FWGQRM"
                            },
                            {
                                "type": "text",
                                "text": "\n了解です！\nありがとうございます"
                            },
                            {
                                "type": "emoji",
                                "name": "pray",
                                "unicode": "1f64f"
                            },
                            {
                                "type": "emoji",
                                "name": "sweat_drops",
                                "unicode": "1f4a6"
                            },
                            {
                                "type": "text",
                                "text": "\n現時点でオーガニック認証の取得をしているかも確認していないので\nその状況も含めて確認し、認証持ってたらTRACESの登録を促します。"
                            }
                        ]
                    }
                ]
            }
        ],
        "reactions": [
            {
                "name": "ok",
                "users": [
                    "U0331FWGQRM"
                ],
                "count": 1
            }
        ]
    },
    {
        "user": "U0331FZTHEK",
        "type": "message",
        "ts": "1721953809.004699",
        "client_msg_id": "e32f51ad-17d4-40b7-a246-9669abc91445",
        "text": "<@U0606SPN4BW>\n <!subteam^S073HEMKWV7|@hirakawa-adachi-yamamoto-fuse>\nご入金を確認いたしました。\n・7\/26 [PayPal]\n・30 USD\n回収（入金）処理いたします。\nよろしくお願いします。",
        "team": "T033D70RR6H",
        "user_team": "T033D70RR6H",
        "source_team": "T033D70RR6H",
        "user_profile": {
            "avatar_hash": "21cdbd6a05f9",
            "image_72": "https:\/\/avatars.slack-edge.com\/2022-02-16\/3115258488741_21cdbd6a05f9a69110f7_72.png",
            "first_name": "Mitsunobu",
            "real_name": "Mitsunobu Katayose",
            "display_name": "片寄",
            "team": "T033D70RR6H",
            "name": "tousuien03",
            "is_restricted": false,
            "is_ultra_restricted": false
        },
        "thread_ts": "1721944915.714599",
        "parent_user_id": "U0606SPN4BW",
        "blocks": [
            {
                "type": "rich_text",
                "block_id": "tPeuj",
                "elements": [
                    {
                        "type": "rich_text_section",
                        "elements": [
                            {
                                "type": "user",
                                "user_id": "U0606SPN4BW"
                            },
                            {
                                "type": "text",
                                "text": "\n "
                            },
                            {
                                "type": "usergroup",
                                "usergroup_id": "S073HEMKWV7"
                            },
                            {
                                "type": "text",
                                "text": "\nご入金を確認いたしました。\n・7\/26 [PayPal]\n・30 USD\n回収（入金）処理いたします。\nよろしくお願いします。"
                            }
                        ]
                    }
                ]
            }
        ],
        "reactions": [
            {
                "name": "d130b000eb8d6784",
                "users": [
                    "U0606SPN4BW"
                ],
                "count": 1
            },
            {
                "name": "入金完了",
                "users": [
                    "U0331FZTHEK"
                ],
                "count": 1
            }
        ]
    },
    {
        "user": "U05KGS6HN9H",
        "type": "message",
        "ts": "1721958427.599849",
        "client_msg_id": "4bd81115-157c-47d9-b890-c47eeb3c6cd7",
        "text": "<@U0606SPN4BW>\n<!subteam^S073HEMKWV7|@hirakawa-adachi-yamamoto-fuse>\n1 x Pull-top缶 40-50g用ホワイトは、タマヤ\/静岡製缶では入手が\n出来ず、奥村製缶から40ｇ缶サンプル取寄せとなりますが、製缶\nから必要の為、8\/7ごろに桃翠園着が最短見込みです。\n※本受注を想定して奥村製缶に確認してみましたが、40ｇでの白は\n今後新製品として常備在庫を持つ動きの為、今回製缶から必要とのこと。\n時間がかかりますが、先に缶以外の他のものを発送した方が宜しいでしょうか？",
        "team": "T033D70RR6H",
        "user_team": "T033D70RR6H",
        "source_team": "T033D70RR6H",
        "user_profile": {
            "avatar_hash": "gc4e7258333f",
            "image_72": "https:\/\/secure.gravatar.com\/avatar\/c4e7258333f2958f831d063db85b4542.jpg?s=72&d=https%3A%2F%2Fa.slack-edge.com%2Fdf10d%2Fimg%2Favatars%2Fava_0005-72.png",
            "first_name": "Adachi",
            "real_name": "Adachi",
            "display_name": "足立",
            "team": "T033D70RR6H",
            "name": "tousuien05",
            "is_restricted": false,
            "is_ultra_restricted": false
        },
        "thread_ts": "1721944915.714599",
        "parent_user_id": "U0606SPN4BW",
        "blocks": [
            {
                "type": "rich_text",
                "block_id": "9bdUo",
                "elements": [
                    {
                        "type": "rich_text_section",
                        "elements": [
                            {
                                "type": "user",
                                "user_id": "U0606SPN4BW"
                            },
                            {
                                "type": "text",
                                "text": "\n"
                            },
                            {
                                "type": "usergroup",
                                "usergroup_id": "S073HEMKWV7"
                            },
                            {
                                "type": "text",
                                "text": "\n1 x Pull-top缶 40-50g用ホワイトは、タマヤ\/静岡製缶では入手が\n出来ず、奥村製缶から40ｇ缶サンプル取寄せとなりますが、製缶\nから必要の為、8\/7ごろに桃翠園着が最短見込みです。\n※本受注を想定して奥村製缶に確認してみましたが、40ｇでの白は\n今後新製品として常備在庫を持つ動きの為、今回製缶から必要とのこと。\n時間がかかりますが、先に缶以外の他のものを発送した方が宜しいでしょうか？"
                            }
                        ]
                    }
                ]
            }
        ]
    }
]