[
    {
        "user": "U0331FZTHEK",
        "type": "message",
        "ts": "1705916122.869779",
        "client_msg_id": "c835b01a-4b27-4b50-9719-403eb1092867",
        "text": "<@U0606SPN4BW>\n <@U041RJKV5JA> <@U05KGS6HN9H> <@U033G4KN4TD>\n本件、ご入金を確認致しました。\n・1\/22 [PayPal]\n・30 USD\n回収（入金）処理致します。\nよろしくお願いします。",
        "team": "T033D70RR6H",
        "user_team": "T033D70RR6H",
        "source_team": "T033D70RR6H",
        "user_profile": {
            "avatar_hash": "21cdbd6a05f9",
            "image_72": "https:\/\/avatars.slack-edge.com\/2022-02-16\/3115258488741_21cdbd6a05f9a69110f7_72.png",
            "first_name": "Mitsunobu",
            "real_name": "Mitsunobu Katayose",
            "display_name": "片寄",
            "team": "T033D70RR6H",
            "name": "tousuien03",
            "is_restricted": false,
            "is_ultra_restricted": false
        },
        "thread_ts": "1705643364.941719",
        "parent_user_id": "U0606SPN4BW",
        "blocks": [
            {
                "type": "rich_text",
                "block_id": "+eYI6",
                "elements": [
                    {
                        "type": "rich_text_section",
                        "elements": [
                            {
                                "type": "user",
                                "user_id": "U0606SPN4BW"
                            },
                            {
                                "type": "text",
                                "text": "\n "
                            },
                            {
                                "type": "user",
                                "user_id": "U041RJKV5JA"
                            },
                            {
                                "type": "text",
                                "text": " "
                            },
                            {
                                "type": "user",
                                "user_id": "U05KGS6HN9H"
                            },
                            {
                                "type": "text",
                                "text": " "
                            },
                            {
                                "type": "user",
                                "user_id": "U033G4KN4TD"
                            },
                            {
                                "type": "text",
                                "text": "\n本件、ご入金を確認致しました。\n・1\/22 [PayPal]\n・30 USD\n回収（入金）処理致します。\nよろしくお願いします。"
                            }
                        ]
                    }
                ]
            }
        ],
        "reactions": [
            {
                "name": "d130b000eb8d6784",
                "users": [
                    "U0606SPN4BW"
                ],
                "count": 1
            },
            {
                "name": "入金完了",
                "users": [
                    "U0331FZTHEK"
                ],
                "count": 1
            }
        ]
    },
    {
        "user": "U0606SPN4BW",
        "type": "message",
        "ts": "1705924290.700509",
        "client_msg_id": "884f17f3-973b-4d4d-8a5a-8aa38dc11409",
        "text": "<@U041RJKV5JA> <@U05KGS6HN9H> <@U033G4KN4TD> cc <@U0331FWGQRM>\n下記のサンプル2点が追加、同梱発送となる可能性がある為、発送手続きは一旦保留でお願いします。\n\n\n・抹茶入プルトップ缶 30g (Organic middle grade-2)\n・抹茶入ミニトップ缶ホワイト 30g (Organic middle grade-2)\n\n\nお客様と調整し、改めて確定した内容をお知らせします。\nよろしくお願いいたします。",
        "team": "T033D70RR6H",
        "user_team": "T033D70RR6H",
        "source_team": "T033D70RR6H",
        "user_profile": {
            "avatar_hash": "823d8545f678",
            "image_72": "https:\/\/avatars.slack-edge.com\/2024-04-12\/6946592133062_823d8545f678615a3e0a_72.jpg",
            "first_name": "SATOSHI",
            "real_name": "SATOSHI FURUKAWA",
            "display_name": "古川　敏",
            "team": "T033D70RR6H",
            "name": "jpfreebirds",
            "is_restricted": false,
            "is_ultra_restricted": false
        },
        "thread_ts": "1705643364.941719",
        "parent_user_id": "U0606SPN4BW",
        "blocks": [
            {
                "type": "rich_text",
                "block_id": "0U7DN",
                "elements": [
                    {
                        "type": "rich_text_section",
                        "elements": [
                            {
                                "type": "user",
                                "user_id": "U041RJKV5JA"
                            },
                            {
                                "type": "text",
                                "text": " "
                            },
                            {
                                "type": "user",
                                "user_id": "U05KGS6HN9H"
                            },
                            {
                                "type": "text",
                                "text": " "
                            },
                            {
                                "type": "user",
                                "user_id": "U033G4KN4TD"
                            },
                            {
                                "type": "text",
                                "text": " cc "
                            },
                            {
                                "type": "user",
                                "user_id": "U0331FWGQRM"
                            },
                            {
                                "type": "text",
                                "text": "\n下記のサンプル2点が追加、同梱発送となる可能性がある為、発送手続きは一旦保留でお願いします。\n\n\n・抹茶入プルトップ缶 30g (Organic middle grade-2)\n・抹茶入ミニトップ缶ホワイト 30g (Organic middle grade-2)\n\n\nお客様と調整し、改めて確定した内容をお知らせします。\nよろしくお願いいたします。"
                            }
                        ]
                    }
                ]
            }
        ],
        "reactions": [
            {
                "name": "承知_致しました",
                "users": [
                    "U041RJKV5JA"
                ],
                "count": 1
            }
        ]
    },
    {
        "user": "U0331FWGQRM",
        "type": "message",
        "ts": "1705924642.855299",
        "client_msg_id": "c9a47ac5-23e4-406a-9e26-cd6cebf339b2",
        "text": "<@U0606SPN4BW>\nプルトップも白でなくていいのですか？",
        "team": "T033D70RR6H",
        "user_team": "T033D70RR6H",
        "source_team": "T033D70RR6H",
        "user_profile": {
            "avatar_hash": "gf9d05f2cae1",
            "image_72": "https:\/\/secure.gravatar.com\/avatar\/f9d05f2cae161f657bb1248fc85b5235.jpg?s=72&d=https%3A%2F%2Fa.slack-edge.com%2Fdf10d%2Fimg%2Favatars%2Fava_0008-72.png",
            "first_name": "matsui",
            "real_name": "matsui",
            "display_name": "松井",
            "team": "T033D70RR6H",
            "name": "tousuien.matsui",
            "is_restricted": false,
            "is_ultra_restricted": false
        },
        "thread_ts": "1705643364.941719",
        "parent_user_id": "U0606SPN4BW",
        "blocks": [
            {
                "type": "rich_text",
                "block_id": "6iBeN",
                "elements": [
                    {
                        "type": "rich_text_section",
                        "elements": [
                            {
                                "type": "user",
                                "user_id": "U0606SPN4BW"
                            },
                            {
                                "type": "text",
                                "text": "\nプルトップも白でなくていいのですか？"
                            }
                        ]
                    }
                ]
            }
        ]
    },
    {
        "user": "U0606SPN4BW",
        "type": "message",
        "ts": "1705925120.455789",
        "edited": {
            "user": "U0606SPN4BW",
            "ts": "1705925913.000000"
        },
        "client_msg_id": "9360bd78-62f9-4c90-87b0-c7991d967650",
        "text": "<@U0331FWGQRM>\n私の理解では、プルトップは「シルバーのみ可」。現在ホワイトはない認識でしたので、ホワイトはミニトップ缶で提案しました。\n\nプルトップ缶のホワイトも可能の理解で良いでしょうか？\n可能であれば、下記の２点を追加・同梱の方向で案内したいと考えています。\n\n・抹茶入プルトップ缶 シルバー 30g (Organic middle grade-2)\n・抹茶入プルトップ缶 ホワイト 30g (Organic middle grade-2)",
        "team": "T033D70RR6H",
        "user_team": "T033D70RR6H",
        "source_team": "T033D70RR6H",
        "user_profile": {
            "avatar_hash": "823d8545f678",
            "image_72": "https:\/\/avatars.slack-edge.com\/2024-04-12\/6946592133062_823d8545f678615a3e0a_72.jpg",
            "first_name": "SATOSHI",
            "real_name": "SATOSHI FURUKAWA",
            "display_name": "古川　敏",
            "team": "T033D70RR6H",
            "name": "jpfreebirds",
            "is_restricted": false,
            "is_ultra_restricted": false
        },
        "thread_ts": "1705643364.941719",
        "parent_user_id": "U0606SPN4BW",
        "blocks": [
            {
                "type": "rich_text",
                "block_id": "sdLAw",
                "elements": [
                    {
                        "type": "rich_text_section",
                        "elements": [
                            {
                                "type": "user",
                                "user_id": "U0331FWGQRM"
                            },
                            {
                                "type": "text",
                                "text": "\n私の理解では、プルトップは「シルバーのみ可」。現在ホワイトはない認識でしたので、ホワイトはミニトップ缶で提案しました。\n\nプルトップ缶のホワイトも可能の理解で良いでしょうか？\n可能であれば、下記の２点を追加・同梱の方向で案内したいと考えています。\n\n・抹茶入プルトップ缶 シルバー 30g (Organic middle grade-2)\n・抹茶入プルトップ缶 ホワイト 30g (Organic middle grade-2)"
                            }
                        ]
                    }
                ]
            }
        ]
    },
    {
        "user": "U0331FWGQRM",
        "type": "message",
        "ts": "1705926661.556269",
        "client_msg_id": "1892e3ef-be00-4919-b94d-8fb94bf3c101",
        "text": "<@U041RJKV5JA> <@U05KGS6HN9H> <@U033G4KN4TD> <@U0606SPN4BW>\n奥村製缶に確認願います。",
        "team": "T033D70RR6H",
        "user_team": "T033D70RR6H",
        "source_team": "T033D70RR6H",
        "user_profile": {
            "avatar_hash": "gf9d05f2cae1",
            "image_72": "https:\/\/secure.gravatar.com\/avatar\/f9d05f2cae161f657bb1248fc85b5235.jpg?s=72&d=https%3A%2F%2Fa.slack-edge.com%2Fdf10d%2Fimg%2Favatars%2Fava_0008-72.png",
            "first_name": "matsui",
            "real_name": "matsui",
            "display_name": "松井",
            "team": "T033D70RR6H",
            "name": "tousuien.matsui",
            "is_restricted": false,
            "is_ultra_restricted": false
        },
        "thread_ts": "1705643364.941719",
        "parent_user_id": "U0606SPN4BW",
        "blocks": [
            {
                "type": "rich_text",
                "block_id": "SUnXD",
                "elements": [
                    {
                        "type": "rich_text_section",
                        "elements": [
                            {
                                "type": "user",
                                "user_id": "U041RJKV5JA"
                            },
                            {
                                "type": "text",
                                "text": " "
                            },
                            {
                                "type": "user",
                                "user_id": "U05KGS6HN9H"
                            },
                            {
                                "type": "text",
                                "text": " "
                            },
                            {
                                "type": "user",
                                "user_id": "U033G4KN4TD"
                            },
                            {
                                "type": "text",
                                "text": " "
                            },
                            {
                                "type": "user",
                                "user_id": "U0606SPN4BW"
                            },
                            {
                                "type": "text",
                                "text": "\n奥村製缶に確認願います。"
                            }
                        ]
                    }
                ]
            }
        ],
        "reactions": [
            {
                "name": "了解です",
                "users": [
                    "U0606SPN4BW"
                ],
                "count": 1
            },
            {
                "name": "承知_致しました",
                "users": [
                    "U041RJKV5JA"
                ],
                "count": 1
            }
        ]
    },
    {
        "user": "U0331FWGQRM",
        "type": "message",
        "ts": "1705933992.231819",
        "client_msg_id": "46814ca9-fb44-4312-a839-c7aa4c55b0a7",
        "text": "<@U041RJKV5JA> <@U05KGS6HN9H> <@U033G4KN4TD>\nフランスのGauthier Pauwels様に、\nサンプル出荷願います。\n※現段階でEORI番号がないのでEMSでの出荷でお願いします。\n\n・下記抹茶各20g\n・30g pull top缶　白と黒各1個\n\n*Organic Matcha Upper grade - 1* \n*Organic Matcha Upper grade - 2* \n*Organic Matcha Middle grade - 1* \n*Organic Matcha Upper grade - A*\n*Organic Matcha Upper grade - B* \n*Organic Matcha Middle grade - C* \n*Organic Matcha Okumidori Uji - 1* \n*Organic Matcha Okumidori Uji - 2* \n*Organic Matcha Okumidori Uji - 3*",
        "team": "T033D70RR6H",
        "user_team": "T033D70RR6H",
        "source_team": "T033D70RR6H",
        "user_profile": {
            "avatar_hash": "gf9d05f2cae1",
            "image_72": "https:\/\/secure.gravatar.com\/avatar\/f9d05f2cae161f657bb1248fc85b5235.jpg?s=72&d=https%3A%2F%2Fa.slack-edge.com%2Fdf10d%2Fimg%2Favatars%2Fava_0008-72.png",
            "first_name": "matsui",
            "real_name": "matsui",
            "display_name": "松井",
            "team": "T033D70RR6H",
            "name": "tousuien.matsui",
            "is_restricted": false,
            "is_ultra_restricted": false
        },
        "thread_ts": "1705933992.231819",
        "reply_count": 8,
        "reply_users_count": 3,
        "latest_reply": "1707466166.081469",
        "reply_users": [
            "U0331FZTHEK",
            "U05KGS6HN9H",
            "U0331FWGQRM"
        ],
        "replies": [
            {
                "user": "U0331FZTHEK",
                "ts": "1705983664.247219"
            },
            {
                "user": "U05KGS6HN9H",
                "ts": "1705987690.073939"
            },
            {
                "user": "U05KGS6HN9H",
                "ts": "1706506663.043619"
            },
            {
                "user": "U0331FWGQRM",
                "ts": "1706554823.245629"
            },
            {
                "user": "U05KGS6HN9H",
                "ts": "1706578616.067929"
            },
            {
                "user": "U05KGS6HN9H",
                "ts": "1706598585.180759"
            },
            {
                "user": "U05KGS6HN9H",
                "ts": "1707459105.793859"
            },
            {
                "user": "U0331FWGQRM",
                "ts": "1707466166.081469"
            }
        ],
        "is_locked": false,
        "subscribed": true,
        "last_read": "1707466166.081469",
        "blocks": [
            {
                "type": "rich_text",
                "block_id": "RGraC",
                "elements": [
                    {
                        "type": "rich_text_section",
                        "elements": [
                            {
                                "type": "user",
                                "user_id": "U041RJKV5JA"
                            },
                            {
                                "type": "text",
                                "text": " "
                            },
                            {
                                "type": "user",
                                "user_id": "U05KGS6HN9H"
                            },
                            {
                                "type": "text",
                                "text": " "
                            },
                            {
                                "type": "user",
                                "user_id": "U033G4KN4TD"
                            },
                            {
                                "type": "text",
                                "text": "\nフランスのGauthier Pauwels様に、\nサンプル出荷願います。\n※現段階でEORI番号がないのでEMSでの出荷でお願いします。\n\n・下記抹茶各20g\n・30g pull top缶　白と黒各1個\n\n"
                            },
                            {
                                "type": "text",
                                "text": "Organic Matcha Upper grade - 1 ",
                                "style": {
                                    "bold": true
                                }
                            },
                            {
                                "type": "text",
                                "text": "\n"
                            },
                            {
                                "type": "text",
                                "text": "Organic Matcha Upper grade - 2 ",
                                "style": {
                                    "bold": true
                                }
                            },
                            {
                                "type": "text",
                                "text": "\n"
                            },
                            {
                                "type": "text",
                                "text": "Organic Matcha Middle grade - 1 ",
                                "style": {
                                    "bold": true
                                }
                            },
                            {
                                "type": "text",
                                "text": "\n"
                            },
                            {
                                "type": "text",
                                "text": "Organic Matcha Upper grade - A",
                                "style": {
                                    "bold": true
                                }
                            },
                            {
                                "type": "text",
                                "text": "\n"
                            },
                            {
                                "type": "text",
                                "text": "Organic Matcha Upper grade - B ",
                                "style": {
                                    "bold": true
                                }
                            },
                            {
                                "type": "text",
                                "text": "\n"
                            },
                            {
                                "type": "text",
                                "text": "Organic Matcha Middle grade - C ",
                                "style": {
                                    "bold": true
                                }
                            },
                            {
                                "type": "text",
                                "text": "\n"
                            },
                            {
                                "type": "text",
                                "text": "Organic Matcha Okumidori Uji - 1 ",
                                "style": {
                                    "bold": true
                                }
                            },
                            {
                                "type": "text",
                                "text": "\n"
                            },
                            {
                                "type": "text",
                                "text": "Organic Matcha Okumidori Uji - 2 ",
                                "style": {
                                    "bold": true
                                }
                            },
                            {
                                "type": "text",
                                "text": "\n"
                            },
                            {
                                "type": "text",
                                "text": "Organic Matcha Okumidori Uji - 3",
                                "style": {
                                    "bold": true
                                }
                            }
                        ]
                    }
                ]
            }
        ],
        "reactions": [
            {
                "name": "承知_致しました",
                "users": [
                    "U041RJKV5JA",
                    "U05KGS6HN9H",
                    "U033G4KN4TD"
                ],
                "count": 3
            }
        ]
    },
    {
        "user": "U041RJKV5JA",
        "type": "message",
        "ts": "1705970618.825369",
        "edited": {
            "user": "U041RJKV5JA",
            "ts": "1705970664.000000"
        },
        "client_msg_id": "3e4824c8-1dea-4e2d-801a-080149ad1890",
        "text": "<@U0331FWGQRM>\n <@U0606SPN4BW> <@U05KGS6HN9H> <@U033G4KN4TD>\n奥村製罐に確認しました。\n30gプルトップスクリュー缶（白）は在庫がございました。\n他のサンプル案件でも必要なため手配いたします。\nよろしくお願いいたします。",
        "team": "T033D70RR6H",
        "user_team": "T033D70RR6H",
        "source_team": "T033D70RR6H",
        "user_profile": {
            "avatar_hash": "aed9eafd9eee",
            "image_72": "https:\/\/avatars.slack-edge.com\/2022-09-11\/4078874890257_aed9eafd9eee277ba076_72.png",
            "first_name": "Hirakawa",
            "real_name": "Hirakawa",
            "display_name": "平川",
            "team": "T033D70RR6H",
            "name": "tousuien.s006",
            "is_restricted": false,
            "is_ultra_restricted": false
        },
        "thread_ts": "1705643364.941719",
        "parent_user_id": "U0606SPN4BW",
        "blocks": [
            {
                "type": "rich_text",
                "block_id": "3e5qs",
                "elements": [
                    {
                        "type": "rich_text_section",
                        "elements": [
                            {
                                "type": "user",
                                "user_id": "U0331FWGQRM"
                            },
                            {
                                "type": "text",
                                "text": "\n "
                            },
                            {
                                "type": "user",
                                "user_id": "U0606SPN4BW"
                            },
                            {
                                "type": "text",
                                "text": " "
                            },
                            {
                                "type": "user",
                                "user_id": "U05KGS6HN9H"
                            },
                            {
                                "type": "text",
                                "text": " "
                            },
                            {
                                "type": "user",
                                "user_id": "U033G4KN4TD"
                            },
                            {
                                "type": "text",
                                "text": "\n奥村製罐に確認しました。\n30gプルトップスクリュー缶（白）は在庫がございました。\n他のサンプル案件でも必要なため手配いたします。\nよろしくお願いいたします。"
                            }
                        ]
                    }
                ]
            }
        ],
        "reactions": [
            {
                "name": "d130b000eb8d6784",
                "users": [
                    "U0331FWGQRM",
                    "U0606SPN4BW"
                ],
                "count": 2
            },
            {
                "name": "raised_hands",
                "users": [
                    "U0331FWGQRM",
                    "U0606SPN4BW"
                ],
                "count": 2
            }
        ]
    },
    {
        "user": "U0331FZTHEK",
        "type": "message",
        "ts": "1705983664.247219",
        "client_msg_id": "9c1f803d-15f8-4583-9dd9-da183d1d082b",
        "text": "<@U0331FWGQRM>\n<@U041RJKV5JA> <@U05KGS6HN9H> <@U033G4KN4TD>\n本件、ご入金を確認致しました。\n・1\/23 [PayPal]\n・50 USD\n回収（入金）処理致します。\nよろしくお願いします。",
        "team": "T033D70RR6H",
        "user_team": "T033D70RR6H",
        "source_team": "T033D70RR6H",
        "user_profile": {
            "avatar_hash": "21cdbd6a05f9",
            "image_72": "https:\/\/avatars.slack-edge.com\/2022-02-16\/3115258488741_21cdbd6a05f9a69110f7_72.png",
            "first_name": "Mitsunobu",
            "real_name": "Mitsunobu Katayose",
            "display_name": "片寄",
            "team": "T033D70RR6H",
            "name": "tousuien03",
            "is_restricted": false,
            "is_ultra_restricted": false
        },
        "thread_ts": "1705933992.231819",
        "parent_user_id": "U0331FWGQRM",
        "blocks": [
            {
                "type": "rich_text",
                "block_id": "kkbGI",
                "elements": [
                    {
                        "type": "rich_text_section",
                        "elements": [
                            {
                                "type": "user",
                                "user_id": "U0331FWGQRM"
                            },
                            {
                                "type": "text",
                                "text": "\n"
                            },
                            {
                                "type": "user",
                                "user_id": "U041RJKV5JA"
                            },
                            {
                                "type": "text",
                                "text": " "
                            },
                            {
                                "type": "user",
                                "user_id": "U05KGS6HN9H"
                            },
                            {
                                "type": "text",
                                "text": " "
                            },
                            {
                                "type": "user",
                                "user_id": "U033G4KN4TD"
                            },
                            {
                                "type": "text",
                                "text": "\n本件、ご入金を確認致しました。\n・1\/23 [PayPal]\n・50 USD\n回収（入金）処理致します。\nよろしくお願いします。"
                            }
                        ]
                    }
                ]
            }
        ]
    },
    {
        "user": "U05KGS6HN9H",
        "type": "message",
        "ts": "1705987690.073939",
        "client_msg_id": "45116fbd-5cc3-4ed9-872f-1710f09a0e26",
        "text": "<@U0331FWGQRM>\n<@U041RJKV5JA> <@U033G4KN4TD>\n出荷可能日1\/29（月）にてお願い致します。",
        "team": "T033D70RR6H",
        "user_team": "T033D70RR6H",
        "source_team": "T033D70RR6H",
        "user_profile": {
            "avatar_hash": "gc4e7258333f",
            "image_72": "https:\/\/secure.gravatar.com\/avatar\/c4e7258333f2958f831d063db85b4542.jpg?s=72&d=https%3A%2F%2Fa.slack-edge.com%2Fdf10d%2Fimg%2Favatars%2Fava_0005-72.png",
            "first_name": "Adachi",
            "real_name": "Adachi",
            "display_name": "足立",
            "team": "T033D70RR6H",
            "name": "tousuien05",
            "is_restricted": false,
            "is_ultra_restricted": false
        },
        "thread_ts": "1705933992.231819",
        "parent_user_id": "U0331FWGQRM",
        "blocks": [
            {
                "type": "rich_text",
                "block_id": "c6yCa",
                "elements": [
                    {
                        "type": "rich_text_section",
                        "elements": [
                            {
                                "type": "user",
                                "user_id": "U0331FWGQRM"
                            },
                            {
                                "type": "text",
                                "text": "\n"
                            },
                            {
                                "type": "user",
                                "user_id": "U041RJKV5JA"
                            },
                            {
                                "type": "text",
                                "text": " "
                            },
                            {
                                "type": "user",
                                "user_id": "U033G4KN4TD"
                            },
                            {
                                "type": "text",
                                "text": "\n出荷可能日1\/29（月）にてお願い致します。"
                            }
                        ]
                    }
                ]
            }
        ]
    }
]