[
    {
        "user": "U0606SPN4BW",
        "type": "message",
        "ts": "1716639624.931799",
        "edited": {
            "user": "U0606SPN4BW",
            "ts": "1716713173.000000"
        },
        "client_msg_id": "d518ddfa-7e50-443c-add1-1126ce33a94b",
        "text": "<!subteam^S073HEMKWV7|@hirakawa-adachi-yamamoto-fuse> cc <!subteam^S072Q871SF9|@oka-matsui-furukawa-hayashi-kimura-hasegawa-kawatani>\nオーストラリア Ngoc Dinh様からサンプル注文を頂きました！\n(アリババチャット上の表記名：Bailey D)\n*TSE-NGD-SPL-001-24*\n\n下記へ発送手続き、および発送日のお知らせをお願いします！\n\n\n<@U0331FZTHEK> 入金確認済 (PayPal USD40), 回収処理をお願いします！\n\n\n▼サンプル内容 (計 7点)\n<各20g>\nOrganic Matcha Top - 1 碧翠園 (16000京都)\nOrganic Matcha Top - 2 碧翠園 (12000京都)\nOrganic Matcha Upper - 1 鹿児島製茶 (鹿児島 A)\nOrganic Matcha Upper - 2 鹿児島製茶 (鹿児島 1A)\nOrganic Matcha Middle - 1 鹿児島製茶 (鹿児島 B)\nOrganic Matcha Middle - 2 鹿児島製茶 (鹿児島 C)\nOrganic Matcha Shizuoka 杉本製茶 有機抹茶B\n\n↑杉本製茶 有機抹茶Bは、先日のイギリス・Lalintip様の件でサンプルが桃翠園に残っていると思われます。在庫のご確認をよろしくお願いします！\n\n\n袋指定なし、エージレス無し、品名ラベル貼り。\n\n発送: DHL\n\n-------------------------------------------\n\nBrand name: Matchado\nName: Ngoc Dinh\nAddress: 158 Macdonald Rd, Edmondson Park,\nPostal code: 2174\nCountry: Australia\nPhone number: <tel:+61415711826|+61 415 711 826>\ne-mail address: <mailto:dinhngocthaovy@gmail.com|dinhngocthaovy@gmail.com>\n\n-------------------------------------------",
        "team": "T033D70RR6H",
        "user_team": "T033D70RR6H",
        "source_team": "T033D70RR6H",
        "user_profile": {
            "avatar_hash": "823d8545f678",
            "image_72": "https:\/\/avatars.slack-edge.com\/2024-04-12\/6946592133062_823d8545f678615a3e0a_72.jpg",
            "first_name": "SATOSHI",
            "real_name": "SATOSHI FURUKAWA",
            "display_name": "古川　敏",
            "team": "T033D70RR6H",
            "name": "jpfreebirds",
            "is_restricted": false,
            "is_ultra_restricted": false
        },
        "thread_ts": "1716639624.931799",
        "reply_count": 7,
        "reply_users_count": 4,
        "latest_reply": "1716969026.761179",
        "reply_users": [
            "U066P20UQH1",
            "U0331FZTHEK",
            "U0331FZS7JT",
            "U041RJKV5JA"
        ],
        "replies": [
            {
                "user": "U066P20UQH1",
                "ts": "1716698199.491189"
            },
            {
                "user": "U0331FZTHEK",
                "ts": "1716763513.059829"
            },
            {
                "user": "U0331FZS7JT",
                "ts": "1716776386.776539"
            },
            {
                "user": "U066P20UQH1",
                "ts": "1716782105.237039"
            },
            {
                "user": "U041RJKV5JA",
                "ts": "1716793811.792069"
            },
            {
                "user": "U041RJKV5JA",
                "ts": "1716803466.465659"
            },
            {
                "user": "U041RJKV5JA",
                "ts": "1716969026.761179"
            }
        ],
        "is_locked": false,
        "subscribed": true,
        "last_read": "1716969026.761179",
        "blocks": [
            {
                "type": "rich_text",
                "block_id": "gcZ1a",
                "elements": [
                    {
                        "type": "rich_text_section",
                        "elements": [
                            {
                                "type": "usergroup",
                                "usergroup_id": "S073HEMKWV7"
                            },
                            {
                                "type": "text",
                                "text": " cc "
                            },
                            {
                                "type": "usergroup",
                                "usergroup_id": "S072Q871SF9"
                            },
                            {
                                "type": "text",
                                "text": "\nオーストラリア Ngoc Dinh様からサンプル注文を頂きました！\n(アリババチャット上の表記名：Bailey D)\n"
                            },
                            {
                                "type": "text",
                                "text": "TSE-NGD-SPL-001-24",
                                "style": {
                                    "bold": true
                                }
                            },
                            {
                                "type": "text",
                                "text": "\n\n下記へ発送手続き、および発送日のお知らせをお願いします！\n\n\n"
                            },
                            {
                                "type": "user",
                                "user_id": "U0331FZTHEK"
                            },
                            {
                                "type": "text",
                                "text": " 入金確認済 (PayPal USD40), 回収処理をお願いします！\n\n\n▼サンプル内容 (計 7点)\n<各20g>\nOrganic Matcha Top - 1 碧翠園 (16000京都)\nOrganic Matcha Top - 2 碧翠園 (12000京都)\nOrganic Matcha Upper - 1 鹿児島製茶 (鹿児島 A)\nOrganic Matcha Upper - 2 鹿児島製茶 (鹿児島 1A)\nOrganic Matcha Middle - 1 鹿児島製茶 (鹿児島 B)\nOrganic Matcha Middle - 2 鹿児島製茶 (鹿児島 C)\nOrganic Matcha Shizuoka 杉本製茶 有機抹茶B\n\n↑杉本製茶 有機抹茶Bは、先日のイギリス・Lalintip様の件でサンプルが桃翠園に残っていると思われます。在庫のご確認をよろしくお願いします！\n\n\n袋指定なし、エージレス無し、品名ラベル貼り。\n\n発送: DHL\n\n-------------------------------------------\n\nBrand name: Matchado\nName: Ngoc Dinh\nAddress: 158 Macdonald Rd, Edmondson Park,\nPostal code: 2174\nCountry: Australia\nPhone number: "
                            },
                            {
                                "type": "link",
                                "url": "tel:+61415711826",
                                "text": "+61 415 711 826"
                            },
                            {
                                "type": "text",
                                "text": "\ne-mail address: "
                            },
                            {
                                "type": "link",
                                "url": "mailto:dinhngocthaovy@gmail.com",
                                "text": "dinhngocthaovy@gmail.com"
                            },
                            {
                                "type": "text",
                                "text": "\n\n-------------------------------------------"
                            }
                        ]
                    }
                ]
            }
        ],
        "reactions": [
            {
                "name": "承知_致しました",
                "users": [
                    "U041RJKV5JA",
                    "U05KGS6HN9H",
                    "U033G4KN4TD"
                ],
                "count": 3
            },
            {
                "name": "d130b000eb8d6784",
                "users": [
                    "U0331FZTHEK"
                ],
                "count": 1
            },
            {
                "name": "7e6ac2088523a821",
                "users": [
                    "U0331FZTHEK"
                ],
                "count": 1
            }
        ]
    },
    {
        "user": "U0606SPN4BW",
        "type": "message",
        "ts": "1716641315.674689",
        "edited": {
            "user": "U0606SPN4BW",
            "ts": "1716804390.000000"
        },
        "client_msg_id": "fe0bd56e-4f5a-4b8c-accf-c70ef80726fa",
        "text": "<!subteam^S073HEMKWV7|@hirakawa-adachi-yamamoto-fuse> cc <!subteam^S072Q871SF9|@oka-matsui-furukawa-hayashi-kimura-hasegawa-kawatani>\nウクライナのOlena Dudkevych様からサンプル注文を頂きました!\n(アリババチャット表示名：Chelovek Cheloved )\n*TSE-CHC-SPL-01-24*\n\n\n下記へ発送手続き、および発送日のお知らせをお願いします！\n\n<@U0331FZTHEK> 入金確認済 (PayPal USD40), 回収処理をお願いします！\n\n\n▼サンプル内容 (計 6点)\n<各20g>\nOrganic Matcha Upper - 1 鹿児島製茶 (鹿児島 A)\nOrganic Matcha Upper - 2 鹿児島製茶 (鹿児島 1A)\nOrganic Matcha Middle - 1 鹿児島製茶 (鹿児島 B)\nOrganic Matcha Middle - 2 鹿児島製茶 (鹿児島 C)\nOrganic Matcha Regular - 1 鹿児島製茶 (鹿児島 D)\nOrganic Matcha Regular - 2 まるゑい (有機抹茶3000)\n\n\n袋指定なし、エージレス無し、品名ラベル貼り。\n\n\n発送: EMS? お任せします！\n\n\n-------------------------------\n\nName: Olena Dudkevych\nAddress: Akademika Vula 8, 87\nPostal code: 09100\nCountry: Ukraine\ne-mail: <mailto:dudkevycha@ukr.net|dudkevycha@ukr.net>\nPhone: <tel:+380685560801|+380685560801>\n\n-------------------------------",
        "team": "T033D70RR6H",
        "user_team": "T033D70RR6H",
        "source_team": "T033D70RR6H",
        "user_profile": {
            "avatar_hash": "823d8545f678",
            "image_72": "https:\/\/avatars.slack-edge.com\/2024-04-12\/6946592133062_823d8545f678615a3e0a_72.jpg",
            "first_name": "SATOSHI",
            "real_name": "SATOSHI FURUKAWA",
            "display_name": "古川　敏",
            "team": "T033D70RR6H",
            "name": "jpfreebirds",
            "is_restricted": false,
            "is_ultra_restricted": false
        },
        "thread_ts": "1716641315.674689",
        "reply_count": 4,
        "reply_users_count": 3,
        "latest_reply": "1716878224.080789",
        "reply_users": [
            "U0331FZTHEK",
            "U041RJKV5JA",
            "U0606SPN4BW"
        ],
        "replies": [
            {
                "user": "U0331FZTHEK",
                "ts": "1716763708.184019"
            },
            {
                "user": "U041RJKV5JA",
                "ts": "1716793891.996699"
            },
            {
                "user": "U0606SPN4BW",
                "ts": "1716804984.217929"
            },
            {
                "user": "U041RJKV5JA",
                "ts": "1716878224.080789"
            }
        ],
        "is_locked": false,
        "subscribed": true,
        "last_read": "1716878224.080789",
        "blocks": [
            {
                "type": "rich_text",
                "block_id": "r\/gK2",
                "elements": [
                    {
                        "type": "rich_text_section",
                        "elements": [
                            {
                                "type": "usergroup",
                                "usergroup_id": "S073HEMKWV7"
                            },
                            {
                                "type": "text",
                                "text": " cc "
                            },
                            {
                                "type": "usergroup",
                                "usergroup_id": "S072Q871SF9"
                            },
                            {
                                "type": "text",
                                "text": "\nウクライナのOlena Dudkevych様からサンプル注文を頂きました!\n(アリババチャット表示名：Chelovek Cheloved )\n"
                            },
                            {
                                "type": "text",
                                "text": "TSE-CHC-SPL-01-24",
                                "style": {
                                    "bold": true
                                }
                            },
                            {
                                "type": "text",
                                "text": "\n\n\n下記へ発送手続き、および発送日のお知らせをお願いします！\n\n"
                            },
                            {
                                "type": "user",
                                "user_id": "U0331FZTHEK"
                            },
                            {
                                "type": "text",
                                "text": " 入金確認済 (PayPal USD40), 回収処理をお願いします！\n\n\n▼サンプル内容 (計 6点)\n<各20g>\nOrganic Matcha Upper - 1 鹿児島製茶 (鹿児島 A)\nOrganic Matcha Upper - 2 鹿児島製茶 (鹿児島 1A)\nOrganic Matcha Middle - 1 鹿児島製茶 (鹿児島 B)\nOrganic Matcha Middle - 2 鹿児島製茶 (鹿児島 C)\nOrganic Matcha Regular - 1 鹿児島製茶 (鹿児島 D)\nOrganic Matcha Regular - 2 まるゑい (有機抹茶3000)\n\n\n袋指定なし、エージレス無し、品名ラベル貼り。\n\n\n発送: EMS? お任せします！\n\n\n-------------------------------\n\nName: Olena Dudkevych\nAddress: Akademika Vula 8, 87\nPostal code: 09100\nCountry: Ukraine\ne-mail: "
                            },
                            {
                                "type": "link",
                                "url": "mailto:dudkevycha@ukr.net",
                                "text": "dudkevycha@ukr.net"
                            },
                            {
                                "type": "text",
                                "text": "\nPhone: "
                            },
                            {
                                "type": "link",
                                "url": "tel:+380685560801",
                                "text": "+380685560801"
                            },
                            {
                                "type": "text",
                                "text": "\n\n-------------------------------"
                            }
                        ]
                    }
                ]
            }
        ],
        "reactions": [
            {
                "name": "承知_致しました",
                "users": [
                    "U041RJKV5JA",
                    "U05KGS6HN9H",
                    "U033G4KN4TD"
                ],
                "count": 3
            },
            {
                "name": "d130b000eb8d6784",
                "users": [
                    "U0331FZTHEK"
                ],
                "count": 1
            },
            {
                "name": "7e6ac2088523a821",
                "users": [
                    "U0331FZTHEK"
                ],
                "count": 1
            }
        ]
    },
    {
        "user": "U0606SPN4BW",
        "type": "message",
        "ts": "1716674724.037919",
        "client_msg_id": "ff3dd911-b268-44c9-9949-5b7340e0e393",
        "text": "<!subteam^S073HEMKWV7|@hirakawa-adachi-yamamoto-fuse> cc <!subteam^S072Q871SF9|@oka-matsui-furukawa-hayashi-kimura-hasegawa-kawatani>\n:flag-bh:バーレーン Fatima Salman様からサンプル注文を頂きました。\nInvoice: *TSE-FTS-SPL-01-24* \n下記へ発送手続き、および発送日のお知らせをお願いします！\n\n\n<@U0331FZTHEK> 入金確認済 (PayPal USD30), 回収処理をお願いします！\n\n\n▼サンプル内容 (計 4点)\n &lt;各20g&gt;\nOrganic Matcha Upper - 1 鹿児島製茶 (鹿児島 A)\nOrganic Matcha Upper - 2 鹿児島製茶 (鹿児島 1A)\nOrganic Matcha Middle - 1 鹿児島製茶 (鹿児島 B)\nOrganic Matcha Middle - 2 鹿児島製茶 (鹿児島 C)\n\n\n袋指定なし、エージレス無し、品名ラベル貼り。\n\n\n発送: DHL\n\n-------------------------------------------------------------\n・Company name（brand name）: Annah\n・Your name: Fatima Salman\n・Shipping Address: Bahrain, Riffa , house 1257,\n　↑住所短いですが、これでフル住所のようです。\n・Postal code: なし\n・Country: Bahrain\n・Phone number: 0097339008882\n・email address: <mailto:Fatima3.ess@gmail.com|Fatima3.ess@gmail.com>\n-------------------------------------------------------------",
        "team": "T033D70RR6H",
        "user_team": "T033D70RR6H",
        "source_team": "T033D70RR6H",
        "user_profile": {
            "avatar_hash": "823d8545f678",
            "image_72": "https:\/\/avatars.slack-edge.com\/2024-04-12\/6946592133062_823d8545f678615a3e0a_72.jpg",
            "first_name": "SATOSHI",
            "real_name": "SATOSHI FURUKAWA",
            "display_name": "古川　敏",
            "team": "T033D70RR6H",
            "name": "jpfreebirds",
            "is_restricted": false,
            "is_ultra_restricted": false
        },
        "thread_ts": "1716674724.037919",
        "reply_count": 4,
        "reply_users_count": 3,
        "latest_reply": "1716876920.434129",
        "reply_users": [
            "U0331FZTHEK",
            "U05KGS6HN9H",
            "U0606SPN4BW"
        ],
        "replies": [
            {
                "user": "U0331FZTHEK",
                "ts": "1716764005.187619"
            },
            {
                "user": "U05KGS6HN9H",
                "ts": "1716788207.551859"
            },
            {
                "user": "U05KGS6HN9H",
                "ts": "1716873945.022969"
            },
            {
                "user": "U0606SPN4BW",
                "ts": "1716876920.434129"
            }
        ],
        "is_locked": false,
        "subscribed": true,
        "last_read": "1716876920.434129",
        "blocks": [
            {
                "type": "rich_text",
                "block_id": "op4XN",
                "elements": [
                    {
                        "type": "rich_text_section",
                        "elements": [
                            {
                                "type": "usergroup",
                                "usergroup_id": "S073HEMKWV7"
                            },
                            {
                                "type": "text",
                                "text": " cc "
                            },
                            {
                                "type": "usergroup",
                                "usergroup_id": "S072Q871SF9"
                            },
                            {
                                "type": "text",
                                "text": "\n"
                            },
                            {
                                "type": "emoji",
                                "name": "flag-bh",
                                "unicode": "1f1e7-1f1ed"
                            },
                            {
                                "type": "text",
                                "text": "バーレーン Fatima Salman様からサンプル注文を頂きました。\nInvoice: "
                            },
                            {
                                "type": "text",
                                "text": "TSE-FTS-SPL-01-24 ",
                                "style": {
                                    "bold": true
                                }
                            },
                            {
                                "type": "text",
                                "text": "\n下記へ発送手続き、および発送日のお知らせをお願いします！\n\n\n"
                            },
                            {
                                "type": "user",
                                "user_id": "U0331FZTHEK"
                            },
                            {
                                "type": "text",
                                "text": " 入金確認済 (PayPal USD30), 回収処理をお願いします！\n\n\n▼サンプル内容 (計 4点)\n <各20g>\nOrganic Matcha Upper - 1 鹿児島製茶 (鹿児島 A)\nOrganic Matcha Upper - 2 鹿児島製茶 (鹿児島 1A)\nOrganic Matcha Middle - 1 鹿児島製茶 (鹿児島 B)\nOrganic Matcha Middle - 2 鹿児島製茶 (鹿児島 C)\n\n\n袋指定なし、エージレス無し、品名ラベル貼り。\n\n\n発送: DHL\n\n-------------------------------------------------------------\n・Company name（brand name）: Annah\n・Your name: Fatima Salman\n・Shipping Address: Bahrain, Riffa , house 1257,\n　↑住所短いですが、これでフル住所のようです。\n・Postal code: なし\n・Country: Bahrain\n・Phone number: 0097339008882\n・email address: "
                            },
                            {
                                "type": "link",
                                "url": "mailto:Fatima3.ess@gmail.com",
                                "text": "Fatima3.ess@gmail.com"
                            },
                            {
                                "type": "text",
                                "text": "\n-------------------------------------------------------------"
                            }
                        ]
                    }
                ]
            }
        ],
        "reactions": [
            {
                "name": "承知_致しました",
                "users": [
                    "U041RJKV5JA",
                    "U05KGS6HN9H",
                    "U033G4KN4TD"
                ],
                "count": 3
            },
            {
                "name": "d130b000eb8d6784",
                "users": [
                    "U0331FZTHEK"
                ],
                "count": 1
            },
            {
                "name": "7e6ac2088523a821",
                "users": [
                    "U0331FZTHEK"
                ],
                "count": 1
            }
        ]
    },
    {
        "user": "U066P20UQH1",
        "type": "message",
        "ts": "1716698199.491189",
        "client_msg_id": "13f74afc-fc49-4526-9807-413072f401f7",
        "text": "<@U0331FZS7JT>\nお疲れ様です！このお客様から、サンプルで送る予定のこの7種類について、HPに載せれるようなそれぞれの特徴について教えて欲しいと言われてますので、\nお手隙で共有いただけますでしょうか？",
        "team": "T033D70RR6H",
        "user_team": "T033D70RR6H",
        "source_team": "T033D70RR6H",
        "user_profile": {
            "avatar_hash": "179323cb3551",
            "image_72": "https:\/\/avatars.slack-edge.com\/2024-04-12\/6955353714228_179323cb3551f7c8ecfe_72.png",
            "first_name": "Haruka",
            "real_name": "Haruka Hayashi",
            "display_name": "林遥香",
            "team": "T033D70RR6H",
            "name": "haru.nboc",
            "is_restricted": false,
            "is_ultra_restricted": false
        },
        "thread_ts": "1716639624.931799",
        "parent_user_id": "U0606SPN4BW",
        "blocks": [
            {
                "type": "rich_text",
                "block_id": "frh1i",
                "elements": [
                    {
                        "type": "rich_text_section",
                        "elements": [
                            {
                                "type": "user",
                                "user_id": "U0331FZS7JT"
                            },
                            {
                                "type": "text",
                                "text": "\nお疲れ様です！このお客様から、サンプルで送る予定のこの7種類について、HPに載せれるようなそれぞれの特徴について教えて欲しいと言われてますので、\nお手隙で共有いただけますでしょうか？"
                            }
                        ]
                    }
                ]
            }
        ],
        "reactions": [
            {
                "name": "eyes",
                "users": [
                    "U0606SPN4BW"
                ],
                "count": 1
            },
            {
                "name": "了解です",
                "users": [
                    "U0331FZS7JT"
                ],
                "count": 1
            }
        ]
    }
]