[
    {
        "user": "U05KGS6HN9H",
        "type": "message",
        "ts": "1723189335.752689",
        "client_msg_id": "356ac835-02ac-49db-962a-442c3a99007c",
        "text": "<@U0606SPN4BW>\n<!subteam^S073HEMKWV7|@hirakawa-adachi-yamamoto-fuse>\n本日8\/9の先方手配DHL（佐川急便集荷→堺DHL営業所）で発送しました。\nAWB No 8341557836\n宜しくお願い致します。",
        "team": "T033D70RR6H",
        "user_team": "T033D70RR6H",
        "source_team": "T033D70RR6H",
        "user_profile": {
            "avatar_hash": "gc4e7258333f",
            "image_72": "https:\/\/secure.gravatar.com\/avatar\/c4e7258333f2958f831d063db85b4542.jpg?s=72&d=https%3A%2F%2Fa.slack-edge.com%2Fdf10d%2Fimg%2Favatars%2Fava_0005-72.png",
            "first_name": "Adachi",
            "real_name": "Adachi",
            "display_name": "足立",
            "team": "T033D70RR6H",
            "name": "tousuien05",
            "is_restricted": false,
            "is_ultra_restricted": false
        },
        "thread_ts": "1722875309.351169",
        "parent_user_id": "U0606SPN4BW",
        "blocks": [
            {
                "type": "rich_text",
                "block_id": "6qefF",
                "elements": [
                    {
                        "type": "rich_text_section",
                        "elements": [
                            {
                                "type": "user",
                                "user_id": "U0606SPN4BW"
                            },
                            {
                                "type": "text",
                                "text": "\n"
                            },
                            {
                                "type": "usergroup",
                                "usergroup_id": "S073HEMKWV7"
                            },
                            {
                                "type": "text",
                                "text": "\n本日8\/9の先方手配DHL（佐川急便集荷→堺DHL営業所）で発送しました。\nAWB No 8341557836\n宜しくお願い致します。"
                            }
                        ]
                    }
                ]
            }
        ],
        "reactions": [
            {
                "name": "あり",
                "users": [
                    "U066P20UQH1",
                    "U0606SPN4BW"
                ],
                "count": 2
            },
            {
                "name": "連絡完了",
                "users": [
                    "U066P20UQH1"
                ],
                "count": 1
            }
        ]
    },
    {
        "user": "U0606SPN4BW",
        "type": "message",
        "ts": "1723210770.706799",
        "client_msg_id": "8dada66a-3846-4df8-9e51-efe0cf802159",
        "text": "<!subteam^S073HEMKWV7|@hirakawa-adachi-yamamoto-fuse> <@U066P20UQH1>\n入金連絡あり、PayPayl上で確認しました！\n\n<@U0331FZTHEK> 回収処理をお願いします！\n\nイギリスはEU外となりVAT情報等も必要となるため、日本から発送をお願いします！(ちなみにスイスの場合も日本発送になると思います)",
        "team": "T033D70RR6H",
        "user_team": "T033D70RR6H",
        "source_team": "T033D70RR6H",
        "user_profile": {
            "avatar_hash": "823d8545f678",
            "image_72": "https:\/\/avatars.slack-edge.com\/2024-04-12\/6946592133062_823d8545f678615a3e0a_72.jpg",
            "first_name": "SATOSHI",
            "real_name": "SATOSHI FURUKAWA",
            "display_name": "古川　敏",
            "team": "T033D70RR6H",
            "name": "jpfreebirds",
            "is_restricted": false,
            "is_ultra_restricted": false
        },
        "thread_ts": "1723160619.028709",
        "parent_user_id": "U066P20UQH1",
        "blocks": [
            {
                "type": "rich_text",
                "block_id": "rWo7g",
                "elements": [
                    {
                        "type": "rich_text_section",
                        "elements": [
                            {
                                "type": "usergroup",
                                "usergroup_id": "S073HEMKWV7"
                            },
                            {
                                "type": "text",
                                "text": " "
                            },
                            {
                                "type": "user",
                                "user_id": "U066P20UQH1"
                            },
                            {
                                "type": "text",
                                "text": "\n入金連絡あり、PayPayl上で確認しました！\n\n"
                            },
                            {
                                "type": "user",
                                "user_id": "U0331FZTHEK"
                            },
                            {
                                "type": "text",
                                "text": " 回収処理をお願いします！\n\nイギリスはEU外となりVAT情報等も必要となるため、日本から発送をお願いします！(ちなみにスイスの場合も日本発送になると思います)"
                            }
                        ]
                    }
                ]
            }
        ],
        "reactions": [
            {
                "name": "d130b000eb8d6784",
                "users": [
                    "U0331FZTHEK"
                ],
                "count": 1
            }
        ]
    },
    {
        "user": "U0331FZTHEK",
        "type": "message",
        "ts": "1723243363.440149",
        "client_msg_id": "473ea485-7ba3-4fc1-bae0-65e1c24cda0b",
        "text": "<@U066P20UQH1> <@U0606SPN4BW>\n <!subteam^S073HEMKWV7|@hirakawa-adachi-yamamoto-fuse>\nご入金を確認致しました。\n・8\/9 [PayPal]\n・30 USD\n回収（入金）処理致します。\nよろしくお願いします。",
        "team": "T033D70RR6H",
        "user_team": "T033D70RR6H",
        "source_team": "T033D70RR6H",
        "user_profile": {
            "avatar_hash": "21cdbd6a05f9",
            "image_72": "https:\/\/avatars.slack-edge.com\/2022-02-16\/3115258488741_21cdbd6a05f9a69110f7_72.png",
            "first_name": "Mitsunobu",
            "real_name": "Mitsunobu Katayose",
            "display_name": "片寄",
            "team": "T033D70RR6H",
            "name": "tousuien03",
            "is_restricted": false,
            "is_ultra_restricted": false
        },
        "thread_ts": "1723160619.028709",
        "parent_user_id": "U066P20UQH1",
        "blocks": [
            {
                "type": "rich_text",
                "block_id": "xGjmD",
                "elements": [
                    {
                        "type": "rich_text_section",
                        "elements": [
                            {
                                "type": "user",
                                "user_id": "U066P20UQH1"
                            },
                            {
                                "type": "text",
                                "text": " "
                            },
                            {
                                "type": "user",
                                "user_id": "U0606SPN4BW"
                            },
                            {
                                "type": "text",
                                "text": "\n "
                            },
                            {
                                "type": "usergroup",
                                "usergroup_id": "S073HEMKWV7"
                            },
                            {
                                "type": "text",
                                "text": "\nご入金を確認致しました。\n・8\/9 [PayPal]\n・30 USD\n回収（入金）処理致します。\nよろしくお願いします。"
                            }
                        ]
                    }
                ]
            }
        ]
    },
    {
        "user": "U066P20UQH1",
        "type": "message",
        "ts": "1723249516.254869",
        "client_msg_id": "deaa93e4-a794-41bc-9ba3-513613d3329a",
        "text": "<!subteam^S073HEMKWV7|@hirakawa-adachi-yamamoto-fuse> <!subteam^S072Q871SF9|@oka-matsui-furukawa-hayashi-kimura-hasegawa-kawatani>\n:flag-cz: Sofie Ciprijánová様へのサンプル",
        "team": "T033D70RR6H",
        "user_team": "T033D70RR6H",
        "source_team": "T033D70RR6H",
        "user_profile": {
            "avatar_hash": "179323cb3551",
            "image_72": "https:\/\/avatars.slack-edge.com\/2024-04-12\/6955353714228_179323cb3551f7c8ecfe_72.png",
            "first_name": "Haruka",
            "real_name": "Haruka Hayashi",
            "display_name": "林遥香",
            "team": "T033D70RR6H",
            "name": "haru.nboc",
            "is_restricted": false,
            "is_ultra_restricted": false
        },
        "thread_ts": "1723249516.254869",
        "reply_count": 8,
        "reply_users_count": 4,
        "latest_reply": "1723309568.327289",
        "reply_users": [
            "U066P20UQH1",
            "U041RJKV5JA",
            "U0331FZTHEK",
            "U0606SPN4BW"
        ],
        "replies": [
            {
                "user": "U066P20UQH1",
                "ts": "1723249571.245219"
            },
            {
                "user": "U041RJKV5JA",
                "ts": "1723250310.278929"
            },
            {
                "user": "U066P20UQH1",
                "ts": "1723250685.413589"
            },
            {
                "user": "U0331FZTHEK",
                "ts": "1723250869.182189"
            },
            {
                "user": "U066P20UQH1",
                "ts": "1723275177.129879"
            },
            {
                "user": "U0606SPN4BW",
                "ts": "1723276717.963299"
            },
            {
                "user": "U066P20UQH1",
                "ts": "1723276850.648549"
            },
            {
                "user": "U0606SPN4BW",
                "ts": "1723309568.327289"
            }
        ],
        "is_locked": false,
        "subscribed": true,
        "last_read": "1723309568.327289",
        "blocks": [
            {
                "type": "rich_text",
                "block_id": "c+dmL",
                "elements": [
                    {
                        "type": "rich_text_section",
                        "elements": [
                            {
                                "type": "usergroup",
                                "usergroup_id": "S073HEMKWV7"
                            },
                            {
                                "type": "text",
                                "text": " "
                            },
                            {
                                "type": "usergroup",
                                "usergroup_id": "S072Q871SF9"
                            },
                            {
                                "type": "text",
                                "text": "\n"
                            },
                            {
                                "type": "emoji",
                                "name": "flag-cz",
                                "unicode": "1f1e8-1f1ff"
                            },
                            {
                                "type": "text",
                                "text": " Sofie Ciprijánová様へのサンプル"
                            }
                        ]
                    }
                ]
            }
        ],
        "reactions": [
            {
                "name": "承知_致しました",
                "users": [
                    "U05KGS6HN9H"
                ],
                "count": 1
            }
        ]
    },
    {
        "user": "U066P20UQH1",
        "type": "message",
        "ts": "1723249571.245219",
        "client_msg_id": "eb4616f5-4daa-4b85-97d5-4bf3b4eb8d46",
        "text": "すみません、こちらのお客様にTSE-SCP-002-24でサンプルも依頼されていたのを忘れておりました。。\n以下サンプルをご用意いただき、月曜日にDHLの集荷の依頼をかけていただけますでしょうか・・・？（社長が出荷対応していただけるとのことです）\n*TSE-SCP-SPL-002-24*のインボイス作成しましたのでご確認ください。\n\n各20g\n・Organic ginger matcha \/ 鹿児島製茶\t鹿児島 B　93% + キタマ\t有機ジンジャーパウダー 7%\n・Organic cinnamon powder \/ 鹿児島製茶\t鹿児島 B 　85% + キタマ\t有機シナモンパウダー  15%\n・Organic turmeric powder \/ 鹿児島製茶\t鹿児島 B　80% + キタマ\t有機ターメリックパウダー 20%\n・ひかわ 有機ほうじ茶パウダー（鹿児島）\n\n<@U0331FZTHEK>\nこのサンプルについては今回は無償で提供しようと思います。\n\nお手数おかけして申し訳ありませんがよろしくお願いいたします:sweat_drops:",
        "team": "T033D70RR6H",
        "user_team": "T033D70RR6H",
        "source_team": "T033D70RR6H",
        "user_profile": {
            "avatar_hash": "179323cb3551",
            "image_72": "https:\/\/avatars.slack-edge.com\/2024-04-12\/6955353714228_179323cb3551f7c8ecfe_72.png",
            "first_name": "Haruka",
            "real_name": "Haruka Hayashi",
            "display_name": "林遥香",
            "team": "T033D70RR6H",
            "name": "haru.nboc",
            "is_restricted": false,
            "is_ultra_restricted": false
        },
        "thread_ts": "1723249516.254869",
        "parent_user_id": "U066P20UQH1",
        "blocks": [
            {
                "type": "rich_text",
                "block_id": "L0PLG",
                "elements": [
                    {
                        "type": "rich_text_section",
                        "elements": [
                            {
                                "type": "text",
                                "text": "すみません、こちらのお客様にTSE-SCP-002-24でサンプルも依頼されていたのを忘れておりました。。\n以下サンプルをご用意いただき、月曜日にDHLの集荷の依頼をかけていただけますでしょうか・・・？（社長が出荷対応していただけるとのことです）\n"
                            },
                            {
                                "type": "text",
                                "text": "TSE-SCP-SPL-002-24",
                                "style": {
                                    "bold": true
                                }
                            },
                            {
                                "type": "text",
                                "text": "のインボイス作成しましたのでご確認ください。\n\n各20g\n・Organic ginger matcha \/ 鹿児島製茶\t鹿児島 B　93% + キタマ\t有機ジンジャーパウダー 7%\n・Organic cinnamon powder \/ 鹿児島製茶\t鹿児島 B 　85% + キタマ\t有機シナモンパウダー  15%\n・Organic turmeric powder \/ 鹿児島製茶\t鹿児島 B　80% + キタマ\t有機ターメリックパウダー 20%\n・ひかわ 有機ほうじ茶パウダー（鹿児島）\n\n"
                            },
                            {
                                "type": "user",
                                "user_id": "U0331FZTHEK"
                            },
                            {
                                "type": "text",
                                "text": "\nこのサンプルについては今回は無償で提供しようと思います。\n\nお手数おかけして申し訳ありませんがよろしくお願いいたします"
                            },
                            {
                                "type": "emoji",
                                "name": "sweat_drops",
                                "unicode": "1f4a6"
                            }
                        ]
                    }
                ]
            }
        ],
        "reactions": [
            {
                "name": "承知_致しました",
                "users": [
                    "U041RJKV5JA",
                    "U0331FZTHEK"
                ],
                "count": 2
            }
        ]
    },
    {
        "user": "U041RJKV5JA",
        "type": "message",
        "ts": "1723250310.278929",
        "client_msg_id": "655136c4-381d-4f9a-8966-454c0630b6e5",
        "text": "<@U066P20UQH1> <@U0331FZS7JT>\n8月16日まで集荷不可となります。\nシステム上集荷予約は出来るようになっておりますが、集荷は出来ないとの事です。\nEMSでは出荷出来るようです。\nご検討お願いいたします。",
        "team": "T033D70RR6H",
        "user_team": "T033D70RR6H",
        "source_team": "T033D70RR6H",
        "user_profile": {
            "avatar_hash": "aed9eafd9eee",
            "image_72": "https:\/\/avatars.slack-edge.com\/2022-09-11\/4078874890257_aed9eafd9eee277ba076_72.png",
            "first_name": "Hirakawa",
            "real_name": "Hirakawa",
            "display_name": "平川",
            "team": "T033D70RR6H",
            "name": "tousuien.s006",
            "is_restricted": false,
            "is_ultra_restricted": false
        },
        "thread_ts": "1723249516.254869",
        "parent_user_id": "U066P20UQH1",
        "blocks": [
            {
                "type": "rich_text",
                "block_id": "VFGNf",
                "elements": [
                    {
                        "type": "rich_text_section",
                        "elements": [
                            {
                                "type": "user",
                                "user_id": "U066P20UQH1"
                            },
                            {
                                "type": "text",
                                "text": " "
                            },
                            {
                                "type": "user",
                                "user_id": "U0331FZS7JT"
                            },
                            {
                                "type": "text",
                                "text": "\n8月16日まで集荷不可となります。\nシステム上集荷予約は出来るようになっておりますが、集荷は出来ないとの事です。\nEMSでは出荷出来るようです。\nご検討お願いいたします。"
                            }
                        ]
                    }
                ]
            }
        ]
    },
    {
        "user": "U066P20UQH1",
        "type": "message",
        "ts": "1723250685.413589",
        "client_msg_id": "d176af11-24e2-4e26-aaab-57437487db61",
        "text": "<@U0606SPN4BW>\n古川さんの事務所に上記サンプルはありますか？もしあれば、古川さんの事務所からお送りいただけると助かります・・・:sweat_drops:",
        "team": "T033D70RR6H",
        "user_team": "T033D70RR6H",
        "source_team": "T033D70RR6H",
        "user_profile": {
            "avatar_hash": "179323cb3551",
            "image_72": "https:\/\/avatars.slack-edge.com\/2024-04-12\/6955353714228_179323cb3551f7c8ecfe_72.png",
            "first_name": "Haruka",
            "real_name": "Haruka Hayashi",
            "display_name": "林遥香",
            "team": "T033D70RR6H",
            "name": "haru.nboc",
            "is_restricted": false,
            "is_ultra_restricted": false
        },
        "thread_ts": "1723249516.254869",
        "parent_user_id": "U066P20UQH1",
        "blocks": [
            {
                "type": "rich_text",
                "block_id": "wO5+m",
                "elements": [
                    {
                        "type": "rich_text_section",
                        "elements": [
                            {
                                "type": "user",
                                "user_id": "U0606SPN4BW"
                            },
                            {
                                "type": "text",
                                "text": "\n古川さんの事務所に上記サンプルはありますか？もしあれば、古川さんの事務所からお送りいただけると助かります・・・"
                            },
                            {
                                "type": "emoji",
                                "name": "sweat_drops",
                                "unicode": "1f4a6"
                            }
                        ]
                    }
                ]
            }
        ]
    },
    {
        "user": "U0331FZTHEK",
        "type": "message",
        "ts": "1723250869.182189",
        "client_msg_id": "ea8fdbf8-5f6d-41b7-b2a7-1fc2d85290e7",
        "text": "<@U066P20UQH1>\n <!subteam^S073HEMKWV7|@hirakawa-adachi-yamamoto-fuse>\n本件、無償提供とのこと承知致しました。\n売上処理のみ行います。\nよろしくお願いします。",
        "team": "T033D70RR6H",
        "user_team": "T033D70RR6H",
        "source_team": "T033D70RR6H",
        "user_profile": {
            "avatar_hash": "21cdbd6a05f9",
            "image_72": "https:\/\/avatars.slack-edge.com\/2022-02-16\/3115258488741_21cdbd6a05f9a69110f7_72.png",
            "first_name": "Mitsunobu",
            "real_name": "Mitsunobu Katayose",
            "display_name": "片寄",
            "team": "T033D70RR6H",
            "name": "tousuien03",
            "is_restricted": false,
            "is_ultra_restricted": false
        },
        "thread_ts": "1723249516.254869",
        "parent_user_id": "U066P20UQH1",
        "blocks": [
            {
                "type": "rich_text",
                "block_id": "lTXMV",
                "elements": [
                    {
                        "type": "rich_text_section",
                        "elements": [
                            {
                                "type": "user",
                                "user_id": "U066P20UQH1"
                            },
                            {
                                "type": "text",
                                "text": "\n "
                            },
                            {
                                "type": "usergroup",
                                "usergroup_id": "S073HEMKWV7"
                            },
                            {
                                "type": "text",
                                "text": "\n本件、無償提供とのこと承知致しました。\n売上処理のみ行います。\nよろしくお願いします。"
                            }
                        ]
                    }
                ]
            }
        ],
        "reactions": [
            {
                "name": "pray",
                "users": [
                    "U066P20UQH1"
                ],
                "count": 1
            }
        ]
    },
    {
        "user": "U066P20UQH1",
        "type": "message",
        "ts": "1723256938.029049",
        "client_msg_id": "cf632b37-c7d5-4e7e-af0a-e8b3aba1ef97",
        "text": "<@U05KGS6HN9H>\ninvoice作成し直しましたのでご確認お願いいたします！",
        "team": "T033D70RR6H",
        "user_team": "T033D70RR6H",
        "source_team": "T033D70RR6H",
        "user_profile": {
            "avatar_hash": "179323cb3551",
            "image_72": "https:\/\/avatars.slack-edge.com\/2024-04-12\/6955353714228_179323cb3551f7c8ecfe_72.png",
            "first_name": "Haruka",
            "real_name": "Haruka Hayashi",
            "display_name": "林遥香",
            "team": "T033D70RR6H",
            "name": "haru.nboc",
            "is_restricted": false,
            "is_ultra_restricted": false
        },
        "thread_ts": "1723160619.028709",
        "parent_user_id": "U066P20UQH1",
        "blocks": [
            {
                "type": "rich_text",
                "block_id": "0K2ji",
                "elements": [
                    {
                        "type": "rich_text_section",
                        "elements": [
                            {
                                "type": "user",
                                "user_id": "U05KGS6HN9H"
                            },
                            {
                                "type": "text",
                                "text": "\ninvoice作成し直しましたのでご確認お願いいたします！"
                            }
                        ]
                    }
                ]
            }
        ],
        "reactions": [
            {
                "name": "承知_致しました",
                "users": [
                    "U05KGS6HN9H"
                ],
                "count": 1
            }
        ]
    },
    {
        "user": "U05KGS6HN9H",
        "type": "message",
        "ts": "1723258839.197689",
        "client_msg_id": "2426639c-662c-4dc8-b65c-028c22bb4772",
        "text": "<@U066P20UQH1>\n<!subteam^S073HEMKWV7|@hirakawa-adachi-yamamoto-fuse>\n出荷可能日8\/16（金）にてお願い致します。\n伺いましたようにQuotationに基づくKg金額を\nラベル表示いたします。",
        "team": "T033D70RR6H",
        "user_team": "T033D70RR6H",
        "source_team": "T033D70RR6H",
        "user_profile": {
            "avatar_hash": "gc4e7258333f",
            "image_72": "https:\/\/secure.gravatar.com\/avatar\/c4e7258333f2958f831d063db85b4542.jpg?s=72&d=https%3A%2F%2Fa.slack-edge.com%2Fdf10d%2Fimg%2Favatars%2Fava_0005-72.png",
            "first_name": "Adachi",
            "real_name": "Adachi",
            "display_name": "足立",
            "team": "T033D70RR6H",
            "name": "tousuien05",
            "is_restricted": false,
            "is_ultra_restricted": false
        },
        "thread_ts": "1723160619.028709",
        "parent_user_id": "U066P20UQH1",
        "blocks": [
            {
                "type": "rich_text",
                "block_id": "hh611",
                "elements": [
                    {
                        "type": "rich_text_section",
                        "elements": [
                            {
                                "type": "user",
                                "user_id": "U066P20UQH1"
                            },
                            {
                                "type": "text",
                                "text": "\n"
                            },
                            {
                                "type": "usergroup",
                                "usergroup_id": "S073HEMKWV7"
                            },
                            {
                                "type": "text",
                                "text": "\n出荷可能日8\/16（金）にてお願い致します。\n伺いましたようにQuotationに基づくKg金額を\nラベル表示いたします。"
                            }
                        ]
                    }
                ]
            }
        ],
        "reactions": [
            {
                "name": "よろしくお願いします",
                "users": [
                    "U066P20UQH1"
                ],
                "count": 1
            }
        ]
    }
]