[
    {
        "text": "<@U041RJKV5JA> <@U05KGS6HN9H> <@U033G4KN4TD>\n追加で、下記もお願いします。\n*Organic Matcha Upper grade - 1   250g bag.    x 4袋（鹿児島A）*\n*（昨年の10月に送ったものと同じです。）*\n\n※出荷はDHLでお願いします。（急がれているので）\n※サンプルとして出荷願います。（COIは不要です）\n*※会社ではなく個人用（プライベート）として出荷してください。*\n　*と何度も強調されているので、会社名は書かないようにお願いします。*\n※最短出荷希望です。\n\n出荷可能日を教えてください。\n宜しくお願いします:sweat_drops:",
        "files": [
            {
                "id": "F06NEBT0B0W",
                "mode": "tombstone"
            },
            {
                "id": "F06P9Q7JAMN",
                "mode": "tombstone"
            },
            {
                "id": "F06NEBTDN86",
                "mode": "tombstone"
            }
        ],
        "upload": false,
        "user": "U0331FWGQRM",
        "blocks": [
            {
                "type": "rich_text",
                "block_id": "Vy5rN",
                "elements": [
                    {
                        "type": "rich_text_section",
                        "elements": [
                            {
                                "type": "user",
                                "user_id": "U041RJKV5JA"
                            },
                            {
                                "type": "text",
                                "text": " "
                            },
                            {
                                "type": "user",
                                "user_id": "U05KGS6HN9H"
                            },
                            {
                                "type": "text",
                                "text": " "
                            },
                            {
                                "type": "user",
                                "user_id": "U033G4KN4TD"
                            },
                            {
                                "type": "text",
                                "text": "\n追加で、下記もお願いします。\n"
                            },
                            {
                                "type": "text",
                                "text": "Organic Matcha Upper grade - 1   250g bag.    x 4袋（鹿児島A）",
                                "style": {
                                    "bold": true
                                }
                            },
                            {
                                "type": "text",
                                "text": "\n"
                            },
                            {
                                "type": "text",
                                "text": "（昨年の10月に送ったものと同じです。）",
                                "style": {
                                    "bold": true
                                }
                            },
                            {
                                "type": "text",
                                "text": "\n\n※出荷はDHLでお願いします。（急がれているので）\n※サンプルとして出荷願います。（COIは不要です）\n"
                            },
                            {
                                "type": "text",
                                "text": "※会社ではなく個人用（プライベート）として出荷してください。",
                                "style": {
                                    "bold": true
                                }
                            },
                            {
                                "type": "text",
                                "text": "\n"
                            },
                            {
                                "type": "text",
                                "text": "　と何度も強調されているので、会社名は書かないようにお願いします。",
                                "style": {
                                    "bold": true
                                }
                            },
                            {
                                "type": "text",
                                "text": "\n※最短出荷希望です。\n\n出荷可能日を教えてください。\n宜しくお願いします"
                            },
                            {
                                "type": "emoji",
                                "name": "sweat_drops",
                                "unicode": "1f4a6"
                            }
                        ]
                    }
                ]
            }
        ],
        "type": "message",
        "ts": "1709906752.423859",
        "edited": {
            "user": "U0331FWGQRM",
            "ts": "1709909145.000000"
        },
        "client_msg_id": "58b85b51-31f9-40b7-9b40-edee738c7ca0",
        "thread_ts": "1709658406.589979",
        "parent_user_id": "U0331FWGQRM",
        "reactions": [
            {
                "name": "承知_致しました",
                "users": [
                    "U033G4KN4TD",
                    "U05KGS6HN9H"
                ],
                "count": 2
            }
        ]
    },
    {
        "user": "U0331FWGQRM",
        "type": "message",
        "ts": "1709923217.203049",
        "client_msg_id": "a258d0fe-3cab-4f37-ad64-fdc67dd95a99",
        "text": "<@U041RJKV5JA> <@U05KGS6HN9H> <@U033G4KN4TD>\nタイのTachuhouse様にサンプル発送お願いします。\n下記各20gサンプル発送をお願いします。\nラベルは下記でお願いします。\nーーーー例ーーーー\n　　  　Uji\n　　　4400\nTOUSUIEN CO., LTD.\nーーーーーーーーー\n・Uji　4400yen\/kg　（原料：香岳園 宇治抹茶 K2000）\n・Uji　3700yen\/kg　（原料：香岳園 宇治抹茶 K1700）\n・Yame+Kyoto（mix）4000yen\/kg　（原料：大石 国産抹茶18）\n・Nishio　4400yen\/kg　（原料：葵製茶 抹茶NE, 2000）\n・Kagoshima (organic)　4400yen\/kg　（原料：水宗園 2000）\n・Fukuoka　8800yen\/kg　（原料：星野製茶 あじさい）\n・Fukuoka　6600yen\/kg　（原料：大石 八女抹茶30）",
        "team": "T033D70RR6H",
        "user_team": "T033D70RR6H",
        "source_team": "T033D70RR6H",
        "user_profile": {
            "avatar_hash": "gf9d05f2cae1",
            "image_72": "https:\/\/secure.gravatar.com\/avatar\/f9d05f2cae161f657bb1248fc85b5235.jpg?s=72&d=https%3A%2F%2Fa.slack-edge.com%2Fdf10d%2Fimg%2Favatars%2Fava_0008-72.png",
            "first_name": "matsui",
            "real_name": "matsui",
            "display_name": "松井",
            "team": "T033D70RR6H",
            "name": "tousuien.matsui",
            "is_restricted": false,
            "is_ultra_restricted": false
        },
        "thread_ts": "1709923217.203049",
        "reply_count": 2,
        "reply_users_count": 1,
        "latest_reply": "1710744520.500799",
        "reply_users": [
            "U05KGS6HN9H"
        ],
        "replies": [
            {
                "user": "U05KGS6HN9H",
                "ts": "1710137917.100009"
            },
            {
                "user": "U05KGS6HN9H",
                "ts": "1710744520.500799"
            }
        ],
        "is_locked": false,
        "subscribed": true,
        "last_read": "1710744520.500799",
        "blocks": [
            {
                "type": "rich_text",
                "block_id": "ExHqU",
                "elements": [
                    {
                        "type": "rich_text_section",
                        "elements": [
                            {
                                "type": "user",
                                "user_id": "U041RJKV5JA"
                            },
                            {
                                "type": "text",
                                "text": " "
                            },
                            {
                                "type": "user",
                                "user_id": "U05KGS6HN9H"
                            },
                            {
                                "type": "text",
                                "text": " "
                            },
                            {
                                "type": "user",
                                "user_id": "U033G4KN4TD"
                            },
                            {
                                "type": "text",
                                "text": "\nタイのTachuhouse様にサンプル発送お願いします。\n下記各20gサンプル発送をお願いします。\nラベルは下記でお願いします。\nーーーー例ーーーー\n　　  　Uji\n　　　4400\nTOUSUIEN CO., LTD.\nーーーーーーーーー\n・Uji　4400yen\/kg　（原料：香岳園 宇治抹茶 K2000）\n・Uji　3700yen\/kg　（原料：香岳園 宇治抹茶 K1700）\n・Yame+Kyoto（mix）4000yen\/kg　（原料：大石 国産抹茶18）\n・Nishio　4400yen\/kg　（原料：葵製茶 抹茶NE, 2000）\n・Kagoshima (organic)　4400yen\/kg　（原料：水宗園 2000）\n・Fukuoka　8800yen\/kg　（原料：星野製茶 あじさい）\n・Fukuoka　6600yen\/kg　（原料：大石 八女抹茶30）"
                            }
                        ]
                    }
                ]
            }
        ],
        "reactions": [
            {
                "name": "承知_致しました",
                "users": [
                    "U033G4KN4TD",
                    "U041RJKV5JA",
                    "U05KGS6HN9H"
                ],
                "count": 3
            }
        ]
    },
    {
        "user": "U041RJKV5JA",
        "type": "message",
        "ts": "1709954562.973259",
        "edited": {
            "user": "U041RJKV5JA",
            "ts": "1710115569.000000"
        },
        "client_msg_id": "5c42efac-21dc-4c1b-a1b6-88bee64f3654",
        "text": "<@U0331FWGQRM>\n <@U03BLQ65GK0> <@U0331FZS7JT> <@U05KGS6HN9H> <@U033G4KN4TD>\nPeppermint matcha　（キタマ：国産ペパーミント）についてですが、\nミサキファームより届いたアメリカ産原料と比較し、既存品（OSSU TEA納品分）に近くなる方を選択いたします。\n~コスト的に、キタマ＠12000\/kg、ミサキファーム＠6800\/㎏となっておりますので、~\n~ミサキファームを使用できればと思います。~\n＜原価＞\n・キタマ　1,200円\/㎏\n・ミサキファーム　15,011円\/㎏\n月曜日、会長にご確認いただきます。\nよろしくお願いいたします。",
        "team": "T033D70RR6H",
        "user_team": "T033D70RR6H",
        "source_team": "T033D70RR6H",
        "user_profile": {
            "avatar_hash": "aed9eafd9eee",
            "image_72": "https:\/\/avatars.slack-edge.com\/2022-09-11\/4078874890257_aed9eafd9eee277ba076_72.png",
            "first_name": "Hirakawa",
            "real_name": "Hirakawa",
            "display_name": "平川",
            "team": "T033D70RR6H",
            "name": "tousuien.s006",
            "is_restricted": false,
            "is_ultra_restricted": false
        },
        "thread_ts": "1709658406.589979",
        "parent_user_id": "U0331FWGQRM",
        "blocks": [
            {
                "type": "rich_text",
                "block_id": "MtGAW",
                "elements": [
                    {
                        "type": "rich_text_section",
                        "elements": [
                            {
                                "type": "user",
                                "user_id": "U0331FWGQRM"
                            },
                            {
                                "type": "text",
                                "text": "\n "
                            },
                            {
                                "type": "user",
                                "user_id": "U03BLQ65GK0"
                            },
                            {
                                "type": "text",
                                "text": " "
                            },
                            {
                                "type": "user",
                                "user_id": "U0331FZS7JT"
                            },
                            {
                                "type": "text",
                                "text": " "
                            },
                            {
                                "type": "user",
                                "user_id": "U05KGS6HN9H"
                            },
                            {
                                "type": "text",
                                "text": " "
                            },
                            {
                                "type": "user",
                                "user_id": "U033G4KN4TD"
                            },
                            {
                                "type": "text",
                                "text": "\nPeppermint matcha　（キタマ：国産ペパーミント）についてですが、\nミサキファームより届いたアメリカ産原料と比較し、既存品（OSSU TEA納品分）に近くなる方を選択いたします。\n"
                            },
                            {
                                "type": "text",
                                "text": "コスト的に、キタマ＠12000\/kg、ミサキファーム＠6800\/㎏となっておりますので、",
                                "style": {
                                    "strike": true
                                }
                            },
                            {
                                "type": "text",
                                "text": "\n"
                            },
                            {
                                "type": "text",
                                "text": "ミサキファームを使用できればと思います。",
                                "style": {
                                    "strike": true
                                }
                            },
                            {
                                "type": "text",
                                "text": "\n＜原価＞\n・キタマ　1,200円\/㎏\n・ミサキファーム　15,011円\/㎏\n月曜日、会長にご確認いただきます。\nよろしくお願いいたします。"
                            }
                        ]
                    }
                ]
            }
        ],
        "reactions": [
            {
                "name": "了解です",
                "users": [
                    "U0331FWGQRM"
                ],
                "count": 1
            },
            {
                "name": "0af08fe0505342b0",
                "users": [
                    "U0331FWGQRM"
                ],
                "count": 1
            }
        ]
    },
    {
        "user": "U041RJKV5JA",
        "type": "message",
        "ts": "1709966230.399979",
        "client_msg_id": "a77c414d-17b4-43db-b2e2-229f1840fa72",
        "text": "<@U0331FWGQRM>\n <@U05KGS6HN9H> <@U033G4KN4TD>\n出荷可能日：3\/13（水）\n茶詰め場の予定が詰まっており、上記が最短となります。\nよろしくお願いいたします。",
        "team": "T033D70RR6H",
        "user_team": "T033D70RR6H",
        "source_team": "T033D70RR6H",
        "user_profile": {
            "avatar_hash": "aed9eafd9eee",
            "image_72": "https:\/\/avatars.slack-edge.com\/2022-09-11\/4078874890257_aed9eafd9eee277ba076_72.png",
            "first_name": "Hirakawa",
            "real_name": "Hirakawa",
            "display_name": "平川",
            "team": "T033D70RR6H",
            "name": "tousuien.s006",
            "is_restricted": false,
            "is_ultra_restricted": false
        },
        "thread_ts": "1709658406.589979",
        "parent_user_id": "U0331FWGQRM",
        "blocks": [
            {
                "type": "rich_text",
                "block_id": "sYs8j",
                "elements": [
                    {
                        "type": "rich_text_section",
                        "elements": [
                            {
                                "type": "user",
                                "user_id": "U0331FWGQRM"
                            },
                            {
                                "type": "text",
                                "text": "\n "
                            },
                            {
                                "type": "user",
                                "user_id": "U05KGS6HN9H"
                            },
                            {
                                "type": "text",
                                "text": " "
                            },
                            {
                                "type": "user",
                                "user_id": "U033G4KN4TD"
                            },
                            {
                                "type": "text",
                                "text": "\n出荷可能日：3\/13（水）\n茶詰め場の予定が詰まっており、上記が最短となります。\nよろしくお願いいたします。"
                            }
                        ]
                    }
                ]
            }
        ],
        "reactions": [
            {
                "name": "了解です",
                "users": [
                    "U0331FWGQRM"
                ],
                "count": 1
            },
            {
                "name": "d130b000eb8d6784",
                "users": [
                    "U0331FWGQRM"
                ],
                "count": 1
            }
        ]
    }
]