[
    {
        "user": "U0606SPN4BW",
        "type": "message",
        "ts": "1723892727.651179",
        "client_msg_id": "d973680f-8885-4ca7-abb4-eb1e6083bef1",
        "text": "<!subteam^S073HEMKWV7|@hirakawa-adachi-yamamoto-fuse> cc <!subteam^S072Q871SF9|@oka-matsui-furukawa-hayashi-kimura-hasegawa-kawatani>\n韓国の Dala Kim様からサンプル注文を頂きました!\n*TSE-GYM-SPL-01-24*",
        "team": "T033D70RR6H",
        "user_team": "T033D70RR6H",
        "source_team": "T033D70RR6H",
        "user_profile": {
            "avatar_hash": "823d8545f678",
            "image_72": "https:\/\/avatars.slack-edge.com\/2024-04-12\/6946592133062_823d8545f678615a3e0a_72.jpg",
            "first_name": "SATOSHI",
            "real_name": "SATOSHI FURUKAWA",
            "display_name": "古川　敏",
            "team": "T033D70RR6H",
            "name": "jpfreebirds",
            "is_restricted": false,
            "is_ultra_restricted": false
        },
        "thread_ts": "1723892727.651179",
        "reply_count": 4,
        "reply_users_count": 3,
        "latest_reply": "1724219347.386359",
        "reply_users": [
            "U0606SPN4BW",
            "U0331FZTHEK",
            "U05KGS6HN9H"
        ],
        "replies": [
            {
                "user": "U0606SPN4BW",
                "ts": "1723892816.998049"
            },
            {
                "user": "U0331FZTHEK",
                "ts": "1724020929.083419"
            },
            {
                "user": "U05KGS6HN9H",
                "ts": "1724136335.444309"
            },
            {
                "user": "U05KGS6HN9H",
                "ts": "1724219347.386359"
            }
        ],
        "is_locked": false,
        "subscribed": true,
        "last_read": "1724219347.386359",
        "blocks": [
            {
                "type": "rich_text",
                "block_id": "jbU5F",
                "elements": [
                    {
                        "type": "rich_text_section",
                        "elements": [
                            {
                                "type": "usergroup",
                                "usergroup_id": "S073HEMKWV7"
                            },
                            {
                                "type": "text",
                                "text": " cc "
                            },
                            {
                                "type": "usergroup",
                                "usergroup_id": "S072Q871SF9"
                            },
                            {
                                "type": "text",
                                "text": "\n韓国の Dala Kim様からサンプル注文を頂きました!\n"
                            },
                            {
                                "type": "text",
                                "text": "TSE-GYM-SPL-01-24",
                                "style": {
                                    "bold": true
                                }
                            }
                        ]
                    }
                ]
            }
        ],
        "reactions": [
            {
                "name": "承知_致しました",
                "users": [
                    "U05KGS6HN9H",
                    "U033G4KN4TD"
                ],
                "count": 2
            }
        ]
    },
    {
        "user": "U0606SPN4BW",
        "type": "message",
        "ts": "1723892816.998049",
        "edited": {
            "user": "U0606SPN4BW",
            "ts": "1723980429.000000"
        },
        "client_msg_id": "8e45e1ff-089f-497e-af4b-ab61a3140924",
        "text": "下記へ発送手続き、および発送日のお知らせをお願いします！\n\n\n<@U0331FZTHEK> 入金確認済 (PayPal USD30), 回収処理をお願いします！\n\n\n▼サンプル内容 (計 6点)\n<各20g>\n1 x Organic Matcha Upper - 1 鹿児島製茶 (鹿児島 A)\n1 x Organic Matcha Upper - 2 鹿児島製茶 (鹿児島 1A)\n1 x Non Organic Matcha Upper - 1 出雲精茶G\n1 x Non Organic Matcha Upper - 2 出雲精茶R\n\n袋指定なし・エージレスなし。\n見積り価格:表示なし\n\n\n1 x zip bag (30g用、ホワイト:清和 10349)、\n1 x pull-top缶 (30g用、ホワイト)\n\n\n発送: DHL\n\n\n------------------\nBrand name: GYM\nName: Dala Kim\nAddress: Queen House B-403, 46, Seobu 8-gil, Seobuk-gu,\nCheonan-si, Chungcheongnam-do, Republic of Korea\n\nZip code: 31137\ne-mail address: <mailto:dalakim7090@gmail.com|dalakim7090@gmail.com>\nPhone: <tel:+821039347090|+82 1039347090>\n------------------",
        "team": "T033D70RR6H",
        "user_team": "T033D70RR6H",
        "source_team": "T033D70RR6H",
        "user_profile": {
            "avatar_hash": "823d8545f678",
            "image_72": "https:\/\/avatars.slack-edge.com\/2024-04-12\/6946592133062_823d8545f678615a3e0a_72.jpg",
            "first_name": "SATOSHI",
            "real_name": "SATOSHI FURUKAWA",
            "display_name": "古川　敏",
            "team": "T033D70RR6H",
            "name": "jpfreebirds",
            "is_restricted": false,
            "is_ultra_restricted": false
        },
        "thread_ts": "1723892727.651179",
        "parent_user_id": "U0606SPN4BW",
        "blocks": [
            {
                "type": "rich_text",
                "block_id": "gyo+w",
                "elements": [
                    {
                        "type": "rich_text_section",
                        "elements": [
                            {
                                "type": "text",
                                "text": "下記へ発送手続き、および発送日のお知らせをお願いします！\n\n\n"
                            },
                            {
                                "type": "user",
                                "user_id": "U0331FZTHEK"
                            },
                            {
                                "type": "text",
                                "text": " 入金確認済 (PayPal USD30), 回収処理をお願いします！\n\n\n▼サンプル内容 (計 6点)\n<各20g>\n1 x Organic Matcha Upper - 1 鹿児島製茶 (鹿児島 A)\n1 x Organic Matcha Upper - 2 鹿児島製茶 (鹿児島 1A)\n1 x Non Organic Matcha Upper - 1 出雲精茶G\n1 x Non Organic Matcha Upper - 2 出雲精茶R\n\n袋指定なし・エージレスなし。\n見積り価格:表示なし\n\n\n1 x zip bag (30g用、ホワイト:清和 10349)、\n1 x pull-top缶 (30g用、ホワイト)\n\n\n発送: DHL\n\n\n------------------\nBrand name: GYM\nName: Dala Kim\nAddress: Queen House B-403, 46, Seobu 8-gil, Seobuk-gu,\nCheonan-si, Chungcheongnam-do, Republic of Korea\n\nZip code: 31137\ne-mail address: "
                            },
                            {
                                "type": "link",
                                "url": "mailto:dalakim7090@gmail.com",
                                "text": "dalakim7090@gmail.com"
                            },
                            {
                                "type": "text",
                                "text": "\nPhone: "
                            },
                            {
                                "type": "link",
                                "url": "tel:+821039347090",
                                "text": "+82 1039347090"
                            },
                            {
                                "type": "text",
                                "text": "\n------------------"
                            }
                        ]
                    }
                ]
            }
        ],
        "reactions": [
            {
                "name": "d130b000eb8d6784",
                "users": [
                    "U0331FZTHEK"
                ],
                "count": 1
            },
            {
                "name": "承知_致しました",
                "users": [
                    "U041RJKV5JA"
                ],
                "count": 1
            }
        ]
    }
]