[
    {
        "text": "<!subteam^S072Q871SF9|@oka-matsui-furukawa-hayashi-kimura-hasegawa-kawatani> cc <!subteam^S073HEMKWV7|@hirakawa-adachi-yamamoto-fuse>\n荷物が通関で止まってる件、アリババもメールも連絡しましたが応答がないのでさっき個人のワッツアップからメッセージ送ってみましたので念のため共有しておきます。(急ぎだったので個人whatsappから送りました:sweat_drops:)",
        "files": [
            {
                "id": "F078VNLCU05",
                "created": 1718872004,
                "timestamp": 1718872004,
                "name": "IMG_9466.png",
                "title": "IMG_9466",
                "mimetype": "image\/png",
                "filetype": "png",
                "pretty_type": "PNG",
                "user": "U066P20UQH1",
                "user_team": "T033D70RR6H",
                "editable": false,
                "size": 751809,
                "mode": "hosted",
                "is_external": false,
                "external_type": "",
                "is_public": true,
                "public_url_shared": false,
                "display_as_bot": false,
                "username": "",
                "url_private": "https:\/\/files.slack.com\/files-pri\/T033D70RR6H-F078VNLCU05\/img_9466.png?token=xoxe-3115238875221-9710624591398-9697214945543-aa82359f925d11baadb4ddc07b089467",
                "url_private_download": "https:\/\/files.slack.com\/files-pri\/T033D70RR6H-F078VNLCU05\/download\/img_9466.png?token=xoxe-3115238875221-9710624591398-9697214945543-aa82359f925d11baadb4ddc07b089467",
                "media_display_type": "unknown",
                "thumb_64": "https:\/\/files.slack.com\/files-tmb\/T033D70RR6H-F078VNLCU05-5e205c0b0b\/img_9466_64.png?t=xoxe-3115238875221-9710624591398-9697214945543-aa82359f925d11baadb4ddc07b089467",
                "thumb_80": "https:\/\/files.slack.com\/files-tmb\/T033D70RR6H-F078VNLCU05-5e205c0b0b\/img_9466_80.png?t=xoxe-3115238875221-9710624591398-9697214945543-aa82359f925d11baadb4ddc07b089467",
                "thumb_360": "https:\/\/files.slack.com\/files-tmb\/T033D70RR6H-F078VNLCU05-5e205c0b0b\/img_9466_360.png?t=xoxe-3115238875221-9710624591398-9697214945543-aa82359f925d11baadb4ddc07b089467",
                "thumb_360_w": 166,
                "thumb_360_h": 360,
                "thumb_480": "https:\/\/files.slack.com\/files-tmb\/T033D70RR6H-F078VNLCU05-5e205c0b0b\/img_9466_480.png?t=xoxe-3115238875221-9710624591398-9697214945543-aa82359f925d11baadb4ddc07b089467",
                "thumb_480_w": 221,
                "thumb_480_h": 480,
                "thumb_160": "https:\/\/files.slack.com\/files-tmb\/T033D70RR6H-F078VNLCU05-5e205c0b0b\/img_9466_160.png?t=xoxe-3115238875221-9710624591398-9697214945543-aa82359f925d11baadb4ddc07b089467",
                "thumb_720": "https:\/\/files.slack.com\/files-tmb\/T033D70RR6H-F078VNLCU05-5e205c0b0b\/img_9466_720.png?t=xoxe-3115238875221-9710624591398-9697214945543-aa82359f925d11baadb4ddc07b089467",
                "thumb_720_w": 332,
                "thumb_720_h": 720,
                "thumb_800": "https:\/\/files.slack.com\/files-tmb\/T033D70RR6H-F078VNLCU05-5e205c0b0b\/img_9466_800.png?t=xoxe-3115238875221-9710624591398-9697214945543-aa82359f925d11baadb4ddc07b089467",
                "thumb_800_w": 800,
                "thumb_800_h": 1734,
                "thumb_960": "https:\/\/files.slack.com\/files-tmb\/T033D70RR6H-F078VNLCU05-5e205c0b0b\/img_9466_960.png?t=xoxe-3115238875221-9710624591398-9697214945543-aa82359f925d11baadb4ddc07b089467",
                "thumb_960_w": 443,
                "thumb_960_h": 960,
                "thumb_1024": "https:\/\/files.slack.com\/files-tmb\/T033D70RR6H-F078VNLCU05-5e205c0b0b\/img_9466_1024.png?t=xoxe-3115238875221-9710624591398-9697214945543-aa82359f925d11baadb4ddc07b089467",
                "thumb_1024_w": 472,
                "thumb_1024_h": 1024,
                "original_w": 1290,
                "original_h": 2796,
                "thumb_tiny": "AwAwABagHUL0Oc+3SkO3HG78aWIbsjj8qk2HPQflQK6Ii+R\/9akyKdIp68UzFAXJbc\/MfpUpxjqait\/vH6VNlvQUyZbkUvQfWoqllJIGfWoqBrYkg+8eM8VNgf3arrlT8rcn2px39z\/47QDVx03QcYqGnEkjk\/pTce9IEj\/\/2Q==",
                "permalink": "https:\/\/grp-ssm9297.slack.com\/files\/U0331FWGQRM\/F078VNLCU05\/img_9466.png",
                "permalink_public": "https:\/\/slack-files.com\/T033D70RR6H-F078VNLCU05-c13e13e240",
                "is_starred": false,
                "skipped_shares": true,
                "has_rich_preview": false,
                "file_access": "visible"
            }
        ],
        "upload": false,
        "user": "U066P20UQH1",
        "display_as_bot": false,
        "blocks": [
            {
                "type": "rich_text",
                "block_id": "+DLnb",
                "elements": [
                    {
                        "type": "rich_text_section",
                        "elements": [
                            {
                                "type": "usergroup",
                                "usergroup_id": "S072Q871SF9"
                            },
                            {
                                "type": "text",
                                "text": " cc "
                            },
                            {
                                "type": "usergroup",
                                "usergroup_id": "S073HEMKWV7"
                            },
                            {
                                "type": "text",
                                "text": "\n荷物が通関で止まってる件、アリババもメールも連絡しましたが応答がないのでさっき個人のワッツアップからメッセージ送ってみましたので念のため共有しておきます。(急ぎだったので個人whatsappから送りました"
                            },
                            {
                                "type": "emoji",
                                "name": "sweat_drops",
                                "unicode": "1f4a6"
                            },
                            {
                                "type": "text",
                                "text": ")"
                            }
                        ]
                    }
                ]
            }
        ],
        "type": "message",
        "ts": "1718872016.583549",
        "edited": {
            "user": "U066P20UQH1",
            "ts": "1718872783.000000"
        },
        "client_msg_id": "0DB74274-23D6-4580-AF37-18CCCBCDD54D",
        "thread_ts": "1717408930.226529",
        "parent_user_id": "U066P20UQH1",
        "reactions": [
            {
                "name": "あり",
                "users": [
                    "U0606SPN4BW"
                ],
                "count": 1
            },
            {
                "name": "了解です",
                "users": [
                    "U0331FWGQRM"
                ],
                "count": 1
            }
        ]
    }
]