[
    {
        "user": "U041RJKV5JA",
        "type": "message",
        "ts": "1704522429.537589",
        "client_msg_id": "7128a59f-e20f-4a2b-8d39-b11c478f0306",
        "text": "<@U0331FWGQRM>\n <@U05KGS6HN9H> <@U033G4KN4TD>\n出荷準備が整いました。\n入金確認後、出荷いたします。\nよろしくお願いいたします。",
        "team": "T033D70RR6H",
        "user_team": "T033D70RR6H",
        "source_team": "T033D70RR6H",
        "user_profile": {
            "avatar_hash": "aed9eafd9eee",
            "image_72": "https:\/\/avatars.slack-edge.com\/2022-09-11\/4078874890257_aed9eafd9eee277ba076_72.png",
            "first_name": "Hirakawa",
            "real_name": "Hirakawa",
            "display_name": "平川",
            "team": "T033D70RR6H",
            "name": "tousuien.s006",
            "is_restricted": false,
            "is_ultra_restricted": false
        },
        "thread_ts": "1703962265.491849",
        "parent_user_id": "U0331FWGQRM",
        "blocks": [
            {
                "type": "rich_text",
                "block_id": "RtoPt",
                "elements": [
                    {
                        "type": "rich_text_section",
                        "elements": [
                            {
                                "type": "user",
                                "user_id": "U0331FWGQRM"
                            },
                            {
                                "type": "text",
                                "text": "\n "
                            },
                            {
                                "type": "user",
                                "user_id": "U05KGS6HN9H"
                            },
                            {
                                "type": "text",
                                "text": " "
                            },
                            {
                                "type": "user",
                                "user_id": "U033G4KN4TD"
                            },
                            {
                                "type": "text",
                                "text": "\n出荷準備が整いました。\n入金確認後、出荷いたします。\nよろしくお願いいたします。"
                            }
                        ]
                    }
                ]
            }
        ]
    }
]