[
    {
        "user": "U0606SPN4BW",
        "type": "message",
        "ts": "1720268959.283559",
        "client_msg_id": "3a58b395-9aff-4792-a8e4-b6cf36e3b27f",
        "text": "<!subteam^S073HEMKWV7|@hirakawa-adachi-yamamoto-fuse> cc <!subteam^S072Q871SF9|@oka-matsui-furukawa-hayashi-kimura-hasegawa-kawatani>\n:flag-sa:サウジアラビア Jehan Ali様からサンプル注文を頂きました!\nInvoice: TSE-JHA-SPL-01-24",
        "team": "T033D70RR6H",
        "user_team": "T033D70RR6H",
        "source_team": "T033D70RR6H",
        "user_profile": {
            "avatar_hash": "823d8545f678",
            "image_72": "https:\/\/avatars.slack-edge.com\/2024-04-12\/6946592133062_823d8545f678615a3e0a_72.jpg",
            "first_name": "SATOSHI",
            "real_name": "SATOSHI FURUKAWA",
            "display_name": "古川　敏",
            "team": "T033D70RR6H",
            "name": "jpfreebirds",
            "is_restricted": false,
            "is_ultra_restricted": false
        },
        "thread_ts": "1720268959.283559",
        "reply_count": 4,
        "reply_users_count": 3,
        "latest_reply": "1720508218.948789",
        "reply_users": [
            "U0606SPN4BW",
            "U0331FZTHEK",
            "U041RJKV5JA"
        ],
        "replies": [
            {
                "user": "U0606SPN4BW",
                "ts": "1720269018.932919"
            },
            {
                "user": "U0331FZTHEK",
                "ts": "1720398479.267389"
            },
            {
                "user": "U041RJKV5JA",
                "ts": "1720405087.930019"
            },
            {
                "user": "U041RJKV5JA",
                "ts": "1720508218.948789"
            }
        ],
        "is_locked": false,
        "subscribed": true,
        "last_read": "1720508218.948789",
        "blocks": [
            {
                "type": "rich_text",
                "block_id": "e6Nsp",
                "elements": [
                    {
                        "type": "rich_text_section",
                        "elements": [
                            {
                                "type": "usergroup",
                                "usergroup_id": "S073HEMKWV7"
                            },
                            {
                                "type": "text",
                                "text": " cc "
                            },
                            {
                                "type": "usergroup",
                                "usergroup_id": "S072Q871SF9"
                            },
                            {
                                "type": "text",
                                "text": "\n"
                            },
                            {
                                "type": "emoji",
                                "name": "flag-sa",
                                "unicode": "1f1f8-1f1e6"
                            },
                            {
                                "type": "text",
                                "text": "サウジアラビア Jehan Ali様からサンプル注文を頂きました!\nInvoice: TSE-JHA-SPL-01-24"
                            }
                        ]
                    }
                ]
            }
        ],
        "reactions": [
            {
                "name": "承知_致しました",
                "users": [
                    "U05KGS6HN9H",
                    "U033G4KN4TD",
                    "U041RJKV5JA"
                ],
                "count": 3
            }
        ]
    },
    {
        "user": "U0606SPN4BW",
        "type": "message",
        "ts": "1720269018.932919",
        "client_msg_id": "2cf94624-e07f-4515-9eb9-9ad05ed6051d",
        "text": "下記へ発送手続き、および発送日のお知らせをお願いします！\n\n<@U0331FZTHEK> 入金確認済 (PayPal USD30), 回収処理をお願いします！\n\n▼サンプル内容 (計 4点)\n&lt;各20g&gt;\nOrganic Matcha Top 1 - 碧翠園 16000京都\nOrganic Matcha Top 2 - 碧翠園 12000京都\nOrganic Matcha Upper 1 - 鹿児島製茶 鹿児島 A\nOrganic Matcha Upper 2 - 鹿児島製茶 鹿児島 1A\n\n袋指定なし、エージレス無し、品名ラベル貼り。\n\n発送:DHL\n\n----------------------\n・Company name(Midori)\n・Your name(Jehan Ali)\n・Shipping Address( Saudi Arabia, Dammam, King Fahd suburb, Talha Alhanafi street)\n・Postal code（32514)\n・Phone number: 966558471632\n・email address: <mailto:j3eha2n@gmail.com|j3eha2n@gmail.com>\n----------------------",
        "team": "T033D70RR6H",
        "user_team": "T033D70RR6H",
        "source_team": "T033D70RR6H",
        "user_profile": {
            "avatar_hash": "823d8545f678",
            "image_72": "https:\/\/avatars.slack-edge.com\/2024-04-12\/6946592133062_823d8545f678615a3e0a_72.jpg",
            "first_name": "SATOSHI",
            "real_name": "SATOSHI FURUKAWA",
            "display_name": "古川　敏",
            "team": "T033D70RR6H",
            "name": "jpfreebirds",
            "is_restricted": false,
            "is_ultra_restricted": false
        },
        "thread_ts": "1720268959.283559",
        "parent_user_id": "U0606SPN4BW",
        "blocks": [
            {
                "type": "rich_text",
                "block_id": "+bN36",
                "elements": [
                    {
                        "type": "rich_text_section",
                        "elements": [
                            {
                                "type": "text",
                                "text": "下記へ発送手続き、および発送日のお知らせをお願いします！\n\n"
                            },
                            {
                                "type": "user",
                                "user_id": "U0331FZTHEK"
                            },
                            {
                                "type": "text",
                                "text": " 入金確認済 (PayPal USD30), 回収処理をお願いします！\n\n▼サンプル内容 (計 4点)\n<各20g>\nOrganic Matcha Top 1 - 碧翠園 16000京都\nOrganic Matcha Top 2 - 碧翠園 12000京都\nOrganic Matcha Upper 1 - 鹿児島製茶 鹿児島 A\nOrganic Matcha Upper 2 - 鹿児島製茶 鹿児島 1A\n\n袋指定なし、エージレス無し、品名ラベル貼り。\n\n発送:DHL\n\n----------------------\n・Company name(Midori)\n・Your name(Jehan Ali)\n・Shipping Address( Saudi Arabia, Dammam, King Fahd suburb, Talha Alhanafi street)\n・Postal code（32514)\n・Phone number: 966558471632\n・email address: "
                            },
                            {
                                "type": "link",
                                "url": "mailto:j3eha2n@gmail.com",
                                "text": "j3eha2n@gmail.com"
                            },
                            {
                                "type": "text",
                                "text": "\n----------------------"
                            }
                        ]
                    }
                ]
            }
        ],
        "reactions": [
            {
                "name": "承知_致しました",
                "users": [
                    "U041RJKV5JA"
                ],
                "count": 1
            },
            {
                "name": "d130b000eb8d6784",
                "users": [
                    "U0331FZTHEK"
                ],
                "count": 1
            },
            {
                "name": "7e6ac2088523a821",
                "users": [
                    "U0331FZTHEK"
                ],
                "count": 1
            }
        ]
    }
]