[
    {
        "user": "U0606SPN4BW",
        "type": "message",
        "ts": "1710755667.185749",
        "edited": {
            "user": "U0606SPN4BW",
            "ts": "1710756712.000000"
        },
        "client_msg_id": "227921f1-2173-43b2-9e93-8f444e71f1f3",
        "text": "<@U041RJKV5JA> <@U05KGS6HN9H> <@U033G4KN4TD>\nこちらのお客様ですが、スティック包装のサンプルも一緒にご希望されています。\n開封時の使用感など、使い勝手をチェックされたいそうです。\n（中身は空でも問題ありません。内容量の指定も特にありませんが、抹茶なので 2gくらい入るタイプで良いと思われます）\n\n充填するのはシズパックになると思いますが、包材は吉村になると思います。\nお手数ですが、吉村にご確認をよろしくお願いいたします！",
        "team": "T033D70RR6H",
        "user_team": "T033D70RR6H",
        "source_team": "T033D70RR6H",
        "user_profile": {
            "avatar_hash": "823d8545f678",
            "image_72": "https:\/\/avatars.slack-edge.com\/2024-04-12\/6946592133062_823d8545f678615a3e0a_72.jpg",
            "first_name": "SATOSHI",
            "real_name": "SATOSHI FURUKAWA",
            "display_name": "古川　敏",
            "team": "T033D70RR6H",
            "name": "jpfreebirds",
            "is_restricted": false,
            "is_ultra_restricted": false
        },
        "thread_ts": "1710618201.760019",
        "parent_user_id": "U0606SPN4BW",
        "blocks": [
            {
                "type": "rich_text",
                "block_id": "ytpF6",
                "elements": [
                    {
                        "type": "rich_text_section",
                        "elements": [
                            {
                                "type": "user",
                                "user_id": "U041RJKV5JA"
                            },
                            {
                                "type": "text",
                                "text": " "
                            },
                            {
                                "type": "user",
                                "user_id": "U05KGS6HN9H"
                            },
                            {
                                "type": "text",
                                "text": " "
                            },
                            {
                                "type": "user",
                                "user_id": "U033G4KN4TD"
                            },
                            {
                                "type": "text",
                                "text": "\nこちらのお客様ですが、スティック包装のサンプルも一緒にご希望されています。\n開封時の使用感など、使い勝手をチェックされたいそうです。\n（中身は空でも問題ありません。内容量の指定も特にありませんが、抹茶なので 2gくらい入るタイプで良いと思われます）\n\n充填するのはシズパックになると思いますが、包材は吉村になると思います。\nお手数ですが、吉村にご確認をよろしくお願いいたします！"
                            }
                        ]
                    }
                ]
            }
        ],
        "reactions": [
            {
                "name": "承知_致しました",
                "users": [
                    "U033G4KN4TD",
                    "U05KGS6HN9H"
                ],
                "count": 2
            }
        ]
    },
    {
        "text": "<@U041RJKV5JA> <@U05KGS6HN9H> <@U033G4KN4TD>\nちなみに下記画像のような物をイメージされているようです。\n頂いた画像を共有しますので、ご参考まで↓",
        "files": [
            {
                "id": "F06Q389V7UL",
                "created": 1710756981,
                "timestamp": 1710756981,
                "name": "fea5140298e225710edd9ccb54d4b378.png",
                "title": "fea5140298e225710edd9ccb54d4b378.png",
                "mimetype": "image\/png",
                "filetype": "png",
                "pretty_type": "PNG",
                "user": "U0606SPN4BW",
                "user_team": "T033D70RR6H",
                "editable": false,
                "size": 1086077,
                "mode": "hosted",
                "is_external": false,
                "external_type": "",
                "is_public": true,
                "public_url_shared": false,
                "display_as_bot": false,
                "username": "",
                "url_private": "https:\/\/files.slack.com\/files-pri\/T033D70RR6H-F06Q389V7UL\/fea5140298e225710edd9ccb54d4b378.png?token=xoxe-3115238875221-9710624591398-9697214945543-aa82359f925d11baadb4ddc07b089467",
                "url_private_download": "https:\/\/files.slack.com\/files-pri\/T033D70RR6H-F06Q389V7UL\/download\/fea5140298e225710edd9ccb54d4b378.png?token=xoxe-3115238875221-9710624591398-9697214945543-aa82359f925d11baadb4ddc07b089467",
                "media_display_type": "unknown",
                "thumb_64": "https:\/\/files.slack.com\/files-tmb\/T033D70RR6H-F06Q389V7UL-271958e0b1\/fea5140298e225710edd9ccb54d4b378_64.png?t=xoxe-3115238875221-9710624591398-9697214945543-aa82359f925d11baadb4ddc07b089467",
                "thumb_80": "https:\/\/files.slack.com\/files-tmb\/T033D70RR6H-F06Q389V7UL-271958e0b1\/fea5140298e225710edd9ccb54d4b378_80.png?t=xoxe-3115238875221-9710624591398-9697214945543-aa82359f925d11baadb4ddc07b089467",
                "thumb_360": "https:\/\/files.slack.com\/files-tmb\/T033D70RR6H-F06Q389V7UL-271958e0b1\/fea5140298e225710edd9ccb54d4b378_360.png?t=xoxe-3115238875221-9710624591398-9697214945543-aa82359f925d11baadb4ddc07b089467",
                "thumb_360_w": 360,
                "thumb_360_h": 360,
                "thumb_480": "https:\/\/files.slack.com\/files-tmb\/T033D70RR6H-F06Q389V7UL-271958e0b1\/fea5140298e225710edd9ccb54d4b378_480.png?t=xoxe-3115238875221-9710624591398-9697214945543-aa82359f925d11baadb4ddc07b089467",
                "thumb_480_w": 480,
                "thumb_480_h": 480,
                "thumb_160": "https:\/\/files.slack.com\/files-tmb\/T033D70RR6H-F06Q389V7UL-271958e0b1\/fea5140298e225710edd9ccb54d4b378_160.png?t=xoxe-3115238875221-9710624591398-9697214945543-aa82359f925d11baadb4ddc07b089467",
                "thumb_720": "https:\/\/files.slack.com\/files-tmb\/T033D70RR6H-F06Q389V7UL-271958e0b1\/fea5140298e225710edd9ccb54d4b378_720.png?t=xoxe-3115238875221-9710624591398-9697214945543-aa82359f925d11baadb4ddc07b089467",
                "thumb_720_w": 720,
                "thumb_720_h": 720,
                "thumb_800": "https:\/\/files.slack.com\/files-tmb\/T033D70RR6H-F06Q389V7UL-271958e0b1\/fea5140298e225710edd9ccb54d4b378_800.png?t=xoxe-3115238875221-9710624591398-9697214945543-aa82359f925d11baadb4ddc07b089467",
                "thumb_800_w": 800,
                "thumb_800_h": 800,
                "thumb_960": "https:\/\/files.slack.com\/files-tmb\/T033D70RR6H-F06Q389V7UL-271958e0b1\/fea5140298e225710edd9ccb54d4b378_960.png?t=xoxe-3115238875221-9710624591398-9697214945543-aa82359f925d11baadb4ddc07b089467",
                "thumb_960_w": 960,
                "thumb_960_h": 960,
                "thumb_1024": "https:\/\/files.slack.com\/files-tmb\/T033D70RR6H-F06Q389V7UL-271958e0b1\/fea5140298e225710edd9ccb54d4b378_1024.png?t=xoxe-3115238875221-9710624591398-9697214945543-aa82359f925d11baadb4ddc07b089467",
                "thumb_1024_w": 1024,
                "thumb_1024_h": 1024,
                "original_w": 1800,
                "original_h": 1800,
                "thumb_tiny": "AwAwADDTpCQOpparygLITkgH0oAlMgFN8zdTAwZeBkUbj0A\/SgRYByKKZH3p9AwqG44APepqhuBkKOlACLu74\/CkLNnFIFI\/izS\/OP8A9dAh6A7hk1LUK53jmpqBhUM+CVGcVNUFypO0jrQA0BVGC2frSZH940LG+MbS3uacIGPUAfU5oELHjcMVPUaRlerfpUlAz\/\/Z",
                "permalink": "https:\/\/grp-ssm9297.slack.com\/files\/U0331FWGQRM\/F06Q389V7UL\/fea5140298e225710edd9ccb54d4b378.png",
                "permalink_public": "https:\/\/slack-files.com\/T033D70RR6H-F06Q389V7UL-35d9a6f357",
                "is_starred": false,
                "skipped_shares": true,
                "has_rich_preview": false,
                "file_access": "visible"
            }
        ],
        "upload": false,
        "user": "U0606SPN4BW",
        "display_as_bot": false,
        "blocks": [
            {
                "type": "rich_text",
                "block_id": "U8p0t",
                "elements": [
                    {
                        "type": "rich_text_section",
                        "elements": [
                            {
                                "type": "user",
                                "user_id": "U041RJKV5JA"
                            },
                            {
                                "type": "text",
                                "text": " "
                            },
                            {
                                "type": "user",
                                "user_id": "U05KGS6HN9H"
                            },
                            {
                                "type": "text",
                                "text": " "
                            },
                            {
                                "type": "user",
                                "user_id": "U033G4KN4TD"
                            },
                            {
                                "type": "text",
                                "text": "\nちなみに下記画像のような物をイメージされているようです。\n頂いた画像を共有しますので、ご参考まで↓"
                            }
                        ]
                    }
                ]
            }
        ],
        "type": "message",
        "ts": "1710757107.794319",
        "client_msg_id": "5fa3628a-6c48-4f85-82e6-a936c36fc2bd",
        "thread_ts": "1710618201.760019",
        "parent_user_id": "U0606SPN4BW",
        "reactions": [
            {
                "name": "承知_致しました",
                "users": [
                    "U05KGS6HN9H",
                    "U041RJKV5JA"
                ],
                "count": 2
            }
        ]
    },
    {
        "user": "U05KGS6HN9H",
        "type": "message",
        "ts": "1710826094.204019",
        "client_msg_id": "13df0943-c318-4c6f-a0ab-335571b42c0e",
        "text": "<@U0331FWGQRM>\n<@U041RJKV5JA> <@U033G4KN4TD>\n本日3\/19のDHLで出荷しました。\nAWB No 5267370824\n宜しくお願い致します。",
        "team": "T033D70RR6H",
        "user_team": "T033D70RR6H",
        "source_team": "T033D70RR6H",
        "user_profile": {
            "avatar_hash": "gc4e7258333f",
            "image_72": "https:\/\/secure.gravatar.com\/avatar\/c4e7258333f2958f831d063db85b4542.jpg?s=72&d=https%3A%2F%2Fa.slack-edge.com%2Fdf10d%2Fimg%2Favatars%2Fava_0005-72.png",
            "first_name": "Adachi",
            "real_name": "Adachi",
            "display_name": "足立",
            "team": "T033D70RR6H",
            "name": "tousuien05",
            "is_restricted": false,
            "is_ultra_restricted": false
        },
        "thread_ts": "1709995435.833019",
        "parent_user_id": "U0331FWGQRM",
        "blocks": [
            {
                "type": "rich_text",
                "block_id": "Bm2Wl",
                "elements": [
                    {
                        "type": "rich_text_section",
                        "elements": [
                            {
                                "type": "user",
                                "user_id": "U0331FWGQRM"
                            },
                            {
                                "type": "text",
                                "text": "\n"
                            },
                            {
                                "type": "user",
                                "user_id": "U041RJKV5JA"
                            },
                            {
                                "type": "text",
                                "text": " "
                            },
                            {
                                "type": "user",
                                "user_id": "U033G4KN4TD"
                            },
                            {
                                "type": "text",
                                "text": "\n本日3\/19のDHLで出荷しました。\nAWB No 5267370824\n宜しくお願い致します。"
                            }
                        ]
                    }
                ]
            }
        ]
    },
    {
        "text": "<@U0606SPN4BW>\n平川部長より静パックへ確認いただきましたが、具体的なサンプルを\n改めて手配するには、どの程度の粒度のパウダーを入れるのか、希望の\nステックサイズはどの程度なのか等、やり取りで時間を要する感じです。\n以前古川さんへお送りしたサンプルの中に、添付のような既存サンプルが\nありますが、今回はこれらをお客様にみていただくのはどうでしょうか？\nいずれも静パックから入れており、内容量は5ｇと3ｇですが、開封時の\n使用感など実感いただけるのでは？\n（サンプル在庫は多くあります）",
        "files": [
            {
                "id": "F06QKE9T30R",
                "created": 1710829331,
                "timestamp": 1710829331,
                "name": "ステック既存サンプル.pdf",
                "title": "ステック既存サンプル.pdf",
                "mimetype": "application\/pdf",
                "filetype": "pdf",
                "pretty_type": "PDF",
                "user": "U05KGS6HN9H",
                "user_team": "T033D70RR6H",
                "editable": false,
                "size": 267538,
                "mode": "hosted",
                "is_external": false,
                "external_type": "",
                "is_public": true,
                "public_url_shared": false,
                "display_as_bot": false,
                "username": "",
                "url_private": "https:\/\/files.slack.com\/files-pri\/T033D70RR6H-F06QKE9T30R\/______________________________.pdf?token=xoxe-3115238875221-9710624591398-9697214945543-aa82359f925d11baadb4ddc07b089467",
                "url_private_download": "https:\/\/files.slack.com\/files-pri\/T033D70RR6H-F06QKE9T30R\/download\/______________________________.pdf?token=xoxe-3115238875221-9710624591398-9697214945543-aa82359f925d11baadb4ddc07b089467",
                "media_display_type": "unknown",
                "thumb_pdf": "https:\/\/files.slack.com\/files-tmb\/T033D70RR6H-F06QKE9T30R-9d1f3cf144\/_______________________________thumb_pdf.png?t=xoxe-3115238875221-9710624591398-9697214945543-aa82359f925d11baadb4ddc07b089467",
                "thumb_pdf_w": 1628,
                "thumb_pdf_h": 1151,
                "permalink": "https:\/\/grp-ssm9297.slack.com\/files\/U0331FWGQRM\/F06QKE9T30R\/______________________________.pdf",
                "permalink_public": "https:\/\/slack-files.com\/T033D70RR6H-F06QKE9T30R-15058bbfb8",
                "is_starred": false,
                "skipped_shares": true,
                "has_rich_preview": false,
                "file_access": "visible"
            }
        ],
        "upload": false,
        "user": "U05KGS6HN9H",
        "display_as_bot": false,
        "blocks": [
            {
                "type": "rich_text",
                "block_id": "bAF2Q",
                "elements": [
                    {
                        "type": "rich_text_section",
                        "elements": [
                            {
                                "type": "user",
                                "user_id": "U0606SPN4BW"
                            },
                            {
                                "type": "text",
                                "text": "\n平川部長より静パックへ確認いただきましたが、具体的なサンプルを\n改めて手配するには、どの程度の粒度のパウダーを入れるのか、希望の\nステックサイズはどの程度なのか等、やり取りで時間を要する感じです。\n以前古川さんへお送りしたサンプルの中に、添付のような既存サンプルが\nありますが、今回はこれらをお客様にみていただくのはどうでしょうか？\nいずれも静パックから入れており、内容量は5ｇと3ｇですが、開封時の\n使用感など実感いただけるのでは？\n（サンプル在庫は多くあります）"
                            }
                        ]
                    }
                ]
            }
        ],
        "type": "message",
        "ts": "1710829429.455709",
        "client_msg_id": "b56d2c5b-6523-46ba-91dc-b20af2f2ee17",
        "thread_ts": "1710618201.760019",
        "parent_user_id": "U0606SPN4BW",
        "reactions": [
            {
                "name": "d130b000eb8d6784",
                "users": [
                    "U0606SPN4BW"
                ],
                "count": 1
            }
        ]
    }
]