[
    {
        "user": "U0606SPN4BW",
        "type": "message",
        "ts": "1716063857.103699",
        "client_msg_id": "095991ec-6f68-476f-b1b3-80fcd344f758",
        "text": "<!subteam^S073HEMKWV7|@hirakawa-adachi-yamamoto-fuse> <!subteam^S072Q871SF9|@oka-matsui-furukawa-hayashi-kimura-hasegawa-kawatani>\nアメリカ Davon Williams様からサンプル注文を頂きました！\n*TSL-DVW-SPL-001-24*\n\n**決済完了前*ですが、先に下記へ発送手続きおよび発送可能日のお知らせをお願いします！\n\n<@U0331FZTHEK> 入金確認待ち(5\/20PayPal決済完了予定), 回収処理をお願いします！\n\n\n▼サンプル内容 (計 4点)\n&lt;各20g&gt;\nOrganic Matcha Upper - 1 鹿児島製茶 (鹿児島 A)\nOrganic Lemongrass Matcha（鹿児島製茶 鹿児島B, しまね有機ファーム 有機レモングラス）\nOrganic Ginger Matcha（鹿児島製茶 鹿児島B, 島根有機ファーム）\nOrganic Mint Matcha（鹿児島製茶 鹿児島B, キタマ有機ペパーミント）\n\n袋指定なし、エージレス無し、品名ラベル貼り。\n\n\n----------------------------------------------------\nAddress: 1446 Aspenwood Drive, Jacksonville, Florida,\nPostal code: 32211-8133\nCountry: United States of America\ne-mail: <mailto:vonw1242@gmail.com|vonw1242@gmail.com>\nPhone: <tel:+19047980242|+19047980242>\n (EIN申請中)\n----------------------------------------------------",
        "team": "T033D70RR6H",
        "user_team": "T033D70RR6H",
        "source_team": "T033D70RR6H",
        "user_profile": {
            "avatar_hash": "823d8545f678",
            "image_72": "https:\/\/avatars.slack-edge.com\/2024-04-12\/6946592133062_823d8545f678615a3e0a_72.jpg",
            "first_name": "SATOSHI",
            "real_name": "SATOSHI FURUKAWA",
            "display_name": "古川　敏",
            "team": "T033D70RR6H",
            "name": "jpfreebirds",
            "is_restricted": false,
            "is_ultra_restricted": false
        },
        "thread_ts": "1716063857.103699",
        "reply_count": 8,
        "reply_users_count": 3,
        "latest_reply": "1716951684.328889",
        "reply_users": [
            "U0606SPN4BW",
            "U05KGS6HN9H",
            "U066P20UQH1"
        ],
        "replies": [
            {
                "user": "U0606SPN4BW",
                "ts": "1716064256.274309"
            },
            {
                "user": "U05KGS6HN9H",
                "ts": "1716186479.205029"
            },
            {
                "user": "U05KGS6HN9H",
                "ts": "1716452642.587909"
            },
            {
                "user": "U0606SPN4BW",
                "ts": "1716455084.232749"
            },
            {
                "user": "U0606SPN4BW",
                "ts": "1716464886.295199"
            },
            {
                "user": "U05KGS6HN9H",
                "ts": "1716513150.420729"
            },
            {
                "user": "U05KGS6HN9H",
                "ts": "1716950893.289449"
            },
            {
                "user": "U066P20UQH1",
                "ts": "1716951684.328889"
            }
        ],
        "is_locked": false,
        "subscribed": true,
        "last_read": "1716951684.328889",
        "blocks": [
            {
                "type": "rich_text",
                "block_id": "izGtF",
                "elements": [
                    {
                        "type": "rich_text_section",
                        "elements": [
                            {
                                "type": "usergroup",
                                "usergroup_id": "S073HEMKWV7"
                            },
                            {
                                "type": "text",
                                "text": " "
                            },
                            {
                                "type": "usergroup",
                                "usergroup_id": "S072Q871SF9"
                            },
                            {
                                "type": "text",
                                "text": "\nアメリカ Davon Williams様からサンプル注文を頂きました！\n"
                            },
                            {
                                "type": "text",
                                "text": "TSL-DVW-SPL-001-24",
                                "style": {
                                    "bold": true
                                }
                            },
                            {
                                "type": "text",
                                "text": "\n\n"
                            },
                            {
                                "type": "text",
                                "text": "*決済完了前",
                                "style": {
                                    "bold": true
                                }
                            },
                            {
                                "type": "text",
                                "text": "ですが、先に下記へ発送手続きおよび発送可能日のお知らせをお願いします！\n\n"
                            },
                            {
                                "type": "user",
                                "user_id": "U0331FZTHEK"
                            },
                            {
                                "type": "text",
                                "text": " 入金確認待ち(5\/20PayPal決済完了予定), 回収処理をお願いします！\n\n\n▼サンプル内容 (計 4点)\n<各20g>\nOrganic Matcha Upper - 1 鹿児島製茶 (鹿児島 A)\nOrganic Lemongrass Matcha（鹿児島製茶 鹿児島B, しまね有機ファーム 有機レモングラス）\nOrganic Ginger Matcha（鹿児島製茶 鹿児島B, 島根有機ファーム）\nOrganic Mint Matcha（鹿児島製茶 鹿児島B, キタマ有機ペパーミント）\n\n袋指定なし、エージレス無し、品名ラベル貼り。\n\n\n----------------------------------------------------\nAddress: 1446 Aspenwood Drive, Jacksonville, Florida,\nPostal code: 32211-8133\nCountry: United States of America\ne-mail: "
                            },
                            {
                                "type": "link",
                                "url": "mailto:vonw1242@gmail.com",
                                "text": "vonw1242@gmail.com"
                            },
                            {
                                "type": "text",
                                "text": "\nPhone: "
                            },
                            {
                                "type": "link",
                                "url": "tel:+19047980242",
                                "text": "+19047980242"
                            },
                            {
                                "type": "text",
                                "text": "\n (EIN申請中)\n----------------------------------------------------"
                            }
                        ]
                    }
                ]
            }
        ],
        "reactions": [
            {
                "name": "承知_致しました",
                "users": [
                    "U05KGS6HN9H",
                    "U041RJKV5JA",
                    "U033G4KN4TD"
                ],
                "count": 3
            }
        ]
    },
    {
        "user": "U0606SPN4BW",
        "type": "message",
        "ts": "1716064256.274309",
        "client_msg_id": "06817dc9-78cd-4d0c-849f-efcc97ef5dce",
        "text": "<!subteam^S073HEMKWV7|@hirakawa-adachi-yamamoto-fuse>\nフレーバー系の抹茶は、先日のタイ・Ben Martin様の時と同様に鹿児島Bの同等品のまるゑい・有機抹茶＃60でも問題ありません。＾＾",
        "team": "T033D70RR6H",
        "user_team": "T033D70RR6H",
        "source_team": "T033D70RR6H",
        "user_profile": {
            "avatar_hash": "823d8545f678",
            "image_72": "https:\/\/avatars.slack-edge.com\/2024-04-12\/6946592133062_823d8545f678615a3e0a_72.jpg",
            "first_name": "SATOSHI",
            "real_name": "SATOSHI FURUKAWA",
            "display_name": "古川　敏",
            "team": "T033D70RR6H",
            "name": "jpfreebirds",
            "is_restricted": false,
            "is_ultra_restricted": false
        },
        "thread_ts": "1716063857.103699",
        "parent_user_id": "U0606SPN4BW",
        "blocks": [
            {
                "type": "rich_text",
                "block_id": "stMHb",
                "elements": [
                    {
                        "type": "rich_text_section",
                        "elements": [
                            {
                                "type": "usergroup",
                                "usergroup_id": "S073HEMKWV7"
                            },
                            {
                                "type": "text",
                                "text": "\nフレーバー系の抹茶は、先日のタイ・Ben Martin様の時と同様に鹿児島Bの同等品のまるゑい・有機抹茶＃60でも問題ありません。＾＾"
                            }
                        ]
                    }
                ]
            }
        ],
        "reactions": [
            {
                "name": "承知_致しました",
                "users": [
                    "U041RJKV5JA",
                    "U05KGS6HN9H"
                ],
                "count": 2
            }
        ]
    }
]