[
    {
        "user": "U0331FWGQRM",
        "type": "message",
        "ts": "1704904945.157469",
        "client_msg_id": "fe5232a1-b693-4c5d-a675-328606f175e2",
        "text": "<@U041RJKV5JA> <@U05KGS6HN9H> <@U033G4KN4TD>\nスイスのSebastyan Meixger様が\nブレンド抹茶のサンプルを希望されています。\n下記先へ発送願います。\n※無償でOK\n※サンプルなので、有機の証明とかは不要だと思います。\nーーーー\nGinger,\nCinammon,\nLemonglass,\nPepper Mint,\nTurmeric,\nChocolate\nVanilla.\nーーーー\n・Company name（brand name） : なしでOK\n・Your name : Sebastyan Meixger\n・Address : 6933 Santa Monica Blvd., APT 703, CA 90038 Los Angeles, USA\n・Postal code : 90038\n・Phone number : <tel:+14243826807|+14243826807>\n・email address : <mailto:sebastyan.meixger@gmail.com|sebastyan.meixger@gmail.com>\n・EIN number : なしでOK",
        "team": "T033D70RR6H",
        "user_team": "T033D70RR6H",
        "source_team": "T033D70RR6H",
        "user_profile": {
            "avatar_hash": "gf9d05f2cae1",
            "image_72": "https:\/\/secure.gravatar.com\/avatar\/f9d05f2cae161f657bb1248fc85b5235.jpg?s=72&d=https%3A%2F%2Fa.slack-edge.com%2Fdf10d%2Fimg%2Favatars%2Fava_0008-72.png",
            "first_name": "matsui",
            "real_name": "matsui",
            "display_name": "松井",
            "team": "T033D70RR6H",
            "name": "tousuien.matsui",
            "is_restricted": false,
            "is_ultra_restricted": false
        },
        "thread_ts": "1704904945.157469",
        "reply_count": 7,
        "reply_users_count": 3,
        "latest_reply": "1711038288.450039",
        "reply_users": [
            "U0331FWGQRM",
            "U041RJKV5JA",
            "U0331FZS7JT"
        ],
        "replies": [
            {
                "user": "U0331FWGQRM",
                "ts": "1705029541.296389"
            },
            {
                "user": "U041RJKV5JA",
                "ts": "1705032831.609359"
            },
            {
                "user": "U0331FWGQRM",
                "ts": "1705033026.985039"
            },
            {
                "user": "U0331FZS7JT",
                "ts": "1705043073.677399"
            },
            {
                "user": "U041RJKV5JA",
                "ts": "1705101895.799389"
            },
            {
                "user": "U041RJKV5JA",
                "ts": "1705394711.471109"
            },
            {
                "user": "U0331FWGQRM",
                "ts": "1711038288.450039"
            }
        ],
        "is_locked": false,
        "subscribed": true,
        "last_read": "1711038288.450039",
        "blocks": [
            {
                "type": "rich_text",
                "block_id": "85e7+",
                "elements": [
                    {
                        "type": "rich_text_section",
                        "elements": [
                            {
                                "type": "user",
                                "user_id": "U041RJKV5JA"
                            },
                            {
                                "type": "text",
                                "text": " "
                            },
                            {
                                "type": "user",
                                "user_id": "U05KGS6HN9H"
                            },
                            {
                                "type": "text",
                                "text": " "
                            },
                            {
                                "type": "user",
                                "user_id": "U033G4KN4TD"
                            },
                            {
                                "type": "text",
                                "text": "\nスイスのSebastyan Meixger様が\nブレンド抹茶のサンプルを希望されています。\n下記先へ発送願います。\n※無償でOK\n※サンプルなので、有機の証明とかは不要だと思います。\nーーーー\nGinger,\nCinammon,\nLemonglass,\nPepper Mint,\nTurmeric,\nChocolate\nVanilla.\nーーーー\n・Company name（brand name） : なしでOK\n・Your name : Sebastyan Meixger\n・Address : 6933 Santa Monica Blvd., APT 703, CA 90038 Los Angeles, USA\n・Postal code : 90038\n・Phone number : "
                            },
                            {
                                "type": "link",
                                "url": "tel:+14243826807",
                                "text": "+14243826807"
                            },
                            {
                                "type": "text",
                                "text": "\n・email address : "
                            },
                            {
                                "type": "link",
                                "url": "mailto:sebastyan.meixger@gmail.com",
                                "text": "sebastyan.meixger@gmail.com"
                            },
                            {
                                "type": "text",
                                "text": "\n・EIN number : なしでOK"
                            }
                        ]
                    }
                ]
            }
        ],
        "reactions": [
            {
                "name": "承知_致しました",
                "users": [
                    "U033G4KN4TD",
                    "U041RJKV5JA",
                    "U05KGS6HN9H"
                ],
                "count": 3
            }
        ]
    }
]