[
    {
        "user": "U0331FZS7JT",
        "type": "message",
        "ts": "1720953915.655239",
        "edited": {
            "user": "U0331FZS7JT",
            "ts": "1720954098.000000"
        },
        "client_msg_id": "9a50f38b-8e49-4547-be82-d98478908b1f",
        "text": "<@U05KGS6HN9H>\n<!subteam^S073HEMKWV7|@hirakawa-adachi-yamamoto-fuse>\n:flag-nl:オランダ：Audrey Hindriks様（Chaseki Thomas様紹介）に\n京都から届いた缶のサンプル（2種類）の発送をお願いします。",
        "team": "T033D70RR6H",
        "user_team": "T033D70RR6H",
        "source_team": "T033D70RR6H",
        "user_profile": {
            "avatar_hash": "2c9de1514f26",
            "image_72": "https:\/\/avatars.slack-edge.com\/2022-02-16\/3118160981555_2c9de1514f262063f72d_72.png",
            "first_name": "Yuta",
            "real_name": "Yuta Oka",
            "display_name": "岡祐太",
            "team": "T033D70RR6H",
            "name": "yuta.oka.0915",
            "is_restricted": false,
            "is_ultra_restricted": false
        },
        "thread_ts": "1720953915.655239",
        "reply_count": 3,
        "reply_users_count": 2,
        "latest_reply": "1721112093.174879",
        "reply_users": [
            "U0331FZS7JT",
            "U05KGS6HN9H"
        ],
        "replies": [
            {
                "user": "U0331FZS7JT",
                "ts": "1720954074.618019"
            },
            {
                "user": "U05KGS6HN9H",
                "ts": "1721090325.970179"
            },
            {
                "user": "U05KGS6HN9H",
                "ts": "1721112093.174879"
            }
        ],
        "is_locked": false,
        "subscribed": false,
        "blocks": [
            {
                "type": "rich_text",
                "block_id": "ZdYyy",
                "elements": [
                    {
                        "type": "rich_text_section",
                        "elements": [
                            {
                                "type": "user",
                                "user_id": "U05KGS6HN9H"
                            },
                            {
                                "type": "text",
                                "text": "\n"
                            },
                            {
                                "type": "usergroup",
                                "usergroup_id": "S073HEMKWV7"
                            },
                            {
                                "type": "text",
                                "text": "\n"
                            },
                            {
                                "type": "emoji",
                                "name": "flag-nl",
                                "unicode": "1f1f3-1f1f1"
                            },
                            {
                                "type": "text",
                                "text": "オランダ：Audrey Hindriks様（Chaseki Thomas様紹介）に\n京都から届いた缶のサンプル（2種類）の発送をお願いします。"
                            }
                        ]
                    }
                ]
            }
        ],
        "reactions": [
            {
                "name": "承知_致しました",
                "users": [
                    "U033G4KN4TD",
                    "U041RJKV5JA",
                    "U05KGS6HN9H"
                ],
                "count": 3
            }
        ]
    },
    {
        "user": "U0331FZS7JT",
        "type": "message",
        "ts": "1720954074.618019",
        "client_msg_id": "1f94b7a5-5786-4b84-80c6-6dfe1eb41549",
        "text": "<!subteam^S073HEMKWV7|@hirakawa-adachi-yamamoto-fuse>\nまだEORI Noを所有されていない（これから取得予定）なので\nEMSでの発送をお願い致します。\n▼送り先情報\n宛名：Audrey Hindriks\n住所：A. Jacobsstraat 119 MG Groningen\n郵便番号：9728\n電話：<tel:+31624952038|+31624952038>\nメール：<mailto:Audreyhindriks@gmail.com|Audreyhindriks@gmail.com>\n\n各価格：USD１\n発送後、トラッキングナンバーを教えて下さい。\n\nよろしくお願いします。",
        "team": "T033D70RR6H",
        "user_team": "T033D70RR6H",
        "source_team": "T033D70RR6H",
        "user_profile": {
            "avatar_hash": "2c9de1514f26",
            "image_72": "https:\/\/avatars.slack-edge.com\/2022-02-16\/3118160981555_2c9de1514f262063f72d_72.png",
            "first_name": "Yuta",
            "real_name": "Yuta Oka",
            "display_name": "岡祐太",
            "team": "T033D70RR6H",
            "name": "yuta.oka.0915",
            "is_restricted": false,
            "is_ultra_restricted": false
        },
        "thread_ts": "1720953915.655239",
        "parent_user_id": "U0331FZS7JT",
        "blocks": [
            {
                "type": "rich_text",
                "block_id": "PAveh",
                "elements": [
                    {
                        "type": "rich_text_section",
                        "elements": [
                            {
                                "type": "usergroup",
                                "usergroup_id": "S073HEMKWV7"
                            },
                            {
                                "type": "text",
                                "text": "\nまだEORI Noを所有されていない（これから取得予定）なので\nEMSでの発送をお願い致します。\n▼送り先情報\n宛名：Audrey Hindriks\n住所：A. Jacobsstraat 119 MG Groningen\n郵便番号：9728\n電話："
                            },
                            {
                                "type": "link",
                                "url": "tel:+31624952038",
                                "text": "+31624952038"
                            },
                            {
                                "type": "text",
                                "text": "\nメール："
                            },
                            {
                                "type": "link",
                                "url": "mailto:Audreyhindriks@gmail.com",
                                "text": "Audreyhindriks@gmail.com"
                            },
                            {
                                "type": "text",
                                "text": "\n\n各価格：USD１\n発送後、トラッキングナンバーを教えて下さい。\n\nよろしくお願いします。"
                            }
                        ]
                    }
                ]
            }
        ],
        "reactions": [
            {
                "name": "承知_致しました",
                "users": [
                    "U041RJKV5JA",
                    "U05KGS6HN9H"
                ],
                "count": 2
            }
        ]
    }
]