[
    {
        "user": "U0606SPN4BW",
        "type": "message",
        "ts": "1712130859.354799",
        "client_msg_id": "90069e26-1ee8-4a2a-959e-3c737f4f25fe",
        "text": "<@U05KGS6HN9H> cc <@U041RJKV5JA> <@U033G4KN4TD> <@U0331FWGQRM>\nご連絡ありがとうございます！\n\nオランダの配送事情の厳しさについて説明させて頂きます！（苦笑）\n昨日は終日事務所内におり、事前にショートメッセージで通知もあったので日本からの荷物が4\/2に届く認識は持っていましたが、\n夕方になり追跡を確認したところ「配達不在」のステータスとなっておりました。。\n\n実はこの様な「配送予定日に届かない問題」はオランダ(ヨーロッパ)では日常茶飯事となっています。＾＾；\nドライバーが勤務時間中に全ての荷物を配送できないと判断すると翌日に回してしまい、\nその理由も今回の様に「配送先が不在（本当は在宅）」とされます。。\n（今回はイースター休暇明けの影響とみております）\n\n荷物の受取りだけでも年中苦戦しておりますが、本日は無事受け取れる事を願っています！",
        "team": "T033D70RR6H",
        "user_team": "T033D70RR6H",
        "source_team": "T033D70RR6H",
        "user_profile": {
            "avatar_hash": "823d8545f678",
            "image_72": "https:\/\/avatars.slack-edge.com\/2024-04-12\/6946592133062_823d8545f678615a3e0a_72.jpg",
            "first_name": "SATOSHI",
            "real_name": "SATOSHI FURUKAWA",
            "display_name": "古川　敏",
            "team": "T033D70RR6H",
            "name": "jpfreebirds",
            "is_restricted": false,
            "is_ultra_restricted": false
        },
        "thread_ts": "1711407970.178999",
        "parent_user_id": "U0331FWGQRM",
        "blocks": [
            {
                "type": "rich_text",
                "block_id": "VHSee",
                "elements": [
                    {
                        "type": "rich_text_section",
                        "elements": [
                            {
                                "type": "user",
                                "user_id": "U05KGS6HN9H"
                            },
                            {
                                "type": "text",
                                "text": " cc "
                            },
                            {
                                "type": "user",
                                "user_id": "U041RJKV5JA"
                            },
                            {
                                "type": "text",
                                "text": " "
                            },
                            {
                                "type": "user",
                                "user_id": "U033G4KN4TD"
                            },
                            {
                                "type": "text",
                                "text": " "
                            },
                            {
                                "type": "user",
                                "user_id": "U0331FWGQRM"
                            },
                            {
                                "type": "text",
                                "text": "\nご連絡ありがとうございます！\n\nオランダの配送事情の厳しさについて説明させて頂きます！（苦笑）\n昨日は終日事務所内におり、事前にショートメッセージで通知もあったので日本からの荷物が4\/2に届く認識は持っていましたが、\n夕方になり追跡を確認したところ「配達不在」のステータスとなっておりました。。\n\n実はこの様な「配送予定日に届かない問題」はオランダ(ヨーロッパ)では日常茶飯事となっています。＾＾；\nドライバーが勤務時間中に全ての荷物を配送できないと判断すると翌日に回してしまい、\nその理由も今回の様に「配送先が不在（本当は在宅）」とされます。。\n（今回はイースター休暇明けの影響とみております）\n\n荷物の受取りだけでも年中苦戦しておりますが、本日は無事受け取れる事を願っています！"
                            }
                        ]
                    }
                ]
            }
        ],
        "reactions": [
            {
                "name": "承知_致しました",
                "users": [
                    "U05KGS6HN9H"
                ],
                "count": 1
            },
            {
                "name": "sweat_smile",
                "users": [
                    "U05KGS6HN9H"
                ],
                "count": 1
            },
            {
                "name": "raised_hands",
                "users": [
                    "U0331FWGQRM"
                ],
                "count": 1
            },
            {
                "name": "eyes",
                "users": [
                    "U033G4KN4TD"
                ],
                "count": 1
            }
        ]
    },
    {
        "text": "<@U05KGS6HN9H> cc <@U041RJKV5JA> <@U033G4KN4TD> <@U0331FWGQRM>\nつい先ほど、無事受取りました！\nありがとうございましたっ！",
        "files": [
            {
                "id": "F06SK2BHP0T",
                "created": 1712134592,
                "timestamp": 1712134592,
                "name": "届きましたっ.jpg",
                "title": "届きましたっ.jpg",
                "mimetype": "image\/jpeg",
                "filetype": "jpg",
                "pretty_type": "JPEG",
                "user": "U0606SPN4BW",
                "user_team": "T033D70RR6H",
                "editable": false,
                "size": 525050,
                "mode": "hosted",
                "is_external": false,
                "external_type": "",
                "is_public": true,
                "public_url_shared": false,
                "display_as_bot": false,
                "username": "",
                "url_private": "https:\/\/files.slack.com\/files-pri\/T033D70RR6H-F06SK2BHP0T\/__________________.jpg?token=xoxe-3115238875221-9710624591398-9697214945543-aa82359f925d11baadb4ddc07b089467",
                "url_private_download": "https:\/\/files.slack.com\/files-pri\/T033D70RR6H-F06SK2BHP0T\/download\/__________________.jpg?token=xoxe-3115238875221-9710624591398-9697214945543-aa82359f925d11baadb4ddc07b089467",
                "media_display_type": "unknown",
                "thumb_64": "https:\/\/files.slack.com\/files-tmb\/T033D70RR6H-F06SK2BHP0T-460b3d77e9\/___________________64.jpg?t=xoxe-3115238875221-9710624591398-9697214945543-aa82359f925d11baadb4ddc07b089467",
                "thumb_80": "https:\/\/files.slack.com\/files-tmb\/T033D70RR6H-F06SK2BHP0T-460b3d77e9\/___________________80.jpg?t=xoxe-3115238875221-9710624591398-9697214945543-aa82359f925d11baadb4ddc07b089467",
                "thumb_360": "https:\/\/files.slack.com\/files-tmb\/T033D70RR6H-F06SK2BHP0T-460b3d77e9\/___________________360.jpg?t=xoxe-3115238875221-9710624591398-9697214945543-aa82359f925d11baadb4ddc07b089467",
                "thumb_360_w": 202,
                "thumb_360_h": 360,
                "thumb_480": "https:\/\/files.slack.com\/files-tmb\/T033D70RR6H-F06SK2BHP0T-460b3d77e9\/___________________480.jpg?t=xoxe-3115238875221-9710624591398-9697214945543-aa82359f925d11baadb4ddc07b089467",
                "thumb_480_w": 270,
                "thumb_480_h": 480,
                "thumb_160": "https:\/\/files.slack.com\/files-tmb\/T033D70RR6H-F06SK2BHP0T-460b3d77e9\/___________________160.jpg?t=xoxe-3115238875221-9710624591398-9697214945543-aa82359f925d11baadb4ddc07b089467",
                "thumb_720": "https:\/\/files.slack.com\/files-tmb\/T033D70RR6H-F06SK2BHP0T-460b3d77e9\/___________________720.jpg?t=xoxe-3115238875221-9710624591398-9697214945543-aa82359f925d11baadb4ddc07b089467",
                "thumb_720_w": 405,
                "thumb_720_h": 720,
                "thumb_800": "https:\/\/files.slack.com\/files-tmb\/T033D70RR6H-F06SK2BHP0T-460b3d77e9\/___________________800.jpg?t=xoxe-3115238875221-9710624591398-9697214945543-aa82359f925d11baadb4ddc07b089467",
                "thumb_800_w": 800,
                "thumb_800_h": 1422,
                "thumb_960": "https:\/\/files.slack.com\/files-tmb\/T033D70RR6H-F06SK2BHP0T-460b3d77e9\/___________________960.jpg?t=xoxe-3115238875221-9710624591398-9697214945543-aa82359f925d11baadb4ddc07b089467",
                "thumb_960_w": 540,
                "thumb_960_h": 960,
                "thumb_1024": "https:\/\/files.slack.com\/files-tmb\/T033D70RR6H-F06SK2BHP0T-460b3d77e9\/___________________1024.jpg?t=xoxe-3115238875221-9710624591398-9697214945543-aa82359f925d11baadb4ddc07b089467",
                "thumb_1024_w": 576,
                "thumb_1024_h": 1024,
                "original_w": 833,
                "original_h": 1481,
                "thumb_tiny": "AwAwABpQ+QMZOKYZ8cbc++aeBGMgKST0z2qOSHLEqQBQwRAx3En1p4TgUvkHjkVLtPpSAI2VX+bgkcVMen3c1Xmxsye1JFOY+G5U0wJzt9aSowwd\/bsKfQBFKNyYqtyDirVROvekAgODkVN5gxUA5NSYpgf\/2Q==",
                "permalink": "https:\/\/grp-ssm9297.slack.com\/files\/U0331FWGQRM\/F06SK2BHP0T\/__________________.jpg",
                "permalink_public": "https:\/\/slack-files.com\/T033D70RR6H-F06SK2BHP0T-3daa56bf30",
                "is_starred": false,
                "skipped_shares": true,
                "has_rich_preview": false,
                "file_access": "visible"
            }
        ],
        "upload": false,
        "user": "U0606SPN4BW",
        "display_as_bot": false,
        "blocks": [
            {
                "type": "rich_text",
                "block_id": "f9Saf",
                "elements": [
                    {
                        "type": "rich_text_section",
                        "elements": [
                            {
                                "type": "user",
                                "user_id": "U05KGS6HN9H"
                            },
                            {
                                "type": "text",
                                "text": " cc "
                            },
                            {
                                "type": "user",
                                "user_id": "U041RJKV5JA"
                            },
                            {
                                "type": "text",
                                "text": " "
                            },
                            {
                                "type": "user",
                                "user_id": "U033G4KN4TD"
                            },
                            {
                                "type": "text",
                                "text": " "
                            },
                            {
                                "type": "user",
                                "user_id": "U0331FWGQRM"
                            },
                            {
                                "type": "text",
                                "text": "\nつい先ほど、無事受取りました！\nありがとうございましたっ！"
                            }
                        ]
                    }
                ]
            }
        ],
        "type": "message",
        "ts": "1712134663.749869",
        "client_msg_id": "b41bf96f-e662-4236-a1e0-9e183981eed5",
        "thread_ts": "1711407970.178999",
        "parent_user_id": "U0331FWGQRM",
        "reactions": [
            {
                "name": "承知_致しました",
                "users": [
                    "U05KGS6HN9H",
                    "U033G4KN4TD"
                ],
                "count": 2
            },
            {
                "name": "raised_hands",
                "users": [
                    "U0331FWGQRM"
                ],
                "count": 1
            }
        ]
    },
    {
        "user": "U05KGS6HN9H",
        "type": "message",
        "ts": "1712213676.683809",
        "client_msg_id": "cd5c4369-0a07-4469-933a-02937463e87e",
        "text": "<@U0331FWGQRM>\n<@U041RJKV5JA> <@U033G4KN4TD>\n本日4\/4のDHLでアメリカに出荷しました。\nAWB No 9154105634\n資料画像は\n海外営業〉スイス〉SebastyanM〉サンプル発送20240327〉アメリカ再発送\nに入れております。\n宜しくお願い致します。",
        "team": "T033D70RR6H",
        "user_team": "T033D70RR6H",
        "source_team": "T033D70RR6H",
        "user_profile": {
            "avatar_hash": "gc4e7258333f",
            "image_72": "https:\/\/secure.gravatar.com\/avatar\/c4e7258333f2958f831d063db85b4542.jpg?s=72&d=https%3A%2F%2Fa.slack-edge.com%2Fdf10d%2Fimg%2Favatars%2Fava_0005-72.png",
            "first_name": "Adachi",
            "real_name": "Adachi",
            "display_name": "足立",
            "team": "T033D70RR6H",
            "name": "tousuien05",
            "is_restricted": false,
            "is_ultra_restricted": false
        },
        "thread_ts": "1711067880.258459",
        "parent_user_id": "U0331FWGQRM",
        "blocks": [
            {
                "type": "rich_text",
                "block_id": "rz3e3",
                "elements": [
                    {
                        "type": "rich_text_section",
                        "elements": [
                            {
                                "type": "user",
                                "user_id": "U0331FWGQRM"
                            },
                            {
                                "type": "text",
                                "text": "\n"
                            },
                            {
                                "type": "user",
                                "user_id": "U041RJKV5JA"
                            },
                            {
                                "type": "text",
                                "text": " "
                            },
                            {
                                "type": "user",
                                "user_id": "U033G4KN4TD"
                            },
                            {
                                "type": "text",
                                "text": "\n本日4\/4のDHLでアメリカに出荷しました。\nAWB No 9154105634\n資料画像は\n海外営業〉スイス〉SebastyanM〉サンプル発送20240327〉アメリカ再発送\nに入れております。\n宜しくお願い致します。"
                            }
                        ]
                    }
                ]
            }
        ]
    }
]