[
    {
        "user": "U05KGS6HN9H",
        "type": "message",
        "ts": "1733463743.454409",
        "client_msg_id": "060b964b-4b71-4613-af58-207e559d9e3a",
        "text": "<@U066P20UQH1>\n<!subteam^S073HEMKWV7|@hirakawa-adachi-yamamoto-fuse>\n本日12\/6のDHLで発送しました。\nAWB No 8228946644\n宜しくお願い致します。",
        "team": "T033D70RR6H",
        "user_team": "T033D70RR6H",
        "source_team": "T033D70RR6H",
        "user_profile": {
            "avatar_hash": "gc4e7258333f",
            "image_72": "https:\/\/secure.gravatar.com\/avatar\/c4e7258333f2958f831d063db85b4542.jpg?s=72&d=https%3A%2F%2Fa.slack-edge.com%2Fdf10d%2Fimg%2Favatars%2Fava_0005-72.png",
            "first_name": "Adachi",
            "real_name": "Adachi",
            "display_name": "足立",
            "team": "T033D70RR6H",
            "name": "tousuien05",
            "is_restricted": false,
            "is_ultra_restricted": false
        },
        "thread_ts": "1733289647.270669",
        "parent_user_id": "U066P20UQH1",
        "blocks": [
            {
                "type": "rich_text",
                "block_id": "XvH2K",
                "elements": [
                    {
                        "type": "rich_text_section",
                        "elements": [
                            {
                                "type": "user",
                                "user_id": "U066P20UQH1"
                            },
                            {
                                "type": "text",
                                "text": "\n"
                            },
                            {
                                "type": "usergroup",
                                "usergroup_id": "S073HEMKWV7"
                            },
                            {
                                "type": "text",
                                "text": "\n本日12\/6のDHLで発送しました。\nAWB No 8228946644\n宜しくお願い致します。"
                            }
                        ]
                    }
                ]
            }
        ],
        "reactions": [
            {
                "name": "承知-1",
                "users": [
                    "U066P20UQH1"
                ],
                "count": 1
            }
        ]
    },
    {
        "subtype": "channel_join",
        "user": "U0840UVFVA8",
        "text": "<@U0840UVFVA8>さんがチャンネルに参加しました",
        "type": "message",
        "ts": "1733469344.394249"
    }
]