[
    {
        "user": "U0606SPN4BW",
        "type": "message",
        "ts": "1723547610.873719",
        "client_msg_id": "45f96a8e-0cc3-4e04-a54a-ca016440bb54",
        "text": "<@U041RJKV5JA> <!subteam^S073HEMKWV7|@hirakawa-adachi-yamamoto-fuse>\n先方に上記の旨、メッセージを送信しました！\n(併せてローカルのDHLにも問い合わせいただく様、依頼済み)\n応答があり次第、お知らせ差し上げますのでよろしくお願いします！",
        "team": "T033D70RR6H",
        "user_team": "T033D70RR6H",
        "source_team": "T033D70RR6H",
        "user_profile": {
            "avatar_hash": "823d8545f678",
            "image_72": "https:\/\/avatars.slack-edge.com\/2024-04-12\/6946592133062_823d8545f678615a3e0a_72.jpg",
            "first_name": "SATOSHI",
            "real_name": "SATOSHI FURUKAWA",
            "display_name": "古川　敏",
            "team": "T033D70RR6H",
            "name": "jpfreebirds",
            "is_restricted": false,
            "is_ultra_restricted": false
        },
        "thread_ts": "1722878401.410109",
        "parent_user_id": "U0606SPN4BW",
        "blocks": [
            {
                "type": "rich_text",
                "block_id": "AGZqs",
                "elements": [
                    {
                        "type": "rich_text_section",
                        "elements": [
                            {
                                "type": "user",
                                "user_id": "U041RJKV5JA"
                            },
                            {
                                "type": "text",
                                "text": " "
                            },
                            {
                                "type": "usergroup",
                                "usergroup_id": "S073HEMKWV7"
                            },
                            {
                                "type": "text",
                                "text": "\n先方に上記の旨、メッセージを送信しました！\n(併せてローカルのDHLにも問い合わせいただく様、依頼済み)\n応答があり次第、お知らせ差し上げますのでよろしくお願いします！"
                            }
                        ]
                    }
                ]
            }
        ]
    },
    {
        "user": "U0606SPN4BW",
        "type": "message",
        "ts": "1723553858.916479",
        "client_msg_id": "32afcd4e-f4bd-4dfd-886c-2d08ced95be9",
        "text": "<@U041RJKV5JA> <!subteam^S073HEMKWV7|@hirakawa-adachi-yamamoto-fuse>\n先方から「その届け先は正しい。」と返信がありました！\n念の為、「返送とならないよう、現地DHLにAWB番号と併せて確認の連絡をお願いします。」と先方にお願いしてあります。＾＾；\nまた、ペガサスグローバルには上記と同内容の返信差し上げました。\n以上よろしくお願いします！",
        "team": "T033D70RR6H",
        "user_team": "T033D70RR6H",
        "source_team": "T033D70RR6H",
        "user_profile": {
            "avatar_hash": "823d8545f678",
            "image_72": "https:\/\/avatars.slack-edge.com\/2024-04-12\/6946592133062_823d8545f678615a3e0a_72.jpg",
            "first_name": "SATOSHI",
            "real_name": "SATOSHI FURUKAWA",
            "display_name": "古川　敏",
            "team": "T033D70RR6H",
            "name": "jpfreebirds",
            "is_restricted": false,
            "is_ultra_restricted": false
        },
        "thread_ts": "1722878401.410109",
        "parent_user_id": "U0606SPN4BW",
        "blocks": [
            {
                "type": "rich_text",
                "block_id": "9y4jS",
                "elements": [
                    {
                        "type": "rich_text_section",
                        "elements": [
                            {
                                "type": "user",
                                "user_id": "U041RJKV5JA"
                            },
                            {
                                "type": "text",
                                "text": " "
                            },
                            {
                                "type": "usergroup",
                                "usergroup_id": "S073HEMKWV7"
                            },
                            {
                                "type": "text",
                                "text": "\n先方から「その届け先は正しい。」と返信がありました！\n念の為、「返送とならないよう、現地DHLにAWB番号と併せて確認の連絡をお願いします。」と先方にお願いしてあります。＾＾；\nまた、ペガサスグローバルには上記と同内容の返信差し上げました。\n以上よろしくお願いします！"
                            }
                        ]
                    }
                ]
            }
        ],
        "reactions": [
            {
                "name": "d130b000eb8d6784",
                "users": [
                    "U041RJKV5JA"
                ],
                "count": 1
            }
        ]
    }
]