[
    {
        "text": "<@U0606SPN4BW>\n<@U041RJKV5JA> <@U033G4KN4TD>\n明日発送でサンプルをお送りいたします。\n添付が明細となります。\nAWB等は後報いたします。",
        "files": [
            {
                "id": "F075K6R6LNN",
                "created": 1716968882,
                "timestamp": 1716968882,
                "name": "発送サンプル明細.pdf",
                "title": "発送サンプル明細.pdf",
                "mimetype": "application\/pdf",
                "filetype": "pdf",
                "pretty_type": "PDF",
                "user": "U05KGS6HN9H",
                "user_team": "T033D70RR6H",
                "editable": false,
                "size": 439984,
                "mode": "hosted",
                "is_external": false,
                "external_type": "",
                "is_public": true,
                "public_url_shared": false,
                "display_as_bot": false,
                "username": "",
                "url_private": "https:\/\/files.slack.com\/files-pri\/T033D70RR6H-F075K6R6LNN\/________________________.pdf?token=xoxe-3115238875221-9710624591398-9697214945543-aa82359f925d11baadb4ddc07b089467",
                "url_private_download": "https:\/\/files.slack.com\/files-pri\/T033D70RR6H-F075K6R6LNN\/download\/________________________.pdf?token=xoxe-3115238875221-9710624591398-9697214945543-aa82359f925d11baadb4ddc07b089467",
                "media_display_type": "unknown",
                "thumb_pdf": "https:\/\/files.slack.com\/files-tmb\/T033D70RR6H-F075K6R6LNN-724492832f\/_________________________thumb_pdf.png?t=xoxe-3115238875221-9710624591398-9697214945543-aa82359f925d11baadb4ddc07b089467",
                "thumb_pdf_w": 1496,
                "thumb_pdf_h": 1058,
                "permalink": "https:\/\/grp-ssm9297.slack.com\/files\/U0331FWGQRM\/F075K6R6LNN\/________________________.pdf",
                "permalink_public": "https:\/\/slack-files.com\/T033D70RR6H-F075K6R6LNN-cb0b94075d",
                "is_starred": false,
                "skipped_shares": true,
                "has_rich_preview": false,
                "file_access": "visible"
            }
        ],
        "upload": false,
        "user": "U05KGS6HN9H",
        "display_as_bot": false,
        "blocks": [
            {
                "type": "rich_text",
                "block_id": "wxIkH",
                "elements": [
                    {
                        "type": "rich_text_section",
                        "elements": [
                            {
                                "type": "user",
                                "user_id": "U0606SPN4BW"
                            },
                            {
                                "type": "text",
                                "text": "\n"
                            },
                            {
                                "type": "user",
                                "user_id": "U041RJKV5JA"
                            },
                            {
                                "type": "text",
                                "text": " "
                            },
                            {
                                "type": "user",
                                "user_id": "U033G4KN4TD"
                            },
                            {
                                "type": "text",
                                "text": "\n明日発送でサンプルをお送りいたします。\n添付が明細となります。\nAWB等は後報いたします。"
                            }
                        ]
                    }
                ]
            }
        ],
        "type": "message",
        "ts": "1716968935.075199",
        "client_msg_id": "64a8f347-a54f-4fce-be5e-56821e444fe8",
        "thread_ts": "1715959394.664409",
        "parent_user_id": "U0606SPN4BW",
        "reactions": [
            {
                "name": "あり",
                "users": [
                    "U0606SPN4BW"
                ],
                "count": 1
            },
            {
                "name": "man-bowing",
                "users": [
                    "U0606SPN4BW"
                ],
                "count": 1
            }
        ]
    },
    {
        "user": "U041RJKV5JA",
        "type": "message",
        "ts": "1716969026.761179",
        "client_msg_id": "ed64045c-90e2-44cb-96c6-50b543a1e589",
        "text": "<@U0606SPN4BW> <@U066P20UQH1>\n <!subteam^S073HEMKWV7|@hirakawa-adachi-yamamoto-fuse>\n本日、DHLにて出荷しました。\nAWB NO. 9154203236\nよろしくお願いいたします。",
        "team": "T033D70RR6H",
        "user_team": "T033D70RR6H",
        "source_team": "T033D70RR6H",
        "user_profile": {
            "avatar_hash": "aed9eafd9eee",
            "image_72": "https:\/\/avatars.slack-edge.com\/2022-09-11\/4078874890257_aed9eafd9eee277ba076_72.png",
            "first_name": "Hirakawa",
            "real_name": "Hirakawa",
            "display_name": "平川",
            "team": "T033D70RR6H",
            "name": "tousuien.s006",
            "is_restricted": false,
            "is_ultra_restricted": false
        },
        "thread_ts": "1716639624.931799",
        "parent_user_id": "U0606SPN4BW",
        "blocks": [
            {
                "type": "rich_text",
                "block_id": "lazrd",
                "elements": [
                    {
                        "type": "rich_text_section",
                        "elements": [
                            {
                                "type": "user",
                                "user_id": "U0606SPN4BW"
                            },
                            {
                                "type": "text",
                                "text": " "
                            },
                            {
                                "type": "user",
                                "user_id": "U066P20UQH1"
                            },
                            {
                                "type": "text",
                                "text": "\n "
                            },
                            {
                                "type": "usergroup",
                                "usergroup_id": "S073HEMKWV7"
                            },
                            {
                                "type": "text",
                                "text": "\n本日、DHLにて出荷しました。\nAWB NO. 9154203236\nよろしくお願いいたします。"
                            }
                        ]
                    }
                ]
            }
        ],
        "reactions": [
            {
                "name": "あり",
                "users": [
                    "U0606SPN4BW"
                ],
                "count": 1
            }
        ]
    },
    {
        "user": "U05KGS6HN9H",
        "type": "message",
        "ts": "1716970813.352429",
        "client_msg_id": "29c3b38e-7751-478c-8702-66d08dfa2699",
        "text": "<@U0606SPN4BW>\n運賃はDHLが割安のようです。UPSでなくても大丈夫でしょうか？",
        "team": "T033D70RR6H",
        "user_team": "T033D70RR6H",
        "source_team": "T033D70RR6H",
        "user_profile": {
            "avatar_hash": "gc4e7258333f",
            "image_72": "https:\/\/secure.gravatar.com\/avatar\/c4e7258333f2958f831d063db85b4542.jpg?s=72&d=https%3A%2F%2Fa.slack-edge.com%2Fdf10d%2Fimg%2Favatars%2Fava_0005-72.png",
            "first_name": "Adachi",
            "real_name": "Adachi",
            "display_name": "足立",
            "team": "T033D70RR6H",
            "name": "tousuien05",
            "is_restricted": false,
            "is_ultra_restricted": false
        },
        "thread_ts": "1715959394.664409",
        "parent_user_id": "U0606SPN4BW",
        "blocks": [
            {
                "type": "rich_text",
                "block_id": "fFBJt",
                "elements": [
                    {
                        "type": "rich_text_section",
                        "elements": [
                            {
                                "type": "user",
                                "user_id": "U0606SPN4BW"
                            },
                            {
                                "type": "text",
                                "text": "\n運賃はDHLが割安のようです。UPSでなくても大丈夫でしょうか？"
                            }
                        ]
                    }
                ]
            }
        ]
    },
    {
        "user": "U0606SPN4BW",
        "type": "message",
        "ts": "1716970877.943239",
        "client_msg_id": "30b48571-8634-4a3c-b4b8-adf49b43ba08",
        "text": "<@U05KGS6HN9H>\nはい、もちろんDHLでも大丈夫です♪\n割安なら是非DHLでお願いします！＾＾",
        "team": "T033D70RR6H",
        "user_team": "T033D70RR6H",
        "source_team": "T033D70RR6H",
        "user_profile": {
            "avatar_hash": "823d8545f678",
            "image_72": "https:\/\/avatars.slack-edge.com\/2024-04-12\/6946592133062_823d8545f678615a3e0a_72.jpg",
            "first_name": "SATOSHI",
            "real_name": "SATOSHI FURUKAWA",
            "display_name": "古川　敏",
            "team": "T033D70RR6H",
            "name": "jpfreebirds",
            "is_restricted": false,
            "is_ultra_restricted": false
        },
        "thread_ts": "1715959394.664409",
        "parent_user_id": "U0606SPN4BW",
        "blocks": [
            {
                "type": "rich_text",
                "block_id": "xXcgq",
                "elements": [
                    {
                        "type": "rich_text_section",
                        "elements": [
                            {
                                "type": "user",
                                "user_id": "U05KGS6HN9H"
                            },
                            {
                                "type": "text",
                                "text": "\nはい、もちろんDHLでも大丈夫です♪\n割安なら是非DHLでお願いします！＾＾"
                            }
                        ]
                    }
                ]
            }
        ],
        "reactions": [
            {
                "name": "承知_致しました",
                "users": [
                    "U05KGS6HN9H"
                ],
                "count": 1
            }
        ]
    },
    {
        "user": "U05KGS6HN9H",
        "type": "message",
        "ts": "1717052277.475829",
        "client_msg_id": "b8b22f6e-d8b8-45fc-8e5e-eebc4f1a620b",
        "text": "<@U0606SPN4BW>\n<@U041RJKV5JA> <@U033G4KN4TD>\n本日5\/30のDHLで発送しました。\nAWB No 9154207344\n資料や画像は\n 海外営業〉オランダ〉JP Free Bieds古川様〉20240530サンプル発送\nに保存しております。\n宜しくお願い致します。",
        "team": "T033D70RR6H",
        "user_team": "T033D70RR6H",
        "source_team": "T033D70RR6H",
        "user_profile": {
            "avatar_hash": "gc4e7258333f",
            "image_72": "https:\/\/secure.gravatar.com\/avatar\/c4e7258333f2958f831d063db85b4542.jpg?s=72&d=https%3A%2F%2Fa.slack-edge.com%2Fdf10d%2Fimg%2Favatars%2Fava_0005-72.png",
            "first_name": "Adachi",
            "real_name": "Adachi",
            "display_name": "足立",
            "team": "T033D70RR6H",
            "name": "tousuien05",
            "is_restricted": false,
            "is_ultra_restricted": false
        },
        "thread_ts": "1715959394.664409",
        "parent_user_id": "U0606SPN4BW",
        "blocks": [
            {
                "type": "rich_text",
                "block_id": "BAwZ+",
                "elements": [
                    {
                        "type": "rich_text_section",
                        "elements": [
                            {
                                "type": "user",
                                "user_id": "U0606SPN4BW"
                            },
                            {
                                "type": "text",
                                "text": "\n"
                            },
                            {
                                "type": "user",
                                "user_id": "U041RJKV5JA"
                            },
                            {
                                "type": "text",
                                "text": " "
                            },
                            {
                                "type": "user",
                                "user_id": "U033G4KN4TD"
                            },
                            {
                                "type": "text",
                                "text": "\n本日5\/30のDHLで発送しました。\nAWB No 9154207344\n資料や画像は\n 海外営業〉オランダ〉JP Free Bieds古川様〉20240530サンプル発送\nに保存しております。\n宜しくお願い致します。"
                            }
                        ]
                    }
                ]
            }
        ],
        "reactions": [
            {
                "name": "あり",
                "users": [
                    "U0606SPN4BW"
                ],
                "count": 1
            }
        ]
    }
]