[
    {
        "user": "U066P20UQH1",
        "type": "message",
        "ts": "1735113735.069249",
        "client_msg_id": "1d6cb218-fa87-41b7-8153-544549c38af8",
        "text": "<@U05KGS6HN9H>\nこちら本日出荷できましたでしょうか？",
        "team": "T033D70RR6H",
        "user_team": "T033D70RR6H",
        "source_team": "T033D70RR6H",
        "user_profile": {
            "avatar_hash": "179323cb3551",
            "image_72": "https:\/\/avatars.slack-edge.com\/2024-04-12\/6955353714228_179323cb3551f7c8ecfe_72.png",
            "first_name": "Haruka",
            "real_name": "Haruka Hayashi",
            "display_name": "林遥香",
            "team": "T033D70RR6H",
            "name": "haru.nboc",
            "is_restricted": false,
            "is_ultra_restricted": false
        },
        "thread_ts": "1735025575.659259",
        "parent_user_id": "U066P20UQH1",
        "blocks": [
            {
                "type": "rich_text",
                "block_id": "fMx2V",
                "elements": [
                    {
                        "type": "rich_text_section",
                        "elements": [
                            {
                                "type": "user",
                                "user_id": "U05KGS6HN9H"
                            },
                            {
                                "type": "text",
                                "text": "\nこちら本日出荷できましたでしょうか？"
                            }
                        ]
                    }
                ]
            }
        ]
    },
    {
        "user": "U041RJKV5JA",
        "type": "message",
        "ts": "1735115353.056029",
        "client_msg_id": "a24ef2fb-816e-4511-b62f-579fdac33eaa",
        "text": "<@U0606SPN4BW>\n <!subteam^S073HEMKWV7|@hirakawa-adachi-yamamoto-fuse>\n本日、DHLにて出荷しました。\nAWB NO. 8228981935\nよろしくお願いいたします。",
        "team": "T033D70RR6H",
        "user_team": "T033D70RR6H",
        "source_team": "T033D70RR6H",
        "user_profile": {
            "avatar_hash": "aed9eafd9eee",
            "image_72": "https:\/\/avatars.slack-edge.com\/2022-09-11\/4078874890257_aed9eafd9eee277ba076_72.png",
            "first_name": "Hirakawa",
            "real_name": "Hirakawa",
            "display_name": "平川",
            "team": "T033D70RR6H",
            "name": "tousuien.s006",
            "is_restricted": false,
            "is_ultra_restricted": false
        },
        "thread_ts": "1734717143.807859",
        "parent_user_id": "U0606SPN4BW",
        "blocks": [
            {
                "type": "rich_text",
                "block_id": "FqTgF",
                "elements": [
                    {
                        "type": "rich_text_section",
                        "elements": [
                            {
                                "type": "user",
                                "user_id": "U0606SPN4BW"
                            },
                            {
                                "type": "text",
                                "text": "\n "
                            },
                            {
                                "type": "usergroup",
                                "usergroup_id": "S073HEMKWV7"
                            },
                            {
                                "type": "text",
                                "text": "\n本日、DHLにて出荷しました。\nAWB NO. 8228981935\nよろしくお願いいたします。"
                            }
                        ]
                    }
                ]
            }
        ],
        "reactions": [
            {
                "name": "d130b000eb8d6784",
                "users": [
                    "U0606SPN4BW"
                ],
                "count": 1
            },
            {
                "name": "連絡完了",
                "users": [
                    "U0606SPN4BW"
                ],
                "count": 1
            }
        ]
    },
    {
        "user": "U05KGS6HN9H",
        "type": "message",
        "ts": "1735128641.870799",
        "client_msg_id": "e8bf57f0-033c-4af7-9833-a220d00f2b53",
        "text": "<@U066P20UQH1>\n<!subteam^S073HEMKWV7|@hirakawa-adachi-yamamoto-fuse>\n本日12\/25の佐川で出荷しました。\nAWB No 491768189146\n宜しくお願い致します。",
        "team": "T033D70RR6H",
        "user_team": "T033D70RR6H",
        "source_team": "T033D70RR6H",
        "user_profile": {
            "avatar_hash": "gc4e7258333f",
            "image_72": "https:\/\/secure.gravatar.com\/avatar\/c4e7258333f2958f831d063db85b4542.jpg?s=72&d=https%3A%2F%2Fa.slack-edge.com%2Fdf10d%2Fimg%2Favatars%2Fava_0005-72.png",
            "first_name": "Adachi",
            "real_name": "Adachi",
            "display_name": "足立",
            "team": "T033D70RR6H",
            "name": "tousuien05",
            "is_restricted": false,
            "is_ultra_restricted": false
        },
        "thread_ts": "1735025575.659259",
        "parent_user_id": "U066P20UQH1",
        "blocks": [
            {
                "type": "rich_text",
                "block_id": "8LcKv",
                "elements": [
                    {
                        "type": "rich_text_section",
                        "elements": [
                            {
                                "type": "user",
                                "user_id": "U066P20UQH1"
                            },
                            {
                                "type": "text",
                                "text": "\n"
                            },
                            {
                                "type": "usergroup",
                                "usergroup_id": "S073HEMKWV7"
                            },
                            {
                                "type": "text",
                                "text": "\n本日12\/25の佐川で出荷しました。\nAWB No 491768189146\n宜しくお願い致します。"
                            }
                        ]
                    }
                ]
            }
        ],
        "reactions": [
            {
                "name": "承知-1",
                "users": [
                    "U0606SPN4BW"
                ],
                "count": 1
            },
            {
                "name": "連絡完了",
                "users": [
                    "U0606SPN4BW"
                ],
                "count": 1
            },
            {
                "name": "あり",
                "users": [
                    "U066P20UQH1"
                ],
                "count": 1
            }
        ]
    },
    {
        "user": "U0606SPN4BW",
        "type": "message",
        "ts": "1735138419.148739",
        "client_msg_id": "169b5efb-1f37-4644-95a9-e15d502e5b3a",
        "text": "<!subteam^S073HEMKWV7|@hirakawa-adachi-yamamoto-fuse> cc <!subteam^S072Q871SF9|@oka-matsui-furukawa-hayashi-kimura-hasegawa-kawatani>\n:flag-nl:オランダ Amir Mighiz様からサンプル注文を頂きました。\n*TSE-AMI-SPL-001-24*  ",
        "team": "T033D70RR6H",
        "user_team": "T033D70RR6H",
        "source_team": "T033D70RR6H",
        "user_profile": {
            "avatar_hash": "823d8545f678",
            "image_72": "https:\/\/avatars.slack-edge.com\/2024-04-12\/6946592133062_823d8545f678615a3e0a_72.jpg",
            "first_name": "SATOSHI",
            "real_name": "SATOSHI FURUKAWA",
            "display_name": "古川　敏",
            "team": "T033D70RR6H",
            "name": "jpfreebirds",
            "is_restricted": false,
            "is_ultra_restricted": false
        },
        "thread_ts": "1735138419.148739",
        "reply_count": 4,
        "reply_users_count": 3,
        "latest_reply": "1743412614.938149",
        "reply_users": [
            "U0606SPN4BW",
            "U0331FZTHEK",
            "U08FZUNPSQ3"
        ],
        "replies": [
            {
                "user": "U0606SPN4BW",
                "ts": "1735138482.377679"
            },
            {
                "user": "U0331FZTHEK",
                "ts": "1735172142.513309"
            },
            {
                "user": "U08FZUNPSQ3",
                "ts": "1743399297.925249"
            },
            {
                "user": "U0606SPN4BW",
                "ts": "1743412614.938149"
            }
        ],
        "is_locked": false,
        "subscribed": true,
        "last_read": "1743412614.938149",
        "blocks": [
            {
                "type": "rich_text",
                "block_id": "+jbSQ",
                "elements": [
                    {
                        "type": "rich_text_section",
                        "elements": [
                            {
                                "type": "usergroup",
                                "usergroup_id": "S073HEMKWV7"
                            },
                            {
                                "type": "text",
                                "text": " cc "
                            },
                            {
                                "type": "usergroup",
                                "usergroup_id": "S072Q871SF9"
                            },
                            {
                                "type": "text",
                                "text": "\n"
                            },
                            {
                                "type": "emoji",
                                "name": "flag-nl",
                                "unicode": "1f1f3-1f1f1"
                            },
                            {
                                "type": "text",
                                "text": "オランダ Amir Mighiz様からサンプル注文を頂きました。\n"
                            },
                            {
                                "type": "text",
                                "text": "TSE-AMI-SPL-001-24  ",
                                "style": {
                                    "bold": true
                                }
                            }
                        ]
                    }
                ]
            }
        ]
    },
    {
        "user": "U0606SPN4BW",
        "type": "message",
        "ts": "1735138482.377679",
        "client_msg_id": "68652213-dba4-4c2f-96dd-88f1cb19dcbb",
        "text": "オランダ事務所から12\/27に発送します！(祝日のため)\n\n\n<@U0331FZTHEK> 入金確認済 (PayPal), 回収処理をお願いします！\n\n\n▼サンプル内容 (計 16点)\n&lt;各20g&gt;\nOrganic Matcha Top grade - 1 (碧翠園 16000京都)\nOrganic Matcha Top grade - 2 (碧翠園 12000京都)\nOrganic Matcha Upper grade - 1 (鹿児島製茶 鹿児島 A)\nOrganic Matcha Upper grade - 2 (鹿児島製茶 鹿児島 1A)\nOrganic Matcha Middle grade - 1 (鹿児島製茶 鹿児島 B)\nOrganic Matcha Middle grade - 2 (鹿児島製茶 鹿児島 C)\n\nNon organic Matcha Top grade - 1 (出雲精茶, 出雲翠)\nNon organic Matcha Top grade - 2 (出雲精茶, 宇迦の白)\nNon organic Matcha Upper grade - 1 (出雲精茶G)\nNon organic Matcha Upper grade - 2 (出雲精茶R)\nNon organic Matcha Middle grade - 1 (出雲精茶T)\nNon organic Matcha Middle grade - 2 (出雲精茶N)\n\nプルトップ缶：ホワイト(サイズ指定なし）\nジップバッグ: ホワイト、ブラック、クラフトブラウン(サイズ指定なし）\n\n\n発送:PostNL\n\n\n------------------------\nName: Amir Mighiz\nAddress: Snipstraat 306, Veenendaal,\nPostal code: 3903AM\nCountry: The Netherlands\nPhone: <tel:+31643831279|+31643831279>\ne-mail address: <mailto:amirmighiz@hotmail.com|amirmighiz@hotmail.com>\nVAT: NL004060191B97\n------------------------",
        "team": "T033D70RR6H",
        "user_team": "T033D70RR6H",
        "source_team": "T033D70RR6H",
        "user_profile": {
            "avatar_hash": "823d8545f678",
            "image_72": "https:\/\/avatars.slack-edge.com\/2024-04-12\/6946592133062_823d8545f678615a3e0a_72.jpg",
            "first_name": "SATOSHI",
            "real_name": "SATOSHI FURUKAWA",
            "display_name": "古川　敏",
            "team": "T033D70RR6H",
            "name": "jpfreebirds",
            "is_restricted": false,
            "is_ultra_restricted": false
        },
        "thread_ts": "1735138419.148739",
        "parent_user_id": "U0606SPN4BW",
        "blocks": [
            {
                "type": "rich_text",
                "block_id": "cxqHn",
                "elements": [
                    {
                        "type": "rich_text_section",
                        "elements": [
                            {
                                "type": "text",
                                "text": "オランダ事務所から12\/27に発送します！(祝日のため)\n\n\n"
                            },
                            {
                                "type": "user",
                                "user_id": "U0331FZTHEK"
                            },
                            {
                                "type": "text",
                                "text": " 入金確認済 (PayPal), 回収処理をお願いします！\n\n\n▼サンプル内容 (計 16点)\n<各20g>\nOrganic Matcha Top grade - 1 (碧翠園 16000京都)\nOrganic Matcha Top grade - 2 (碧翠園 12000京都)\nOrganic Matcha Upper grade - 1 (鹿児島製茶 鹿児島 A)\nOrganic Matcha Upper grade - 2 (鹿児島製茶 鹿児島 1A)\nOrganic Matcha Middle grade - 1 (鹿児島製茶 鹿児島 B)\nOrganic Matcha Middle grade - 2 (鹿児島製茶 鹿児島 C)\n\nNon organic Matcha Top grade - 1 (出雲精茶, 出雲翠)\nNon organic Matcha Top grade - 2 (出雲精茶, 宇迦の白)\nNon organic Matcha Upper grade - 1 (出雲精茶G)\nNon organic Matcha Upper grade - 2 (出雲精茶R)\nNon organic Matcha Middle grade - 1 (出雲精茶T)\nNon organic Matcha Middle grade - 2 (出雲精茶N)\n\nプルトップ缶：ホワイト(サイズ指定なし）\nジップバッグ: ホワイト、ブラック、クラフトブラウン(サイズ指定なし）\n\n\n発送:PostNL\n\n\n------------------------\nName: Amir Mighiz\nAddress: Snipstraat 306, Veenendaal,\nPostal code: 3903AM\nCountry: The Netherlands\nPhone: "
                            },
                            {
                                "type": "link",
                                "url": "tel:+31643831279",
                                "text": "+31643831279"
                            },
                            {
                                "type": "text",
                                "text": "\ne-mail address: "
                            },
                            {
                                "type": "link",
                                "url": "mailto:amirmighiz@hotmail.com",
                                "text": "amirmighiz@hotmail.com"
                            },
                            {
                                "type": "text",
                                "text": "\nVAT: NL004060191B97\n------------------------"
                            }
                        ]
                    }
                ]
            }
        ],
        "reactions": [
            {
                "name": "0af08fe0505342b0",
                "users": [
                    "U041RJKV5JA"
                ],
                "count": 1
            },
            {
                "name": "d130b000eb8d6784",
                "users": [
                    "U0331FZTHEK"
                ],
                "count": 1
            },
            {
                "name": "7e6ac2088523a821",
                "users": [
                    "U0331FZTHEK"
                ],
                "count": 1
            }
        ]
    },
    {
        "user": "U0606SPN4BW",
        "type": "message",
        "ts": "1735146009.385339",
        "client_msg_id": "fa8e3b9f-71bf-4f66-aa6b-ea62c5080d76",
        "text": "<!subteam^S073HEMKWV7|@hirakawa-adachi-yamamoto-fuse> cc <!subteam^S072Q871SF9|@oka-matsui-furukawa-hayashi-kimura-hasegawa-kawatani>\n:flag-lb:レバノン Rola Amin様からサンプル注文(予定)を頂きました。\n*TSE-ROL-SPL-001-24*  ",
        "team": "T033D70RR6H",
        "user_team": "T033D70RR6H",
        "source_team": "T033D70RR6H",
        "user_profile": {
            "avatar_hash": "823d8545f678",
            "image_72": "https:\/\/avatars.slack-edge.com\/2024-04-12\/6946592133062_823d8545f678615a3e0a_72.jpg",
            "first_name": "SATOSHI",
            "real_name": "SATOSHI FURUKAWA",
            "display_name": "古川　敏",
            "team": "T033D70RR6H",
            "name": "jpfreebirds",
            "is_restricted": false,
            "is_ultra_restricted": false
        },
        "thread_ts": "1735146009.385339",
        "reply_count": 6,
        "reply_users_count": 4,
        "latest_reply": "1736155642.772819",
        "reply_users": [
            "U0606SPN4BW",
            "U05KGS6HN9H",
            "U066P20UQH1",
            "U0331FZTHEK"
        ],
        "replies": [
            {
                "user": "U0606SPN4BW",
                "ts": "1735146034.251429"
            },
            {
                "user": "U05KGS6HN9H",
                "ts": "1735173144.479739"
            },
            {
                "user": "U05KGS6HN9H",
                "ts": "1735178414.323329"
            },
            {
                "user": "U066P20UQH1",
                "ts": "1735185041.244009"
            },
            {
                "user": "U0331FZTHEK",
                "ts": "1735187015.978739"
            },
            {
                "user": "U05KGS6HN9H",
                "ts": "1736155642.772819"
            }
        ],
        "is_locked": false,
        "subscribed": true,
        "last_read": "1736155642.772819",
        "blocks": [
            {
                "type": "rich_text",
                "block_id": "67omN",
                "elements": [
                    {
                        "type": "rich_text_section",
                        "elements": [
                            {
                                "type": "usergroup",
                                "usergroup_id": "S073HEMKWV7"
                            },
                            {
                                "type": "text",
                                "text": " cc "
                            },
                            {
                                "type": "usergroup",
                                "usergroup_id": "S072Q871SF9"
                            },
                            {
                                "type": "text",
                                "text": "\n"
                            },
                            {
                                "type": "emoji",
                                "name": "flag-lb",
                                "unicode": "1f1f1-1f1e7"
                            },
                            {
                                "type": "text",
                                "text": "レバノン Rola Amin様からサンプル注文(予定)を頂きました。\n"
                            },
                            {
                                "type": "text",
                                "text": "TSE-ROL-SPL-001-24  ",
                                "style": {
                                    "bold": true
                                }
                            }
                        ]
                    }
                ]
            }
        ],
        "reactions": [
            {
                "name": "承知_致しました",
                "users": [
                    "U05KGS6HN9H",
                    "U041RJKV5JA"
                ],
                "count": 2
            }
        ]
    },
    {
        "user": "U0606SPN4BW",
        "type": "message",
        "ts": "1735146034.251429",
        "client_msg_id": "94e00161-a6e0-4603-9fb7-ee7ffbf8d7cf",
        "text": "入金前です。入金確認後に発送手続きをお願いします。\n\n\n<@U0331FZTHEK> 入金前 (PayPal), 入金確認後に回収処理をお願いします！\n\n\n▼サンプル内容 (計 1点)\n&lt;300g, zip bag&gt;\n・Organic Matcha Upper - 1 ← ※300gです。 (鹿児島製茶 鹿児島 A)\n\n\n・袋指定: zip bag, 色指定なし\n・エージレス無し、\n・品名ラベル貼り。\n・価格印字：なし\n\n\n発送:DHL\n\n\n------------------------\nName: Rola Amin\nAddress:\ngallery semaan Emile naim street facing alhayat hospital\ngeha building, baabda\nCountry: Lebanon\nZip code: 1003\ne-mail: <mailto:romine26@hotmail.com|romine26@hotmail.com>\nPhone: <tel:+96171188446|+961 71188446>\n------------------------",
        "team": "T033D70RR6H",
        "user_team": "T033D70RR6H",
        "source_team": "T033D70RR6H",
        "user_profile": {
            "avatar_hash": "823d8545f678",
            "image_72": "https:\/\/avatars.slack-edge.com\/2024-04-12\/6946592133062_823d8545f678615a3e0a_72.jpg",
            "first_name": "SATOSHI",
            "real_name": "SATOSHI FURUKAWA",
            "display_name": "古川　敏",
            "team": "T033D70RR6H",
            "name": "jpfreebirds",
            "is_restricted": false,
            "is_ultra_restricted": false
        },
        "thread_ts": "1735146009.385339",
        "parent_user_id": "U0606SPN4BW",
        "blocks": [
            {
                "type": "rich_text",
                "block_id": "fX2B7",
                "elements": [
                    {
                        "type": "rich_text_section",
                        "elements": [
                            {
                                "type": "text",
                                "text": "入金前です。入金確認後に発送手続きをお願いします。\n\n\n"
                            },
                            {
                                "type": "user",
                                "user_id": "U0331FZTHEK"
                            },
                            {
                                "type": "text",
                                "text": " 入金前 (PayPal), 入金確認後に回収処理をお願いします！\n\n\n▼サンプル内容 (計 1点)\n<300g, zip bag>\n・Organic Matcha Upper - 1 ← ※300gです。 (鹿児島製茶 鹿児島 A)\n\n\n・袋指定: zip bag, 色指定なし\n・エージレス無し、\n・品名ラベル貼り。\n・価格印字：なし\n\n\n発送:DHL\n\n\n------------------------\nName: Rola Amin\nAddress:\ngallery semaan Emile naim street facing alhayat hospital\ngeha building, baabda\nCountry: Lebanon\nZip code: 1003\ne-mail: "
                            },
                            {
                                "type": "link",
                                "url": "mailto:romine26@hotmail.com",
                                "text": "romine26@hotmail.com"
                            },
                            {
                                "type": "text",
                                "text": "\nPhone: "
                            },
                            {
                                "type": "link",
                                "url": "tel:+96171188446",
                                "text": "+961 71188446"
                            },
                            {
                                "type": "text",
                                "text": "\n------------------------"
                            }
                        ]
                    }
                ]
            }
        ],
        "reactions": [
            {
                "name": "7e6ac2088523a821",
                "users": [
                    "U0331FZTHEK"
                ],
                "count": 1
            }
        ]
    },
    {
        "user": "U0331FZTHEK",
        "type": "message",
        "ts": "1735172142.513309",
        "edited": {
            "user": "U0331FZTHEK",
            "ts": "1735203452.000000"
        },
        "client_msg_id": "7f6c6512-7206-4145-a816-2a7a43a4852c",
        "text": "<@U0606SPN4BW>\n <!subteam^S073HEMKWV7|@hirakawa-adachi-yamamoto-fuse>\nご入金を確認致しました。\n・12\/25 [PayPal]\n・50 USD\n回収（入金）処理並びに売上処理致します。\nよろしくお願いします。",
        "team": "T033D70RR6H",
        "user_team": "T033D70RR6H",
        "source_team": "T033D70RR6H",
        "user_profile": {
            "avatar_hash": "21cdbd6a05f9",
            "image_72": "https:\/\/avatars.slack-edge.com\/2022-02-16\/3115258488741_21cdbd6a05f9a69110f7_72.png",
            "first_name": "Mitsunobu",
            "real_name": "Mitsunobu Katayose",
            "display_name": "片寄",
            "team": "T033D70RR6H",
            "name": "tousuien03",
            "is_restricted": false,
            "is_ultra_restricted": false
        },
        "thread_ts": "1735138419.148739",
        "parent_user_id": "U0606SPN4BW",
        "blocks": [
            {
                "type": "rich_text",
                "block_id": "31rv+",
                "elements": [
                    {
                        "type": "rich_text_section",
                        "elements": [
                            {
                                "type": "user",
                                "user_id": "U0606SPN4BW"
                            },
                            {
                                "type": "text",
                                "text": "\n "
                            },
                            {
                                "type": "usergroup",
                                "usergroup_id": "S073HEMKWV7"
                            },
                            {
                                "type": "text",
                                "text": "\nご入金を確認致しました。\n・12\/25 [PayPal]\n・50 USD\n回収（入金）処理並びに売上処理致します。\nよろしくお願いします。"
                            }
                        ]
                    }
                ]
            }
        ],
        "reactions": [
            {
                "name": "d130b000eb8d6784",
                "users": [
                    "U0606SPN4BW"
                ],
                "count": 1
            },
            {
                "name": "入金完了",
                "users": [
                    "U0331FZTHEK"
                ],
                "count": 1
            }
        ]
    },
    {
        "user": "U05KGS6HN9H",
        "type": "message",
        "ts": "1735173144.479739",
        "client_msg_id": "be75a6ad-6df1-49be-a1e8-25cadb7482ca",
        "text": "<@U0606SPN4BW>\nINVOICEに記載のある発送方法Post NLは、\nDHLの間違いですよね？",
        "team": "T033D70RR6H",
        "user_team": "T033D70RR6H",
        "source_team": "T033D70RR6H",
        "user_profile": {
            "avatar_hash": "gc4e7258333f",
            "image_72": "https:\/\/secure.gravatar.com\/avatar\/c4e7258333f2958f831d063db85b4542.jpg?s=72&d=https%3A%2F%2Fa.slack-edge.com%2Fdf10d%2Fimg%2Favatars%2Fava_0005-72.png",
            "first_name": "Adachi",
            "real_name": "Adachi",
            "display_name": "足立",
            "team": "T033D70RR6H",
            "name": "tousuien05",
            "is_restricted": false,
            "is_ultra_restricted": false
        },
        "thread_ts": "1735146009.385339",
        "parent_user_id": "U0606SPN4BW",
        "blocks": [
            {
                "type": "rich_text",
                "block_id": "F+uE+",
                "elements": [
                    {
                        "type": "rich_text_section",
                        "elements": [
                            {
                                "type": "user",
                                "user_id": "U0606SPN4BW"
                            },
                            {
                                "type": "text",
                                "text": "\nINVOICEに記載のある発送方法Post NLは、\nDHLの間違いですよね？"
                            }
                        ]
                    }
                ]
            }
        ]
    },
    {
        "user": "U05KGS6HN9H",
        "type": "message",
        "ts": "1735178414.323329",
        "client_msg_id": "5e790b89-d9fa-4db8-b220-089ee93d3a8a",
        "text": "<@U0606SPN4BW>\n<!subteam^S073HEMKWV7|@hirakawa-adachi-yamamoto-fuse>\n出荷可能日1\/6（月）にてお願い致します。",
        "team": "T033D70RR6H",
        "user_team": "T033D70RR6H",
        "source_team": "T033D70RR6H",
        "user_profile": {
            "avatar_hash": "gc4e7258333f",
            "image_72": "https:\/\/secure.gravatar.com\/avatar\/c4e7258333f2958f831d063db85b4542.jpg?s=72&d=https%3A%2F%2Fa.slack-edge.com%2Fdf10d%2Fimg%2Favatars%2Fava_0005-72.png",
            "first_name": "Adachi",
            "real_name": "Adachi",
            "display_name": "足立",
            "team": "T033D70RR6H",
            "name": "tousuien05",
            "is_restricted": false,
            "is_ultra_restricted": false
        },
        "thread_ts": "1735146009.385339",
        "parent_user_id": "U0606SPN4BW",
        "blocks": [
            {
                "type": "rich_text",
                "block_id": "gHZ7S",
                "elements": [
                    {
                        "type": "rich_text_section",
                        "elements": [
                            {
                                "type": "user",
                                "user_id": "U0606SPN4BW"
                            },
                            {
                                "type": "text",
                                "text": "\n"
                            },
                            {
                                "type": "usergroup",
                                "usergroup_id": "S073HEMKWV7"
                            },
                            {
                                "type": "text",
                                "text": "\n出荷可能日1\/6（月）にてお願い致します。"
                            }
                        ]
                    }
                ]
            }
        ],
        "reactions": [
            {
                "name": "連絡完了",
                "users": [
                    "U066P20UQH1"
                ],
                "count": 1
            }
        ]
    },
    {
        "user": "U066P20UQH1",
        "type": "message",
        "ts": "1735185041.244009",
        "client_msg_id": "6dce4617-b413-47cf-bc23-40ee094ba110",
        "text": "<@U05KGS6HN9H> <@U0606SPN4BW>\n発送方法とTO:が違っていたので、私の方で修正しました。:woman-bowing:\n\n<@U0331FZTHEK>\n入金いただきましたので、回収処理をお願いいたします:woman-bowing:",
        "team": "T033D70RR6H",
        "user_team": "T033D70RR6H",
        "source_team": "T033D70RR6H",
        "user_profile": {
            "avatar_hash": "179323cb3551",
            "image_72": "https:\/\/avatars.slack-edge.com\/2024-04-12\/6955353714228_179323cb3551f7c8ecfe_72.png",
            "first_name": "Haruka",
            "real_name": "Haruka Hayashi",
            "display_name": "林遥香",
            "team": "T033D70RR6H",
            "name": "haru.nboc",
            "is_restricted": false,
            "is_ultra_restricted": false
        },
        "thread_ts": "1735146009.385339",
        "parent_user_id": "U0606SPN4BW",
        "blocks": [
            {
                "type": "rich_text",
                "block_id": "XsTGL",
                "elements": [
                    {
                        "type": "rich_text_section",
                        "elements": [
                            {
                                "type": "user",
                                "user_id": "U05KGS6HN9H"
                            },
                            {
                                "type": "text",
                                "text": " "
                            },
                            {
                                "type": "user",
                                "user_id": "U0606SPN4BW"
                            },
                            {
                                "type": "text",
                                "text": "\n発送方法とTO:が違っていたので、私の方で修正しました。"
                            },
                            {
                                "type": "emoji",
                                "name": "woman-bowing",
                                "unicode": "1f647-200d-2640-fe0f"
                            },
                            {
                                "type": "text",
                                "text": "\n\n"
                            },
                            {
                                "type": "user",
                                "user_id": "U0331FZTHEK"
                            },
                            {
                                "type": "text",
                                "text": "\n入金いただきましたので、回収処理をお願いいたします"
                            },
                            {
                                "type": "emoji",
                                "name": "woman-bowing",
                                "unicode": "1f647-200d-2640-fe0f"
                            }
                        ]
                    }
                ]
            }
        ],
        "reactions": [
            {
                "name": "d130b000eb8d6784",
                "users": [
                    "U0331FZTHEK",
                    "U0606SPN4BW"
                ],
                "count": 2
            },
            {
                "name": "7e6ac2088523a821",
                "users": [
                    "U0331FZTHEK",
                    "U05KGS6HN9H"
                ],
                "count": 2
            }
        ]
    },
    {
        "user": "U0331FZTHEK",
        "type": "message",
        "ts": "1735187015.978739",
        "client_msg_id": "ecfb8fbd-3ef7-45aa-bf2e-85d38d9d8c1f",
        "text": "<@U0606SPN4BW> <@U066P20UQH1>\n <!subteam^S073HEMKWV7|@hirakawa-adachi-yamamoto-fuse>\nご入金を確認致しました。\n・12\/26 [PayPal]\n・50 USD\n回収（入金）処理致します。\nよろしくお願いします。",
        "team": "T033D70RR6H",
        "user_team": "T033D70RR6H",
        "source_team": "T033D70RR6H",
        "user_profile": {
            "avatar_hash": "21cdbd6a05f9",
            "image_72": "https:\/\/avatars.slack-edge.com\/2022-02-16\/3115258488741_21cdbd6a05f9a69110f7_72.png",
            "first_name": "Mitsunobu",
            "real_name": "Mitsunobu Katayose",
            "display_name": "片寄",
            "team": "T033D70RR6H",
            "name": "tousuien03",
            "is_restricted": false,
            "is_ultra_restricted": false
        },
        "thread_ts": "1735146009.385339",
        "parent_user_id": "U0606SPN4BW",
        "blocks": [
            {
                "type": "rich_text",
                "block_id": "Deo8Q",
                "elements": [
                    {
                        "type": "rich_text_section",
                        "elements": [
                            {
                                "type": "user",
                                "user_id": "U0606SPN4BW"
                            },
                            {
                                "type": "text",
                                "text": " "
                            },
                            {
                                "type": "user",
                                "user_id": "U066P20UQH1"
                            },
                            {
                                "type": "text",
                                "text": "\n "
                            },
                            {
                                "type": "usergroup",
                                "usergroup_id": "S073HEMKWV7"
                            },
                            {
                                "type": "text",
                                "text": "\nご入金を確認致しました。\n・12\/26 [PayPal]\n・50 USD\n回収（入金）処理致します。\nよろしくお願いします。"
                            }
                        ]
                    }
                ]
            }
        ],
        "reactions": [
            {
                "name": "pray",
                "users": [
                    "U066P20UQH1",
                    "U0606SPN4BW"
                ],
                "count": 2
            },
            {
                "name": "入金完了",
                "users": [
                    "U0331FZTHEK"
                ],
                "count": 1
            }
        ]
    },
    {
        "user": "U05KGS6HN9H",
        "type": "message",
        "ts": "1735192446.294529",
        "client_msg_id": "6808d2ed-6b6f-44c4-b0b8-55e1fe354401",
        "text": "<@U0606SPN4BW>\n<!subteam^S073HEMKWV7|@hirakawa-adachi-yamamoto-fuse>\n本日12\/26のDHLで発送しました。\nAWB No 8228985822\n宜しくお願い致します。",
        "team": "T033D70RR6H",
        "user_team": "T033D70RR6H",
        "source_team": "T033D70RR6H",
        "user_profile": {
            "avatar_hash": "gc4e7258333f",
            "image_72": "https:\/\/secure.gravatar.com\/avatar\/c4e7258333f2958f831d063db85b4542.jpg?s=72&d=https%3A%2F%2Fa.slack-edge.com%2Fdf10d%2Fimg%2Favatars%2Fava_0005-72.png",
            "first_name": "Adachi",
            "real_name": "Adachi",
            "display_name": "足立",
            "team": "T033D70RR6H",
            "name": "tousuien05",
            "is_restricted": false,
            "is_ultra_restricted": false
        },
        "thread_ts": "1735049988.498259",
        "parent_user_id": "U0606SPN4BW",
        "blocks": [
            {
                "type": "rich_text",
                "block_id": "1Ke3t",
                "elements": [
                    {
                        "type": "rich_text_section",
                        "elements": [
                            {
                                "type": "user",
                                "user_id": "U0606SPN4BW"
                            },
                            {
                                "type": "text",
                                "text": "\n"
                            },
                            {
                                "type": "usergroup",
                                "usergroup_id": "S073HEMKWV7"
                            },
                            {
                                "type": "text",
                                "text": "\n本日12\/26のDHLで発送しました。\nAWB No 8228985822\n宜しくお願い致します。"
                            }
                        ]
                    }
                ]
            }
        ],
        "reactions": [
            {
                "name": "連絡完了",
                "users": [
                    "U066P20UQH1"
                ],
                "count": 1
            },
            {
                "name": "pray",
                "users": [
                    "U066P20UQH1"
                ],
                "count": 1
            }
        ]
    }
]