[
    {
        "user": "U0606SPN4BW",
        "type": "message",
        "ts": "1706780197.714349",
        "client_msg_id": "b0add016-c177-4d4b-9a55-660dede760a9",
        "text": "<@U041RJKV5JA> <@U05KGS6HN9H> <@U033G4KN4TD> cc <@U0331FWGQRM>\nカナダの Kayla Liu (Zen Matcha)様よりサンプル依頼です。\nPayPalにて決入金確認後、下記へ発送願います。(発送DHL)\n\nTSE-KYL-SMP-001-24\n\n▼サンプル内容 (計6点)\n&lt;各20g &gt;\nOrganic Matcha Upper grade - 1 (鹿児島製茶 鹿児島 A)\nOrganic Matcha Upper grade - 2 (鹿児島製茶 鹿児島 1A)\nOrganic Matcha Middle grade -1 (鹿児島製茶 鹿児島 B )\nOrganic Matcha Middle grade -2 (鹿児島製茶 鹿児島 C )\nOrganic Matcha Regular grade -1 (鹿児島製茶 鹿児島 D )\nOrganic Matcha Regular grade -2 (まるゑい 有機抹茶3000)\n\n（袋指定なし、エージレス無し、品名ラベル貼りでお願いします。）\n\n------------------------\n・Company name（brand name）: Zen Matcha\n・Your name: Kayla Liu\n・Address: 104 Coburg Crescent, Richmond hill, Ontario, Canada\n・Postal code（Zip code）: L4B 4E4\n・Phone number: <tel:4379711245|437-971-1245>\n・email address: <mailto:zenmatcha@outlook.com|zenmatcha@outlook.com>",
        "team": "T033D70RR6H",
        "user_team": "T033D70RR6H",
        "source_team": "T033D70RR6H",
        "user_profile": {
            "avatar_hash": "823d8545f678",
            "image_72": "https:\/\/avatars.slack-edge.com\/2024-04-12\/6946592133062_823d8545f678615a3e0a_72.jpg",
            "first_name": "SATOSHI",
            "real_name": "SATOSHI FURUKAWA",
            "display_name": "古川　敏",
            "team": "T033D70RR6H",
            "name": "jpfreebirds",
            "is_restricted": false,
            "is_ultra_restricted": false
        },
        "thread_ts": "1706780197.714349",
        "reply_count": 3,
        "reply_users_count": 2,
        "latest_reply": "1707203998.163889",
        "reply_users": [
            "U05KGS6HN9H",
            "U0331FZTHEK"
        ],
        "replies": [
            {
                "user": "U05KGS6HN9H",
                "ts": "1706842986.852909"
            },
            {
                "user": "U0331FZTHEK",
                "ts": "1707092141.761839"
            },
            {
                "user": "U05KGS6HN9H",
                "ts": "1707203998.163889"
            }
        ],
        "is_locked": false,
        "subscribed": true,
        "last_read": "1707203998.163889",
        "blocks": [
            {
                "type": "rich_text",
                "block_id": "uQ0UO",
                "elements": [
                    {
                        "type": "rich_text_section",
                        "elements": [
                            {
                                "type": "user",
                                "user_id": "U041RJKV5JA"
                            },
                            {
                                "type": "text",
                                "text": " "
                            },
                            {
                                "type": "user",
                                "user_id": "U05KGS6HN9H"
                            },
                            {
                                "type": "text",
                                "text": " "
                            },
                            {
                                "type": "user",
                                "user_id": "U033G4KN4TD"
                            },
                            {
                                "type": "text",
                                "text": " cc "
                            },
                            {
                                "type": "user",
                                "user_id": "U0331FWGQRM"
                            },
                            {
                                "type": "text",
                                "text": "\nカナダの Kayla Liu (Zen Matcha)様よりサンプル依頼です。\nPayPalにて決入金確認後、下記へ発送願います。(発送DHL)\n\nTSE-KYL-SMP-001-24\n\n▼サンプル内容 (計6点)\n<各20g >\nOrganic Matcha Upper grade - 1 (鹿児島製茶 鹿児島 A)\nOrganic Matcha Upper grade - 2 (鹿児島製茶 鹿児島 1A)\nOrganic Matcha Middle grade -1 (鹿児島製茶 鹿児島 B )\nOrganic Matcha Middle grade -2 (鹿児島製茶 鹿児島 C )\nOrganic Matcha Regular grade -1 (鹿児島製茶 鹿児島 D )\nOrganic Matcha Regular grade -2 (まるゑい 有機抹茶3000)\n\n（袋指定なし、エージレス無し、品名ラベル貼りでお願いします。）\n\n------------------------\n・Company name（brand name）: Zen Matcha\n・Your name: Kayla Liu\n・Address: 104 Coburg Crescent, Richmond hill, Ontario, Canada\n・Postal code（Zip code）: L4B 4E4\n・Phone number: "
                            },
                            {
                                "type": "link",
                                "url": "tel:4379711245",
                                "text": "437-971-1245"
                            },
                            {
                                "type": "text",
                                "text": "\n・email address: "
                            },
                            {
                                "type": "link",
                                "url": "mailto:zenmatcha@outlook.com",
                                "text": "zenmatcha@outlook.com"
                            }
                        ]
                    }
                ]
            }
        ],
        "reactions": [
            {
                "name": "承知_致しました",
                "users": [
                    "U033G4KN4TD",
                    "U05KGS6HN9H",
                    "U041RJKV5JA"
                ],
                "count": 3
            }
        ]
    },
    {
        "user": "U0331FZS7JT",
        "type": "message",
        "ts": "1706798424.232039",
        "client_msg_id": "8b60da7b-cca2-4ada-a25a-eb81c96d3d29",
        "text": "<@U041RJKV5JA> <@U05KGS6HN9H> <@U033G4KN4TD>\n\nサウジアラビア：matcha.ceremonial(Insta)様から\nサンプル（Invoice_Packing List (TSE-MTC-SPL-001-24)）依頼です。\n\n<@U0331FZTHEK> ペイパル入金済み\n\n-----送り先-----\nName: Nawaf Al-Ghamdi\nAddress : Wadi Makhiya Street Building number 6, Sulaymaniyah District\nCity : Jeddah\nCountry :Saudi Arabia\nZip code:  23231\nMobile number : <tel:+966563019861|+966 563019861>\nEmail: <mailto:nnalghamdi@hotmail.com|nnalghamdi@hotmail.com>\n------------------\nDHLでの発送をお願いします。\n発送可能日を教えてください。\nよろしくお願いします。",
        "team": "T033D70RR6H",
        "user_team": "T033D70RR6H",
        "source_team": "T033D70RR6H",
        "user_profile": {
            "avatar_hash": "2c9de1514f26",
            "image_72": "https:\/\/avatars.slack-edge.com\/2022-02-16\/3118160981555_2c9de1514f262063f72d_72.png",
            "first_name": "Yuta",
            "real_name": "Yuta Oka",
            "display_name": "岡祐太",
            "team": "T033D70RR6H",
            "name": "yuta.oka.0915",
            "is_restricted": false,
            "is_ultra_restricted": false
        },
        "thread_ts": "1706798424.232039",
        "reply_count": 3,
        "reply_users_count": 2,
        "latest_reply": "1707204007.500609",
        "reply_users": [
            "U0331FZTHEK",
            "U05KGS6HN9H"
        ],
        "replies": [
            {
                "user": "U0331FZTHEK",
                "ts": "1706831054.910369"
            },
            {
                "user": "U05KGS6HN9H",
                "ts": "1706843018.471769"
            },
            {
                "user": "U05KGS6HN9H",
                "ts": "1707204007.500609"
            }
        ],
        "is_locked": false,
        "subscribed": true,
        "last_read": "1707204007.500609",
        "blocks": [
            {
                "type": "rich_text",
                "block_id": "OyMgN",
                "elements": [
                    {
                        "type": "rich_text_section",
                        "elements": [
                            {
                                "type": "user",
                                "user_id": "U041RJKV5JA"
                            },
                            {
                                "type": "text",
                                "text": " "
                            },
                            {
                                "type": "user",
                                "user_id": "U05KGS6HN9H"
                            },
                            {
                                "type": "text",
                                "text": " "
                            },
                            {
                                "type": "user",
                                "user_id": "U033G4KN4TD"
                            },
                            {
                                "type": "text",
                                "text": "\n\nサウジアラビア：matcha.ceremonial(Insta)様から\nサンプル（Invoice_Packing List (TSE-MTC-SPL-001-24)）依頼です。\n\n"
                            },
                            {
                                "type": "user",
                                "user_id": "U0331FZTHEK"
                            },
                            {
                                "type": "text",
                                "text": " ペイパル入金済み\n\n-----送り先-----\nName: Nawaf Al-Ghamdi\nAddress : Wadi Makhiya Street Building number 6, Sulaymaniyah District\nCity : Jeddah\nCountry :Saudi Arabia\nZip code:  23231\nMobile number : "
                            },
                            {
                                "type": "link",
                                "url": "tel:+966563019861",
                                "text": "+966 563019861"
                            },
                            {
                                "type": "text",
                                "text": "\nEmail: "
                            },
                            {
                                "type": "link",
                                "url": "mailto:nnalghamdi@hotmail.com",
                                "text": "nnalghamdi@hotmail.com"
                            },
                            {
                                "type": "text",
                                "text": "\n------------------\nDHLでの発送をお願いします。\n発送可能日を教えてください。\nよろしくお願いします。"
                            }
                        ]
                    }
                ]
            }
        ],
        "reactions": [
            {
                "name": "承知_致しました",
                "users": [
                    "U033G4KN4TD",
                    "U05KGS6HN9H",
                    "U041RJKV5JA"
                ],
                "count": 3
            },
            {
                "name": "d130b000eb8d6784",
                "users": [
                    "U0331FZTHEK"
                ],
                "count": 1
            }
        ]
    },
    {
        "text": "<@U0331FZS7JT>\nカフェイン\/タンニン\/エピガロカテキンガレートの3項目報告書を\n取得いたしましたので、共有申し上げます。\nご確認の程お願い致します。",
        "files": [
            {
                "id": "F06GTTCPM51",
                "created": 1706828288,
                "timestamp": 1706828288,
                "name": "2401-1145211454 株式会社桃翠園 様 低カフェイン抹茶（春、秋）検査報告書.pdf",
                "title": "2401-1145211454 株式会社桃翠園 様 低カフェイン抹茶（春、秋）検査報告書.pdf",
                "mimetype": "application\/pdf",
                "filetype": "pdf",
                "pretty_type": "PDF",
                "user": "U05KGS6HN9H",
                "user_team": "T033D70RR6H",
                "editable": false,
                "size": 275916,
                "mode": "hosted",
                "is_external": false,
                "external_type": "",
                "is_public": true,
                "public_url_shared": false,
                "display_as_bot": false,
                "username": "",
                "url_private": "https:\/\/files.slack.com\/files-pri\/T033D70RR6H-F06GTTCPM51\/2401-1145211454_________________________________________________________________________________.pdf?token=xoxe-3115238875221-9710624591398-9697214945543-aa82359f925d11baadb4ddc07b089467",
                "url_private_download": "https:\/\/files.slack.com\/files-pri\/T033D70RR6H-F06GTTCPM51\/download\/2401-1145211454_________________________________________________________________________________.pdf?token=xoxe-3115238875221-9710624591398-9697214945543-aa82359f925d11baadb4ddc07b089467",
                "media_display_type": "unknown",
                "thumb_pdf": "https:\/\/files.slack.com\/files-tmb\/T033D70RR6H-F06GTTCPM51-be3c1dcf71\/2401-1145211454__________________________________________________________________________________thumb_pdf.png?t=xoxe-3115238875221-9710624591398-9697214945543-aa82359f925d11baadb4ddc07b089467",
                "thumb_pdf_w": 910,
                "thumb_pdf_h": 1286,
                "permalink": "https:\/\/grp-ssm9297.slack.com\/files\/U0331FWGQRM\/F06GTTCPM51\/2401-1145211454_________________________________________________________________________________.pdf",
                "permalink_public": "https:\/\/slack-files.com\/T033D70RR6H-F06GTTCPM51-46869295e0",
                "is_starred": false,
                "skipped_shares": true,
                "has_rich_preview": false,
                "file_access": "visible"
            }
        ],
        "upload": false,
        "user": "U05KGS6HN9H",
        "display_as_bot": false,
        "blocks": [
            {
                "type": "rich_text",
                "block_id": "IYPID",
                "elements": [
                    {
                        "type": "rich_text_section",
                        "elements": [
                            {
                                "type": "user",
                                "user_id": "U0331FZS7JT"
                            },
                            {
                                "type": "text",
                                "text": "\nカフェイン\/タンニン\/エピガロカテキンガレートの3項目報告書を\n取得いたしましたので、共有申し上げます。\nご確認の程お願い致します。"
                            }
                        ]
                    }
                ]
            }
        ],
        "type": "message",
        "ts": "1706828317.385399",
        "client_msg_id": "6cbac403-8e42-4bfd-98b2-9f3fe085436f",
        "thread_ts": "1705240581.488039",
        "parent_user_id": "U0331FZS7JT",
        "reactions": [
            {
                "name": "d130b000eb8d6784",
                "users": [
                    "U0331FZS7JT"
                ],
                "count": 1
            }
        ]
    },
    {
        "user": "U0331FZTHEK",
        "type": "message",
        "ts": "1706831054.910369",
        "client_msg_id": "4c8cc43f-b396-4961-9f26-aa126ac38203",
        "text": "<@U0331FZS7JT>\n <@U041RJKV5JA> <@U05KGS6HN9H> <@U033G4KN4TD>\nご入金を確認致しました。\n・2\/1 [PayPal]\n・30 USD\n回収（入金）処理致します。\nよろしくお願いします。",
        "team": "T033D70RR6H",
        "user_team": "T033D70RR6H",
        "source_team": "T033D70RR6H",
        "user_profile": {
            "avatar_hash": "21cdbd6a05f9",
            "image_72": "https:\/\/avatars.slack-edge.com\/2022-02-16\/3115258488741_21cdbd6a05f9a69110f7_72.png",
            "first_name": "Mitsunobu",
            "real_name": "Mitsunobu Katayose",
            "display_name": "片寄",
            "team": "T033D70RR6H",
            "name": "tousuien03",
            "is_restricted": false,
            "is_ultra_restricted": false
        },
        "thread_ts": "1706798424.232039",
        "parent_user_id": "U0331FZS7JT",
        "blocks": [
            {
                "type": "rich_text",
                "block_id": "2Q07Z",
                "elements": [
                    {
                        "type": "rich_text_section",
                        "elements": [
                            {
                                "type": "user",
                                "user_id": "U0331FZS7JT"
                            },
                            {
                                "type": "text",
                                "text": "\n "
                            },
                            {
                                "type": "user",
                                "user_id": "U041RJKV5JA"
                            },
                            {
                                "type": "text",
                                "text": " "
                            },
                            {
                                "type": "user",
                                "user_id": "U05KGS6HN9H"
                            },
                            {
                                "type": "text",
                                "text": " "
                            },
                            {
                                "type": "user",
                                "user_id": "U033G4KN4TD"
                            },
                            {
                                "type": "text",
                                "text": "\nご入金を確認致しました。\n・2\/1 [PayPal]\n・30 USD\n回収（入金）処理致します。\nよろしくお願いします。"
                            }
                        ]
                    }
                ]
            }
        ],
        "reactions": [
            {
                "name": "0af08fe0505342b0",
                "users": [
                    "U0331FZS7JT"
                ],
                "count": 1
            },
            {
                "name": "入金完了",
                "users": [
                    "U0331FZTHEK"
                ],
                "count": 1
            }
        ]
    },
    {
        "user": "U05KGS6HN9H",
        "type": "message",
        "ts": "1706842986.852909",
        "client_msg_id": "0bb9282a-d785-45f4-9bf6-90789daa3c43",
        "text": "<@U0606SPN4BW>\n<@U041RJKV5JA> <@U033G4KN4TD>\n出荷可能日2\/6（火）でお願い致します。",
        "team": "T033D70RR6H",
        "user_team": "T033D70RR6H",
        "source_team": "T033D70RR6H",
        "user_profile": {
            "avatar_hash": "gc4e7258333f",
            "image_72": "https:\/\/secure.gravatar.com\/avatar\/c4e7258333f2958f831d063db85b4542.jpg?s=72&d=https%3A%2F%2Fa.slack-edge.com%2Fdf10d%2Fimg%2Favatars%2Fava_0005-72.png",
            "first_name": "Adachi",
            "real_name": "Adachi",
            "display_name": "足立",
            "team": "T033D70RR6H",
            "name": "tousuien05",
            "is_restricted": false,
            "is_ultra_restricted": false
        },
        "thread_ts": "1706780197.714349",
        "parent_user_id": "U0606SPN4BW",
        "blocks": [
            {
                "type": "rich_text",
                "block_id": "+W0Wa",
                "elements": [
                    {
                        "type": "rich_text_section",
                        "elements": [
                            {
                                "type": "user",
                                "user_id": "U0606SPN4BW"
                            },
                            {
                                "type": "text",
                                "text": "\n"
                            },
                            {
                                "type": "user",
                                "user_id": "U041RJKV5JA"
                            },
                            {
                                "type": "text",
                                "text": " "
                            },
                            {
                                "type": "user",
                                "user_id": "U033G4KN4TD"
                            },
                            {
                                "type": "text",
                                "text": "\n出荷可能日2\/6（火）でお願い致します。"
                            }
                        ]
                    }
                ]
            }
        ],
        "reactions": [
            {
                "name": "d130b000eb8d6784",
                "users": [
                    "U0606SPN4BW"
                ],
                "count": 1
            }
        ]
    },
    {
        "user": "U05KGS6HN9H",
        "type": "message",
        "ts": "1706843018.471769",
        "client_msg_id": "e4b290e4-f548-4eeb-90a0-644852918ea0",
        "text": "<@U0331FZS7JT>\n<@U041RJKV5JA> <@U033G4KN4TD>\n出荷可能日2\/6（火）でお願い致します。",
        "team": "T033D70RR6H",
        "user_team": "T033D70RR6H",
        "source_team": "T033D70RR6H",
        "user_profile": {
            "avatar_hash": "gc4e7258333f",
            "image_72": "https:\/\/secure.gravatar.com\/avatar\/c4e7258333f2958f831d063db85b4542.jpg?s=72&d=https%3A%2F%2Fa.slack-edge.com%2Fdf10d%2Fimg%2Favatars%2Fava_0005-72.png",
            "first_name": "Adachi",
            "real_name": "Adachi",
            "display_name": "足立",
            "team": "T033D70RR6H",
            "name": "tousuien05",
            "is_restricted": false,
            "is_ultra_restricted": false
        },
        "thread_ts": "1706798424.232039",
        "parent_user_id": "U0331FZS7JT",
        "blocks": [
            {
                "type": "rich_text",
                "block_id": "yg3Bk",
                "elements": [
                    {
                        "type": "rich_text_section",
                        "elements": [
                            {
                                "type": "user",
                                "user_id": "U0331FZS7JT"
                            },
                            {
                                "type": "text",
                                "text": "\n"
                            },
                            {
                                "type": "user",
                                "user_id": "U041RJKV5JA"
                            },
                            {
                                "type": "text",
                                "text": " "
                            },
                            {
                                "type": "user",
                                "user_id": "U033G4KN4TD"
                            },
                            {
                                "type": "text",
                                "text": "\n出荷可能日2\/6（火）でお願い致します。"
                            }
                        ]
                    }
                ]
            }
        ],
        "reactions": [
            {
                "name": "了解です",
                "users": [
                    "U0331FZS7JT"
                ],
                "count": 1
            },
            {
                "name": "d130b000eb8d6784",
                "users": [
                    "U0331FZS7JT"
                ],
                "count": 1
            }
        ]
    },
    {
        "user": "U041RJKV5JA",
        "type": "message",
        "ts": "1706852455.495439",
        "client_msg_id": "48b94496-bc75-42a0-abc0-24d8bf46dc85",
        "text": "<@U0331FWGQRM>\n <@U05KGS6HN9H> <@U033G4KN4TD>\n本日、DHLにて出荷しました。\nAWB NO. 5267294196\nよろしくお願いいたします。",
        "team": "T033D70RR6H",
        "user_team": "T033D70RR6H",
        "source_team": "T033D70RR6H",
        "user_profile": {
            "avatar_hash": "aed9eafd9eee",
            "image_72": "https:\/\/avatars.slack-edge.com\/2022-09-11\/4078874890257_aed9eafd9eee277ba076_72.png",
            "first_name": "Hirakawa",
            "real_name": "Hirakawa",
            "display_name": "平川",
            "team": "T033D70RR6H",
            "name": "tousuien.s006",
            "is_restricted": false,
            "is_ultra_restricted": false
        },
        "thread_ts": "1706587977.743869",
        "parent_user_id": "U0331FWGQRM",
        "blocks": [
            {
                "type": "rich_text",
                "block_id": "CiLfX",
                "elements": [
                    {
                        "type": "rich_text_section",
                        "elements": [
                            {
                                "type": "user",
                                "user_id": "U0331FWGQRM"
                            },
                            {
                                "type": "text",
                                "text": "\n "
                            },
                            {
                                "type": "user",
                                "user_id": "U05KGS6HN9H"
                            },
                            {
                                "type": "text",
                                "text": " "
                            },
                            {
                                "type": "user",
                                "user_id": "U033G4KN4TD"
                            },
                            {
                                "type": "text",
                                "text": "\n本日、DHLにて出荷しました。\nAWB NO. 5267294196\nよろしくお願いいたします。"
                            }
                        ]
                    }
                ]
            }
        ],
        "reactions": [
            {
                "name": "d130b000eb8d6784",
                "users": [
                    "U0331FWGQRM"
                ],
                "count": 1
            }
        ]
    }
]