[
    {
        "user": "U05KGS6HN9H",
        "type": "message",
        "ts": "1732092809.818339",
        "client_msg_id": "c98b3eb1-f11f-4a90-be40-fb30f27ad8eb",
        "text": "<@U0606SPN4BW>\n本日11\/20のUPSで発送しました。\nAWB No 1Z219Y8R0411026\n宜しくお願い致します。\n※画像を保存したいのですがフォルダが見つかりません…\n（昨日はアメリカ〉●見積のみにフォルダ有り、送り状や\nShippingDocumentsを保存したのですが…）",
        "team": "T033D70RR6H",
        "user_team": "T033D70RR6H",
        "source_team": "T033D70RR6H",
        "user_profile": {
            "avatar_hash": "gc4e7258333f",
            "image_72": "https:\/\/secure.gravatar.com\/avatar\/c4e7258333f2958f831d063db85b4542.jpg?s=72&d=https%3A%2F%2Fa.slack-edge.com%2Fdf10d%2Fimg%2Favatars%2Fava_0005-72.png",
            "first_name": "Adachi",
            "real_name": "Adachi",
            "display_name": "足立",
            "team": "T033D70RR6H",
            "name": "tousuien05",
            "is_restricted": false,
            "is_ultra_restricted": false
        },
        "thread_ts": "1731946030.832889",
        "parent_user_id": "U0606SPN4BW",
        "blocks": [
            {
                "type": "rich_text",
                "block_id": "wmZh2",
                "elements": [
                    {
                        "type": "rich_text_section",
                        "elements": [
                            {
                                "type": "user",
                                "user_id": "U0606SPN4BW"
                            },
                            {
                                "type": "text",
                                "text": "\n本日11\/20のUPSで発送しました。\nAWB No 1Z219Y8R0411026\n宜しくお願い致します。\n※画像を保存したいのですがフォルダが見つかりません…\n（昨日はアメリカ〉●見積のみにフォルダ有り、送り状や\nShippingDocumentsを保存したのですが…）"
                            }
                        ]
                    }
                ]
            }
        ],
        "reactions": [
            {
                "name": "連絡完了",
                "users": [
                    "U0606SPN4BW"
                ],
                "count": 1
            },
            {
                "name": "d130b000eb8d6784",
                "users": [
                    "U0606SPN4BW"
                ],
                "count": 1
            }
        ]
    },
    {
        "user": "U0606SPN4BW",
        "type": "message",
        "ts": "1732093262.792859",
        "edited": {
            "user": "U0606SPN4BW",
            "ts": "1732093341.000000"
        },
        "client_msg_id": "eba6a3ce-16c3-4bc2-817e-e89f2980f04e",
        "text": "<@U05KGS6HN9H>\nありがとうございます！ 何故かフォルダが「●海外営業」配下にありました。(私が動かしてしまったかもです) ＾＾；\nアメリカのフォルダ内に移動しましたので、画像の格納よろしくお願いいたします！\n\n\n▼EMI-Emily Morrison(HP) フォルダリンク\n<https:\/\/drive.google.com\/drive\/folders\/1jmFjy3rKPdfH7yWbY-P1Gdo6Vaz2bJdz?usp=drive_link>",
        "team": "T033D70RR6H",
        "user_team": "T033D70RR6H",
        "source_team": "T033D70RR6H",
        "user_profile": {
            "avatar_hash": "823d8545f678",
            "image_72": "https:\/\/avatars.slack-edge.com\/2024-04-12\/6946592133062_823d8545f678615a3e0a_72.jpg",
            "first_name": "SATOSHI",
            "real_name": "SATOSHI FURUKAWA",
            "display_name": "古川　敏",
            "team": "T033D70RR6H",
            "name": "jpfreebirds",
            "is_restricted": false,
            "is_ultra_restricted": false
        },
        "thread_ts": "1731946030.832889",
        "parent_user_id": "U0606SPN4BW",
        "blocks": [
            {
                "type": "rich_text",
                "block_id": "ylLbx",
                "elements": [
                    {
                        "type": "rich_text_section",
                        "elements": [
                            {
                                "type": "user",
                                "user_id": "U05KGS6HN9H"
                            },
                            {
                                "type": "text",
                                "text": "\nありがとうございます！ 何故かフォルダが「●海外営業」配下にありました。(私が動かしてしまったかもです) ＾＾；\nアメリカのフォルダ内に移動しましたので、画像の格納よろしくお願いいたします！\n\n\n▼EMI-Emily Morrison(HP) フォルダリンク\n"
                            },
                            {
                                "type": "link",
                                "url": "https:\/\/drive.google.com\/drive\/folders\/1jmFjy3rKPdfH7yWbY-P1Gdo6Vaz2bJdz?usp=drive_link"
                            }
                        ]
                    }
                ]
            }
        ]
    },
    {
        "user": "U05KGS6HN9H",
        "type": "message",
        "ts": "1732094007.584609",
        "client_msg_id": "4a6d4392-82ea-44be-86d0-83b9926bdef6",
        "text": "<@U0606SPN4BW>\n画像をフォルダに置きました。宜しくお願い致します。",
        "team": "T033D70RR6H",
        "user_team": "T033D70RR6H",
        "source_team": "T033D70RR6H",
        "user_profile": {
            "avatar_hash": "gc4e7258333f",
            "image_72": "https:\/\/secure.gravatar.com\/avatar\/c4e7258333f2958f831d063db85b4542.jpg?s=72&d=https%3A%2F%2Fa.slack-edge.com%2Fdf10d%2Fimg%2Favatars%2Fava_0005-72.png",
            "first_name": "Adachi",
            "real_name": "Adachi",
            "display_name": "足立",
            "team": "T033D70RR6H",
            "name": "tousuien05",
            "is_restricted": false,
            "is_ultra_restricted": false
        },
        "thread_ts": "1731946030.832889",
        "parent_user_id": "U0606SPN4BW",
        "blocks": [
            {
                "type": "rich_text",
                "block_id": "l2UKM",
                "elements": [
                    {
                        "type": "rich_text_section",
                        "elements": [
                            {
                                "type": "user",
                                "user_id": "U0606SPN4BW"
                            },
                            {
                                "type": "text",
                                "text": "\n画像をフォルダに置きました。宜しくお願い致します。"
                            }
                        ]
                    }
                ]
            }
        ],
        "reactions": [
            {
                "name": "d130b000eb8d6784",
                "users": [
                    "U0606SPN4BW"
                ],
                "count": 1
            },
            {
                "name": "承知-1",
                "users": [
                    "U0606SPN4BW"
                ],
                "count": 1
            }
        ]
    },
    {
        "user": "U05KGS6HN9H",
        "type": "message",
        "ts": "1732094381.447259",
        "client_msg_id": "c746f51b-38ab-486b-99c9-ac56d5805a7c",
        "text": "<@U066P20UQH1>\n<!subteam^S073HEMKWV7|@hirakawa-adachi-yamamoto-fuse>\n本日11\/20のDHLで発送しました。\nAWB No 8228914024\n宜しくお願い致します。",
        "team": "T033D70RR6H",
        "user_team": "T033D70RR6H",
        "source_team": "T033D70RR6H",
        "user_profile": {
            "avatar_hash": "gc4e7258333f",
            "image_72": "https:\/\/secure.gravatar.com\/avatar\/c4e7258333f2958f831d063db85b4542.jpg?s=72&d=https%3A%2F%2Fa.slack-edge.com%2Fdf10d%2Fimg%2Favatars%2Fava_0005-72.png",
            "first_name": "Adachi",
            "real_name": "Adachi",
            "display_name": "足立",
            "team": "T033D70RR6H",
            "name": "tousuien05",
            "is_restricted": false,
            "is_ultra_restricted": false
        },
        "thread_ts": "1731804288.895289",
        "parent_user_id": "U066P20UQH1",
        "blocks": [
            {
                "type": "rich_text",
                "block_id": "vE9l7",
                "elements": [
                    {
                        "type": "rich_text_section",
                        "elements": [
                            {
                                "type": "user",
                                "user_id": "U066P20UQH1"
                            },
                            {
                                "type": "text",
                                "text": "\n"
                            },
                            {
                                "type": "usergroup",
                                "usergroup_id": "S073HEMKWV7"
                            },
                            {
                                "type": "text",
                                "text": "\n本日11\/20のDHLで発送しました。\nAWB No 8228914024\n宜しくお願い致します。"
                            }
                        ]
                    }
                ]
            }
        ],
        "reactions": [
            {
                "name": "pray",
                "users": [
                    "U066P20UQH1"
                ],
                "count": 1
            }
        ]
    },
    {
        "user": "U0606SPN4BW",
        "type": "message",
        "ts": "1732103658.287369",
        "client_msg_id": "1dfcab2b-8178-4431-a09f-e70737249cfa",
        "text": "<!subteam^S073HEMKWV7|@hirakawa-adachi-yamamoto-fuse> <@U0331FZTHEK>\nDHLで発送完了しました！\n\nAWB:\nJVGL08015686000492366463",
        "team": "T033D70RR6H",
        "user_team": "T033D70RR6H",
        "source_team": "T033D70RR6H",
        "user_profile": {
            "avatar_hash": "823d8545f678",
            "image_72": "https:\/\/avatars.slack-edge.com\/2024-04-12\/6946592133062_823d8545f678615a3e0a_72.jpg",
            "first_name": "SATOSHI",
            "real_name": "SATOSHI FURUKAWA",
            "display_name": "古川　敏",
            "team": "T033D70RR6H",
            "name": "jpfreebirds",
            "is_restricted": false,
            "is_ultra_restricted": false
        },
        "thread_ts": "1731955873.100519",
        "parent_user_id": "U0606SPN4BW",
        "blocks": [
            {
                "type": "rich_text",
                "block_id": "ARshA",
                "elements": [
                    {
                        "type": "rich_text_section",
                        "elements": [
                            {
                                "type": "usergroup",
                                "usergroup_id": "S073HEMKWV7"
                            },
                            {
                                "type": "text",
                                "text": " "
                            },
                            {
                                "type": "user",
                                "user_id": "U0331FZTHEK"
                            },
                            {
                                "type": "text",
                                "text": "\nDHLで発送完了しました！\n\nAWB:\nJVGL08015686000492366463"
                            }
                        ]
                    }
                ]
            }
        ],
        "reactions": [
            {
                "name": "売上完了",
                "users": [
                    "U0331FZTHEK"
                ],
                "count": 1
            },
            {
                "name": "承知_致しました",
                "users": [
                    "U041RJKV5JA"
                ],
                "count": 1
            }
        ]
    },
    {
        "user": "U0606SPN4BW",
        "type": "message",
        "ts": "1732128924.575919",
        "client_msg_id": "51bb20e8-c0d7-40bb-ac2f-1488606b68b1",
        "text": ":fr:フランス Linda Kaddour Hocine様からサンプル注文を頂きました。\n*TSE-LIN-SPL-002-24* ",
        "team": "T033D70RR6H",
        "user_team": "T033D70RR6H",
        "source_team": "T033D70RR6H",
        "user_profile": {
            "avatar_hash": "823d8545f678",
            "image_72": "https:\/\/avatars.slack-edge.com\/2024-04-12\/6946592133062_823d8545f678615a3e0a_72.jpg",
            "first_name": "SATOSHI",
            "real_name": "SATOSHI FURUKAWA",
            "display_name": "古川　敏",
            "team": "T033D70RR6H",
            "name": "jpfreebirds",
            "is_restricted": false,
            "is_ultra_restricted": false
        },
        "thread_ts": "1732128924.575919",
        "reply_count": 4,
        "reply_users_count": 3,
        "latest_reply": "1732866054.391569",
        "reply_users": [
            "U0606SPN4BW",
            "U0331FZTHEK",
            "U041RJKV5JA"
        ],
        "replies": [
            {
                "user": "U0606SPN4BW",
                "ts": "1732129059.739599"
            },
            {
                "user": "U0331FZTHEK",
                "ts": "1732148144.297419"
            },
            {
                "user": "U041RJKV5JA",
                "ts": "1732611295.963329"
            },
            {
                "user": "U041RJKV5JA",
                "ts": "1732866054.391569"
            }
        ],
        "is_locked": false,
        "subscribed": false,
        "blocks": [
            {
                "type": "rich_text",
                "block_id": "xMv1P",
                "elements": [
                    {
                        "type": "rich_text_section",
                        "elements": [
                            {
                                "type": "emoji",
                                "name": "fr",
                                "unicode": "1f1eb-1f1f7"
                            },
                            {
                                "type": "text",
                                "text": "フランス Linda Kaddour Hocine様からサンプル注文を頂きました。\n"
                            },
                            {
                                "type": "text",
                                "text": "TSE-LIN-SPL-002-24 ",
                                "style": {
                                    "bold": true
                                }
                            }
                        ]
                    }
                ]
            }
        ],
        "reactions": [
            {
                "name": "承知_致しました",
                "users": [
                    "U041RJKV5JA"
                ],
                "count": 1
            }
        ]
    },
    {
        "user": "U0606SPN4BW",
        "type": "message",
        "ts": "1732129059.739599",
        "client_msg_id": "dfc10b70-227b-4c8f-b4f4-bc5a531d1d75",
        "text": "下記へ発送手続き、および発送日のお知らせをお願いします！\n*宛先はフランスですが通常ラインナップ外のサンプルの為、日本から発送お願いします！\n\n\n<@U0331FZTHEK> 入金確認済 (PayPal USD30), 回収処理をお願いします！\n\n\n▼サンプル内容 (計 2点)\n&lt;各20g&gt;\n*1 x Non-organic Vanilla Matcha* \n    (95% Organic Matcha Upper - 1 :鹿児島製茶 鹿児島 A + 5% キタマ バニラパウダー)\n\n*1 x Non-organic Chocolate Matcha* \n     (95% Organic Matcha Upper - 1 :鹿児島製茶 鹿児島 A + 5% キタマ チョコレートパウダー)\n\n\n・袋指定なし、\n・エージレス無し、\n・品名ラベル貼り。\n・価格表示：なし\n\n\n発送: DHL\n\n\n------------------------\nName: Linda Kaddour Hocine\nAddress: 4 rue Hector Berlioz, 93000 Bobigny\nPostal Code: 93000\nCountry: France\nPhone: 0766567749\ne-mail: <mailto:lindaa.kh04@gmail.com|lindaa.kh04@gmail.com>\n------------------------",
        "team": "T033D70RR6H",
        "user_team": "T033D70RR6H",
        "source_team": "T033D70RR6H",
        "user_profile": {
            "avatar_hash": "823d8545f678",
            "image_72": "https:\/\/avatars.slack-edge.com\/2024-04-12\/6946592133062_823d8545f678615a3e0a_72.jpg",
            "first_name": "SATOSHI",
            "real_name": "SATOSHI FURUKAWA",
            "display_name": "古川　敏",
            "team": "T033D70RR6H",
            "name": "jpfreebirds",
            "is_restricted": false,
            "is_ultra_restricted": false
        },
        "thread_ts": "1732128924.575919",
        "parent_user_id": "U0606SPN4BW",
        "blocks": [
            {
                "type": "rich_text",
                "block_id": "zpUMa",
                "elements": [
                    {
                        "type": "rich_text_section",
                        "elements": [
                            {
                                "type": "text",
                                "text": "下記へ発送手続き、および発送日のお知らせをお願いします！\n*宛先はフランスですが通常ラインナップ外のサンプルの為、日本から発送お願いします！\n\n\n"
                            },
                            {
                                "type": "user",
                                "user_id": "U0331FZTHEK"
                            },
                            {
                                "type": "text",
                                "text": " 入金確認済 (PayPal USD30), 回収処理をお願いします！\n\n\n▼サンプル内容 (計 2点)\n<各20g>\n"
                            },
                            {
                                "type": "text",
                                "text": "1 x Non-organic Vanilla Matcha ",
                                "style": {
                                    "bold": true
                                }
                            },
                            {
                                "type": "text",
                                "text": "\n    (95% Organic Matcha Upper - 1 :鹿児島製茶 鹿児島 A + 5% キタマ バニラパウダー)\n\n"
                            },
                            {
                                "type": "text",
                                "text": "1 x Non-organic Chocolate Matcha ",
                                "style": {
                                    "bold": true
                                }
                            },
                            {
                                "type": "text",
                                "text": "\n     (95% Organic Matcha Upper - 1 :鹿児島製茶 鹿児島 A + 5% キタマ チョコレートパウダー)\n\n\n・袋指定なし、\n・エージレス無し、\n・品名ラベル貼り。\n・価格表示：なし\n\n\n発送: DHL\n\n\n------------------------\nName: Linda Kaddour Hocine\nAddress: 4 rue Hector Berlioz, 93000 Bobigny\nPostal Code: 93000\nCountry: France\nPhone: 0766567749\ne-mail: "
                            },
                            {
                                "type": "link",
                                "url": "mailto:lindaa.kh04@gmail.com",
                                "text": "lindaa.kh04@gmail.com"
                            },
                            {
                                "type": "text",
                                "text": "\n------------------------"
                            }
                        ]
                    }
                ]
            }
        ],
        "reactions": [
            {
                "name": "d130b000eb8d6784",
                "users": [
                    "U0331FZTHEK"
                ],
                "count": 1
            },
            {
                "name": "7e6ac2088523a821",
                "users": [
                    "U0331FZTHEK"
                ],
                "count": 1
            }
        ]
    },
    {
        "user": "U0331FZTHEK",
        "type": "message",
        "ts": "1732148144.297419",
        "client_msg_id": "ad7e3c9e-da81-420e-9f05-faaa03646d83",
        "text": "<@U0606SPN4BW>\n <!subteam^S073HEMKWV7|@hirakawa-adachi-yamamoto-fuse>\nご入金を確認致しました。\n・11\/21 [PayPal]\n・30 USD\n回収（入金）処理致します。\nよろしくお願いします。",
        "team": "T033D70RR6H",
        "user_team": "T033D70RR6H",
        "source_team": "T033D70RR6H",
        "user_profile": {
            "avatar_hash": "21cdbd6a05f9",
            "image_72": "https:\/\/avatars.slack-edge.com\/2022-02-16\/3115258488741_21cdbd6a05f9a69110f7_72.png",
            "first_name": "Mitsunobu",
            "real_name": "Mitsunobu Katayose",
            "display_name": "片寄",
            "team": "T033D70RR6H",
            "name": "tousuien03",
            "is_restricted": false,
            "is_ultra_restricted": false
        },
        "thread_ts": "1732128924.575919",
        "parent_user_id": "U0606SPN4BW",
        "blocks": [
            {
                "type": "rich_text",
                "block_id": "fA4Y+",
                "elements": [
                    {
                        "type": "rich_text_section",
                        "elements": [
                            {
                                "type": "user",
                                "user_id": "U0606SPN4BW"
                            },
                            {
                                "type": "text",
                                "text": "\n "
                            },
                            {
                                "type": "usergroup",
                                "usergroup_id": "S073HEMKWV7"
                            },
                            {
                                "type": "text",
                                "text": "\nご入金を確認致しました。\n・11\/21 [PayPal]\n・30 USD\n回収（入金）処理致します。\nよろしくお願いします。"
                            }
                        ]
                    }
                ]
            }
        ],
        "reactions": [
            {
                "name": "d130b000eb8d6784",
                "users": [
                    "U0606SPN4BW"
                ],
                "count": 1
            },
            {
                "name": "入金完了",
                "users": [
                    "U0331FZTHEK"
                ],
                "count": 1
            }
        ]
    }
]