[
    {
        "user": "U0331FZS7JT",
        "type": "message",
        "ts": "1748502117.599859",
        "client_msg_id": "73e24425-fc50-4409-9e5f-c609c8d87888",
        "text": "<@U066P20UQH1>\nベルガモットシュガー\n¥4,000\/kg\nリードタイム：2週間\n\nオネシャス！",
        "team": "T033D70RR6H",
        "user_team": "T033D70RR6H",
        "source_team": "T033D70RR6H",
        "user_profile": {
            "avatar_hash": "2c9de1514f26",
            "image_72": "https:\/\/avatars.slack-edge.com\/2022-02-16\/3118160981555_2c9de1514f262063f72d_72.png",
            "first_name": "Yuta",
            "real_name": "Yuta Oka",
            "display_name": "岡祐太",
            "team": "T033D70RR6H",
            "name": "yuta.oka.0915",
            "is_restricted": false,
            "is_ultra_restricted": false
        },
        "thread_ts": "1747816720.799719",
        "parent_user_id": "U066P20UQH1",
        "blocks": [
            {
                "type": "rich_text",
                "block_id": "wYIka",
                "elements": [
                    {
                        "type": "rich_text_section",
                        "elements": [
                            {
                                "type": "user",
                                "user_id": "U066P20UQH1"
                            },
                            {
                                "type": "text",
                                "text": "\nベルガモットシュガー\n¥4,000\/kg\nリードタイム：2週間\n\nオネシャス！"
                            }
                        ]
                    }
                ]
            }
        ],
        "reactions": [
            {
                "name": "あり",
                "users": [
                    "U066P20UQH1"
                ],
                "count": 1
            }
        ]
    },
    {
        "user": "U041RJKV5JA",
        "type": "message",
        "ts": "1748505677.518079",
        "client_msg_id": "2038bd05-d00c-4ec3-bc8b-e5d9a35dbbc0",
        "text": "<@U0606SPN4BW> <@U066P20UQH1>\n <!subteam^S073HEMKWV7|@hirakawa-adachi-yamamoto-fuse>\n返送の原因についてペガサスグローバルより連絡がございました。\n以下、メール内容を転記いたします。\n----------------------------------------\n現地へ確認いたしましたところ、受取人様が送り状上の住所とは別の住所でのお受け取りをご希望されましたが、\n現地規定にて住所変更ができなかったため、一旦返送することとなった、とのことでございます。\nその他詳細につきましては、受取人様へ直接ご確認をお願いできますでしょうか。\n----------------------------------------",
        "team": "T033D70RR6H",
        "user_team": "T033D70RR6H",
        "source_team": "T033D70RR6H",
        "user_profile": {
            "avatar_hash": "aed9eafd9eee",
            "image_72": "https:\/\/avatars.slack-edge.com\/2022-09-11\/4078874890257_aed9eafd9eee277ba076_72.png",
            "first_name": "Hirakawa",
            "real_name": "Hirakawa",
            "display_name": "平川",
            "team": "T033D70RR6H",
            "name": "tousuien.s006",
            "is_restricted": false,
            "is_ultra_restricted": false
        },
        "thread_ts": "1745647790.534869",
        "parent_user_id": "U0606SPN4BW",
        "blocks": [
            {
                "type": "rich_text",
                "block_id": "yLF1r",
                "elements": [
                    {
                        "type": "rich_text_section",
                        "elements": [
                            {
                                "type": "user",
                                "user_id": "U0606SPN4BW"
                            },
                            {
                                "type": "text",
                                "text": " "
                            },
                            {
                                "type": "user",
                                "user_id": "U066P20UQH1"
                            },
                            {
                                "type": "text",
                                "text": "\n "
                            },
                            {
                                "type": "usergroup",
                                "usergroup_id": "S073HEMKWV7"
                            },
                            {
                                "type": "text",
                                "text": "\n返送の原因についてペガサスグローバルより連絡がございました。\n以下、メール内容を転記いたします。\n----------------------------------------\n現地へ確認いたしましたところ、受取人様が送り状上の住所とは別の住所でのお受け取りをご希望されましたが、\n現地規定にて住所変更ができなかったため、一旦返送することとなった、とのことでございます。\nその他詳細につきましては、受取人様へ直接ご確認をお願いできますでしょうか。\n----------------------------------------"
                            }
                        ]
                    }
                ]
            }
        ],
        "reactions": [
            {
                "name": "d130b000eb8d6784",
                "users": [
                    "U0606SPN4BW"
                ],
                "count": 1
            },
            {
                "name": "承知-1",
                "users": [
                    "U0606SPN4BW"
                ],
                "count": 1
            }
        ]
    },
    {
        "user": "U0331FWGQRM",
        "type": "message",
        "ts": "1748565417.921869",
        "edited": {
            "user": "U0331FWGQRM",
            "ts": "1748565617.000000"
        },
        "client_msg_id": "c201b913-a892-44f9-b679-692de35a0046",
        "text": "<@U0331FZS7JT> <!subteam^S088LEJ1U5T|@kanayama-fukui-miyoshi-yokoi-takuwa-hara-imaoka-agou> <!subteam^S073HEMKWV7|@hirakawa-adachi-yamamoto-fuse>\nOmatcha様からサンプル依頼です。\n手隙で作成お願いできますでしょうか？？？\n\nラズベリー\nピーチ\nストロベリー\nマンゴー\nスイカ\nリンゴ\n\n-各フレーバーにつき3種類のバリエーション（ブレンド比率が異なる：ライト、ミディアム、ストロング）-20gの缶詰を検討中",
        "team": "T033D70RR6H",
        "user_team": "T033D70RR6H",
        "source_team": "T033D70RR6H",
        "user_profile": {
            "avatar_hash": "gf9d05f2cae1",
            "image_72": "https:\/\/secure.gravatar.com\/avatar\/f9d05f2cae161f657bb1248fc85b5235.jpg?s=72&d=https%3A%2F%2Fa.slack-edge.com%2Fdf10d%2Fimg%2Favatars%2Fava_0008-72.png",
            "first_name": "matsui",
            "real_name": "matsui",
            "display_name": "松井",
            "team": "T033D70RR6H",
            "name": "tousuien.matsui",
            "is_restricted": false,
            "is_ultra_restricted": false
        },
        "thread_ts": "1748565417.921869",
        "reply_count": 3,
        "reply_users_count": 2,
        "latest_reply": "1749092138.610559",
        "reply_users": [
            "U0331FWGQRM",
            "U0331FZS7JT"
        ],
        "replies": [
            {
                "user": "U0331FWGQRM",
                "ts": "1748565553.040589"
            },
            {
                "user": "U0331FWGQRM",
                "ts": "1748565556.747359"
            },
            {
                "user": "U0331FZS7JT",
                "ts": "1749092138.610559"
            }
        ],
        "is_locked": false,
        "subscribed": true,
        "last_read": "1749092138.610559",
        "blocks": [
            {
                "type": "rich_text",
                "block_id": "H8cFt",
                "elements": [
                    {
                        "type": "rich_text_section",
                        "elements": [
                            {
                                "type": "user",
                                "user_id": "U0331FZS7JT"
                            },
                            {
                                "type": "text",
                                "text": " "
                            },
                            {
                                "type": "usergroup",
                                "usergroup_id": "S088LEJ1U5T"
                            },
                            {
                                "type": "text",
                                "text": " "
                            },
                            {
                                "type": "usergroup",
                                "usergroup_id": "S073HEMKWV7"
                            },
                            {
                                "type": "text",
                                "text": "\nOmatcha様からサンプル依頼です。\n手隙で作成お願いできますでしょうか？？？\n\nラズベリー\nピーチ\nストロベリー\nマンゴー\nスイカ\nリンゴ\n\n-各フレーバーにつき3種類のバリエーション（ブレンド比率が異なる：ライト、ミディアム、ストロング）-20gの缶詰を検討中"
                            }
                        ]
                    }
                ]
            }
        ],
        "reactions": [
            {
                "name": "saluting_face",
                "users": [
                    "U0331FZS7JT"
                ],
                "count": 1
            }
        ]
    },
    {
        "user": "U0331FWGQRM",
        "type": "message",
        "ts": "1748565553.040589",
        "edited": {
            "user": "U0331FWGQRM",
            "ts": "1748565578.000000"
        },
        "client_msg_id": "5cdab53f-d25b-4f28-a476-f9a9e9e8842d",
        "text": "参考情報\nーーー\nフルーツ風味の抹茶を3種類開発したい\n各フレーバーは20gずつ、缶に詰めて販売\n3種類すべてを1つのボックスにまとめて販売する予定\n\nたとえば、フレーバーは以下のようなものを想定しています：\n• スイカ抹茶\n• ストロベリー抹茶\n• マンゴーまたはグレープ抹茶\n下記のようなスタイルでマーケティングしたいと考えています（これはあくまでイメージです）：\n• スイカ抹茶（東京のスイカにインスパイア）\n• ストロベリー抹茶（大阪のいちごにインスパイア）\n•  …といった形です。\n• \nあなたのご意見として、日本でおすすめのフルーツ風味抹茶は何でしょうか？\n また、日本で最も人気のある果物は何ですか？▶︎この質問に上記フレーバーを提案。",
        "team": "T033D70RR6H",
        "user_team": "T033D70RR6H",
        "source_team": "T033D70RR6H",
        "user_profile": {
            "avatar_hash": "gf9d05f2cae1",
            "image_72": "https:\/\/secure.gravatar.com\/avatar\/f9d05f2cae161f657bb1248fc85b5235.jpg?s=72&d=https%3A%2F%2Fa.slack-edge.com%2Fdf10d%2Fimg%2Favatars%2Fava_0008-72.png",
            "first_name": "matsui",
            "real_name": "matsui",
            "display_name": "松井",
            "team": "T033D70RR6H",
            "name": "tousuien.matsui",
            "is_restricted": false,
            "is_ultra_restricted": false
        },
        "thread_ts": "1748565417.921869",
        "parent_user_id": "U0331FWGQRM",
        "blocks": [
            {
                "type": "rich_text",
                "block_id": "A2JKH",
                "elements": [
                    {
                        "type": "rich_text_section",
                        "elements": [
                            {
                                "type": "text",
                                "text": "参考情報\nーーー\nフルーツ風味の抹茶を3種類開発したい\n各フレーバーは20gずつ、缶に詰めて販売\n3種類すべてを1つのボックスにまとめて販売する予定\n\nたとえば、フレーバーは以下のようなものを想定しています：\n"
                            }
                        ]
                    },
                    {
                        "type": "rich_text_list",
                        "elements": [
                            {
                                "type": "rich_text_section",
                                "elements": [
                                    {
                                        "type": "text",
                                        "text": "スイカ抹茶"
                                    }
                                ]
                            },
                            {
                                "type": "rich_text_section",
                                "elements": [
                                    {
                                        "type": "text",
                                        "text": "ストロベリー抹茶"
                                    }
                                ]
                            },
                            {
                                "type": "rich_text_section",
                                "elements": [
                                    {
                                        "type": "text",
                                        "text": "マンゴーまたはグレープ抹茶"
                                    }
                                ]
                            }
                        ],
                        "style": "bullet",
                        "indent": 0,
                        "border": 0
                    },
                    {
                        "type": "rich_text_section",
                        "elements": [
                            {
                                "type": "text",
                                "text": "\n下記のようなスタイルでマーケティングしたいと考えています（これはあくまでイメージです）：\n"
                            }
                        ]
                    },
                    {
                        "type": "rich_text_list",
                        "elements": [
                            {
                                "type": "rich_text_section",
                                "elements": [
                                    {
                                        "type": "text",
                                        "text": "スイカ抹茶（東京のスイカにインスパイア）"
                                    }
                                ]
                            },
                            {
                                "type": "rich_text_section",
                                "elements": [
                                    {
                                        "type": "text",
                                        "text": "ストロベリー抹茶（大阪のいちごにインスパイア）"
                                    }
                                ]
                            },
                            {
                                "type": "rich_text_section",
                                "elements": [
                                    {
                                        "type": "text",
                                        "text": " …といった形です。"
                                    }
                                ]
                            },
                            {
                                "type": "rich_text_section",
                                "elements": []
                            }
                        ],
                        "style": "bullet",
                        "indent": 0,
                        "border": 0
                    },
                    {
                        "type": "rich_text_section",
                        "elements": [
                            {
                                "type": "text",
                                "text": "あなたのご意見として、日本でおすすめのフルーツ風味抹茶は何でしょうか？\n また、日本で最も人気のある果物は何ですか？▶︎この質問に上記フレーバーを提案。"
                            }
                        ]
                    }
                ]
            }
        ]
    },
    {
        "user": "U0331FWGQRM",
        "type": "message",
        "ts": "1748565556.747359",
        "client_msg_id": "e88888f3-5938-4f56-9f21-8b105262452e",
        "text": "ーーーー\n 中東の味覚の好みは、他の地域とは異なると思います。\n私たちは、このフルーツ風味の抹茶をフレッシュミルクと合わせて楽しめるようにしたいと考えています。\n理想とする風味の抹茶は、次のようなイメージです：\n1. 明確で印象的なフルーツの香りがあること\n2. 味の構成は、果物40%、抹茶60%くらいが理想です\n3.  （フレーバーシロップを加えたようなイメージです）\n私たちの顧客は、苦味が少ない、または全くない、馴染みのある風味を好む傾向があります。",
        "team": "T033D70RR6H",
        "user_team": "T033D70RR6H",
        "source_team": "T033D70RR6H",
        "user_profile": {
            "avatar_hash": "gf9d05f2cae1",
            "image_72": "https:\/\/secure.gravatar.com\/avatar\/f9d05f2cae161f657bb1248fc85b5235.jpg?s=72&d=https%3A%2F%2Fa.slack-edge.com%2Fdf10d%2Fimg%2Favatars%2Fava_0008-72.png",
            "first_name": "matsui",
            "real_name": "matsui",
            "display_name": "松井",
            "team": "T033D70RR6H",
            "name": "tousuien.matsui",
            "is_restricted": false,
            "is_ultra_restricted": false
        },
        "thread_ts": "1748565417.921869",
        "parent_user_id": "U0331FWGQRM",
        "blocks": [
            {
                "type": "rich_text",
                "block_id": "jvJVz",
                "elements": [
                    {
                        "type": "rich_text_section",
                        "elements": [
                            {
                                "type": "text",
                                "text": "ーーーー\n 中東の味覚の好みは、他の地域とは異なると思います。\n私たちは、このフルーツ風味の抹茶をフレッシュミルクと合わせて楽しめるようにしたいと考えています。\n理想とする風味の抹茶は、次のようなイメージです：\n"
                            }
                        ]
                    },
                    {
                        "type": "rich_text_list",
                        "elements": [
                            {
                                "type": "rich_text_section",
                                "elements": [
                                    {
                                        "type": "text",
                                        "text": "明確で印象的なフルーツの香りがあること"
                                    }
                                ]
                            },
                            {
                                "type": "rich_text_section",
                                "elements": [
                                    {
                                        "type": "text",
                                        "text": "味の構成は、果物40%、抹茶60%くらいが理想です"
                                    }
                                ]
                            },
                            {
                                "type": "rich_text_section",
                                "elements": [
                                    {
                                        "type": "text",
                                        "text": " （フレーバーシロップを加えたようなイメージです）"
                                    }
                                ]
                            }
                        ],
                        "style": "ordered",
                        "indent": 0,
                        "border": 0
                    },
                    {
                        "type": "rich_text_section",
                        "elements": [
                            {
                                "type": "text",
                                "text": "私たちの顧客は、苦味が少ない、または全くない、馴染みのある風味を好む傾向があります。"
                            }
                        ]
                    }
                ]
            }
        ]
    }
]