[
    {
        "user": "U0606SPN4BW",
        "type": "message",
        "ts": "1759329808.855519",
        "client_msg_id": "a5e11034-2d08-4a44-8220-c66588ca05ff",
        "text": "<!subteam^S073HEMKWV7|@hirakawa-adachi-yamamoto-fuse> <!subteam^S088LEJ1U5T|@kanayama-fukui-miyoshi-yokoi-takuwa-hara-imaoka-agou> \t\t\t\t\t\t\n:gb:イギリス：GRA-Graeme Boiardini(alibaba)様kらサンプル注文をいただきました。\t\t\t\t\n*TSE-GRA-SPL-003-25*\t",
        "team": "T033D70RR6H",
        "user_team": "T033D70RR6H",
        "source_team": "T033D70RR6H",
        "user_profile": {
            "avatar_hash": "823d8545f678",
            "image_72": "https:\/\/avatars.slack-edge.com\/2024-04-12\/6946592133062_823d8545f678615a3e0a_72.jpg",
            "first_name": "SATOSHI",
            "real_name": "SATOSHI FURUKAWA",
            "display_name": "古川　敏",
            "team": "T033D70RR6H",
            "name": "jpfreebirds",
            "is_restricted": false,
            "is_ultra_restricted": false
        },
        "thread_ts": "1759329808.855519",
        "reply_count": 4,
        "reply_users_count": 4,
        "latest_reply": "1760420565.464819",
        "reply_users": [
            "U0606SPN4BW",
            "U0331FZTHEK",
            "U08L89G6JSG",
            "U08NVD403GV"
        ],
        "replies": [
            {
                "user": "U0606SPN4BW",
                "ts": "1759329869.136269"
            },
            {
                "user": "U0331FZTHEK",
                "ts": "1759389482.549469"
            },
            {
                "user": "U08L89G6JSG",
                "ts": "1759903844.648309"
            },
            {
                "user": "U08NVD403GV",
                "ts": "1760420565.464819"
            }
        ],
        "is_locked": false,
        "subscribed": false,
        "blocks": [
            {
                "type": "rich_text",
                "block_id": "BBz2b",
                "elements": [
                    {
                        "type": "rich_text_section",
                        "elements": [
                            {
                                "type": "usergroup",
                                "usergroup_id": "S073HEMKWV7"
                            },
                            {
                                "type": "text",
                                "text": " "
                            },
                            {
                                "type": "usergroup",
                                "usergroup_id": "S088LEJ1U5T"
                            },
                            {
                                "type": "text",
                                "text": " \t\t\t\t\t\t\n"
                            },
                            {
                                "type": "emoji",
                                "name": "gb",
                                "unicode": "1f1ec-1f1e7"
                            },
                            {
                                "type": "text",
                                "text": "イギリス：GRA-Graeme Boiardini(alibaba)様kらサンプル注文をいただきました。\t\t\t\t\n"
                            },
                            {
                                "type": "text",
                                "text": "TSE-GRA-SPL-003-25\t",
                                "style": {
                                    "bold": true
                                }
                            }
                        ]
                    }
                ]
            }
        ]
    },
    {
        "user": "U0606SPN4BW",
        "type": "message",
        "ts": "1759329869.136269",
        "client_msg_id": "9783870e-8fd6-4085-82f0-77ac55006271",
        "text": "下記へ発送手続き、および発送日のお知らせをお願いします！\t\t\t\t\t\t\n\t\t\t\t\t\t\n▼注文内容\t(1種, 計1点)\t\t\t\t\t\n*1\tx\tMatcha Sample (100g),*\tGRA3\t\t\t\n```使用原料: 機械のテスト用途の為、グレードは抹茶であれば何でもOKです。\t\t\t\n原料必要量:\t100g\t\t\t\t\t\t\t\nラベル:\t品名ラベル (TOUSUIEN Sample Matcha 100g)\t\t\t\t\t\t\t\t\t```\n\t\t\t\t\t\t\t\t\t\n箱: ボタニカル\t\t\t\t\t\t\t\t\n発送:\tDHL\t\t\t\t\t\n決済:\tPayPal\t\t\n\t\t\t\t\t\t\n<!subteam^S08NN8M4LAZ|@katayose-kamiya>\t\t\t\t\t\t\n入金前です。入金あり次第回収処理をお願いいたします。\t\n\t\t\t\t\t\n\t\t\t\t\t\t\n▼配送先(機械のサプライヤである中国になります)\n```Company: Huzhou Motong Intelligent Robot Co., Ltd.\nContact name:Bruce\nAddress: No. 585, Shiyuan West Road, Nanxun District,\nHuzhou City, Zhejiang Province, \nPostal code: 313009\nCountry: China\nPhone: <tel:+86-150-1961-8894|+86-150-1961-8894>\ne-mail: <mailto:shengpeng.yan@motontech.net|shengpeng.yan@motontech.net>```",
        "team": "T033D70RR6H",
        "user_team": "T033D70RR6H",
        "source_team": "T033D70RR6H",
        "user_profile": {
            "avatar_hash": "823d8545f678",
            "image_72": "https:\/\/avatars.slack-edge.com\/2024-04-12\/6946592133062_823d8545f678615a3e0a_72.jpg",
            "first_name": "SATOSHI",
            "real_name": "SATOSHI FURUKAWA",
            "display_name": "古川　敏",
            "team": "T033D70RR6H",
            "name": "jpfreebirds",
            "is_restricted": false,
            "is_ultra_restricted": false
        },
        "thread_ts": "1759329808.855519",
        "parent_user_id": "U0606SPN4BW",
        "blocks": [
            {
                "type": "rich_text",
                "block_id": "nrC1Q",
                "elements": [
                    {
                        "type": "rich_text_section",
                        "elements": [
                            {
                                "type": "text",
                                "text": "下記へ発送手続き、および発送日のお知らせをお願いします！\t\t\t\t\t\t\n\t\t\t\t\t\t\n▼注文内容\t(1種, 計1点)\t\t\t\t\t\n"
                            },
                            {
                                "type": "text",
                                "text": "1\tx\tMatcha Sample (100g),\t",
                                "style": {
                                    "bold": true
                                }
                            },
                            {
                                "type": "text",
                                "text": "GRA3\t\t\t\n"
                            }
                        ]
                    },
                    {
                        "type": "rich_text_preformatted",
                        "elements": [
                            {
                                "type": "text",
                                "text": "使用原料: 機械のテスト用途の為、グレードは抹茶であれば何でもOKです。\t\t\t\n原料必要量:\t100g\t\t\t\t\t\t\t\nラベル:\t品名ラベル (TOUSUIEN Sample Matcha 100g)\t\t\t\t\t\t\t\t\t"
                            }
                        ],
                        "border": 0
                    },
                    {
                        "type": "rich_text_section",
                        "elements": [
                            {
                                "type": "text",
                                "text": "\t\t\t\t\t\t\t\t\t\n箱: ボタニカル\t\t\t\t\t\t\t\t\n発送:\tDHL\t\t\t\t\t\n決済:\tPayPal\t\t\n\t\t\t\t\t\t\n"
                            },
                            {
                                "type": "usergroup",
                                "usergroup_id": "S08NN8M4LAZ"
                            },
                            {
                                "type": "text",
                                "text": "\t\t\t\t\t\t\n入金前です。入金あり次第回収処理をお願いいたします。\t\n\t\t\t\t\t\n\t\t\t\t\t\t\n▼配送先(機械のサプライヤである中国になります)\n"
                            }
                        ]
                    },
                    {
                        "type": "rich_text_preformatted",
                        "elements": [
                            {
                                "type": "text",
                                "text": "Company: Huzhou Motong Intelligent Robot Co., Ltd.\nContact name:Bruce\nAddress: No. 585, Shiyuan West Road, Nanxun District,\nHuzhou City, Zhejiang Province, \nPostal code: 313009\nCountry: China\nPhone: +86-150-1961-8894\ne-mail: shengpeng.yan@motontech.net"
                            }
                        ],
                        "border": 0
                    }
                ]
            }
        ],
        "reactions": [
            {
                "name": "7e6ac2088523a821",
                "users": [
                    "U0331FZTHEK"
                ],
                "count": 1
            }
        ]
    }
]