[
    {
        "user": "U0606SPN4BW",
        "type": "message",
        "ts": "1741720274.403989",
        "client_msg_id": "68083bbb-f86b-4eec-9024-73b855920f2e",
        "text": "<!subteam^S073HEMKWV7|@hirakawa-adachi-yamamoto-fuse> <@U0331FZTHEK> <@U066P20UQH1>\n発送対応を完了しました！\nDHL Express\nAWB: 6962821121\n\n以上、よろしくお願いいたします。",
        "team": "T033D70RR6H",
        "user_team": "T033D70RR6H",
        "source_team": "T033D70RR6H",
        "user_profile": {
            "avatar_hash": "823d8545f678",
            "image_72": "https:\/\/avatars.slack-edge.com\/2024-04-12\/6946592133062_823d8545f678615a3e0a_72.jpg",
            "first_name": "SATOSHI",
            "real_name": "SATOSHI FURUKAWA",
            "display_name": "古川　敏",
            "team": "T033D70RR6H",
            "name": "jpfreebirds",
            "is_restricted": false,
            "is_ultra_restricted": false
        },
        "thread_ts": "1741485419.586219",
        "parent_user_id": "U066P20UQH1",
        "blocks": [
            {
                "type": "rich_text",
                "block_id": "6PJhn",
                "elements": [
                    {
                        "type": "rich_text_section",
                        "elements": [
                            {
                                "type": "usergroup",
                                "usergroup_id": "S073HEMKWV7"
                            },
                            {
                                "type": "text",
                                "text": " "
                            },
                            {
                                "type": "user",
                                "user_id": "U0331FZTHEK"
                            },
                            {
                                "type": "text",
                                "text": " "
                            },
                            {
                                "type": "user",
                                "user_id": "U066P20UQH1"
                            },
                            {
                                "type": "text",
                                "text": "\n発送対応を完了しました！\nDHL Express\nAWB: 6962821121\n\n以上、よろしくお願いいたします。"
                            }
                        ]
                    }
                ]
            }
        ],
        "reactions": [
            {
                "name": "売上完了",
                "users": [
                    "U0331FZTHEK"
                ],
                "count": 1
            }
        ]
    },
    {
        "user": "U0606SPN4BW",
        "type": "message",
        "ts": "1741720762.199209",
        "client_msg_id": "92562474-10b6-437e-89d2-f778d2d76aeb",
        "text": "<!subteam^S073HEMKWV7|@hirakawa-adachi-yamamoto-fuse> <@U0331FZTHEK>\n発送対応を完了しました！\nDHL\nAWB: *8346801680*\n\n以上、よろしくお願いいたします！",
        "team": "T033D70RR6H",
        "user_team": "T033D70RR6H",
        "source_team": "T033D70RR6H",
        "user_profile": {
            "avatar_hash": "823d8545f678",
            "image_72": "https:\/\/avatars.slack-edge.com\/2024-04-12\/6946592133062_823d8545f678615a3e0a_72.jpg",
            "first_name": "SATOSHI",
            "real_name": "SATOSHI FURUKAWA",
            "display_name": "古川　敏",
            "team": "T033D70RR6H",
            "name": "jpfreebirds",
            "is_restricted": false,
            "is_ultra_restricted": false
        },
        "thread_ts": "1741611996.726619",
        "parent_user_id": "U0606SPN4BW",
        "blocks": [
            {
                "type": "rich_text",
                "block_id": "m5bDW",
                "elements": [
                    {
                        "type": "rich_text_section",
                        "elements": [
                            {
                                "type": "usergroup",
                                "usergroup_id": "S073HEMKWV7"
                            },
                            {
                                "type": "text",
                                "text": " "
                            },
                            {
                                "type": "user",
                                "user_id": "U0331FZTHEK"
                            },
                            {
                                "type": "text",
                                "text": "\n発送対応を完了しました！\nDHL\nAWB: "
                            },
                            {
                                "type": "text",
                                "text": "8346801680",
                                "style": {
                                    "bold": true
                                }
                            },
                            {
                                "type": "text",
                                "text": "\n\n以上、よろしくお願いいたします！"
                            }
                        ]
                    }
                ]
            }
        ],
        "reactions": [
            {
                "name": "売上完了",
                "users": [
                    "U0331FZTHEK"
                ],
                "count": 1
            }
        ]
    },
    {
        "user": "U0606SPN4BW",
        "type": "message",
        "ts": "1741720984.038699",
        "client_msg_id": "9e63700e-9f44-485e-9b0c-5a5a78d286cc",
        "text": "<!subteam^S073HEMKWV7|@hirakawa-adachi-yamamoto-fuse> <@U0331FZTHEK>\n発送対応を完了しました！\nPostNL\nAWB: 3SOPKZ037057197\n\n以上、よろしくお願いいたします！",
        "team": "T033D70RR6H",
        "user_team": "T033D70RR6H",
        "source_team": "T033D70RR6H",
        "user_profile": {
            "avatar_hash": "823d8545f678",
            "image_72": "https:\/\/avatars.slack-edge.com\/2024-04-12\/6946592133062_823d8545f678615a3e0a_72.jpg",
            "first_name": "SATOSHI",
            "real_name": "SATOSHI FURUKAWA",
            "display_name": "古川　敏",
            "team": "T033D70RR6H",
            "name": "jpfreebirds",
            "is_restricted": false,
            "is_ultra_restricted": false
        },
        "thread_ts": "1741619605.082669",
        "parent_user_id": "U0606SPN4BW",
        "blocks": [
            {
                "type": "rich_text",
                "block_id": "WyBwV",
                "elements": [
                    {
                        "type": "rich_text_section",
                        "elements": [
                            {
                                "type": "usergroup",
                                "usergroup_id": "S073HEMKWV7"
                            },
                            {
                                "type": "text",
                                "text": " "
                            },
                            {
                                "type": "user",
                                "user_id": "U0331FZTHEK"
                            },
                            {
                                "type": "text",
                                "text": "\n発送対応を完了しました！\nPostNL\nAWB: 3SOPKZ037057197\n\n以上、よろしくお願いいたします！"
                            }
                        ]
                    }
                ]
            }
        ],
        "reactions": [
            {
                "name": "売上完了",
                "users": [
                    "U0331FZTHEK"
                ],
                "count": 1
            }
        ]
    },
    {
        "user": "U066P20UQH1",
        "type": "message",
        "ts": "1741753092.579729",
        "client_msg_id": "16ebe4b5-0bf8-4662-afa6-3c4e58942caa",
        "text": "<!subteam^S073HEMKWV7|@hirakawa-adachi-yamamoto-fuse> <@U0606SPN4BW>\n*TSE-BRT-SPL-001-25*\n:fr:フランス：BRT-BARITO SAS(alibaba)様からサンプル注文をいただきました。",
        "team": "T033D70RR6H",
        "user_team": "T033D70RR6H",
        "source_team": "T033D70RR6H",
        "user_profile": {
            "avatar_hash": "179323cb3551",
            "image_72": "https:\/\/avatars.slack-edge.com\/2024-04-12\/6955353714228_179323cb3551f7c8ecfe_72.png",
            "first_name": "Haruka",
            "real_name": "Haruka Hayashi",
            "display_name": "林遥香",
            "team": "T033D70RR6H",
            "name": "haru.nboc",
            "is_restricted": false,
            "is_ultra_restricted": false
        },
        "thread_ts": "1741753092.579729",
        "reply_count": 3,
        "reply_users_count": 3,
        "latest_reply": "1741949801.739139",
        "reply_users": [
            "U066P20UQH1",
            "U0331FZTHEK",
            "U0606SPN4BW"
        ],
        "replies": [
            {
                "user": "U066P20UQH1",
                "ts": "1741753138.303699"
            },
            {
                "user": "U0331FZTHEK",
                "ts": "1741755108.867739"
            },
            {
                "user": "U0606SPN4BW",
                "ts": "1741949801.739139"
            }
        ],
        "is_locked": false,
        "subscribed": false,
        "blocks": [
            {
                "type": "rich_text",
                "block_id": "uuOM6",
                "elements": [
                    {
                        "type": "rich_text_section",
                        "elements": [
                            {
                                "type": "usergroup",
                                "usergroup_id": "S073HEMKWV7"
                            },
                            {
                                "type": "text",
                                "text": " "
                            },
                            {
                                "type": "user",
                                "user_id": "U0606SPN4BW"
                            },
                            {
                                "type": "text",
                                "text": "\n"
                            },
                            {
                                "type": "text",
                                "text": "TSE-BRT-SPL-001-25",
                                "style": {
                                    "bold": true
                                }
                            },
                            {
                                "type": "text",
                                "text": "\n"
                            },
                            {
                                "type": "emoji",
                                "name": "fr",
                                "unicode": "1f1eb-1f1f7"
                            },
                            {
                                "type": "text",
                                "text": "フランス：BRT-BARITO SAS(alibaba)様からサンプル注文をいただきました。"
                            }
                        ]
                    }
                ]
            }
        ],
        "reactions": [
            {
                "name": "管理表入力済",
                "users": [
                    "U066P20UQH1"
                ],
                "count": 1
            },
            {
                "name": "ivpl作成済",
                "users": [
                    "U066P20UQH1"
                ],
                "count": 1
            }
        ]
    },
    {
        "user": "U066P20UQH1",
        "type": "message",
        "ts": "1741753138.303699",
        "client_msg_id": "4ffb3eaf-557f-4820-8e59-3960341f1463",
        "text": "<@U0606SPN4BW>\nオランダ事務所から発送をお願いいたします:woman-bowing:\n\n▼内容（4種）\nOrganic Matcha Upper 1&amp;2\nOrganic Matcha Middle 1&amp;2\n\n<@U0331FZTHEK>\n入金確認済みですので回収処理をお願いいたします。:woman-bowing:",
        "team": "T033D70RR6H",
        "user_team": "T033D70RR6H",
        "source_team": "T033D70RR6H",
        "user_profile": {
            "avatar_hash": "179323cb3551",
            "image_72": "https:\/\/avatars.slack-edge.com\/2024-04-12\/6955353714228_179323cb3551f7c8ecfe_72.png",
            "first_name": "Haruka",
            "real_name": "Haruka Hayashi",
            "display_name": "林遥香",
            "team": "T033D70RR6H",
            "name": "haru.nboc",
            "is_restricted": false,
            "is_ultra_restricted": false
        },
        "thread_ts": "1741753092.579729",
        "parent_user_id": "U066P20UQH1",
        "blocks": [
            {
                "type": "rich_text",
                "block_id": "M\/gQD",
                "elements": [
                    {
                        "type": "rich_text_section",
                        "elements": [
                            {
                                "type": "user",
                                "user_id": "U0606SPN4BW"
                            },
                            {
                                "type": "text",
                                "text": "\nオランダ事務所から発送をお願いいたします"
                            },
                            {
                                "type": "emoji",
                                "name": "woman-bowing",
                                "unicode": "1f647-200d-2640-fe0f"
                            },
                            {
                                "type": "text",
                                "text": "\n\n▼内容（4種）\nOrganic Matcha Upper 1&2\nOrganic Matcha Middle 1&2\n\n"
                            },
                            {
                                "type": "user",
                                "user_id": "U0331FZTHEK"
                            },
                            {
                                "type": "text",
                                "text": "\n入金確認済みですので回収処理をお願いいたします。"
                            },
                            {
                                "type": "emoji",
                                "name": "woman-bowing",
                                "unicode": "1f647-200d-2640-fe0f"
                            }
                        ]
                    }
                ]
            }
        ],
        "reactions": [
            {
                "name": "d130b000eb8d6784",
                "users": [
                    "U0331FZTHEK"
                ],
                "count": 1
            },
            {
                "name": "承知_致しました",
                "users": [
                    "U0331FZTHEK"
                ],
                "count": 1
            },
            {
                "name": "承知-1",
                "users": [
                    "U0606SPN4BW"
                ],
                "count": 1
            }
        ]
    },
    {
        "user": "U0331FZTHEK",
        "type": "message",
        "ts": "1741755108.867739",
        "client_msg_id": "82aaddf5-a9d4-4792-8d09-4ccfbc4cb946",
        "text": "<@U066P20UQH1>\n <!subteam^S073HEMKWV7|@hirakawa-adachi-yamamoto-fuse>\nご入金を確認致しました。\n・3\/12 [PayPal]\n・30 USD\n回収（入金）処理致します。\nよろしくお願いします。",
        "team": "T033D70RR6H",
        "user_team": "T033D70RR6H",
        "source_team": "T033D70RR6H",
        "user_profile": {
            "avatar_hash": "21cdbd6a05f9",
            "image_72": "https:\/\/avatars.slack-edge.com\/2022-02-16\/3115258488741_21cdbd6a05f9a69110f7_72.png",
            "first_name": "Mitsunobu",
            "real_name": "Mitsunobu Katayose",
            "display_name": "片寄",
            "team": "T033D70RR6H",
            "name": "tousuien03",
            "is_restricted": false,
            "is_ultra_restricted": false
        },
        "thread_ts": "1741753092.579729",
        "parent_user_id": "U066P20UQH1",
        "blocks": [
            {
                "type": "rich_text",
                "block_id": "Rlqfy",
                "elements": [
                    {
                        "type": "rich_text_section",
                        "elements": [
                            {
                                "type": "user",
                                "user_id": "U066P20UQH1"
                            },
                            {
                                "type": "text",
                                "text": "\n "
                            },
                            {
                                "type": "usergroup",
                                "usergroup_id": "S073HEMKWV7"
                            },
                            {
                                "type": "text",
                                "text": "\nご入金を確認致しました。\n・3\/12 [PayPal]\n・30 USD\n回収（入金）処理致します。\nよろしくお願いします。"
                            }
                        ]
                    }
                ]
            }
        ],
        "reactions": [
            {
                "name": "pray",
                "users": [
                    "U066P20UQH1"
                ],
                "count": 1
            },
            {
                "name": "入金完了",
                "users": [
                    "U0331FZTHEK"
                ],
                "count": 1
            }
        ]
    }
]