[
    {
        "user": "U0606SPN4BW",
        "type": "message",
        "ts": "1745653115.813749",
        "client_msg_id": "bd71c78f-512c-44c2-a55f-840554b82ff7",
        "text": "<!subteam^S073HEMKWV7|@hirakawa-adachi-yamamoto-fuse>  cc <!subteam^S072Q871SF9|@oka-matsui-furukawa-hayashi-kimura-hasegawa-kawatani>\n:flag-qa:カタール NAJ-Najla T(アリババ名:Najla s)様からサンプル注文(Shopify)を頂きました。\n*TSE-NAJ-SPL-001-25*",
        "team": "T033D70RR6H",
        "user_team": "T033D70RR6H",
        "source_team": "T033D70RR6H",
        "user_profile": {
            "avatar_hash": "823d8545f678",
            "image_72": "https:\/\/avatars.slack-edge.com\/2024-04-12\/6946592133062_823d8545f678615a3e0a_72.jpg",
            "first_name": "SATOSHI",
            "real_name": "SATOSHI FURUKAWA",
            "display_name": "古川　敏",
            "team": "T033D70RR6H",
            "name": "jpfreebirds",
            "is_restricted": false,
            "is_ultra_restricted": false
        },
        "thread_ts": "1745653115.813749",
        "reply_count": 4,
        "reply_users_count": 3,
        "latest_reply": "1746585364.758709",
        "reply_users": [
            "U0606SPN4BW",
            "U08L89G6JSG",
            "U0331FZTHEK"
        ],
        "replies": [
            {
                "user": "U0606SPN4BW",
                "ts": "1745653181.164259"
            },
            {
                "user": "U08L89G6JSG",
                "ts": "1746091277.230999"
            },
            {
                "user": "U08L89G6JSG",
                "ts": "1746165749.146739"
            },
            {
                "user": "U0331FZTHEK",
                "ts": "1746585364.758709"
            }
        ],
        "is_locked": false,
        "subscribed": true,
        "last_read": "1746585364.758709",
        "blocks": [
            {
                "type": "rich_text",
                "block_id": "cxR1E",
                "elements": [
                    {
                        "type": "rich_text_section",
                        "elements": [
                            {
                                "type": "usergroup",
                                "usergroup_id": "S073HEMKWV7"
                            },
                            {
                                "type": "text",
                                "text": "  cc "
                            },
                            {
                                "type": "usergroup",
                                "usergroup_id": "S072Q871SF9"
                            },
                            {
                                "type": "text",
                                "text": "\n"
                            },
                            {
                                "type": "emoji",
                                "name": "flag-qa",
                                "unicode": "1f1f6-1f1e6"
                            },
                            {
                                "type": "text",
                                "text": "カタール NAJ-Najla T(アリババ名:Najla s)様からサンプル注文(Shopify)を頂きました。\n"
                            },
                            {
                                "type": "text",
                                "text": "TSE-NAJ-SPL-001-25",
                                "style": {
                                    "bold": true
                                }
                            }
                        ]
                    }
                ]
            }
        ]
    },
    {
        "text": "下記へ発送手続き、および発送日のお知らせをお願いします！\n\n\n<@U0331FZTHEK> Shopify payments で 5\/12に着金予定です。着金後、回収処理をお願いいたします！\n\n\n▼サンプル内容 (計 4点)\n&lt;各20g&gt;\nOrganic Matcha Upper - 1 鹿児島製茶 (鹿児島 A)\nOrganic Matcha Upper - 2 鹿児島製茶 (鹿児島 1A)\nOrganic Matcha Middle - 1 鹿児島製茶 (鹿児島 B)\nOrganic Matcha Regular - 2 まるゑい (有機抹茶3000)\n\n\n袋指定なし、\nエージレス無し、\n品名ラベル貼り\n\n\n箱：ボタニカル\n発送:DHL\n\n\n----------------\nName: Najla T\nAddress: Zone 53, street 985, house 52, Doha\nPostal code: -\nCountry: Qata\ne-mail: <mailto:jayyyyy2024@gmail.com|jayyyyy2024@gmail.com>\nPhone: <tel:+97433468314|+974 3346 8314>\n----------------",
        "files": [
            {
                "id": "F08PX41BJR1",
                "created": 1745653169,
                "timestamp": 1745653169,
                "name": "image.png",
                "title": "image.png",
                "mimetype": "image\/png",
                "filetype": "png",
                "pretty_type": "PNG",
                "user": "U0606SPN4BW",
                "user_team": "T033D70RR6H",
                "editable": false,
                "size": 24223,
                "mode": "hosted",
                "is_external": false,
                "external_type": "",
                "is_public": true,
                "public_url_shared": false,
                "display_as_bot": false,
                "username": "",
                "url_private": "https:\/\/files.slack.com\/files-pri\/T033D70RR6H-F08PX41BJR1\/image.png?token=xoxe-3115238875221-9710624591398-9697214945543-aa82359f925d11baadb4ddc07b089467",
                "url_private_download": "https:\/\/files.slack.com\/files-pri\/T033D70RR6H-F08PX41BJR1\/download\/image.png?token=xoxe-3115238875221-9710624591398-9697214945543-aa82359f925d11baadb4ddc07b089467",
                "media_display_type": "unknown",
                "thumb_64": "https:\/\/files.slack.com\/files-tmb\/T033D70RR6H-F08PX41BJR1-366cf06b04\/image_64.png?t=xoxe-3115238875221-9710624591398-9697214945543-aa82359f925d11baadb4ddc07b089467",
                "thumb_80": "https:\/\/files.slack.com\/files-tmb\/T033D70RR6H-F08PX41BJR1-366cf06b04\/image_80.png?t=xoxe-3115238875221-9710624591398-9697214945543-aa82359f925d11baadb4ddc07b089467",
                "thumb_360": "https:\/\/files.slack.com\/files-tmb\/T033D70RR6H-F08PX41BJR1-366cf06b04\/image_360.png?t=xoxe-3115238875221-9710624591398-9697214945543-aa82359f925d11baadb4ddc07b089467",
                "thumb_360_w": 360,
                "thumb_360_h": 89,
                "thumb_480": "https:\/\/files.slack.com\/files-tmb\/T033D70RR6H-F08PX41BJR1-366cf06b04\/image_480.png?t=xoxe-3115238875221-9710624591398-9697214945543-aa82359f925d11baadb4ddc07b089467",
                "thumb_480_w": 480,
                "thumb_480_h": 119,
                "thumb_160": "https:\/\/files.slack.com\/files-tmb\/T033D70RR6H-F08PX41BJR1-366cf06b04\/image_160.png?t=xoxe-3115238875221-9710624591398-9697214945543-aa82359f925d11baadb4ddc07b089467",
                "original_w": 570,
                "original_h": 141,
                "thumb_tiny": "AwALADDQx7mjBz1NLgUmxfSgAwfU0YP940u0elJtHpQAYPqaAPc0uAOlFAH\/2Q==",
                "permalink": "https:\/\/grp-ssm9297.slack.com\/files\/U0331FWGQRM\/F08PX41BJR1\/image.png",
                "permalink_public": "https:\/\/slack-files.com\/T033D70RR6H-F08PX41BJR1-978a01e7ae",
                "is_starred": false,
                "skipped_shares": true,
                "has_rich_preview": false,
                "file_access": "visible"
            }
        ],
        "upload": false,
        "user": "U0606SPN4BW",
        "display_as_bot": false,
        "blocks": [
            {
                "type": "rich_text",
                "block_id": "fZyRV",
                "elements": [
                    {
                        "type": "rich_text_section",
                        "elements": [
                            {
                                "type": "text",
                                "text": "下記へ発送手続き、および発送日のお知らせをお願いします！\n\n\n"
                            },
                            {
                                "type": "user",
                                "user_id": "U0331FZTHEK"
                            },
                            {
                                "type": "text",
                                "text": " Shopify payments で 5\/12に着金予定です。着金後、回収処理をお願いいたします！\n\n\n▼サンプル内容 (計 4点)\n<各20g>\nOrganic Matcha Upper - 1 鹿児島製茶 (鹿児島 A)\nOrganic Matcha Upper - 2 鹿児島製茶 (鹿児島 1A)\nOrganic Matcha Middle - 1 鹿児島製茶 (鹿児島 B)\nOrganic Matcha Regular - 2 まるゑい (有機抹茶3000)\n\n\n袋指定なし、\nエージレス無し、\n品名ラベル貼り\n\n\n箱：ボタニカル\n発送:DHL\n\n\n----------------\nName: Najla T\nAddress: Zone 53, street 985, house 52, Doha\nPostal code: -\nCountry: Qata\ne-mail: "
                            },
                            {
                                "type": "link",
                                "url": "mailto:jayyyyy2024@gmail.com",
                                "text": "jayyyyy2024@gmail.com"
                            },
                            {
                                "type": "text",
                                "text": "\nPhone: "
                            },
                            {
                                "type": "link",
                                "url": "tel:+97433468314",
                                "text": "+974 3346 8314"
                            },
                            {
                                "type": "text",
                                "text": "\n----------------"
                            }
                        ]
                    }
                ]
            }
        ],
        "type": "message",
        "ts": "1745653181.164259",
        "client_msg_id": "4560bc24-7f42-4b84-b9c8-a13fc8d304a2",
        "thread_ts": "1745653115.813749",
        "parent_user_id": "U0606SPN4BW",
        "reactions": [
            {
                "name": "7e6ac2088523a821",
                "users": [
                    "U0331FZTHEK"
                ],
                "count": 1
            },
            {
                "name": "確認致します",
                "users": [
                    "U0331FZTHEK"
                ],
                "count": 1
            }
        ]
    },
    {
        "user": "U08L89G6JSG",
        "type": "message",
        "ts": "1745659137.831859",
        "client_msg_id": "f8d58a64-f946-4e20-bdec-047b7f1fdd16",
        "text": "<@U0331FWGQRM>\n<!subteam^S073HEMKWV7|@hirakawa-adachi-yamamoto-fuse>\n本日DHLにて出荷しました。\nよろしくお願いします。\nAWB No.7007070895",
        "team": "T033D70RR6H",
        "user_team": "T033D70RR6H",
        "source_team": "T033D70RR6H",
        "user_profile": {
            "avatar_hash": "fed0a878533f",
            "image_72": "https:\/\/avatars.slack-edge.com\/2025-03-31\/8678953673334_fed0a878533f1e7c9560_72.png",
            "first_name": "yokoi",
            "real_name": "yokoi",
            "display_name": "横井",
            "team": "T033D70RR6H",
            "name": "tousuien.yokoi",
            "is_restricted": false,
            "is_ultra_restricted": false
        },
        "thread_ts": "1745537476.644219",
        "parent_user_id": "U0331FWGQRM",
        "blocks": [
            {
                "type": "rich_text",
                "block_id": "dXixE",
                "elements": [
                    {
                        "type": "rich_text_section",
                        "elements": [
                            {
                                "type": "user",
                                "user_id": "U0331FWGQRM"
                            },
                            {
                                "type": "text",
                                "text": "\n"
                            },
                            {
                                "type": "usergroup",
                                "usergroup_id": "S073HEMKWV7"
                            },
                            {
                                "type": "text",
                                "text": "\n本日DHLにて出荷しました。\nよろしくお願いします。\nAWB No.7007070895"
                            }
                        ]
                    }
                ]
            }
        ]
    },
    {
        "user": "U08L89G6JSG",
        "type": "message",
        "ts": "1745659322.259069",
        "client_msg_id": "66cd45a3-477f-461c-a7f8-07a2a3f9dad1",
        "text": "<@U066P20UQH1>\n<!subteam^S073HEMKWV7|@hirakawa-adachi-yamamoto-fuse>\n本日DHLにて出荷しました。\nよろしくお願いします。\nAWB No.7007070943",
        "team": "T033D70RR6H",
        "user_team": "T033D70RR6H",
        "source_team": "T033D70RR6H",
        "user_profile": {
            "avatar_hash": "fed0a878533f",
            "image_72": "https:\/\/avatars.slack-edge.com\/2025-03-31\/8678953673334_fed0a878533f1e7c9560_72.png",
            "first_name": "yokoi",
            "real_name": "yokoi",
            "display_name": "横井",
            "team": "T033D70RR6H",
            "name": "tousuien.yokoi",
            "is_restricted": false,
            "is_ultra_restricted": false
        },
        "thread_ts": "1745538956.562679",
        "parent_user_id": "U066P20UQH1",
        "blocks": [
            {
                "type": "rich_text",
                "block_id": "XsZrX",
                "elements": [
                    {
                        "type": "rich_text_section",
                        "elements": [
                            {
                                "type": "user",
                                "user_id": "U066P20UQH1"
                            },
                            {
                                "type": "text",
                                "text": "\n"
                            },
                            {
                                "type": "usergroup",
                                "usergroup_id": "S073HEMKWV7"
                            },
                            {
                                "type": "text",
                                "text": "\n本日DHLにて出荷しました。\nよろしくお願いします。\nAWB No.7007070943"
                            }
                        ]
                    }
                ]
            }
        ],
        "reactions": [
            {
                "name": "あり",
                "users": [
                    "U066P20UQH1"
                ],
                "count": 1
            },
            {
                "name": "連絡完了",
                "users": [
                    "U066P20UQH1"
                ],
                "count": 1
            }
        ]
    },
    {
        "user": "U0606SPN4BW",
        "type": "message",
        "ts": "1745660379.491739",
        "client_msg_id": "1abea768-b48e-447f-b86a-8fd77d6a9f65",
        "text": "<!subteam^S073HEMKWV7|@hirakawa-adachi-yamamoto-fuse> cc <!subteam^S072Q871SF9|@oka-matsui-furukawa-hayashi-kimura-hasegawa-kawatani>\n:flag-nl:オランダ CSK-Cansu Kaya様からサンプル注文を頂きました。\n*TSE-CSK-SPL-001-25*",
        "team": "T033D70RR6H",
        "user_team": "T033D70RR6H",
        "source_team": "T033D70RR6H",
        "user_profile": {
            "avatar_hash": "823d8545f678",
            "image_72": "https:\/\/avatars.slack-edge.com\/2024-04-12\/6946592133062_823d8545f678615a3e0a_72.jpg",
            "first_name": "SATOSHI",
            "real_name": "SATOSHI FURUKAWA",
            "display_name": "古川　敏",
            "team": "T033D70RR6H",
            "name": "jpfreebirds",
            "is_restricted": false,
            "is_ultra_restricted": false
        },
        "thread_ts": "1745660379.491739",
        "reply_count": 4,
        "reply_users_count": 4,
        "latest_reply": "1746166835.642979",
        "reply_users": [
            "U0606SPN4BW",
            "U0331FZTHEK",
            "U0840UVFVA8",
            "U08L89G6JSG"
        ],
        "replies": [
            {
                "user": "U0606SPN4BW",
                "ts": "1745660424.228649"
            },
            {
                "user": "U0331FZTHEK",
                "ts": "1745660738.359139"
            },
            {
                "user": "U0840UVFVA8",
                "ts": "1745890046.388549"
            },
            {
                "user": "U08L89G6JSG",
                "ts": "1746166835.642979"
            }
        ],
        "is_locked": false,
        "subscribed": true,
        "last_read": "1746166835.642979",
        "blocks": [
            {
                "type": "rich_text",
                "block_id": "wEMoC",
                "elements": [
                    {
                        "type": "rich_text_section",
                        "elements": [
                            {
                                "type": "usergroup",
                                "usergroup_id": "S073HEMKWV7"
                            },
                            {
                                "type": "text",
                                "text": " cc "
                            },
                            {
                                "type": "usergroup",
                                "usergroup_id": "S072Q871SF9"
                            },
                            {
                                "type": "text",
                                "text": "\n"
                            },
                            {
                                "type": "emoji",
                                "name": "flag-nl",
                                "unicode": "1f1f3-1f1f1"
                            },
                            {
                                "type": "text",
                                "text": "オランダ CSK-Cansu Kaya様からサンプル注文を頂きました。\n"
                            },
                            {
                                "type": "text",
                                "text": "TSE-CSK-SPL-001-25",
                                "style": {
                                    "bold": true
                                }
                            }
                        ]
                    }
                ]
            }
        ]
    },
    {
        "user": "U0606SPN4BW",
        "type": "message",
        "ts": "1745660424.228649",
        "client_msg_id": "6c0f03de-f458-449d-ba13-0efb660c806a",
        "text": "下記へ発送手続き、および発送日のお知らせをお願いします！\n\n\n<@U0331FZTHEK> 入金確認済み(PayPal), 回収処理をお願いいたします！\n\n\n▼サンプル内容 (計 6点)\n&lt;各20g&gt;\nOrganic Matcha Upper - 1 鹿児島製茶 (鹿児島 A)\nOrganic Matcha Upper - 2 鹿児島製茶 (鹿児島 1A)\nOrganic Matcha Middle - 1 鹿児島製茶 (鹿児島 B)\nNon organic Matcha Upper - 1 出雲精茶 (出雲精茶G)\nNon organic Matcha Upper - 2 出雲精茶 (出雲精茶R)\nNon organic Matcha Middle - 1 出雲精茶 (出雲精茶T)\n\n袋指定なし、\nエージレス無し、\n品名ラベル貼り\n\n\n箱：ボタニカル\n発送:DHL\n\n\n-----------------------------\nName: Cansu Kaya\nAddress: Vijverzicht 2, Den Haag, Netherlands\nPostcode: 2543 AS\ne-mail: <mailto:c.kaya22@outlook.com|c.kaya22@outlook.com>\nPhone: <tel:+31624080983|+31 624080983>\n-----------------------------",
        "team": "T033D70RR6H",
        "user_team": "T033D70RR6H",
        "source_team": "T033D70RR6H",
        "user_profile": {
            "avatar_hash": "823d8545f678",
            "image_72": "https:\/\/avatars.slack-edge.com\/2024-04-12\/6946592133062_823d8545f678615a3e0a_72.jpg",
            "first_name": "SATOSHI",
            "real_name": "SATOSHI FURUKAWA",
            "display_name": "古川　敏",
            "team": "T033D70RR6H",
            "name": "jpfreebirds",
            "is_restricted": false,
            "is_ultra_restricted": false
        },
        "thread_ts": "1745660379.491739",
        "parent_user_id": "U0606SPN4BW",
        "blocks": [
            {
                "type": "rich_text",
                "block_id": "AZm6f",
                "elements": [
                    {
                        "type": "rich_text_section",
                        "elements": [
                            {
                                "type": "text",
                                "text": "下記へ発送手続き、および発送日のお知らせをお願いします！\n\n\n"
                            },
                            {
                                "type": "user",
                                "user_id": "U0331FZTHEK"
                            },
                            {
                                "type": "text",
                                "text": " 入金確認済み(PayPal), 回収処理をお願いいたします！\n\n\n▼サンプル内容 (計 6点)\n<各20g>\nOrganic Matcha Upper - 1 鹿児島製茶 (鹿児島 A)\nOrganic Matcha Upper - 2 鹿児島製茶 (鹿児島 1A)\nOrganic Matcha Middle - 1 鹿児島製茶 (鹿児島 B)\nNon organic Matcha Upper - 1 出雲精茶 (出雲精茶G)\nNon organic Matcha Upper - 2 出雲精茶 (出雲精茶R)\nNon organic Matcha Middle - 1 出雲精茶 (出雲精茶T)\n\n袋指定なし、\nエージレス無し、\n品名ラベル貼り\n\n\n箱：ボタニカル\n発送:DHL\n\n\n-----------------------------\nName: Cansu Kaya\nAddress: Vijverzicht 2, Den Haag, Netherlands\nPostcode: 2543 AS\ne-mail: "
                            },
                            {
                                "type": "link",
                                "url": "mailto:c.kaya22@outlook.com",
                                "text": "c.kaya22@outlook.com"
                            },
                            {
                                "type": "text",
                                "text": "\nPhone: "
                            },
                            {
                                "type": "link",
                                "url": "tel:+31624080983",
                                "text": "+31 624080983"
                            },
                            {
                                "type": "text",
                                "text": "\n-----------------------------"
                            }
                        ]
                    }
                ]
            }
        ],
        "reactions": [
            {
                "name": "d130b000eb8d6784",
                "users": [
                    "U0331FZTHEK"
                ],
                "count": 1
            },
            {
                "name": "7e6ac2088523a821",
                "users": [
                    "U0331FZTHEK"
                ],
                "count": 1
            }
        ]
    },
    {
        "user": "U0331FZTHEK",
        "type": "message",
        "ts": "1745660738.359139",
        "client_msg_id": "df555e59-a76f-465d-9590-aa77fa227d64",
        "text": "<@U0606SPN4BW>\n <!subteam^S073HEMKWV7|@hirakawa-adachi-yamamoto-fuse>\nご入金を確認致しました。\n・4\/26 [PayPal]\n・30 USD\n回収（入金）処理致します。\nよろしくお願いします。",
        "team": "T033D70RR6H",
        "user_team": "T033D70RR6H",
        "source_team": "T033D70RR6H",
        "user_profile": {
            "avatar_hash": "21cdbd6a05f9",
            "image_72": "https:\/\/avatars.slack-edge.com\/2022-02-16\/3115258488741_21cdbd6a05f9a69110f7_72.png",
            "first_name": "Mitsunobu",
            "real_name": "Mitsunobu Katayose",
            "display_name": "片寄",
            "team": "T033D70RR6H",
            "name": "tousuien03",
            "is_restricted": false,
            "is_ultra_restricted": false
        },
        "thread_ts": "1745660379.491739",
        "parent_user_id": "U0606SPN4BW",
        "blocks": [
            {
                "type": "rich_text",
                "block_id": "DEUi5",
                "elements": [
                    {
                        "type": "rich_text_section",
                        "elements": [
                            {
                                "type": "user",
                                "user_id": "U0606SPN4BW"
                            },
                            {
                                "type": "text",
                                "text": "\n "
                            },
                            {
                                "type": "usergroup",
                                "usergroup_id": "S073HEMKWV7"
                            },
                            {
                                "type": "text",
                                "text": "\nご入金を確認致しました。\n・4\/26 [PayPal]\n・30 USD\n回収（入金）処理致します。\nよろしくお願いします。"
                            }
                        ]
                    }
                ]
            }
        ],
        "reactions": [
            {
                "name": "d130b000eb8d6784",
                "users": [
                    "U0606SPN4BW"
                ],
                "count": 1
            },
            {
                "name": "入金完了",
                "users": [
                    "U0331FZTHEK"
                ],
                "count": 1
            }
        ]
    },
    {
        "user": "U0840UVFVA8",
        "type": "message",
        "ts": "1745665709.894539",
        "client_msg_id": "0592e5e3-fdeb-4629-b8cc-cbd089621415",
        "text": "<@U08N3SKSL75> <!subteam^S073HEMKWV7|@hirakawa-adachi-yamamoto-fuse> <!subteam^S088LEJ1U5T|@kanayama-fukui-miyoshi-yokoi-takuwa-hara-imaoka-agou>\n出荷可能日：4\/28",
        "team": "T033D70RR6H",
        "user_team": "T033D70RR6H",
        "source_team": "T033D70RR6H",
        "user_profile": {
            "avatar_hash": "g0c71d8d4168",
            "image_72": "https:\/\/secure.gravatar.com\/avatar\/0c71d8d4168211b07b8a8e20b40c036c.jpg?s=72&d=https%3A%2F%2Fa.slack-edge.com%2Fdf10d%2Fimg%2Favatars%2Fava_0023-72.png",
            "first_name": "kanayama",
            "real_name": "kanayama",
            "display_name": "金山",
            "team": "T033D70RR6H",
            "name": "kanayama-is",
            "is_restricted": false,
            "is_ultra_restricted": false
        },
        "thread_ts": "1745230814.374449",
        "parent_user_id": "U08N3SKSL75",
        "blocks": [
            {
                "type": "rich_text",
                "block_id": "q1CYZ",
                "elements": [
                    {
                        "type": "rich_text_section",
                        "elements": [
                            {
                                "type": "user",
                                "user_id": "U08N3SKSL75"
                            },
                            {
                                "type": "text",
                                "text": " "
                            },
                            {
                                "type": "usergroup",
                                "usergroup_id": "S073HEMKWV7"
                            },
                            {
                                "type": "text",
                                "text": " "
                            },
                            {
                                "type": "usergroup",
                                "usergroup_id": "S088LEJ1U5T"
                            },
                            {
                                "type": "text",
                                "text": "\n出荷可能日：4\/28"
                            }
                        ]
                    }
                ]
            }
        ],
        "reactions": [
            {
                "name": "gratitude-arigatou-gozaimasu",
                "users": [
                    "U08N3SKSL75"
                ],
                "count": 1
            }
        ]
    },
    {
        "user": "U0840UVFVA8",
        "type": "message",
        "ts": "1745666229.542159",
        "client_msg_id": "5bdc7c02-3018-467d-8f32-ab90d827a315",
        "text": "<@U066P20UQH1> <!subteam^S073HEMKWV7|@hirakawa-adachi-yamamoto-fuse> <!subteam^S088LEJ1U5T|@kanayama-fukui-miyoshi-yokoi-takuwa-hara-imaoka-agou>\n出荷可能日：4\/28",
        "team": "T033D70RR6H",
        "user_team": "T033D70RR6H",
        "source_team": "T033D70RR6H",
        "user_profile": {
            "avatar_hash": "g0c71d8d4168",
            "image_72": "https:\/\/secure.gravatar.com\/avatar\/0c71d8d4168211b07b8a8e20b40c036c.jpg?s=72&d=https%3A%2F%2Fa.slack-edge.com%2Fdf10d%2Fimg%2Favatars%2Fava_0023-72.png",
            "first_name": "kanayama",
            "real_name": "kanayama",
            "display_name": "金山",
            "team": "T033D70RR6H",
            "name": "kanayama-is",
            "is_restricted": false,
            "is_ultra_restricted": false
        },
        "thread_ts": "1745452527.311739",
        "parent_user_id": "U066P20UQH1",
        "blocks": [
            {
                "type": "rich_text",
                "block_id": "udM0a",
                "elements": [
                    {
                        "type": "rich_text_section",
                        "elements": [
                            {
                                "type": "user",
                                "user_id": "U066P20UQH1"
                            },
                            {
                                "type": "text",
                                "text": " "
                            },
                            {
                                "type": "usergroup",
                                "usergroup_id": "S073HEMKWV7"
                            },
                            {
                                "type": "text",
                                "text": " "
                            },
                            {
                                "type": "usergroup",
                                "usergroup_id": "S088LEJ1U5T"
                            },
                            {
                                "type": "text",
                                "text": "\n出荷可能日：4\/28"
                            }
                        ]
                    }
                ]
            }
        ]
    },
    {
        "user": "U0840UVFVA8",
        "type": "message",
        "ts": "1745667207.958769",
        "client_msg_id": "05c51948-45cf-43e9-b5a1-88866abb7401",
        "text": "<@U08N3SKSL75> <!subteam^S072Q871SF9|@oka-matsui-furukawa-hayashi-kimura-hasegawa-kawatani> <!subteam^S088LEJ1U5T|@kanayama-fukui-miyoshi-yokoi-takuwa-hara-imaoka-agou>\n出荷可能日4\/28",
        "team": "T033D70RR6H",
        "user_team": "T033D70RR6H",
        "source_team": "T033D70RR6H",
        "user_profile": {
            "avatar_hash": "g0c71d8d4168",
            "image_72": "https:\/\/secure.gravatar.com\/avatar\/0c71d8d4168211b07b8a8e20b40c036c.jpg?s=72&d=https%3A%2F%2Fa.slack-edge.com%2Fdf10d%2Fimg%2Favatars%2Fava_0023-72.png",
            "first_name": "kanayama",
            "real_name": "kanayama",
            "display_name": "金山",
            "team": "T033D70RR6H",
            "name": "kanayama-is",
            "is_restricted": false,
            "is_ultra_restricted": false
        },
        "thread_ts": "1745372897.111349",
        "parent_user_id": "U08N3SKSL75",
        "blocks": [
            {
                "type": "rich_text",
                "block_id": "D4BuD",
                "elements": [
                    {
                        "type": "rich_text_section",
                        "elements": [
                            {
                                "type": "user",
                                "user_id": "U08N3SKSL75"
                            },
                            {
                                "type": "text",
                                "text": " "
                            },
                            {
                                "type": "usergroup",
                                "usergroup_id": "S072Q871SF9"
                            },
                            {
                                "type": "text",
                                "text": " "
                            },
                            {
                                "type": "usergroup",
                                "usergroup_id": "S088LEJ1U5T"
                            },
                            {
                                "type": "text",
                                "text": "\n出荷可能日4\/28"
                            }
                        ]
                    }
                ]
            }
        ],
        "reactions": [
            {
                "name": "gratitude-arigatou-gozaimasu",
                "users": [
                    "U08N3SKSL75"
                ],
                "count": 1
            }
        ]
    },
    {
        "user": "U0840UVFVA8",
        "type": "message",
        "ts": "1745667445.529359",
        "client_msg_id": "3eadf7d9-cbfc-4980-8139-83309c70adbc",
        "text": "<@U08N3SKSL75> <!subteam^S073HEMKWV7|@hirakawa-adachi-yamamoto-fuse> <!subteam^S088LEJ1U5T|@kanayama-fukui-miyoshi-yokoi-takuwa-hara-imaoka-agou>\n出荷可能日：4\/28",
        "team": "T033D70RR6H",
        "user_team": "T033D70RR6H",
        "source_team": "T033D70RR6H",
        "user_profile": {
            "avatar_hash": "g0c71d8d4168",
            "image_72": "https:\/\/secure.gravatar.com\/avatar\/0c71d8d4168211b07b8a8e20b40c036c.jpg?s=72&d=https%3A%2F%2Fa.slack-edge.com%2Fdf10d%2Fimg%2Favatars%2Fava_0023-72.png",
            "first_name": "kanayama",
            "real_name": "kanayama",
            "display_name": "金山",
            "team": "T033D70RR6H",
            "name": "kanayama-is",
            "is_restricted": false,
            "is_ultra_restricted": false
        },
        "thread_ts": "1745382714.403149",
        "parent_user_id": "U066P20UQH1",
        "blocks": [
            {
                "type": "rich_text",
                "block_id": "q1CYZ",
                "elements": [
                    {
                        "type": "rich_text_section",
                        "elements": [
                            {
                                "type": "user",
                                "user_id": "U08N3SKSL75"
                            },
                            {
                                "type": "text",
                                "text": " "
                            },
                            {
                                "type": "usergroup",
                                "usergroup_id": "S073HEMKWV7"
                            },
                            {
                                "type": "text",
                                "text": " "
                            },
                            {
                                "type": "usergroup",
                                "usergroup_id": "S088LEJ1U5T"
                            },
                            {
                                "type": "text",
                                "text": "\n出荷可能日：4\/28"
                            }
                        ]
                    }
                ]
            }
        ],
        "reactions": [
            {
                "name": "ありかとう",
                "users": [
                    "U066P20UQH1"
                ],
                "count": 1
            }
        ]
    },
    {
        "user": "U0840UVFVA8",
        "type": "message",
        "ts": "1745667645.624389",
        "client_msg_id": "61a1d0d1-1a46-40c7-b45d-46737becf59c",
        "text": "<@U08N3SKSL75> <!subteam^S073HEMKWV7|@hirakawa-adachi-yamamoto-fuse> <!subteam^S088LEJ1U5T|@kanayama-fukui-miyoshi-yokoi-takuwa-hara-imaoka-agou>\n出荷可能日：4\/28",
        "team": "T033D70RR6H",
        "user_team": "T033D70RR6H",
        "source_team": "T033D70RR6H",
        "user_profile": {
            "avatar_hash": "g0c71d8d4168",
            "image_72": "https:\/\/secure.gravatar.com\/avatar\/0c71d8d4168211b07b8a8e20b40c036c.jpg?s=72&d=https%3A%2F%2Fa.slack-edge.com%2Fdf10d%2Fimg%2Favatars%2Fava_0023-72.png",
            "first_name": "kanayama",
            "real_name": "kanayama",
            "display_name": "金山",
            "team": "T033D70RR6H",
            "name": "kanayama-is",
            "is_restricted": false,
            "is_ultra_restricted": false
        },
        "thread_ts": "1745389527.704959",
        "parent_user_id": "U08N3SKSL75",
        "blocks": [
            {
                "type": "rich_text",
                "block_id": "q1CYZ",
                "elements": [
                    {
                        "type": "rich_text_section",
                        "elements": [
                            {
                                "type": "user",
                                "user_id": "U08N3SKSL75"
                            },
                            {
                                "type": "text",
                                "text": " "
                            },
                            {
                                "type": "usergroup",
                                "usergroup_id": "S073HEMKWV7"
                            },
                            {
                                "type": "text",
                                "text": " "
                            },
                            {
                                "type": "usergroup",
                                "usergroup_id": "S088LEJ1U5T"
                            },
                            {
                                "type": "text",
                                "text": "\n出荷可能日：4\/28"
                            }
                        ]
                    }
                ]
            }
        ],
        "reactions": [
            {
                "name": "gratitude-arigatou-gozaimasu",
                "users": [
                    "U08N3SKSL75"
                ],
                "count": 1
            },
            {
                "name": "d130b000eb8d6784",
                "users": [
                    "U08N3SKSL75"
                ],
                "count": 1
            }
        ]
    },
    {
        "user": "U0840UVFVA8",
        "type": "message",
        "ts": "1745668092.014059",
        "client_msg_id": "1f4f962c-7e7e-4831-a1a0-742970e2fa50",
        "text": "<@U066P20UQH1> <!subteam^S073HEMKWV7|@hirakawa-adachi-yamamoto-fuse> <!subteam^S088LEJ1U5T|@kanayama-fukui-miyoshi-yokoi-takuwa-hara-imaoka-agou>\n出荷可能日：4\/30",
        "team": "T033D70RR6H",
        "user_team": "T033D70RR6H",
        "source_team": "T033D70RR6H",
        "user_profile": {
            "avatar_hash": "g0c71d8d4168",
            "image_72": "https:\/\/secure.gravatar.com\/avatar\/0c71d8d4168211b07b8a8e20b40c036c.jpg?s=72&d=https%3A%2F%2Fa.slack-edge.com%2Fdf10d%2Fimg%2Favatars%2Fava_0023-72.png",
            "first_name": "kanayama",
            "real_name": "kanayama",
            "display_name": "金山",
            "team": "T033D70RR6H",
            "name": "kanayama-is",
            "is_restricted": false,
            "is_ultra_restricted": false
        },
        "thread_ts": "1745446812.678569",
        "parent_user_id": "U066P20UQH1",
        "blocks": [
            {
                "type": "rich_text",
                "block_id": "KUhSU",
                "elements": [
                    {
                        "type": "rich_text_section",
                        "elements": [
                            {
                                "type": "user",
                                "user_id": "U066P20UQH1"
                            },
                            {
                                "type": "text",
                                "text": " "
                            },
                            {
                                "type": "usergroup",
                                "usergroup_id": "S073HEMKWV7"
                            },
                            {
                                "type": "text",
                                "text": " "
                            },
                            {
                                "type": "usergroup",
                                "usergroup_id": "S088LEJ1U5T"
                            },
                            {
                                "type": "text",
                                "text": "\n出荷可能日：4\/30"
                            }
                        ]
                    }
                ]
            }
        ],
        "reactions": [
            {
                "name": "ありかとう",
                "users": [
                    "U066P20UQH1"
                ],
                "count": 1
            }
        ]
    },
    {
        "user": "U0840UVFVA8",
        "type": "message",
        "ts": "1745669042.562639",
        "client_msg_id": "9bfe01e9-8c39-4395-8464-ece33fc511c1",
        "text": "<@U066P20UQH1> <!subteam^S073HEMKWV7|@hirakawa-adachi-yamamoto-fuse> <!subteam^S088LEJ1U5T|@kanayama-fukui-miyoshi-yokoi-takuwa-hara-imaoka-agou>\n出荷可能日：4\/30",
        "team": "T033D70RR6H",
        "user_team": "T033D70RR6H",
        "source_team": "T033D70RR6H",
        "user_profile": {
            "avatar_hash": "g0c71d8d4168",
            "image_72": "https:\/\/secure.gravatar.com\/avatar\/0c71d8d4168211b07b8a8e20b40c036c.jpg?s=72&d=https%3A%2F%2Fa.slack-edge.com%2Fdf10d%2Fimg%2Favatars%2Fava_0023-72.png",
            "first_name": "kanayama",
            "real_name": "kanayama",
            "display_name": "金山",
            "team": "T033D70RR6H",
            "name": "kanayama-is",
            "is_restricted": false,
            "is_ultra_restricted": false
        },
        "thread_ts": "1745412699.052939",
        "parent_user_id": "U066P20UQH1",
        "blocks": [
            {
                "type": "rich_text",
                "block_id": "KUhSU",
                "elements": [
                    {
                        "type": "rich_text_section",
                        "elements": [
                            {
                                "type": "user",
                                "user_id": "U066P20UQH1"
                            },
                            {
                                "type": "text",
                                "text": " "
                            },
                            {
                                "type": "usergroup",
                                "usergroup_id": "S073HEMKWV7"
                            },
                            {
                                "type": "text",
                                "text": " "
                            },
                            {
                                "type": "usergroup",
                                "usergroup_id": "S088LEJ1U5T"
                            },
                            {
                                "type": "text",
                                "text": "\n出荷可能日：4\/30"
                            }
                        ]
                    }
                ]
            }
        ],
        "reactions": [
            {
                "name": "ありかとう",
                "users": [
                    "U066P20UQH1"
                ],
                "count": 1
            }
        ]
    },
    {
        "user": "U0840UVFVA8",
        "type": "message",
        "ts": "1745670103.429619",
        "client_msg_id": "e73db94e-8a69-4e80-a64f-4b6a5eacd8ac",
        "text": "<@U066P20UQH1> <!subteam^S073HEMKWV7|@hirakawa-adachi-yamamoto-fuse> <!subteam^S088LEJ1U5T|@kanayama-fukui-miyoshi-yokoi-takuwa-hara-imaoka-agou>\n出荷可能日：4\/30",
        "team": "T033D70RR6H",
        "user_team": "T033D70RR6H",
        "source_team": "T033D70RR6H",
        "user_profile": {
            "avatar_hash": "g0c71d8d4168",
            "image_72": "https:\/\/secure.gravatar.com\/avatar\/0c71d8d4168211b07b8a8e20b40c036c.jpg?s=72&d=https%3A%2F%2Fa.slack-edge.com%2Fdf10d%2Fimg%2Favatars%2Fava_0023-72.png",
            "first_name": "kanayama",
            "real_name": "kanayama",
            "display_name": "金山",
            "team": "T033D70RR6H",
            "name": "kanayama-is",
            "is_restricted": false,
            "is_ultra_restricted": false
        },
        "thread_ts": "1745413323.045389",
        "parent_user_id": "U066P20UQH1",
        "blocks": [
            {
                "type": "rich_text",
                "block_id": "KUhSU",
                "elements": [
                    {
                        "type": "rich_text_section",
                        "elements": [
                            {
                                "type": "user",
                                "user_id": "U066P20UQH1"
                            },
                            {
                                "type": "text",
                                "text": " "
                            },
                            {
                                "type": "usergroup",
                                "usergroup_id": "S073HEMKWV7"
                            },
                            {
                                "type": "text",
                                "text": " "
                            },
                            {
                                "type": "usergroup",
                                "usergroup_id": "S088LEJ1U5T"
                            },
                            {
                                "type": "text",
                                "text": "\n出荷可能日：4\/30"
                            }
                        ]
                    }
                ]
            }
        ],
        "reactions": [
            {
                "name": "ありかとう",
                "users": [
                    "U066P20UQH1"
                ],
                "count": 1
            }
        ]
    },
    {
        "user": "U0840UVFVA8",
        "type": "message",
        "ts": "1745670363.065239",
        "client_msg_id": "3420cd68-d0b3-421b-99de-b271bd3a51e1",
        "text": "<@U0606SPN4BW> <!subteam^S073HEMKWV7|@hirakawa-adachi-yamamoto-fuse> <!subteam^S088LEJ1U5T|@kanayama-fukui-miyoshi-yokoi-takuwa-hara-imaoka-agou>\n出荷可能日：4\/30",
        "team": "T033D70RR6H",
        "user_team": "T033D70RR6H",
        "source_team": "T033D70RR6H",
        "user_profile": {
            "avatar_hash": "g0c71d8d4168",
            "image_72": "https:\/\/secure.gravatar.com\/avatar\/0c71d8d4168211b07b8a8e20b40c036c.jpg?s=72&d=https%3A%2F%2Fa.slack-edge.com%2Fdf10d%2Fimg%2Favatars%2Fava_0023-72.png",
            "first_name": "kanayama",
            "real_name": "kanayama",
            "display_name": "金山",
            "team": "T033D70RR6H",
            "name": "kanayama-is",
            "is_restricted": false,
            "is_ultra_restricted": false
        },
        "thread_ts": "1745414324.381129",
        "parent_user_id": "U0606SPN4BW",
        "blocks": [
            {
                "type": "rich_text",
                "block_id": "6QMww",
                "elements": [
                    {
                        "type": "rich_text_section",
                        "elements": [
                            {
                                "type": "user",
                                "user_id": "U0606SPN4BW"
                            },
                            {
                                "type": "text",
                                "text": " "
                            },
                            {
                                "type": "usergroup",
                                "usergroup_id": "S073HEMKWV7"
                            },
                            {
                                "type": "text",
                                "text": " "
                            },
                            {
                                "type": "usergroup",
                                "usergroup_id": "S088LEJ1U5T"
                            },
                            {
                                "type": "text",
                                "text": "\n出荷可能日：4\/30"
                            }
                        ]
                    }
                ]
            }
        ],
        "reactions": [
            {
                "name": "d130b000eb8d6784",
                "users": [
                    "U0606SPN4BW"
                ],
                "count": 1
            }
        ]
    },
    {
        "user": "U0840UVFVA8",
        "type": "message",
        "ts": "1745670689.352929",
        "client_msg_id": "05cdb216-6d9f-4f76-922f-7c21dadb0b42",
        "text": "<@U066P20UQH1> <!subteam^S073HEMKWV7|@hirakawa-adachi-yamamoto-fuse> <!subteam^S088LEJ1U5T|@kanayama-fukui-miyoshi-yokoi-takuwa-hara-imaoka-agou>\n出荷可能日：4\/30",
        "team": "T033D70RR6H",
        "user_team": "T033D70RR6H",
        "source_team": "T033D70RR6H",
        "user_profile": {
            "avatar_hash": "g0c71d8d4168",
            "image_72": "https:\/\/secure.gravatar.com\/avatar\/0c71d8d4168211b07b8a8e20b40c036c.jpg?s=72&d=https%3A%2F%2Fa.slack-edge.com%2Fdf10d%2Fimg%2Favatars%2Fava_0023-72.png",
            "first_name": "kanayama",
            "real_name": "kanayama",
            "display_name": "金山",
            "team": "T033D70RR6H",
            "name": "kanayama-is",
            "is_restricted": false,
            "is_ultra_restricted": false
        },
        "thread_ts": "1745414041.775279",
        "parent_user_id": "U066P20UQH1",
        "blocks": [
            {
                "type": "rich_text",
                "block_id": "KUhSU",
                "elements": [
                    {
                        "type": "rich_text_section",
                        "elements": [
                            {
                                "type": "user",
                                "user_id": "U066P20UQH1"
                            },
                            {
                                "type": "text",
                                "text": " "
                            },
                            {
                                "type": "usergroup",
                                "usergroup_id": "S073HEMKWV7"
                            },
                            {
                                "type": "text",
                                "text": " "
                            },
                            {
                                "type": "usergroup",
                                "usergroup_id": "S088LEJ1U5T"
                            },
                            {
                                "type": "text",
                                "text": "\n出荷可能日：4\/30"
                            }
                        ]
                    }
                ]
            }
        ],
        "reactions": [
            {
                "name": "ありかとう",
                "users": [
                    "U066P20UQH1"
                ],
                "count": 1
            }
        ]
    }
]