[
    {
        "user": "U0606SPN4BW",
        "type": "message",
        "ts": "1747478852.717009",
        "client_msg_id": "045a5f76-002b-4f4c-b0ea-9cec7c6c23de",
        "text": "<!subteam^S073HEMKWV7|@hirakawa-adachi-yamamoto-fuse>\n1177 :flag-nl:オランダ Kateryna Pyshchykova様(WhatsApp)からサンプル注文を頂きました。\n*TSE-KAT-SPL-001-25*",
        "team": "T033D70RR6H",
        "user_team": "T033D70RR6H",
        "source_team": "T033D70RR6H",
        "user_profile": {
            "avatar_hash": "823d8545f678",
            "image_72": "https:\/\/avatars.slack-edge.com\/2024-04-12\/6946592133062_823d8545f678615a3e0a_72.jpg",
            "first_name": "SATOSHI",
            "real_name": "SATOSHI FURUKAWA",
            "display_name": "古川　敏",
            "team": "T033D70RR6H",
            "name": "jpfreebirds",
            "is_restricted": false,
            "is_ultra_restricted": false
        },
        "thread_ts": "1747478852.717009",
        "reply_count": 3,
        "reply_users_count": 2,
        "latest_reply": "1747608071.157399",
        "reply_users": [
            "U0606SPN4BW",
            "U0331FZTHEK"
        ],
        "replies": [
            {
                "user": "U0606SPN4BW",
                "ts": "1747478908.266649"
            },
            {
                "user": "U0606SPN4BW",
                "ts": "1747478972.951959"
            },
            {
                "user": "U0331FZTHEK",
                "ts": "1747608071.157399"
            }
        ],
        "is_locked": false,
        "subscribed": false,
        "blocks": [
            {
                "type": "rich_text",
                "block_id": "UJUzz",
                "elements": [
                    {
                        "type": "rich_text_section",
                        "elements": [
                            {
                                "type": "usergroup",
                                "usergroup_id": "S073HEMKWV7"
                            },
                            {
                                "type": "text",
                                "text": "\n1177 "
                            },
                            {
                                "type": "emoji",
                                "name": "flag-nl",
                                "unicode": "1f1f3-1f1f1"
                            },
                            {
                                "type": "text",
                                "text": "オランダ Kateryna Pyshchykova様(WhatsApp)からサンプル注文を頂きました。\n"
                            },
                            {
                                "type": "text",
                                "text": "TSE-KAT-SPL-001-25",
                                "style": {
                                    "bold": true
                                }
                            }
                        ]
                    }
                ]
            }
        ]
    },
    {
        "user": "U0606SPN4BW",
        "type": "message",
        "ts": "1747478908.266649",
        "client_msg_id": "2fb36659-adc9-4b5f-8d3e-89cd4bec87c5",
        "text": "オランダ事務所から発送します！\n（*2024の参考サンプルとして了承済み。）\n\n\n<@U0331FZTHEK> 入金確認済 (PayPal), 回収処理をお願いします！\n\n\n▼サンプル内容 (計 14点)\n```&lt;各20g&gt;\nOrganic Matcha Upper - 2 鹿児島製茶 (鹿児島 1A)\nOrganic Matcha Middle - 1 鹿児島製茶 (鹿児島 B)\nOrganic Matcha Middle - 2 鹿児島製茶 (鹿児島 C)\nOrganic Matcha Regular - 1 鹿児島製茶（鹿児島D）\nOrganic Matcha Regular - 2 まるゑい（有機抹茶3000）\nNon-organic Matcha Upper - 1 出雲精茶（G）\nNon-organic Matcha Upper - 2 出雲精茶（R）\nNon-organic Matcha Middle - 1 出雲精茶（T）\nNon-organic Matcha Middle - 2 出雲精茶（N）\nNon-organic Matcha Regular - 1 出雲精茶（F）\nNon-organic Matcha Regular - 2 出雲精茶（W）\n\nPull top tin 30g (black)\nZip bag (silver, for 100g)\nZip bag (white, for 200g)\n\n\n袋指定なし、\nエージレス無し、\n品名ラベル貼り\n箱：ボタニカル\n\n\n発送:PostNL```\n----------------------------\nName: Kateryna Pyshchykova\nAddress: Haarlemmermeerstraat 138-3, Amsterdam\nNetherlands, 1058KJ\nPhone: +31653754263‬\nEmail: <mailto:e.pischikova.06@gmail.com|e.pischikova.06@gmail.com>\nEORI number: NL857666630\n----------------------------",
        "team": "T033D70RR6H",
        "user_team": "T033D70RR6H",
        "source_team": "T033D70RR6H",
        "user_profile": {
            "avatar_hash": "823d8545f678",
            "image_72": "https:\/\/avatars.slack-edge.com\/2024-04-12\/6946592133062_823d8545f678615a3e0a_72.jpg",
            "first_name": "SATOSHI",
            "real_name": "SATOSHI FURUKAWA",
            "display_name": "古川　敏",
            "team": "T033D70RR6H",
            "name": "jpfreebirds",
            "is_restricted": false,
            "is_ultra_restricted": false
        },
        "thread_ts": "1747478852.717009",
        "parent_user_id": "U0606SPN4BW",
        "blocks": [
            {
                "type": "rich_text",
                "block_id": "9CyaZ",
                "elements": [
                    {
                        "type": "rich_text_section",
                        "elements": [
                            {
                                "type": "text",
                                "text": "オランダ事務所から発送します！\n（*2024の参考サンプルとして了承済み。）\n\n\n"
                            },
                            {
                                "type": "user",
                                "user_id": "U0331FZTHEK"
                            },
                            {
                                "type": "text",
                                "text": " 入金確認済 (PayPal), 回収処理をお願いします！\n\n\n▼サンプル内容 (計 14点)\n"
                            }
                        ]
                    },
                    {
                        "type": "rich_text_preformatted",
                        "elements": [
                            {
                                "type": "text",
                                "text": "<各20g>\nOrganic Matcha Upper - 2 鹿児島製茶 (鹿児島 1A)\nOrganic Matcha Middle - 1 鹿児島製茶 (鹿児島 B)\nOrganic Matcha Middle - 2 鹿児島製茶 (鹿児島 C)\nOrganic Matcha Regular - 1 鹿児島製茶（鹿児島D）\nOrganic Matcha Regular - 2 まるゑい（有機抹茶3000）\nNon-organic Matcha Upper - 1 出雲精茶（G）\nNon-organic Matcha Upper - 2 出雲精茶（R）\nNon-organic Matcha Middle - 1 出雲精茶（T）\nNon-organic Matcha Middle - 2 出雲精茶（N）\nNon-organic Matcha Regular - 1 出雲精茶（F）\nNon-organic Matcha Regular - 2 出雲精茶（W）\n\nPull top tin 30g (black)\nZip bag (silver, for 100g)\nZip bag (white, for 200g)\n\n\n袋指定なし、\nエージレス無し、\n品名ラベル貼り\n箱：ボタニカル\n\n\n発送:PostNL"
                            }
                        ],
                        "border": 0
                    },
                    {
                        "type": "rich_text_section",
                        "elements": [
                            {
                                "type": "text",
                                "text": "\n----------------------------\nName: Kateryna Pyshchykova\nAddress: Haarlemmermeerstraat 138-3, Amsterdam\nNetherlands, 1058KJ\nPhone: +31653754263‬\nEmail: "
                            },
                            {
                                "type": "link",
                                "url": "mailto:e.pischikova.06@gmail.com",
                                "text": "e.pischikova.06@gmail.com",
                                "unsafe": true
                            },
                            {
                                "type": "text",
                                "text": "\nEORI number: NL857666630\n----------------------------"
                            }
                        ]
                    }
                ]
            }
        ],
        "reactions": [
            {
                "name": "了解です",
                "users": [
                    "U0331FWGQRM"
                ],
                "count": 1
            },
            {
                "name": "d130b000eb8d6784",
                "users": [
                    "U0331FZTHEK"
                ],
                "count": 1
            },
            {
                "name": "7e6ac2088523a821",
                "users": [
                    "U0331FZTHEK"
                ],
                "count": 1
            },
            {
                "name": "0af08fe0505342b0",
                "users": [
                    "U041RJKV5JA"
                ],
                "count": 1
            }
        ]
    },
    {
        "user": "U0606SPN4BW",
        "type": "message",
        "ts": "1747478972.951959",
        "client_msg_id": "cdbac593-348c-4036-bcb9-702d78a13ffc",
        "text": "<!subteam^S073HEMKWV7|@hirakawa-adachi-yamamoto-fuse>\nPostNLで発送完了しました！\nAWB: 3SOPKA003907509",
        "team": "T033D70RR6H",
        "user_team": "T033D70RR6H",
        "source_team": "T033D70RR6H",
        "user_profile": {
            "avatar_hash": "823d8545f678",
            "image_72": "https:\/\/avatars.slack-edge.com\/2024-04-12\/6946592133062_823d8545f678615a3e0a_72.jpg",
            "first_name": "SATOSHI",
            "real_name": "SATOSHI FURUKAWA",
            "display_name": "古川　敏",
            "team": "T033D70RR6H",
            "name": "jpfreebirds",
            "is_restricted": false,
            "is_ultra_restricted": false
        },
        "thread_ts": "1747478852.717009",
        "parent_user_id": "U0606SPN4BW",
        "blocks": [
            {
                "type": "rich_text",
                "block_id": "O0D9N",
                "elements": [
                    {
                        "type": "rich_text_section",
                        "elements": [
                            {
                                "type": "usergroup",
                                "usergroup_id": "S073HEMKWV7"
                            },
                            {
                                "type": "text",
                                "text": "\nPostNLで発送完了しました！\nAWB: 3SOPKA003907509"
                            }
                        ]
                    }
                ]
            }
        ],
        "reactions": [
            {
                "name": "売上完了",
                "users": [
                    "U0331FZTHEK"
                ],
                "count": 1
            }
        ]
    }
]