[
    {
        "user": "U041RJKV5JA",
        "type": "message",
        "ts": "1754982716.602529",
        "client_msg_id": "f4d7299f-b0d1-4d7b-917f-94773197e4cc",
        "text": "<@U066P20UQH1>\n <!subteam^S073HEMKWV7|@hirakawa-adachi-yamamoto-fuse>\n本日DHLにて出荷しました。\nAWB No.7007227651\nよろしくお願いいたします。",
        "team": "T033D70RR6H",
        "user_team": "T033D70RR6H",
        "source_team": "T033D70RR6H",
        "user_profile": {
            "avatar_hash": "aed9eafd9eee",
            "image_72": "https:\/\/avatars.slack-edge.com\/2022-09-11\/4078874890257_aed9eafd9eee277ba076_72.png",
            "first_name": "Hirakawa",
            "real_name": "Hirakawa",
            "display_name": "平川",
            "team": "T033D70RR6H",
            "name": "tousuien.s006",
            "is_restricted": false,
            "is_ultra_restricted": false
        },
        "thread_ts": "1753424352.753379",
        "parent_user_id": "U066P20UQH1",
        "blocks": [
            {
                "type": "rich_text",
                "block_id": "qXqka",
                "elements": [
                    {
                        "type": "rich_text_section",
                        "elements": [
                            {
                                "type": "user",
                                "user_id": "U066P20UQH1"
                            },
                            {
                                "type": "text",
                                "text": "\n "
                            },
                            {
                                "type": "usergroup",
                                "usergroup_id": "S073HEMKWV7"
                            },
                            {
                                "type": "text",
                                "text": "\n本日DHLにて出荷しました。\nAWB No.7007227651\nよろしくお願いいたします。"
                            }
                        ]
                    }
                ]
            }
        ],
        "reactions": [
            {
                "name": "連絡完了",
                "users": [
                    "U066P20UQH1"
                ],
                "count": 1
            }
        ]
    },
    {
        "user": "U0331FWGQRM",
        "type": "message",
        "ts": "1754988971.041039",
        "client_msg_id": "3fe8ba3d-ee2e-4abb-a6cd-50dcaf8e173b",
        "text": "<!subteam^S073HEMKWV7|@hirakawa-adachi-yamamoto-fuse> （発送済）\n:flag-ch:TSE-SPL-MTL-007-25（カナダへ発送）\nSebastyan \/ スティックサンプル",
        "team": "T033D70RR6H",
        "user_team": "T033D70RR6H",
        "source_team": "T033D70RR6H",
        "user_profile": {
            "avatar_hash": "gf9d05f2cae1",
            "image_72": "https:\/\/secure.gravatar.com\/avatar\/f9d05f2cae161f657bb1248fc85b5235.jpg?s=72&d=https%3A%2F%2Fa.slack-edge.com%2Fdf10d%2Fimg%2Favatars%2Fava_0008-72.png",
            "first_name": "matsui",
            "real_name": "matsui",
            "display_name": "松井",
            "team": "T033D70RR6H",
            "name": "tousuien.matsui",
            "is_restricted": false,
            "is_ultra_restricted": false
        },
        "thread_ts": "1754988971.041039",
        "reply_count": 1,
        "reply_users_count": 1,
        "latest_reply": "1754989066.080369",
        "reply_users": [
            "U0331FWGQRM"
        ],
        "replies": [
            {
                "user": "U0331FWGQRM",
                "ts": "1754989066.080369"
            }
        ],
        "is_locked": false,
        "subscribed": true,
        "last_read": "1754989066.080369",
        "blocks": [
            {
                "type": "rich_text",
                "block_id": "kVWX4",
                "elements": [
                    {
                        "type": "rich_text_section",
                        "elements": [
                            {
                                "type": "usergroup",
                                "usergroup_id": "S073HEMKWV7"
                            },
                            {
                                "type": "text",
                                "text": " （発送済）\n"
                            },
                            {
                                "type": "emoji",
                                "name": "flag-ch",
                                "unicode": "1f1e8-1f1ed"
                            },
                            {
                                "type": "text",
                                "text": "TSE-SPL-MTL-007-25（カナダへ発送）\nSebastyan \/ スティックサンプル"
                            }
                        ]
                    }
                ]
            }
        ]
    },
    {
        "user": "U0331FWGQRM",
        "type": "message",
        "ts": "1754989066.080369",
        "client_msg_id": "c4226035-9227-4a3d-a65c-8dd1f1111777",
        "text": "Pure\nVanilla\nCinnamon\nCoconuts raspberry\nMango（空, 手作り）\nChai（空, 手作り）",
        "team": "T033D70RR6H",
        "user_team": "T033D70RR6H",
        "source_team": "T033D70RR6H",
        "user_profile": {
            "avatar_hash": "gf9d05f2cae1",
            "image_72": "https:\/\/secure.gravatar.com\/avatar\/f9d05f2cae161f657bb1248fc85b5235.jpg?s=72&d=https%3A%2F%2Fa.slack-edge.com%2Fdf10d%2Fimg%2Favatars%2Fava_0008-72.png",
            "first_name": "matsui",
            "real_name": "matsui",
            "display_name": "松井",
            "team": "T033D70RR6H",
            "name": "tousuien.matsui",
            "is_restricted": false,
            "is_ultra_restricted": false
        },
        "thread_ts": "1754988971.041039",
        "parent_user_id": "U0331FWGQRM",
        "blocks": [
            {
                "type": "rich_text",
                "block_id": "snD4f",
                "elements": [
                    {
                        "type": "rich_text_section",
                        "elements": [
                            {
                                "type": "text",
                                "text": "Pure\nVanilla\nCinnamon\nCoconuts raspberry\nMango（空, 手作り）\nChai（空, 手作り）"
                            }
                        ]
                    }
                ]
            }
        ]
    },
    {
        "user": "U08N3SKSL75",
        "type": "message",
        "ts": "1754992629.560429",
        "client_msg_id": "49e6fc00-dd82-480a-91f3-1c27a94969e2",
        "text": "<!subteam^S073HEMKWV7|@hirakawa-adachi-yamamoto-fuse> <!subteam^S088LEJ1U5T|@kanayama-fukui-miyoshi-yokoi-takuwa-hara-imaoka-agou> <@U08RVRNBY00>\n出荷日についてお問い合わせありました。ご確認お願いします:pray:",
        "team": "T033D70RR6H",
        "user_team": "T033D70RR6H",
        "source_team": "T033D70RR6H",
        "user_profile": {
            "avatar_hash": "g385a5ea1fc7",
            "image_72": "https:\/\/secure.gravatar.com\/avatar\/385a5ea1fc7db8f0b42ecd922f43af6c.jpg?s=72&d=https%3A%2F%2Fa.slack-edge.com%2Fdf10d%2Fimg%2Favatars%2Fava_0013-72.png",
            "first_name": "Kimura",
            "real_name": "Kimura",
            "display_name": "Kimura",
            "team": "T033D70RR6H",
            "name": "tousuien.kimura",
            "is_restricted": false,
            "is_ultra_restricted": false
        },
        "thread_ts": "1754471670.096829",
        "parent_user_id": "U08RVRNBY00",
        "blocks": [
            {
                "type": "rich_text",
                "block_id": "cEy4W",
                "elements": [
                    {
                        "type": "rich_text_section",
                        "elements": [
                            {
                                "type": "usergroup",
                                "usergroup_id": "S073HEMKWV7"
                            },
                            {
                                "type": "text",
                                "text": " "
                            },
                            {
                                "type": "usergroup",
                                "usergroup_id": "S088LEJ1U5T"
                            },
                            {
                                "type": "text",
                                "text": " "
                            },
                            {
                                "type": "user",
                                "user_id": "U08RVRNBY00"
                            },
                            {
                                "type": "text",
                                "text": "\n出荷日についてお問い合わせありました。ご確認お願いします"
                            },
                            {
                                "type": "emoji",
                                "name": "pray",
                                "unicode": "1f64f"
                            }
                        ]
                    }
                ]
            }
        ],
        "reactions": [
            {
                "name": "d130b000eb8d6784",
                "users": [
                    "U08RVRNBY00"
                ],
                "count": 1
            }
        ]
    },
    {
        "user": "U0606SPN4BW",
        "type": "message",
        "ts": "1754993037.409969",
        "client_msg_id": "5eeffbc9-4f5a-44fb-b1fc-4c1662a9a5fa",
        "text": "<!subteam^S073HEMKWV7|@hirakawa-adachi-yamamoto-fuse> <!subteam^S088LEJ1U5T|@kanayama-fukui-miyoshi-yokoi-takuwa-hara-imaoka-agou>\nサンプル発送予定日について、Iljaさんから問い合わせをいただいています。\nお手数ですが調整・ご確認の上、お知らせをお願いいたします！:man-bowing:",
        "team": "T033D70RR6H",
        "user_team": "T033D70RR6H",
        "source_team": "T033D70RR6H",
        "user_profile": {
            "avatar_hash": "823d8545f678",
            "image_72": "https:\/\/avatars.slack-edge.com\/2024-04-12\/6946592133062_823d8545f678615a3e0a_72.jpg",
            "first_name": "SATOSHI",
            "real_name": "SATOSHI FURUKAWA",
            "display_name": "古川　敏",
            "team": "T033D70RR6H",
            "name": "jpfreebirds",
            "is_restricted": false,
            "is_ultra_restricted": false
        },
        "thread_ts": "1752864897.345069",
        "parent_user_id": "U0606SPN4BW",
        "blocks": [
            {
                "type": "rich_text",
                "block_id": "dluka",
                "elements": [
                    {
                        "type": "rich_text_section",
                        "elements": [
                            {
                                "type": "usergroup",
                                "usergroup_id": "S073HEMKWV7"
                            },
                            {
                                "type": "text",
                                "text": " "
                            },
                            {
                                "type": "usergroup",
                                "usergroup_id": "S088LEJ1U5T"
                            },
                            {
                                "type": "text",
                                "text": "\nサンプル発送予定日について、Iljaさんから問い合わせをいただいています。\nお手数ですが調整・ご確認の上、お知らせをお願いいたします！"
                            },
                            {
                                "type": "emoji",
                                "name": "man-bowing",
                                "unicode": "1f647-200d-2642-fe0f"
                            }
                        ]
                    }
                ]
            }
        ]
    },
    {
        "user": "U08RVRNBY00",
        "type": "message",
        "ts": "1755047301.765069",
        "client_msg_id": "75902613-9fcf-4f55-a89f-1423b64594bd",
        "text": "<!subteam^S073HEMKWV7|@hirakawa-adachi-yamamoto-fuse> <!subteam^S088LEJ1U5T|@kanayama-fukui-miyoshi-yokoi-takuwa-hara-imaoka-agou>\n*TSE-CSC-SPL-002-25*\n1448:flag-sg: シンガポール　CSC-ClaireSherri Chan様(Alibaba→メール)からサンプル注文を頂きました。",
        "team": "T033D70RR6H",
        "user_team": "T033D70RR6H",
        "source_team": "T033D70RR6H",
        "user_profile": {
            "avatar_hash": "g347f3e803ab",
            "image_72": "https:\/\/secure.gravatar.com\/avatar\/347f3e803abca8b6a7b724895864d138.jpg?s=72&d=https%3A%2F%2Fa.slack-edge.com%2Fdf10d%2Fimg%2Favatars%2Fava_0001-72.png",
            "first_name": "Hikako",
            "real_name": "Hikako Hasegawa",
            "display_name": "Hikako Hasegawa",
            "team": "T033D70RR6H",
            "name": "tousuien.hasegawa",
            "is_restricted": false,
            "is_ultra_restricted": false
        },
        "thread_ts": "1755047301.765069",
        "reply_count": 4,
        "reply_users_count": 4,
        "latest_reply": "1755930035.463499",
        "reply_users": [
            "U08RVRNBY00",
            "U0331FZTHEK",
            "U033G4KN4TD",
            "U041RJKV5JA"
        ],
        "replies": [
            {
                "user": "U08RVRNBY00",
                "ts": "1755047490.599659"
            },
            {
                "user": "U0331FZTHEK",
                "ts": "1755061597.225629"
            },
            {
                "user": "U033G4KN4TD",
                "ts": "1755653871.607299"
            },
            {
                "user": "U041RJKV5JA",
                "ts": "1755930035.463499"
            }
        ],
        "is_locked": false,
        "subscribed": false,
        "blocks": [
            {
                "type": "rich_text",
                "block_id": "7oNdP",
                "elements": [
                    {
                        "type": "rich_text_section",
                        "elements": [
                            {
                                "type": "usergroup",
                                "usergroup_id": "S073HEMKWV7"
                            },
                            {
                                "type": "text",
                                "text": " "
                            },
                            {
                                "type": "usergroup",
                                "usergroup_id": "S088LEJ1U5T"
                            },
                            {
                                "type": "text",
                                "text": "\n"
                            },
                            {
                                "type": "text",
                                "text": "TSE-CSC-SPL-002-25",
                                "style": {
                                    "bold": true
                                }
                            },
                            {
                                "type": "text",
                                "text": "\n1448"
                            },
                            {
                                "type": "emoji",
                                "name": "flag-sg",
                                "unicode": "1f1f8-1f1ec"
                            },
                            {
                                "type": "text",
                                "text": " シンガポール　CSC-ClaireSherri Chan様(Alibaba→メール)からサンプル注文を頂きました。"
                            }
                        ]
                    }
                ]
            }
        ]
    },
    {
        "user": "U08RVRNBY00",
        "type": "message",
        "ts": "1755047490.599659",
        "client_msg_id": "2772a009-4a7c-4bff-955a-579f9dc14342",
        "text": "<!subteam^S073HEMKWV7|@hirakawa-adachi-yamamoto-fuse> <!subteam^S088LEJ1U5T|@kanayama-fukui-miyoshi-yokoi-takuwa-hara-imaoka-agou>\n発送手続き、および発送日のお知らせをお願いします。\n\n<!subteam^S08NN8M4LAZ|@katayose-kamiya>　\n入金有りましたら回収処理お願い申し上げます。\n\n▼注文内容 (計 4種類)\n&lt; サンプル 各10g &gt;\n```Non-organic Matcha Upper grade - 1\t出雲精茶\t出雲抹茶G\nNon-organic Matcha Upper grade - 2\t出雲精茶\t出雲抹茶R\t\t\t\t\t\t\t\t\t\nNon-organic Matcha Middle grade - 1\t出雲精茶\t出雲抹茶T\nNon-organic Matcha Middle grade - 2\t出雲精茶\t出雲抹茶N```\n発送：DHL\n箱：ボタニカル\n支払い：Paypal",
        "team": "T033D70RR6H",
        "user_team": "T033D70RR6H",
        "source_team": "T033D70RR6H",
        "user_profile": {
            "avatar_hash": "g347f3e803ab",
            "image_72": "https:\/\/secure.gravatar.com\/avatar\/347f3e803abca8b6a7b724895864d138.jpg?s=72&d=https%3A%2F%2Fa.slack-edge.com%2Fdf10d%2Fimg%2Favatars%2Fava_0001-72.png",
            "first_name": "Hikako",
            "real_name": "Hikako Hasegawa",
            "display_name": "Hikako Hasegawa",
            "team": "T033D70RR6H",
            "name": "tousuien.hasegawa",
            "is_restricted": false,
            "is_ultra_restricted": false
        },
        "thread_ts": "1755047301.765069",
        "parent_user_id": "U08RVRNBY00",
        "blocks": [
            {
                "type": "rich_text",
                "block_id": "xo4I8",
                "elements": [
                    {
                        "type": "rich_text_section",
                        "elements": [
                            {
                                "type": "usergroup",
                                "usergroup_id": "S073HEMKWV7"
                            },
                            {
                                "type": "text",
                                "text": " "
                            },
                            {
                                "type": "usergroup",
                                "usergroup_id": "S088LEJ1U5T"
                            },
                            {
                                "type": "text",
                                "text": "\n発送手続き、および発送日のお知らせをお願いします。\n\n"
                            },
                            {
                                "type": "usergroup",
                                "usergroup_id": "S08NN8M4LAZ"
                            },
                            {
                                "type": "text",
                                "text": "　\n入金有りましたら回収処理お願い申し上げます。\n\n▼注文内容 (計 4種類)\n< サンプル 各10g >\n"
                            }
                        ]
                    },
                    {
                        "type": "rich_text_preformatted",
                        "elements": [
                            {
                                "type": "text",
                                "text": "Non-organic Matcha Upper grade - 1\t出雲精茶\t出雲抹茶G\nNon-organic Matcha Upper grade - 2\t出雲精茶\t出雲抹茶R\t\t\t\t\t\t\t\t\t\nNon-organic Matcha Middle grade - 1\t出雲精茶\t出雲抹茶T\nNon-organic Matcha Middle grade - 2\t出雲精茶\t出雲抹茶N"
                            }
                        ],
                        "border": 0
                    },
                    {
                        "type": "rich_text_section",
                        "elements": [
                            {
                                "type": "text",
                                "text": "\n発送：DHL\n箱：ボタニカル\n支払い：Paypal"
                            }
                        ]
                    }
                ]
            }
        ],
        "reactions": [
            {
                "name": "承知_致しました",
                "users": [
                    "U0331FZTHEK"
                ],
                "count": 1
            }
        ]
    },
    {
        "text": "<@U0606SPN4BW> <!subteam^S073HEMKWV7|@hirakawa-adachi-yamamoto-fuse>\n <!subteam^S088LEJ1U5T|@kanayama-fukui-miyoshi-yokoi-takuwa-hara-imaoka-agou>\n*出荷可能日：8月23日*\n\n下記1つ確認です。\nNon-organic Matcha Upper Grade1 (500g zip bag)ですが\n段ボールNo.6Eだと折れ曲がってしまいますがよろしいでしょうか？\n\n提案：吉村2759　or　段ボールNo.6Qへ変更",
        "files": [
            {
                "id": "F099YJ6MFFD",
                "created": 1755053276,
                "timestamp": 1755053276,
                "name": "イメージ画像.jpg",
                "title": "イメージ画像.jpg",
                "mimetype": "image\/jpeg",
                "filetype": "jpg",
                "pretty_type": "JPEG",
                "user": "U033G4KN4TD",
                "user_team": "T033D70RR6H",
                "editable": false,
                "size": 214844,
                "mode": "hosted",
                "is_external": false,
                "external_type": "",
                "is_public": true,
                "public_url_shared": false,
                "display_as_bot": false,
                "username": "",
                "url_private": "https:\/\/files.slack.com\/files-pri\/T033D70RR6H-F099YJ6MFFD\/__________________.jpg?token=xoxe-3115238875221-9710624591398-9697214945543-aa82359f925d11baadb4ddc07b089467",
                "url_private_download": "https:\/\/files.slack.com\/files-pri\/T033D70RR6H-F099YJ6MFFD\/download\/__________________.jpg?token=xoxe-3115238875221-9710624591398-9697214945543-aa82359f925d11baadb4ddc07b089467",
                "media_display_type": "unknown",
                "thumb_64": "https:\/\/files.slack.com\/files-tmb\/T033D70RR6H-F099YJ6MFFD-680e3ce751\/___________________64.jpg?t=xoxe-3115238875221-9710624591398-9697214945543-aa82359f925d11baadb4ddc07b089467",
                "thumb_80": "https:\/\/files.slack.com\/files-tmb\/T033D70RR6H-F099YJ6MFFD-680e3ce751\/___________________80.jpg?t=xoxe-3115238875221-9710624591398-9697214945543-aa82359f925d11baadb4ddc07b089467",
                "thumb_360": "https:\/\/files.slack.com\/files-tmb\/T033D70RR6H-F099YJ6MFFD-680e3ce751\/___________________360.jpg?t=xoxe-3115238875221-9710624591398-9697214945543-aa82359f925d11baadb4ddc07b089467",
                "thumb_360_w": 360,
                "thumb_360_h": 270,
                "thumb_480": "https:\/\/files.slack.com\/files-tmb\/T033D70RR6H-F099YJ6MFFD-680e3ce751\/___________________480.jpg?t=xoxe-3115238875221-9710624591398-9697214945543-aa82359f925d11baadb4ddc07b089467",
                "thumb_480_w": 480,
                "thumb_480_h": 360,
                "thumb_160": "https:\/\/files.slack.com\/files-tmb\/T033D70RR6H-F099YJ6MFFD-680e3ce751\/___________________160.jpg?t=xoxe-3115238875221-9710624591398-9697214945543-aa82359f925d11baadb4ddc07b089467",
                "thumb_720": "https:\/\/files.slack.com\/files-tmb\/T033D70RR6H-F099YJ6MFFD-680e3ce751\/___________________720.jpg?t=xoxe-3115238875221-9710624591398-9697214945543-aa82359f925d11baadb4ddc07b089467",
                "thumb_720_w": 720,
                "thumb_720_h": 540,
                "thumb_800": "https:\/\/files.slack.com\/files-tmb\/T033D70RR6H-F099YJ6MFFD-680e3ce751\/___________________800.jpg?t=xoxe-3115238875221-9710624591398-9697214945543-aa82359f925d11baadb4ddc07b089467",
                "thumb_800_w": 800,
                "thumb_800_h": 600,
                "thumb_960": "https:\/\/files.slack.com\/files-tmb\/T033D70RR6H-F099YJ6MFFD-680e3ce751\/___________________960.jpg?t=xoxe-3115238875221-9710624591398-9697214945543-aa82359f925d11baadb4ddc07b089467",
                "thumb_960_w": 960,
                "thumb_960_h": 720,
                "thumb_1024": "https:\/\/files.slack.com\/files-tmb\/T033D70RR6H-F099YJ6MFFD-680e3ce751\/___________________1024.jpg?t=xoxe-3115238875221-9710624591398-9697214945543-aa82359f925d11baadb4ddc07b089467",
                "thumb_1024_w": 1024,
                "thumb_1024_h": 768,
                "original_w": 1478,
                "original_h": 1108,
                "thumb_tiny": "AwAkADBsg2HI6d6FOalYZFViSj4GMe9Zosmpppw3Fc7kHGeTyaYxIPY\/hTC4lOVc9aFAx2NOzUjHkiiFY3DFzghvX2qMmo1yJG+QkHp82KpCZdMcQFRTRYQkdPftTFkKnIjH\/ff\/ANanGZipBTr\/ALX\/ANaquTYrocMVP1qRajZTnKr+Zp6nAAxioZSFIyRSgUneloGKKXFIKUUCFApcCkFOqRn\/2Q==",
                "permalink": "https:\/\/grp-ssm9297.slack.com\/files\/U0331FWGQRM\/F099YJ6MFFD\/__________________.jpg",
                "permalink_public": "https:\/\/slack-files.com\/T033D70RR6H-F099YJ6MFFD-9b82628b05",
                "is_starred": false,
                "skipped_shares": true,
                "has_rich_preview": false,
                "file_access": "visible"
            }
        ],
        "upload": false,
        "user": "U033G4KN4TD",
        "display_as_bot": false,
        "blocks": [
            {
                "type": "rich_text",
                "block_id": "CDzXN",
                "elements": [
                    {
                        "type": "rich_text_section",
                        "elements": [
                            {
                                "type": "user",
                                "user_id": "U0606SPN4BW"
                            },
                            {
                                "type": "text",
                                "text": " "
                            },
                            {
                                "type": "usergroup",
                                "usergroup_id": "S073HEMKWV7"
                            },
                            {
                                "type": "text",
                                "text": "\n "
                            },
                            {
                                "type": "usergroup",
                                "usergroup_id": "S088LEJ1U5T"
                            },
                            {
                                "type": "text",
                                "text": "\n"
                            },
                            {
                                "type": "text",
                                "text": "出荷可能日：8月23日",
                                "style": {
                                    "bold": true
                                }
                            },
                            {
                                "type": "text",
                                "text": "\n\n下記1つ確認です。\nNon-organic Matcha Upper Grade1 (500g zip bag)ですが\n段ボールNo.6Eだと折れ曲がってしまいますがよろしいでしょうか？\n\n提案：吉村2759　or　段ボールNo.6Qへ変更"
                            }
                        ]
                    }
                ]
            }
        ],
        "type": "message",
        "ts": "1755053304.004579",
        "client_msg_id": "1a57a56e-dd56-4919-8b45-e1e252dd84e4",
        "thread_ts": "1754393323.448439",
        "parent_user_id": "U0606SPN4BW",
        "reactions": [
            {
                "name": "ありかとう",
                "users": [
                    "U0606SPN4BW"
                ],
                "count": 1
            }
        ]
    },
    {
        "user": "U033G4KN4TD",
        "type": "message",
        "ts": "1755053488.237949",
        "client_msg_id": "29adfbac-27a6-46d2-af9f-b15be1916970",
        "text": "<@U0606SPN4BW> <!subteam^S073HEMKWV7|@hirakawa-adachi-yamamoto-fuse>\n <!subteam^S088LEJ1U5T|@kanayama-fukui-miyoshi-yokoi-takuwa-hara-imaoka-agou>\n*出荷可能日：8月23日*\nよろしくお願いいたします。",
        "team": "T033D70RR6H",
        "user_team": "T033D70RR6H",
        "source_team": "T033D70RR6H",
        "user_profile": {
            "avatar_hash": "b87877677a67",
            "image_72": "https:\/\/avatars.slack-edge.com\/2022-02-16\/3118194883458_b87877677a672efe50f6_72.png",
            "first_name": "Fukui",
            "real_name": "Fukui",
            "display_name": "福井",
            "team": "T033D70RR6H",
            "name": "tousuien04",
            "is_restricted": false,
            "is_ultra_restricted": false
        },
        "thread_ts": "1752864897.345069",
        "parent_user_id": "U0606SPN4BW",
        "blocks": [
            {
                "type": "rich_text",
                "block_id": "SJLB+",
                "elements": [
                    {
                        "type": "rich_text_section",
                        "elements": [
                            {
                                "type": "user",
                                "user_id": "U0606SPN4BW"
                            },
                            {
                                "type": "text",
                                "text": " "
                            },
                            {
                                "type": "usergroup",
                                "usergroup_id": "S073HEMKWV7"
                            },
                            {
                                "type": "text",
                                "text": "\n "
                            },
                            {
                                "type": "usergroup",
                                "usergroup_id": "S088LEJ1U5T"
                            },
                            {
                                "type": "text",
                                "text": "\n"
                            },
                            {
                                "type": "text",
                                "text": "出荷可能日：8月23日",
                                "style": {
                                    "bold": true
                                }
                            },
                            {
                                "type": "text",
                                "text": "\nよろしくお願いいたします。"
                            }
                        ]
                    }
                ]
            }
        ],
        "reactions": [
            {
                "name": "d130b000eb8d6784",
                "users": [
                    "U0606SPN4BW"
                ],
                "count": 1
            },
            {
                "name": "連絡完了",
                "users": [
                    "U0606SPN4BW"
                ],
                "count": 1
            }
        ]
    },
    {
        "user": "U033G4KN4TD",
        "type": "message",
        "ts": "1755053579.251809",
        "client_msg_id": "5f28b8d0-a0c2-47c2-a0ee-9c7d336a89bf",
        "text": "<@U066P20UQH1> <!subteam^S073HEMKWV7|@hirakawa-adachi-yamamoto-fuse>\n <!subteam^S088LEJ1U5T|@kanayama-fukui-miyoshi-yokoi-takuwa-hara-imaoka-agou>\n出荷可能日：8月23日\nよろしくお願いいたします。",
        "team": "T033D70RR6H",
        "user_team": "T033D70RR6H",
        "source_team": "T033D70RR6H",
        "user_profile": {
            "avatar_hash": "b87877677a67",
            "image_72": "https:\/\/avatars.slack-edge.com\/2022-02-16\/3118194883458_b87877677a672efe50f6_72.png",
            "first_name": "Fukui",
            "real_name": "Fukui",
            "display_name": "福井",
            "team": "T033D70RR6H",
            "name": "tousuien04",
            "is_restricted": false,
            "is_ultra_restricted": false
        },
        "thread_ts": "1754020151.909179",
        "parent_user_id": "U066P20UQH1",
        "blocks": [
            {
                "type": "rich_text",
                "block_id": "VDAeV",
                "elements": [
                    {
                        "type": "rich_text_section",
                        "elements": [
                            {
                                "type": "user",
                                "user_id": "U066P20UQH1"
                            },
                            {
                                "type": "text",
                                "text": " "
                            },
                            {
                                "type": "usergroup",
                                "usergroup_id": "S073HEMKWV7"
                            },
                            {
                                "type": "text",
                                "text": "\n "
                            },
                            {
                                "type": "usergroup",
                                "usergroup_id": "S088LEJ1U5T"
                            },
                            {
                                "type": "text",
                                "text": "\n出荷可能日：8月23日\nよろしくお願いいたします。"
                            }
                        ]
                    }
                ]
            }
        ],
        "reactions": [
            {
                "name": "連絡完了",
                "users": [
                    "U0606SPN4BW"
                ],
                "count": 1
            },
            {
                "name": "d130b000eb8d6784",
                "users": [
                    "U0606SPN4BW"
                ],
                "count": 1
            }
        ]
    },
    {
        "user": "U033G4KN4TD",
        "type": "message",
        "ts": "1755053668.623669",
        "client_msg_id": "9e117006-6542-469f-9d2f-44b833c3668a",
        "text": "<@U066P20UQH1> <!subteam^S073HEMKWV7|@hirakawa-adachi-yamamoto-fuse>\n <!subteam^S088LEJ1U5T|@kanayama-fukui-miyoshi-yokoi-takuwa-hara-imaoka-agou>\n出荷可能日：8月23日\nよろしくお願いいたします。",
        "team": "T033D70RR6H",
        "user_team": "T033D70RR6H",
        "source_team": "T033D70RR6H",
        "user_profile": {
            "avatar_hash": "b87877677a67",
            "image_72": "https:\/\/avatars.slack-edge.com\/2022-02-16\/3118194883458_b87877677a672efe50f6_72.png",
            "first_name": "Fukui",
            "real_name": "Fukui",
            "display_name": "福井",
            "team": "T033D70RR6H",
            "name": "tousuien04",
            "is_restricted": false,
            "is_ultra_restricted": false
        },
        "thread_ts": "1754108400.688539",
        "parent_user_id": "U066P20UQH1",
        "blocks": [
            {
                "type": "rich_text",
                "block_id": "VDAeV",
                "elements": [
                    {
                        "type": "rich_text_section",
                        "elements": [
                            {
                                "type": "user",
                                "user_id": "U066P20UQH1"
                            },
                            {
                                "type": "text",
                                "text": " "
                            },
                            {
                                "type": "usergroup",
                                "usergroup_id": "S073HEMKWV7"
                            },
                            {
                                "type": "text",
                                "text": "\n "
                            },
                            {
                                "type": "usergroup",
                                "usergroup_id": "S088LEJ1U5T"
                            },
                            {
                                "type": "text",
                                "text": "\n出荷可能日：8月23日\nよろしくお願いいたします。"
                            }
                        ]
                    }
                ]
            }
        ]
    },
    {
        "user": "U033G4KN4TD",
        "type": "message",
        "ts": "1755053767.807899",
        "client_msg_id": "14201c2e-58b6-49a2-8865-13a75e32ea17",
        "text": "<@U0606SPN4BW> <!subteam^S073HEMKWV7|@hirakawa-adachi-yamamoto-fuse>\n <!subteam^S088LEJ1U5T|@kanayama-fukui-miyoshi-yokoi-takuwa-hara-imaoka-agou>\n出荷可能日：8月23日\nよろしくお願いいたします。",
        "team": "T033D70RR6H",
        "user_team": "T033D70RR6H",
        "source_team": "T033D70RR6H",
        "user_profile": {
            "avatar_hash": "b87877677a67",
            "image_72": "https:\/\/avatars.slack-edge.com\/2022-02-16\/3118194883458_b87877677a672efe50f6_72.png",
            "first_name": "Fukui",
            "real_name": "Fukui",
            "display_name": "福井",
            "team": "T033D70RR6H",
            "name": "tousuien04",
            "is_restricted": false,
            "is_ultra_restricted": false
        },
        "thread_ts": "1754501171.763519",
        "parent_user_id": "U0606SPN4BW",
        "blocks": [
            {
                "type": "rich_text",
                "block_id": "I1F4R",
                "elements": [
                    {
                        "type": "rich_text_section",
                        "elements": [
                            {
                                "type": "user",
                                "user_id": "U0606SPN4BW"
                            },
                            {
                                "type": "text",
                                "text": " "
                            },
                            {
                                "type": "usergroup",
                                "usergroup_id": "S073HEMKWV7"
                            },
                            {
                                "type": "text",
                                "text": "\n "
                            },
                            {
                                "type": "usergroup",
                                "usergroup_id": "S088LEJ1U5T"
                            },
                            {
                                "type": "text",
                                "text": "\n出荷可能日：8月23日\nよろしくお願いいたします。"
                            }
                        ]
                    }
                ]
            }
        ],
        "reactions": [
            {
                "name": "d130b000eb8d6784",
                "users": [
                    "U0606SPN4BW"
                ],
                "count": 1
            },
            {
                "name": "連絡完了",
                "users": [
                    "U0606SPN4BW"
                ],
                "count": 1
            }
        ]
    },
    {
        "user": "U033G4KN4TD",
        "type": "message",
        "ts": "1755053872.323829",
        "client_msg_id": "a86dcc24-0887-4579-ba73-85c1935ea9a6",
        "text": "<@U0606SPN4BW> <!subteam^S073HEMKWV7|@hirakawa-adachi-yamamoto-fuse>\n <!subteam^S088LEJ1U5T|@kanayama-fukui-miyoshi-yokoi-takuwa-hara-imaoka-agou>\n出荷可能日：8月23日\nよろしくお願いいたします。",
        "team": "T033D70RR6H",
        "user_team": "T033D70RR6H",
        "source_team": "T033D70RR6H",
        "user_profile": {
            "avatar_hash": "b87877677a67",
            "image_72": "https:\/\/avatars.slack-edge.com\/2022-02-16\/3118194883458_b87877677a672efe50f6_72.png",
            "first_name": "Fukui",
            "real_name": "Fukui",
            "display_name": "福井",
            "team": "T033D70RR6H",
            "name": "tousuien04",
            "is_restricted": false,
            "is_ultra_restricted": false
        },
        "thread_ts": "1754140617.524559",
        "parent_user_id": "U0606SPN4BW",
        "blocks": [
            {
                "type": "rich_text",
                "block_id": "I1F4R",
                "elements": [
                    {
                        "type": "rich_text_section",
                        "elements": [
                            {
                                "type": "user",
                                "user_id": "U0606SPN4BW"
                            },
                            {
                                "type": "text",
                                "text": " "
                            },
                            {
                                "type": "usergroup",
                                "usergroup_id": "S073HEMKWV7"
                            },
                            {
                                "type": "text",
                                "text": "\n "
                            },
                            {
                                "type": "usergroup",
                                "usergroup_id": "S088LEJ1U5T"
                            },
                            {
                                "type": "text",
                                "text": "\n出荷可能日：8月23日\nよろしくお願いいたします。"
                            }
                        ]
                    }
                ]
            }
        ],
        "reactions": [
            {
                "name": "7e6ac2088523a821",
                "users": [
                    "U095LLEH09G"
                ],
                "count": 1
            },
            {
                "name": "d130b000eb8d6784",
                "users": [
                    "U0606SPN4BW"
                ],
                "count": 1
            },
            {
                "name": "連絡完了",
                "users": [
                    "U0606SPN4BW"
                ],
                "count": 1
            }
        ]
    },
    {
        "user": "U033G4KN4TD",
        "type": "message",
        "ts": "1755053923.210379",
        "client_msg_id": "0ee5ab26-caec-49ef-8277-0522914e5c23",
        "text": "<@U095LLEH09G> <!subteam^S073HEMKWV7|@hirakawa-adachi-yamamoto-fuse>\n <!subteam^S088LEJ1U5T|@kanayama-fukui-miyoshi-yokoi-takuwa-hara-imaoka-agou>\n出荷可能日：8月23日\nよろしくお願いいたします。",
        "team": "T033D70RR6H",
        "user_team": "T033D70RR6H",
        "source_team": "T033D70RR6H",
        "user_profile": {
            "avatar_hash": "b87877677a67",
            "image_72": "https:\/\/avatars.slack-edge.com\/2022-02-16\/3118194883458_b87877677a672efe50f6_72.png",
            "first_name": "Fukui",
            "real_name": "Fukui",
            "display_name": "福井",
            "team": "T033D70RR6H",
            "name": "tousuien04",
            "is_restricted": false,
            "is_ultra_restricted": false
        },
        "thread_ts": "1754374487.011819",
        "parent_user_id": "U095LLEH09G",
        "blocks": [
            {
                "type": "rich_text",
                "block_id": "fxaxE",
                "elements": [
                    {
                        "type": "rich_text_section",
                        "elements": [
                            {
                                "type": "user",
                                "user_id": "U095LLEH09G"
                            },
                            {
                                "type": "text",
                                "text": " "
                            },
                            {
                                "type": "usergroup",
                                "usergroup_id": "S073HEMKWV7"
                            },
                            {
                                "type": "text",
                                "text": "\n "
                            },
                            {
                                "type": "usergroup",
                                "usergroup_id": "S088LEJ1U5T"
                            },
                            {
                                "type": "text",
                                "text": "\n出荷可能日：8月23日\nよろしくお願いいたします。"
                            }
                        ]
                    }
                ]
            }
        ],
        "reactions": [
            {
                "name": "あり",
                "users": [
                    "U095LLEH09G"
                ],
                "count": 1
            }
        ]
    },
    {
        "user": "U033G4KN4TD",
        "type": "message",
        "ts": "1755054160.265569",
        "client_msg_id": "4ee55ab4-05e6-4c15-96f8-a779b85af47e",
        "text": "<@U095LLEH09G> <!subteam^S073HEMKWV7|@hirakawa-adachi-yamamoto-fuse>\n <!subteam^S088LEJ1U5T|@kanayama-fukui-miyoshi-yokoi-takuwa-hara-imaoka-agou>\n出荷可能日：9月1日\nよろしくお願いいたします。",
        "team": "T033D70RR6H",
        "user_team": "T033D70RR6H",
        "source_team": "T033D70RR6H",
        "user_profile": {
            "avatar_hash": "b87877677a67",
            "image_72": "https:\/\/avatars.slack-edge.com\/2022-02-16\/3118194883458_b87877677a672efe50f6_72.png",
            "first_name": "Fukui",
            "real_name": "Fukui",
            "display_name": "福井",
            "team": "T033D70RR6H",
            "name": "tousuien04",
            "is_restricted": false,
            "is_ultra_restricted": false
        },
        "thread_ts": "1753681509.934209",
        "parent_user_id": "U095LLEH09G",
        "blocks": [
            {
                "type": "rich_text",
                "block_id": "T15hT",
                "elements": [
                    {
                        "type": "rich_text_section",
                        "elements": [
                            {
                                "type": "user",
                                "user_id": "U095LLEH09G"
                            },
                            {
                                "type": "text",
                                "text": " "
                            },
                            {
                                "type": "usergroup",
                                "usergroup_id": "S073HEMKWV7"
                            },
                            {
                                "type": "text",
                                "text": "\n "
                            },
                            {
                                "type": "usergroup",
                                "usergroup_id": "S088LEJ1U5T"
                            },
                            {
                                "type": "text",
                                "text": "\n出荷可能日：9月1日\nよろしくお願いいたします。"
                            }
                        ]
                    }
                ]
            }
        ],
        "reactions": [
            {
                "name": "あり",
                "users": [
                    "U095LLEH09G"
                ],
                "count": 1
            }
        ]
    },
    {
        "user": "U0331FZTHEK",
        "type": "message",
        "ts": "1755061597.225629",
        "client_msg_id": "e541ac11-566e-441a-9de6-6f8ed59cf76e",
        "text": "<@U08RVRNBY00>\n <!subteam^S073HEMKWV7|@hirakawa-adachi-yamamoto-fuse>\n本件、ご入金を確認致しました。\n・8\/13 [PayPal]\n・45 USD\n回収（入金）処理致します。\nよろしくお願いします。",
        "team": "T033D70RR6H",
        "user_team": "T033D70RR6H",
        "source_team": "T033D70RR6H",
        "user_profile": {
            "avatar_hash": "21cdbd6a05f9",
            "image_72": "https:\/\/avatars.slack-edge.com\/2022-02-16\/3115258488741_21cdbd6a05f9a69110f7_72.png",
            "first_name": "Mitsunobu",
            "real_name": "Mitsunobu Katayose",
            "display_name": "片寄",
            "team": "T033D70RR6H",
            "name": "tousuien03",
            "is_restricted": false,
            "is_ultra_restricted": false
        },
        "thread_ts": "1755047301.765069",
        "parent_user_id": "U08RVRNBY00",
        "blocks": [
            {
                "type": "rich_text",
                "block_id": "mHCiA",
                "elements": [
                    {
                        "type": "rich_text_section",
                        "elements": [
                            {
                                "type": "user",
                                "user_id": "U08RVRNBY00"
                            },
                            {
                                "type": "text",
                                "text": "\n "
                            },
                            {
                                "type": "usergroup",
                                "usergroup_id": "S073HEMKWV7"
                            },
                            {
                                "type": "text",
                                "text": "\n本件、ご入金を確認致しました。\n・8\/13 [PayPal]\n・45 USD\n回収（入金）処理致します。\nよろしくお願いします。"
                            }
                        ]
                    }
                ]
            }
        ],
        "reactions": [
            {
                "name": "d130b000eb8d6784",
                "users": [
                    "U08RVRNBY00"
                ],
                "count": 1
            },
            {
                "name": "入金完了",
                "users": [
                    "U0331FZTHEK"
                ],
                "count": 1
            }
        ]
    },
    {
        "user": "U033G4KN4TD",
        "type": "message",
        "ts": "1755062366.874819",
        "client_msg_id": "f65b57ec-76ec-4544-891c-be040215e20a",
        "text": "<@U08RVRNBY00> <@U08N3SKSL75> <!subteam^S073HEMKWV7|@hirakawa-adachi-yamamoto-fuse>\n <!subteam^S088LEJ1U5T|@kanayama-fukui-miyoshi-yokoi-takuwa-hara-imaoka-agou>\n9月下旬頃の予定となります。\n八女シリーズの原料在庫＋粉砕～合組スケジュール確認中です。",
        "team": "T033D70RR6H",
        "user_team": "T033D70RR6H",
        "source_team": "T033D70RR6H",
        "user_profile": {
            "avatar_hash": "b87877677a67",
            "image_72": "https:\/\/avatars.slack-edge.com\/2022-02-16\/3118194883458_b87877677a672efe50f6_72.png",
            "first_name": "Fukui",
            "real_name": "Fukui",
            "display_name": "福井",
            "team": "T033D70RR6H",
            "name": "tousuien04",
            "is_restricted": false,
            "is_ultra_restricted": false
        },
        "thread_ts": "1754471670.096829",
        "parent_user_id": "U08RVRNBY00",
        "blocks": [
            {
                "type": "rich_text",
                "block_id": "NePdC",
                "elements": [
                    {
                        "type": "rich_text_section",
                        "elements": [
                            {
                                "type": "user",
                                "user_id": "U08RVRNBY00"
                            },
                            {
                                "type": "text",
                                "text": " "
                            },
                            {
                                "type": "user",
                                "user_id": "U08N3SKSL75"
                            },
                            {
                                "type": "text",
                                "text": " "
                            },
                            {
                                "type": "usergroup",
                                "usergroup_id": "S073HEMKWV7"
                            },
                            {
                                "type": "text",
                                "text": "\n "
                            },
                            {
                                "type": "usergroup",
                                "usergroup_id": "S088LEJ1U5T"
                            },
                            {
                                "type": "text",
                                "text": "\n9月下旬頃の予定となります。\n八女シリーズの原料在庫＋粉砕～合組スケジュール確認中です。"
                            }
                        ]
                    }
                ]
            }
        ],
        "reactions": [
            {
                "name": "d130b000eb8d6784",
                "users": [
                    "U08RVRNBY00"
                ],
                "count": 1
            },
            {
                "name": "7e6ac2088523a821",
                "users": [
                    "U08RVRNBY00"
                ],
                "count": 1
            }
        ]
    },
    {
        "user": "U08RVRNBY00",
        "type": "message",
        "ts": "1755063364.644749",
        "client_msg_id": "b2b9e642-ba70-4eb9-95d8-b2036c71df95",
        "text": "<@U033G4KN4TD>\nCC <!subteam^S088LEJ1U5T|@kanayama-fukui-miyoshi-yokoi-takuwa-hara-imaoka-agou> <!subteam^S073HEMKWV7|@hirakawa-adachi-yamamoto-fuse>\nUji(香岳園）のみでしたら出荷予定は9月下旬より早まりますでしょうか？",
        "team": "T033D70RR6H",
        "user_team": "T033D70RR6H",
        "source_team": "T033D70RR6H",
        "user_profile": {
            "avatar_hash": "g347f3e803ab",
            "image_72": "https:\/\/secure.gravatar.com\/avatar\/347f3e803abca8b6a7b724895864d138.jpg?s=72&d=https%3A%2F%2Fa.slack-edge.com%2Fdf10d%2Fimg%2Favatars%2Fava_0001-72.png",
            "first_name": "Hikako",
            "real_name": "Hikako Hasegawa",
            "display_name": "Hikako Hasegawa",
            "team": "T033D70RR6H",
            "name": "tousuien.hasegawa",
            "is_restricted": false,
            "is_ultra_restricted": false
        },
        "thread_ts": "1754471670.096829",
        "parent_user_id": "U08RVRNBY00",
        "blocks": [
            {
                "type": "rich_text",
                "block_id": "SqpqM",
                "elements": [
                    {
                        "type": "rich_text_section",
                        "elements": [
                            {
                                "type": "user",
                                "user_id": "U033G4KN4TD"
                            },
                            {
                                "type": "text",
                                "text": "\nCC "
                            },
                            {
                                "type": "usergroup",
                                "usergroup_id": "S088LEJ1U5T"
                            },
                            {
                                "type": "text",
                                "text": " "
                            },
                            {
                                "type": "usergroup",
                                "usergroup_id": "S073HEMKWV7"
                            },
                            {
                                "type": "text",
                                "text": "\nUji(香岳園）のみでしたら出荷予定は9月下旬より早まりますでしょうか？"
                            }
                        ]
                    }
                ]
            }
        ],
        "reactions": [
            {
                "name": "確認致します",
                "users": [
                    "U033G4KN4TD"
                ],
                "count": 1
            }
        ]
    },
    {
        "user": "U08RVRNBY00",
        "type": "message",
        "ts": "1755063435.681329",
        "client_msg_id": "53118cb3-1d27-41af-a57f-ea2047d38ef8",
        "text": "サンプルのみでなく、通常注文の方からも同様の問い合わせがあるため、Uji（香岳園）お伺いできますと幸いです:sweat_drops::woman-bowing:",
        "team": "T033D70RR6H",
        "user_team": "T033D70RR6H",
        "source_team": "T033D70RR6H",
        "user_profile": {
            "avatar_hash": "g347f3e803ab",
            "image_72": "https:\/\/secure.gravatar.com\/avatar\/347f3e803abca8b6a7b724895864d138.jpg?s=72&d=https%3A%2F%2Fa.slack-edge.com%2Fdf10d%2Fimg%2Favatars%2Fava_0001-72.png",
            "first_name": "Hikako",
            "real_name": "Hikako Hasegawa",
            "display_name": "Hikako Hasegawa",
            "team": "T033D70RR6H",
            "name": "tousuien.hasegawa",
            "is_restricted": false,
            "is_ultra_restricted": false
        },
        "thread_ts": "1754471670.096829",
        "parent_user_id": "U08RVRNBY00",
        "blocks": [
            {
                "type": "rich_text",
                "block_id": "C7jM8",
                "elements": [
                    {
                        "type": "rich_text_section",
                        "elements": [
                            {
                                "type": "text",
                                "text": "サンプルのみでなく、通常注文の方からも同様の問い合わせがあるため、Uji（香岳園）お伺いできますと幸いです"
                            },
                            {
                                "type": "emoji",
                                "name": "sweat_drops",
                                "unicode": "1f4a6"
                            },
                            {
                                "type": "emoji",
                                "name": "woman-bowing",
                                "unicode": "1f647-200d-2640-fe0f"
                            }
                        ]
                    }
                ]
            }
        ]
    },
    {
        "user": "U08L89G6JSG",
        "type": "message",
        "ts": "1755065869.002379",
        "client_msg_id": "e9dd4de1-32cd-4ae5-bf5b-9cb7150a1222",
        "text": "<@U0606SPN4BW>\n本件、TSE-LPL-SPL-002-25ですね？\nスレッドのインボイスNo.修正お願いします:woman-bowing:\n<!subteam^S073HEMKWV7|@hirakawa-adachi-yamamoto-fuse> <!subteam^S088LEJ1U5T|@kanayama-fukui-miyoshi-yokoi-takuwa-hara-imaoka-agou>\n出荷可能日　8\/23（土）\nよろしくお願いします。",
        "team": "T033D70RR6H",
        "user_team": "T033D70RR6H",
        "source_team": "T033D70RR6H",
        "user_profile": {
            "avatar_hash": "fed0a878533f",
            "image_72": "https:\/\/avatars.slack-edge.com\/2025-03-31\/8678953673334_fed0a878533f1e7c9560_72.png",
            "first_name": "yokoi",
            "real_name": "yokoi",
            "display_name": "横井",
            "team": "T033D70RR6H",
            "name": "tousuien.yokoi",
            "is_restricted": false,
            "is_ultra_restricted": false
        },
        "thread_ts": "1754741821.789309",
        "parent_user_id": "U0606SPN4BW",
        "blocks": [
            {
                "type": "rich_text",
                "block_id": "tHj8P",
                "elements": [
                    {
                        "type": "rich_text_section",
                        "elements": [
                            {
                                "type": "user",
                                "user_id": "U0606SPN4BW"
                            },
                            {
                                "type": "text",
                                "text": "\n本件、TSE-LPL-SPL-002-25ですね？\nスレッドのインボイスNo.修正お願いします"
                            },
                            {
                                "type": "emoji",
                                "name": "woman-bowing",
                                "unicode": "1f647-200d-2640-fe0f"
                            },
                            {
                                "type": "text",
                                "text": "\n"
                            },
                            {
                                "type": "usergroup",
                                "usergroup_id": "S073HEMKWV7"
                            },
                            {
                                "type": "text",
                                "text": " "
                            },
                            {
                                "type": "usergroup",
                                "usergroup_id": "S088LEJ1U5T"
                            },
                            {
                                "type": "text",
                                "text": "\n出荷可能日　8\/23（土）\nよろしくお願いします。"
                            }
                        ]
                    }
                ]
            }
        ]
    }
]