[
    {
        "user": "U066P20UQH1",
        "type": "message",
        "ts": "1742367706.975409",
        "client_msg_id": "c948f4fb-db09-47db-bcb3-4be3aae9e3e3",
        "text": "<!subteam^S073HEMKWV7|@hirakawa-adachi-yamamoto-fuse> <@U0606SPN4BW>\n*TSE-KAM-SPL-001-25*\n:de:ドイツ：KAM-Kamila Howel (alibaba名de1360782841nuks)様から注文をいただきました。\n*オランダ事務所から出荷お願いします*",
        "team": "T033D70RR6H",
        "user_team": "T033D70RR6H",
        "source_team": "T033D70RR6H",
        "user_profile": {
            "avatar_hash": "179323cb3551",
            "image_72": "https:\/\/avatars.slack-edge.com\/2024-04-12\/6955353714228_179323cb3551f7c8ecfe_72.png",
            "first_name": "Haruka",
            "real_name": "Haruka Hayashi",
            "display_name": "林遥香",
            "team": "T033D70RR6H",
            "name": "haru.nboc",
            "is_restricted": false,
            "is_ultra_restricted": false
        },
        "thread_ts": "1742367706.975409",
        "reply_count": 3,
        "reply_users_count": 3,
        "latest_reply": "1742470552.323159",
        "reply_users": [
            "U066P20UQH1",
            "U0331FZTHEK",
            "U0606SPN4BW"
        ],
        "replies": [
            {
                "user": "U066P20UQH1",
                "ts": "1742367743.727589"
            },
            {
                "user": "U0331FZTHEK",
                "ts": "1742368232.739859"
            },
            {
                "user": "U0606SPN4BW",
                "ts": "1742470552.323159"
            }
        ],
        "is_locked": false,
        "subscribed": false,
        "blocks": [
            {
                "type": "rich_text",
                "block_id": "o5KqI",
                "elements": [
                    {
                        "type": "rich_text_section",
                        "elements": [
                            {
                                "type": "usergroup",
                                "usergroup_id": "S073HEMKWV7"
                            },
                            {
                                "type": "text",
                                "text": " "
                            },
                            {
                                "type": "user",
                                "user_id": "U0606SPN4BW"
                            },
                            {
                                "type": "text",
                                "text": "\n"
                            },
                            {
                                "type": "text",
                                "text": "TSE-KAM-SPL-001-25",
                                "style": {
                                    "bold": true
                                }
                            },
                            {
                                "type": "text",
                                "text": "\n"
                            },
                            {
                                "type": "emoji",
                                "name": "de",
                                "unicode": "1f1e9-1f1ea"
                            },
                            {
                                "type": "text",
                                "text": "ドイツ：KAM-Kamila Howel (alibaba名de1360782841nuks)様から注文をいただきました。\n"
                            },
                            {
                                "type": "text",
                                "text": "オランダ事務所から出荷お願いします",
                                "style": {
                                    "bold": true
                                }
                            }
                        ]
                    }
                ]
            }
        ],
        "reactions": [
            {
                "name": "donee",
                "users": [
                    "U066P20UQH1"
                ],
                "count": 1
            },
            {
                "name": "ivpl作成済",
                "users": [
                    "U066P20UQH1"
                ],
                "count": 1
            },
            {
                "name": "管理表入力済",
                "users": [
                    "U066P20UQH1"
                ],
                "count": 1
            }
        ]
    },
    {
        "user": "U066P20UQH1",
        "type": "message",
        "ts": "1742367743.727589",
        "client_msg_id": "9a3b66f7-7a6f-40f4-87b0-2efb918b36ce",
        "text": "<@U0606SPN4BW>\n以下、オランダ事務所より出荷お願いします:woman-bowing:\n\n合計6種\n20g each\nOrganic Matcha Upper grade1&amp;2\nOrganic Matcha Middle grade 1&amp;2\nOrganic Matcha Regular grade 1&amp;2\n\n<@U0331FZTHEK>\n入金確認済みですで回収処理をお願いします:woman-bowing:",
        "team": "T033D70RR6H",
        "user_team": "T033D70RR6H",
        "source_team": "T033D70RR6H",
        "user_profile": {
            "avatar_hash": "179323cb3551",
            "image_72": "https:\/\/avatars.slack-edge.com\/2024-04-12\/6955353714228_179323cb3551f7c8ecfe_72.png",
            "first_name": "Haruka",
            "real_name": "Haruka Hayashi",
            "display_name": "林遥香",
            "team": "T033D70RR6H",
            "name": "haru.nboc",
            "is_restricted": false,
            "is_ultra_restricted": false
        },
        "thread_ts": "1742367706.975409",
        "parent_user_id": "U066P20UQH1",
        "blocks": [
            {
                "type": "rich_text",
                "block_id": "F0YtQ",
                "elements": [
                    {
                        "type": "rich_text_section",
                        "elements": [
                            {
                                "type": "user",
                                "user_id": "U0606SPN4BW"
                            },
                            {
                                "type": "text",
                                "text": "\n以下、オランダ事務所より出荷お願いします"
                            },
                            {
                                "type": "emoji",
                                "name": "woman-bowing",
                                "unicode": "1f647-200d-2640-fe0f"
                            },
                            {
                                "type": "text",
                                "text": "\n\n合計6種\n20g each\nOrganic Matcha Upper grade1&2\nOrganic Matcha Middle grade 1&2\nOrganic Matcha Regular grade 1&2\n\n"
                            },
                            {
                                "type": "user",
                                "user_id": "U0331FZTHEK"
                            },
                            {
                                "type": "text",
                                "text": "\n入金確認済みですで回収処理をお願いします"
                            },
                            {
                                "type": "emoji",
                                "name": "woman-bowing",
                                "unicode": "1f647-200d-2640-fe0f"
                            }
                        ]
                    }
                ]
            }
        ],
        "reactions": [
            {
                "name": "承知-1",
                "users": [
                    "U0606SPN4BW"
                ],
                "count": 1
            },
            {
                "name": "d130b000eb8d6784",
                "users": [
                    "U0331FZTHEK"
                ],
                "count": 1
            },
            {
                "name": "承知_致しました",
                "users": [
                    "U0331FZTHEK"
                ],
                "count": 1
            }
        ]
    },
    {
        "user": "U0331FZTHEK",
        "type": "message",
        "ts": "1742368232.739859",
        "client_msg_id": "cf3ca640-c9bd-428c-b4ec-853146d5bf24",
        "text": "<@U066P20UQH1>\n <!subteam^S073HEMKWV7|@hirakawa-adachi-yamamoto-fuse>\nご入金を確認致しました。\n・3\/19 [PayPal]\n・30 USD\n回収（入金）処理致します。\nよろしくお願いします。",
        "team": "T033D70RR6H",
        "user_team": "T033D70RR6H",
        "source_team": "T033D70RR6H",
        "user_profile": {
            "avatar_hash": "21cdbd6a05f9",
            "image_72": "https:\/\/avatars.slack-edge.com\/2022-02-16\/3115258488741_21cdbd6a05f9a69110f7_72.png",
            "first_name": "Mitsunobu",
            "real_name": "Mitsunobu Katayose",
            "display_name": "片寄",
            "team": "T033D70RR6H",
            "name": "tousuien03",
            "is_restricted": false,
            "is_ultra_restricted": false
        },
        "thread_ts": "1742367706.975409",
        "parent_user_id": "U066P20UQH1",
        "blocks": [
            {
                "type": "rich_text",
                "block_id": "9WSOA",
                "elements": [
                    {
                        "type": "rich_text_section",
                        "elements": [
                            {
                                "type": "user",
                                "user_id": "U066P20UQH1"
                            },
                            {
                                "type": "text",
                                "text": "\n "
                            },
                            {
                                "type": "usergroup",
                                "usergroup_id": "S073HEMKWV7"
                            },
                            {
                                "type": "text",
                                "text": "\nご入金を確認致しました。\n・3\/19 [PayPal]\n・30 USD\n回収（入金）処理致します。\nよろしくお願いします。"
                            }
                        ]
                    }
                ]
            }
        ],
        "reactions": [
            {
                "name": "pray",
                "users": [
                    "U066P20UQH1"
                ],
                "count": 1
            },
            {
                "name": "入金完了",
                "users": [
                    "U0331FZTHEK"
                ],
                "count": 1
            }
        ]
    },
    {
        "user": "U0606SPN4BW",
        "type": "message",
        "ts": "1742371824.610819",
        "client_msg_id": "deae1a4f-1b30-4386-96f1-0302bc7e80db",
        "text": "<!subteam^S073HEMKWV7|@hirakawa-adachi-yamamoto-fuse> cc <!subteam^S072Q871SF9|@oka-matsui-furukawa-hayashi-kimura-hasegawa-kawatani>\n:flag-sa:サウジアラビア RGD-Raghad Madkhali 様からサンプル注文を頂きました。\n*TSE-RGD-SPL-001-25*  ",
        "team": "T033D70RR6H",
        "user_team": "T033D70RR6H",
        "source_team": "T033D70RR6H",
        "user_profile": {
            "avatar_hash": "823d8545f678",
            "image_72": "https:\/\/avatars.slack-edge.com\/2024-04-12\/6946592133062_823d8545f678615a3e0a_72.jpg",
            "first_name": "SATOSHI",
            "real_name": "SATOSHI FURUKAWA",
            "display_name": "古川　敏",
            "team": "T033D70RR6H",
            "name": "jpfreebirds",
            "is_restricted": false,
            "is_ultra_restricted": false
        },
        "thread_ts": "1742371824.610819",
        "reply_count": 4,
        "reply_users_count": 3,
        "latest_reply": "1743380258.073349",
        "reply_users": [
            "U0606SPN4BW",
            "U041RJKV5JA",
            "U0331FZTHEK"
        ],
        "replies": [
            {
                "user": "U0606SPN4BW",
                "ts": "1742371882.210439"
            },
            {
                "user": "U041RJKV5JA",
                "ts": "1742967449.769399"
            },
            {
                "user": "U041RJKV5JA",
                "ts": "1743061264.042929"
            },
            {
                "user": "U0331FZTHEK",
                "ts": "1743380258.073349"
            }
        ],
        "is_locked": false,
        "subscribed": true,
        "last_read": "1743380258.073349",
        "blocks": [
            {
                "type": "rich_text",
                "block_id": "HIdTC",
                "elements": [
                    {
                        "type": "rich_text_section",
                        "elements": [
                            {
                                "type": "usergroup",
                                "usergroup_id": "S073HEMKWV7"
                            },
                            {
                                "type": "text",
                                "text": " cc "
                            },
                            {
                                "type": "usergroup",
                                "usergroup_id": "S072Q871SF9"
                            },
                            {
                                "type": "text",
                                "text": "\n"
                            },
                            {
                                "type": "emoji",
                                "name": "flag-sa",
                                "unicode": "1f1f8-1f1e6"
                            },
                            {
                                "type": "text",
                                "text": "サウジアラビア RGD-Raghad Madkhali 様からサンプル注文を頂きました。\n"
                            },
                            {
                                "type": "text",
                                "text": "TSE-RGD-SPL-001-25  ",
                                "style": {
                                    "bold": true
                                }
                            }
                        ]
                    }
                ]
            }
        ]
    },
    {
        "user": "U066P20UQH1",
        "type": "message",
        "ts": "1742371862.414369",
        "edited": {
            "user": "U066P20UQH1",
            "ts": "1742371870.000000"
        },
        "client_msg_id": "c8e28db8-a1f6-4de5-abfb-8205e3917f6a",
        "text": "<!subteam^S073HEMKWV7|@hirakawa-adachi-yamamoto-fuse>\n*TSE-ANZ-SPL-001-25*\n:flag-ae:UAE：ANZ-Andrew Zakharia (アリババ名Figueroa Simon Melisa Maria)様からサンプル注文をいただきました",
        "team": "T033D70RR6H",
        "user_team": "T033D70RR6H",
        "source_team": "T033D70RR6H",
        "user_profile": {
            "avatar_hash": "179323cb3551",
            "image_72": "https:\/\/avatars.slack-edge.com\/2024-04-12\/6955353714228_179323cb3551f7c8ecfe_72.png",
            "first_name": "Haruka",
            "real_name": "Haruka Hayashi",
            "display_name": "林遥香",
            "team": "T033D70RR6H",
            "name": "haru.nboc",
            "is_restricted": false,
            "is_ultra_restricted": false
        },
        "thread_ts": "1742371862.414369",
        "reply_count": 4,
        "reply_users_count": 3,
        "latest_reply": "1742968047.680979",
        "reply_users": [
            "U066P20UQH1",
            "U0331FZTHEK",
            "U041RJKV5JA"
        ],
        "replies": [
            {
                "user": "U066P20UQH1",
                "ts": "1742372001.677769"
            },
            {
                "user": "U0331FZTHEK",
                "ts": "1742374400.734379"
            },
            {
                "user": "U041RJKV5JA",
                "ts": "1742882014.932929"
            },
            {
                "user": "U041RJKV5JA",
                "ts": "1742968047.680979"
            }
        ],
        "is_locked": false,
        "subscribed": false,
        "blocks": [
            {
                "type": "rich_text",
                "block_id": "ZL7NL",
                "elements": [
                    {
                        "type": "rich_text_section",
                        "elements": [
                            {
                                "type": "usergroup",
                                "usergroup_id": "S073HEMKWV7"
                            },
                            {
                                "type": "text",
                                "text": "\n"
                            },
                            {
                                "type": "text",
                                "text": "TSE-ANZ-SPL-001-25",
                                "style": {
                                    "bold": true
                                }
                            },
                            {
                                "type": "text",
                                "text": "\n"
                            },
                            {
                                "type": "emoji",
                                "name": "flag-ae",
                                "unicode": "1f1e6-1f1ea"
                            },
                            {
                                "type": "text",
                                "text": "UAE：ANZ-Andrew Zakharia (アリババ名Figueroa Simon Melisa Maria)様からサンプル注文をいただきました"
                            }
                        ]
                    }
                ]
            }
        ],
        "reactions": [
            {
                "name": "管理表入力済",
                "users": [
                    "U066P20UQH1"
                ],
                "count": 1
            },
            {
                "name": "ivpl作成済",
                "users": [
                    "U066P20UQH1"
                ],
                "count": 1
            },
            {
                "name": "指示書作成済",
                "users": [
                    "U066P20UQH1"
                ],
                "count": 1
            }
        ]
    },
    {
        "text": "下記へ発送手続き、および発送日のお知らせをお願いします！\n\n\n<@U0331FZTHEK> 入金確認済 (Shopify payment, 3\/31着金予定), 回収処理をお願いします！\n\n\n▼サンプル内容 (計10点)\n&lt;各20g&gt;\nOrganic Matcha Upper - 1 (鹿児島製茶 鹿児島 A)\nOrganic Matcha Upper - 2 (鹿児島製茶 鹿児島 1A)\nOrganic Matcha Middle - 1 (鹿児島製茶 鹿児島 B)\nOrganic Matcha Regular - 2 (まるゑい 有機抹茶3000)\n\nOrganic Ginger Matcha (鹿児島製茶 鹿児島B,キタマ 有機ジンジャーパウダー)\nOrganic Pepper Mint Matcha  (鹿児島製茶 鹿児島B, キタマ 有機ペパーミントカット)\nOrganic Cinnamon (鹿児島製茶 鹿児島B, キタマ\t有機シナモンパウダー)\nOrganic Turmeric (鹿児島製茶 鹿児島B, キタマ\t有機ターメリックパウダー)\nOrganic Lemongrass Matcha (鹿児島製茶 鹿児島B, しまね有機ファーム\t有機レモングラスK-D#7)\nNon-organic Vanilla matcha (鹿児島製茶 鹿児島B, キタマ\tバニラパウダーB7355)\n\n\n袋指定なし、\nエージレス無し、\n品名ラベル貼り\n価格表示：なし\n\n\n発送:DHL\n\n\n--------------------------------\n\nName: Raghad Madkhali\nAddress: Riyadh, Al-Khalidiya, Ahmed Al-Rashidi Street\nRiyadh 12785\nSaudi Arabia\ne-mail: <mailto:raghd.atwty@hotmail.com|raghd.atwty@hotmail.com>\nPhone:+966 55 097 7625\n\n--------------------------------",
        "files": [
            {
                "id": "F08JEASLTNE",
                "created": 1742371875,
                "timestamp": 1742371875,
                "name": "image.png",
                "title": "image.png",
                "mimetype": "image\/png",
                "filetype": "png",
                "pretty_type": "PNG",
                "user": "U0606SPN4BW",
                "user_team": "T033D70RR6H",
                "editable": false,
                "size": 20396,
                "mode": "hosted",
                "is_external": false,
                "external_type": "",
                "is_public": true,
                "public_url_shared": false,
                "display_as_bot": false,
                "username": "",
                "url_private": "https:\/\/files.slack.com\/files-pri\/T033D70RR6H-F08JEASLTNE\/image.png?token=xoxe-3115238875221-9710624591398-9697214945543-aa82359f925d11baadb4ddc07b089467",
                "url_private_download": "https:\/\/files.slack.com\/files-pri\/T033D70RR6H-F08JEASLTNE\/download\/image.png?token=xoxe-3115238875221-9710624591398-9697214945543-aa82359f925d11baadb4ddc07b089467",
                "media_display_type": "unknown",
                "thumb_64": "https:\/\/files.slack.com\/files-tmb\/T033D70RR6H-F08JEASLTNE-eea32ed161\/image_64.png?t=xoxe-3115238875221-9710624591398-9697214945543-aa82359f925d11baadb4ddc07b089467",
                "thumb_80": "https:\/\/files.slack.com\/files-tmb\/T033D70RR6H-F08JEASLTNE-eea32ed161\/image_80.png?t=xoxe-3115238875221-9710624591398-9697214945543-aa82359f925d11baadb4ddc07b089467",
                "thumb_360": "https:\/\/files.slack.com\/files-tmb\/T033D70RR6H-F08JEASLTNE-eea32ed161\/image_360.png?t=xoxe-3115238875221-9710624591398-9697214945543-aa82359f925d11baadb4ddc07b089467",
                "thumb_360_w": 360,
                "thumb_360_h": 84,
                "thumb_480": "https:\/\/files.slack.com\/files-tmb\/T033D70RR6H-F08JEASLTNE-eea32ed161\/image_480.png?t=xoxe-3115238875221-9710624591398-9697214945543-aa82359f925d11baadb4ddc07b089467",
                "thumb_480_w": 480,
                "thumb_480_h": 112,
                "thumb_160": "https:\/\/files.slack.com\/files-tmb\/T033D70RR6H-F08JEASLTNE-eea32ed161\/image_160.png?t=xoxe-3115238875221-9710624591398-9697214945543-aa82359f925d11baadb4ddc07b089467",
                "thumb_720": "https:\/\/files.slack.com\/files-tmb\/T033D70RR6H-F08JEASLTNE-eea32ed161\/image_720.png?t=xoxe-3115238875221-9710624591398-9697214945543-aa82359f925d11baadb4ddc07b089467",
                "thumb_720_w": 720,
                "thumb_720_h": 168,
                "original_w": 732,
                "original_h": 171,
                "thumb_tiny": "AwALADDQIz60Y56H86XANG0elACbR7\/nRj60u0UbRQAmB\/k0uKKKAP\/Z",
                "permalink": "https:\/\/grp-ssm9297.slack.com\/files\/U0331FWGQRM\/F08JEASLTNE\/image.png",
                "permalink_public": "https:\/\/slack-files.com\/T033D70RR6H-F08JEASLTNE-8854e34368",
                "is_starred": false,
                "skipped_shares": true,
                "has_rich_preview": false,
                "file_access": "visible"
            }
        ],
        "upload": false,
        "user": "U0606SPN4BW",
        "display_as_bot": false,
        "blocks": [
            {
                "type": "rich_text",
                "block_id": "XjwNG",
                "elements": [
                    {
                        "type": "rich_text_section",
                        "elements": [
                            {
                                "type": "text",
                                "text": "下記へ発送手続き、および発送日のお知らせをお願いします！\n\n\n"
                            },
                            {
                                "type": "user",
                                "user_id": "U0331FZTHEK"
                            },
                            {
                                "type": "text",
                                "text": " 入金確認済 (Shopify payment, 3\/31着金予定), 回収処理をお願いします！\n\n\n▼サンプル内容 (計10点)\n<各20g>\nOrganic Matcha Upper - 1 (鹿児島製茶 鹿児島 A)\nOrganic Matcha Upper - 2 (鹿児島製茶 鹿児島 1A)\nOrganic Matcha Middle - 1 (鹿児島製茶 鹿児島 B)\nOrganic Matcha Regular - 2 (まるゑい 有機抹茶3000)\n\nOrganic Ginger Matcha (鹿児島製茶 鹿児島B,キタマ 有機ジンジャーパウダー)\nOrganic Pepper Mint Matcha  (鹿児島製茶 鹿児島B, キタマ 有機ペパーミントカット)\nOrganic Cinnamon (鹿児島製茶 鹿児島B, キタマ\t有機シナモンパウダー)\nOrganic Turmeric (鹿児島製茶 鹿児島B, キタマ\t有機ターメリックパウダー)\nOrganic Lemongrass Matcha (鹿児島製茶 鹿児島B, しまね有機ファーム\t有機レモングラスK-D#7)\nNon-organic Vanilla matcha (鹿児島製茶 鹿児島B, キタマ\tバニラパウダーB7355)\n\n\n袋指定なし、\nエージレス無し、\n品名ラベル貼り\n価格表示：なし\n\n\n発送:DHL\n\n\n--------------------------------\n\nName: Raghad Madkhali\nAddress: Riyadh, Al-Khalidiya, Ahmed Al-Rashidi Street\nRiyadh 12785\nSaudi Arabia\ne-mail: "
                            },
                            {
                                "type": "link",
                                "url": "mailto:raghd.atwty@hotmail.com",
                                "text": "raghd.atwty@hotmail.com"
                            },
                            {
                                "type": "text",
                                "text": "\nPhone:+966 55 097 7625\n\n--------------------------------"
                            }
                        ]
                    }
                ]
            }
        ],
        "type": "message",
        "ts": "1742371882.210439",
        "client_msg_id": "2e11b21d-39e2-411e-b3d3-09b2c4c8cf36",
        "thread_ts": "1742371824.610819",
        "parent_user_id": "U0606SPN4BW",
        "reactions": [
            {
                "name": "承知_致しました",
                "users": [
                    "U0331FZTHEK"
                ],
                "count": 1
            },
            {
                "name": "確認致します",
                "users": [
                    "U0331FZTHEK"
                ],
                "count": 1
            }
        ]
    },
    {
        "user": "U066P20UQH1",
        "type": "message",
        "ts": "1742372001.677769",
        "client_msg_id": "44715780-e4cb-4aaf-b886-80e3bb63bcf8",
        "text": "<!subteam^S073HEMKWV7|@hirakawa-adachi-yamamoto-fuse>\n発送可能日わかり次第共有お願いいたします:woman-bowing:\n\n▼注文内容（計6種）\n各20g\nOrganic Matcha Upper grade 1\nOrganic Matcha Upper grade 2\nOrganic Matcha Middle grade 1\nOrganic Matcha Middle grade 2\nOrganic Matcha Regular grade 1\nOrganic Matcha Regular grade 2\n\n鹿児島A\n鹿児島1A\n鹿児島B\n鹿児島C\n鹿児島D\nまるゑい有機抹茶3000\n\n包材・印字等通常サンプルの通り\n\n<@U0331FZTHEK>\n入金確認済みですので回収処理をお願いいたします:woman-bowing:",
        "team": "T033D70RR6H",
        "user_team": "T033D70RR6H",
        "source_team": "T033D70RR6H",
        "user_profile": {
            "avatar_hash": "179323cb3551",
            "image_72": "https:\/\/avatars.slack-edge.com\/2024-04-12\/6955353714228_179323cb3551f7c8ecfe_72.png",
            "first_name": "Haruka",
            "real_name": "Haruka Hayashi",
            "display_name": "林遥香",
            "team": "T033D70RR6H",
            "name": "haru.nboc",
            "is_restricted": false,
            "is_ultra_restricted": false
        },
        "thread_ts": "1742371862.414369",
        "parent_user_id": "U066P20UQH1",
        "blocks": [
            {
                "type": "rich_text",
                "block_id": "i9cSR",
                "elements": [
                    {
                        "type": "rich_text_section",
                        "elements": [
                            {
                                "type": "usergroup",
                                "usergroup_id": "S073HEMKWV7"
                            },
                            {
                                "type": "text",
                                "text": "\n発送可能日わかり次第共有お願いいたします"
                            },
                            {
                                "type": "emoji",
                                "name": "woman-bowing",
                                "unicode": "1f647-200d-2640-fe0f"
                            },
                            {
                                "type": "text",
                                "text": "\n\n▼注文内容（計6種）\n各20g\nOrganic Matcha Upper grade 1\nOrganic Matcha Upper grade 2\nOrganic Matcha Middle grade 1\nOrganic Matcha Middle grade 2\nOrganic Matcha Regular grade 1\nOrganic Matcha Regular grade 2\n\n鹿児島A\n鹿児島1A\n鹿児島B\n鹿児島C\n鹿児島D\nまるゑい有機抹茶3000\n\n包材・印字等通常サンプルの通り\n\n"
                            },
                            {
                                "type": "user",
                                "user_id": "U0331FZTHEK"
                            },
                            {
                                "type": "text",
                                "text": "\n入金確認済みですので回収処理をお願いいたします"
                            },
                            {
                                "type": "emoji",
                                "name": "woman-bowing",
                                "unicode": "1f647-200d-2640-fe0f"
                            }
                        ]
                    }
                ]
            }
        ],
        "reactions": [
            {
                "name": "d130b000eb8d6784",
                "users": [
                    "U0331FZTHEK"
                ],
                "count": 1
            },
            {
                "name": "承知_致しました",
                "users": [
                    "U0331FZTHEK"
                ],
                "count": 1
            }
        ]
    },
    {
        "user": "U0331FZTHEK",
        "type": "message",
        "ts": "1742374400.734379",
        "client_msg_id": "a6f97bf2-a14d-45ed-a028-07b600fc164b",
        "text": "<@U066P20UQH1>\n <!subteam^S073HEMKWV7|@hirakawa-adachi-yamamoto-fuse>\nご入金を確認致しました。\n・3\/19 [PayPal]\n・30 USD\n回収（入金）処理致します。\nよろしくお願いします。",
        "team": "T033D70RR6H",
        "user_team": "T033D70RR6H",
        "source_team": "T033D70RR6H",
        "user_profile": {
            "avatar_hash": "21cdbd6a05f9",
            "image_72": "https:\/\/avatars.slack-edge.com\/2022-02-16\/3115258488741_21cdbd6a05f9a69110f7_72.png",
            "first_name": "Mitsunobu",
            "real_name": "Mitsunobu Katayose",
            "display_name": "片寄",
            "team": "T033D70RR6H",
            "name": "tousuien03",
            "is_restricted": false,
            "is_ultra_restricted": false
        },
        "thread_ts": "1742371862.414369",
        "parent_user_id": "U066P20UQH1",
        "blocks": [
            {
                "type": "rich_text",
                "block_id": "9WSOA",
                "elements": [
                    {
                        "type": "rich_text_section",
                        "elements": [
                            {
                                "type": "user",
                                "user_id": "U066P20UQH1"
                            },
                            {
                                "type": "text",
                                "text": "\n "
                            },
                            {
                                "type": "usergroup",
                                "usergroup_id": "S073HEMKWV7"
                            },
                            {
                                "type": "text",
                                "text": "\nご入金を確認致しました。\n・3\/19 [PayPal]\n・30 USD\n回収（入金）処理致します。\nよろしくお願いします。"
                            }
                        ]
                    }
                ]
            }
        ],
        "reactions": [
            {
                "name": "pray",
                "users": [
                    "U066P20UQH1"
                ],
                "count": 1
            },
            {
                "name": "入金完了",
                "users": [
                    "U0331FZTHEK"
                ],
                "count": 1
            }
        ]
    },
    {
        "user": "U0606SPN4BW",
        "type": "message",
        "ts": "1742378469.140859",
        "client_msg_id": "7a0ef946-e046-436f-ad4e-e45b5039f1df",
        "text": "<!subteam^S073HEMKWV7|@hirakawa-adachi-yamamoto-fuse> <!subteam^S088LEJ1U5T|@kanayama-fukui-miyoshi-yokoi-takuwa-hara-imaoka-agou>\n:flag-nl:オランダ事務所・サンプル補充のお願いです。",
        "team": "T033D70RR6H",
        "user_team": "T033D70RR6H",
        "source_team": "T033D70RR6H",
        "user_profile": {
            "avatar_hash": "823d8545f678",
            "image_72": "https:\/\/avatars.slack-edge.com\/2024-04-12\/6946592133062_823d8545f678615a3e0a_72.jpg",
            "first_name": "SATOSHI",
            "real_name": "SATOSHI FURUKAWA",
            "display_name": "古川　敏",
            "team": "T033D70RR6H",
            "name": "jpfreebirds",
            "is_restricted": false,
            "is_ultra_restricted": false
        },
        "thread_ts": "1742378469.140859",
        "reply_count": 1,
        "reply_users_count": 1,
        "latest_reply": "1742378490.618769",
        "reply_users": [
            "U0606SPN4BW"
        ],
        "replies": [
            {
                "user": "U0606SPN4BW",
                "ts": "1742378490.618769"
            }
        ],
        "is_locked": false,
        "subscribed": false,
        "blocks": [
            {
                "type": "rich_text",
                "block_id": "Lqfwd",
                "elements": [
                    {
                        "type": "rich_text_section",
                        "elements": [
                            {
                                "type": "usergroup",
                                "usergroup_id": "S073HEMKWV7"
                            },
                            {
                                "type": "text",
                                "text": " "
                            },
                            {
                                "type": "usergroup",
                                "usergroup_id": "S088LEJ1U5T"
                            },
                            {
                                "type": "text",
                                "text": "\n"
                            },
                            {
                                "type": "emoji",
                                "name": "flag-nl",
                                "unicode": "1f1f3-1f1f1"
                            },
                            {
                                "type": "text",
                                "text": "オランダ事務所・サンプル補充のお願いです。"
                            }
                        ]
                    }
                ]
            }
        ]
    },
    {
        "user": "U0606SPN4BW",
        "type": "message",
        "ts": "1742378490.618769",
        "client_msg_id": "9aca3d83-161b-424f-b115-ddd97d8c286d",
        "text": "▼数量は目安です。この通りではなく前後しても問題ありません。(諸々の兼ね合いで調整くだされば大丈夫です)\n17 x Organic Matcha Upper grade - 1\n13 x Organic Matcha Upper grade - 2\n 8 x Organic Matcha Middle grade - 1\n 7 x Organic Matcha Middle grade - 2\n 4 x Organic Matcha Regular grade - 1\n 4 x Organic Matcha Regular grade - 2\n\n10 x Non organic Matcha Upper grade - 1\n10 x Non organic Matcha Upper grade - 2\n 7 x Non organic Matcha Middle grade - 1\n 5 x Non organic Matcha Middle grade - 2\n\n\n・Thank you カード各種 (合計50枚程度。在庫があればでOKです)\n\n\nOrganic Upperが残2のため、お忙しいところ恐縮ですがよろしくお願いいたします。:man-bowing:",
        "team": "T033D70RR6H",
        "user_team": "T033D70RR6H",
        "source_team": "T033D70RR6H",
        "user_profile": {
            "avatar_hash": "823d8545f678",
            "image_72": "https:\/\/avatars.slack-edge.com\/2024-04-12\/6946592133062_823d8545f678615a3e0a_72.jpg",
            "first_name": "SATOSHI",
            "real_name": "SATOSHI FURUKAWA",
            "display_name": "古川　敏",
            "team": "T033D70RR6H",
            "name": "jpfreebirds",
            "is_restricted": false,
            "is_ultra_restricted": false
        },
        "thread_ts": "1742378469.140859",
        "parent_user_id": "U0606SPN4BW",
        "blocks": [
            {
                "type": "rich_text",
                "block_id": "GoKS+",
                "elements": [
                    {
                        "type": "rich_text_section",
                        "elements": [
                            {
                                "type": "text",
                                "text": "▼数量は目安です。この通りではなく前後しても問題ありません。(諸々の兼ね合いで調整くだされば大丈夫です)\n17 x Organic Matcha Upper grade - 1\n13 x Organic Matcha Upper grade - 2\n 8 x Organic Matcha Middle grade - 1\n 7 x Organic Matcha Middle grade - 2\n 4 x Organic Matcha Regular grade - 1\n 4 x Organic Matcha Regular grade - 2\n\n10 x Non organic Matcha Upper grade - 1\n10 x Non organic Matcha Upper grade - 2\n 7 x Non organic Matcha Middle grade - 1\n 5 x Non organic Matcha Middle grade - 2\n\n\n・Thank you カード各種 (合計50枚程度。在庫があればでOKです)\n\n\nOrganic Upperが残2のため、お忙しいところ恐縮ですがよろしくお願いいたします。"
                            },
                            {
                                "type": "emoji",
                                "name": "man-bowing",
                                "unicode": "1f647-200d-2642-fe0f"
                            }
                        ]
                    }
                ]
            }
        ],
        "reactions": [
            {
                "name": "承知_致しました",
                "users": [
                    "U041RJKV5JA"
                ],
                "count": 1
            }
        ]
    },
    {
        "user": "U0606SPN4BW",
        "type": "message",
        "ts": "1742396983.187929",
        "client_msg_id": "d8017546-1b4e-4316-83e8-fbc856157acf",
        "text": "<!subteam^S073HEMKWV7|@hirakawa-adachi-yamamoto-fuse> cc <!subteam^S072Q871SF9|@oka-matsui-furukawa-hayashi-kimura-hasegawa-kawatani>\n:flag-th: タイ Thamakorn Pleekhun様からサンプル注文を頂きました。\nTSE-TPL-SPL-001-25",
        "team": "T033D70RR6H",
        "user_team": "T033D70RR6H",
        "source_team": "T033D70RR6H",
        "user_profile": {
            "avatar_hash": "823d8545f678",
            "image_72": "https:\/\/avatars.slack-edge.com\/2024-04-12\/6946592133062_823d8545f678615a3e0a_72.jpg",
            "first_name": "SATOSHI",
            "real_name": "SATOSHI FURUKAWA",
            "display_name": "古川　敏",
            "team": "T033D70RR6H",
            "name": "jpfreebirds",
            "is_restricted": false,
            "is_ultra_restricted": false
        },
        "thread_ts": "1742396983.187929",
        "reply_count": 13,
        "reply_users_count": 4,
        "latest_reply": "1743064261.481159",
        "reply_users": [
            "U0606SPN4BW",
            "U0331FZTHEK",
            "U066P20UQH1",
            "U041RJKV5JA"
        ],
        "replies": [
            {
                "user": "U0606SPN4BW",
                "ts": "1742396992.244259"
            },
            {
                "user": "U0331FZTHEK",
                "ts": "1742510960.394209"
            },
            {
                "user": "U0606SPN4BW",
                "ts": "1742764006.468539"
            },
            {
                "user": "U0606SPN4BW",
                "ts": "1742822350.342839"
            },
            {
                "user": "U0606SPN4BW",
                "ts": "1742836645.959209"
            },
            {
                "user": "U0331FZTHEK",
                "ts": "1742862413.182769"
            },
            {
                "user": "U066P20UQH1",
                "ts": "1742954166.233169"
            },
            {
                "user": "U066P20UQH1",
                "ts": "1742968491.690579"
            },
            {
                "user": "U041RJKV5JA",
                "ts": "1742969333.153289"
            },
            {
                "user": "U066P20UQH1",
                "ts": "1742969495.338729"
            },
            {
                "user": "U066P20UQH1",
                "ts": "1742970009.513109"
            },
            {
                "user": "U066P20UQH1",
                "ts": "1742971070.286989"
            },
            {
                "user": "U041RJKV5JA",
                "ts": "1743064261.481159"
            }
        ],
        "is_locked": false,
        "subscribed": true,
        "last_read": "1743064261.481159",
        "blocks": [
            {
                "type": "rich_text",
                "block_id": "ptoLn",
                "elements": [
                    {
                        "type": "rich_text_section",
                        "elements": [
                            {
                                "type": "usergroup",
                                "usergroup_id": "S073HEMKWV7"
                            },
                            {
                                "type": "text",
                                "text": " cc "
                            },
                            {
                                "type": "usergroup",
                                "usergroup_id": "S072Q871SF9"
                            },
                            {
                                "type": "text",
                                "text": "\n"
                            },
                            {
                                "type": "emoji",
                                "name": "flag-th",
                                "unicode": "1f1f9-1f1ed"
                            },
                            {
                                "type": "text",
                                "text": " タイ Thamakorn Pleekhun様からサンプル注文を頂きました。\nTSE-TPL-SPL-001-25"
                            }
                        ]
                    }
                ]
            }
        ],
        "reactions": [
            {
                "name": "承知_致しました",
                "users": [
                    "U041RJKV5JA"
                ],
                "count": 1
            },
            {
                "name": "管理表入力済",
                "users": [
                    "U066P20UQH1"
                ],
                "count": 1
            },
            {
                "name": "ivpl作成済",
                "users": [
                    "U066P20UQH1"
                ],
                "count": 1
            },
            {
                "name": "指示書作成済",
                "users": [
                    "U066P20UQH1"
                ],
                "count": 1
            }
        ]
    },
    {
        "user": "U0606SPN4BW",
        "type": "message",
        "ts": "1742396992.244259",
        "edited": {
            "user": "U0606SPN4BW",
            "ts": "1742836761.000000"
        },
        "client_msg_id": "9f29edc9-b822-4583-af23-a9e8525d1d7f",
        "text": "下記へ発送手続き、および発送日のお知らせをお願いします！\n\n\n<@U0331FZTHEK> 入金確認済 (PayPal), 回収処理をお願いします！\n\n\n▼サンプル内容 (計 ~16点~  ←20点になりました)\n<各20g>\nOrganic Matcha Top - 1 (碧翠園 16000京都)\nOrganic Matcha Top - 2 (碧翠園 12000京都)\nOrganic Matcha Upper - 1 (鹿児島製茶 鹿児島 A)\nOrganic Matcha Upper - 2 (鹿児島製茶 鹿児島 1A)\nOrganic Matcha Middle - 1 (鹿児島製茶 鹿児島 B)\nOrganic Matcha Middle - 2 (鹿児島製茶 鹿児島 C)\nOrganic Matcha Regular - 1 (鹿児島製茶 鹿児島D)\nOrganic Matcha Regular - 2 (まるゑい 有機抹茶3000)\n\nNon-organic Matcha Top - 1 (出雲精茶 出雲翠)\nNon-organic Matcha Top - 2 (出雲精茶 宇迦の白)\nNon-organic Matcha Upper - 1 (出雲精茶G)\nNon-organic Matcha Upper - 2 (出雲精茶R)\nNon-organic Matcha Middle - 1 (出雲精茶T)\nNon-organic Matcha Middle - 2 (出雲精茶N)\nNon-organic Matcha Regular - 1 (出雲精茶F)\nNon-organic Matcha Regular - 2 (出雲精茶W)\n\n\n< 3\/24 追加受注分 >\n1 x Yame Matcha B (星野製茶 八女の華, 代替品可)\n1 x Yame Matcha C (星野製茶 もくれん, 代替品可)\n1 x Nishio Matcha B　(葵製茶, 西尾の抹茶NB)\n1 x Nishio Matcha C　(葵製茶, 西尾の抹茶NC)\n\n\n袋指定なし、\nエージレス無し、\n品名ラベル貼り\n価格表示：なし\n\n\n発送:EMS\n\n\n--------------------------------\nName:Thamakorn Pleekhun\nAddress:69\/46 The Nice Village, Bangchan Klongsamwa Bangkok\nCountry:Thailand\nPostal code:10510\nPhone:66811316734\nEmail:<mailto:pinocchiio@windowslive.com|pinocchiio@windowslive.com>\n--------------------------------",
        "team": "T033D70RR6H",
        "user_team": "T033D70RR6H",
        "source_team": "T033D70RR6H",
        "user_profile": {
            "avatar_hash": "823d8545f678",
            "image_72": "https:\/\/avatars.slack-edge.com\/2024-04-12\/6946592133062_823d8545f678615a3e0a_72.jpg",
            "first_name": "SATOSHI",
            "real_name": "SATOSHI FURUKAWA",
            "display_name": "古川　敏",
            "team": "T033D70RR6H",
            "name": "jpfreebirds",
            "is_restricted": false,
            "is_ultra_restricted": false
        },
        "thread_ts": "1742396983.187929",
        "parent_user_id": "U0606SPN4BW",
        "blocks": [
            {
                "type": "rich_text",
                "block_id": "v5J7V",
                "elements": [
                    {
                        "type": "rich_text_section",
                        "elements": [
                            {
                                "type": "text",
                                "text": "下記へ発送手続き、および発送日のお知らせをお願いします！\n\n\n"
                            },
                            {
                                "type": "user",
                                "user_id": "U0331FZTHEK"
                            },
                            {
                                "type": "text",
                                "text": " 入金確認済 (PayPal), 回収処理をお願いします！\n\n\n▼サンプル内容 (計 "
                            },
                            {
                                "type": "text",
                                "text": "16点 ",
                                "style": {
                                    "strike": true
                                }
                            },
                            {
                                "type": "text",
                                "text": " ←20点になりました)\n<各20g>\nOrganic Matcha Top - 1 (碧翠園 16000京都)\nOrganic Matcha Top - 2 (碧翠園 12000京都)\nOrganic Matcha Upper - 1 (鹿児島製茶 鹿児島 A)\nOrganic Matcha Upper - 2 (鹿児島製茶 鹿児島 1A)\nOrganic Matcha Middle - 1 (鹿児島製茶 鹿児島 B)\nOrganic Matcha Middle - 2 (鹿児島製茶 鹿児島 C)\nOrganic Matcha Regular - 1 (鹿児島製茶 鹿児島D)\nOrganic Matcha Regular - 2 (まるゑい 有機抹茶3000)\n\nNon-organic Matcha Top - 1 (出雲精茶 出雲翠)\nNon-organic Matcha Top - 2 (出雲精茶 宇迦の白)\nNon-organic Matcha Upper - 1 (出雲精茶G)\nNon-organic Matcha Upper - 2 (出雲精茶R)\nNon-organic Matcha Middle - 1 (出雲精茶T)\nNon-organic Matcha Middle - 2 (出雲精茶N)\nNon-organic Matcha Regular - 1 (出雲精茶F)\nNon-organic Matcha Regular - 2 (出雲精茶W)\n\n\n< 3\/24 追加受注分 >\n1 x Yame Matcha B (星野製茶 八女の華, 代替品可)\n1 x Yame Matcha C (星野製茶 もくれん, 代替品可)\n1 x Nishio Matcha B　(葵製茶, 西尾の抹茶NB)\n1 x Nishio Matcha C　(葵製茶, 西尾の抹茶NC)\n\n\n袋指定なし、\nエージレス無し、\n品名ラベル貼り\n価格表示：なし\n\n\n発送:EMS\n\n\n--------------------------------\nName:Thamakorn Pleekhun\nAddress:69\/46 The Nice Village, Bangchan Klongsamwa Bangkok\nCountry:Thailand\nPostal code:10510\nPhone:66811316734\nEmail:"
                            },
                            {
                                "type": "link",
                                "url": "mailto:pinocchiio@windowslive.com",
                                "text": "pinocchiio@windowslive.com"
                            },
                            {
                                "type": "text",
                                "text": "\n--------------------------------"
                            }
                        ]
                    }
                ]
            }
        ],
        "reactions": [
            {
                "name": "d130b000eb8d6784",
                "users": [
                    "U0331FZTHEK"
                ],
                "count": 1
            },
            {
                "name": "7e6ac2088523a821",
                "users": [
                    "U0331FZTHEK"
                ],
                "count": 1
            }
        ]
    }
]