[
    {
        "user": "U08L89G6JSG",
        "type": "message",
        "ts": "1760514554.154809",
        "edited": {
            "user": "U08L89G6JSG",
            "ts": "1760519103.000000"
        },
        "client_msg_id": "93f67a74-5ca8-4b18-be6f-8010547850ea",
        "text": "<@U0331FWGQRM> <@U0331FZS7JT>\n<!subteam^S088LEJ1U5T|@kanayama-fukui-miyoshi-yokoi-takuwa-hara-imaoka-agou>\n【500kgx6回】\n・分割スケジュール\nTSE-OMT-003-25-1：12月4日\nTSE-OMT-003-25-2：12月19日\nTSE-OMT-003-25-3：1月13日\nTSE-OMT-003-25-4：1月28日\nTSE-OMT-003-25-5：2月13日\nTSE-OMT-003-25-6：3月3日\n・一括スケジュール　3月3日\n一括だとかなり物量が多く、保管場所を探す必要があるので\n分割スケジュールでご提案いただけると助かります:woman-bowing:\nよろしくお願いいたします！",
        "team": "T033D70RR6H",
        "user_team": "T033D70RR6H",
        "source_team": "T033D70RR6H",
        "user_profile": {
            "avatar_hash": "fed0a878533f",
            "image_72": "https:\/\/avatars.slack-edge.com\/2025-03-31\/8678953673334_fed0a878533f1e7c9560_72.png",
            "first_name": "yokoi",
            "real_name": "yokoi",
            "display_name": "横井",
            "team": "T033D70RR6H",
            "name": "tousuien.yokoi",
            "is_restricted": false,
            "is_ultra_restricted": false
        },
        "thread_ts": "1756374088.459259",
        "parent_user_id": "U0331FZS7JT",
        "blocks": [
            {
                "type": "rich_text",
                "block_id": "FfyX8",
                "elements": [
                    {
                        "type": "rich_text_section",
                        "elements": [
                            {
                                "type": "user",
                                "user_id": "U0331FWGQRM"
                            },
                            {
                                "type": "text",
                                "text": " "
                            },
                            {
                                "type": "user",
                                "user_id": "U0331FZS7JT"
                            },
                            {
                                "type": "text",
                                "text": "\n"
                            },
                            {
                                "type": "usergroup",
                                "usergroup_id": "S088LEJ1U5T"
                            },
                            {
                                "type": "text",
                                "text": "\n【500kgx6回】\n・分割スケジュール\nTSE-OMT-003-25-1：12月4日\nTSE-OMT-003-25-2：12月19日\nTSE-OMT-003-25-3：1月13日\nTSE-OMT-003-25-4：1月28日\nTSE-OMT-003-25-5：2月13日\nTSE-OMT-003-25-6：3月3日\n・一括スケジュール　3月3日\n一括だとかなり物量が多く、保管場所を探す必要があるので\n分割スケジュールでご提案いただけると助かります"
                            },
                            {
                                "type": "emoji",
                                "name": "woman-bowing",
                                "unicode": "1f647-200d-2640-fe0f"
                            },
                            {
                                "type": "text",
                                "text": "\nよろしくお願いいたします！"
                            }
                        ]
                    }
                ]
            }
        ],
        "reactions": [
            {
                "name": "raised_hands",
                "users": [
                    "U0331FWGQRM"
                ],
                "count": 1
            }
        ]
    },
    {
        "user": "U08L89G6JSG",
        "type": "message",
        "ts": "1760519851.865479",
        "client_msg_id": "0f000cdb-38ae-4756-a01e-9c4293da5caf",
        "text": "<@U0331FWGQRM> <@U0331FZS7JT>\n<!subteam^S088LEJ1U5T|@kanayama-fukui-miyoshi-yokoi-takuwa-hara-imaoka-agou>\n概算ですが、、ご確認お願いします！\n【500kgx12回】\n・12月4日\n・12月19日\n・1月13日\n・1月28日\n・2月13日\n・3月3日\n・3月17日\n・4月2日\n・4月17日\n・5月11日\n・5月26日\n・6月10日\n【1トンx6回】\n・12月19日\n・1月28日\n・3月3日\n・4月2日\n・5月11日\n・6月10日\n【3トンx2回】\n・3月3日\n・6月10日\nメモ：4月頃までは黄色倉庫保管予定、その後は冷房完備スペース必要。",
        "team": "T033D70RR6H",
        "user_team": "T033D70RR6H",
        "source_team": "T033D70RR6H",
        "user_profile": {
            "avatar_hash": "fed0a878533f",
            "image_72": "https:\/\/avatars.slack-edge.com\/2025-03-31\/8678953673334_fed0a878533f1e7c9560_72.png",
            "first_name": "yokoi",
            "real_name": "yokoi",
            "display_name": "横井",
            "team": "T033D70RR6H",
            "name": "tousuien.yokoi",
            "is_restricted": false,
            "is_ultra_restricted": false
        },
        "thread_ts": "1756374088.459259",
        "parent_user_id": "U0331FZS7JT",
        "blocks": [
            {
                "type": "rich_text",
                "block_id": "H8dy+",
                "elements": [
                    {
                        "type": "rich_text_section",
                        "elements": [
                            {
                                "type": "user",
                                "user_id": "U0331FWGQRM"
                            },
                            {
                                "type": "text",
                                "text": " "
                            },
                            {
                                "type": "user",
                                "user_id": "U0331FZS7JT"
                            },
                            {
                                "type": "text",
                                "text": "\n"
                            },
                            {
                                "type": "usergroup",
                                "usergroup_id": "S088LEJ1U5T"
                            },
                            {
                                "type": "text",
                                "text": "\n概算ですが、、ご確認お願いします！\n【500kgx12回】\n・12月4日\n・12月19日\n・1月13日\n・1月28日\n・2月13日\n・3月3日\n・3月17日\n・4月2日\n・4月17日\n・5月11日\n・5月26日\n・6月10日\n【1トンx6回】\n・12月19日\n・1月28日\n・3月3日\n・4月2日\n・5月11日\n・6月10日\n【3トンx2回】\n・3月3日\n・6月10日\nメモ：4月頃までは黄色倉庫保管予定、その後は冷房完備スペース必要。"
                            }
                        ]
                    }
                ]
            }
        ],
        "reactions": [
            {
                "name": "d130b000eb8d6784",
                "users": [
                    "U0331FWGQRM"
                ],
                "count": 1
            }
        ]
    },
    {
        "user": "U0331FZS7JT",
        "type": "message",
        "ts": "1760546855.246839",
        "client_msg_id": "967be5ad-033e-4fbd-a27b-634f5a8638b5",
        "text": "<@U066P20UQH1>\n外観と水色の画像をFayフォルダの\n「To Fay」→「●Share」→「20251016_Photo」に入れています。\n①Non ~organic 左が山啓、右がG\n②Organic 左が山啓ブレンド、右が鹿児島\n\nよろしくです！",
        "team": "T033D70RR6H",
        "user_team": "T033D70RR6H",
        "source_team": "T033D70RR6H",
        "user_profile": {
            "avatar_hash": "2c9de1514f26",
            "image_72": "https:\/\/avatars.slack-edge.com\/2022-02-16\/3118160981555_2c9de1514f262063f72d_72.png",
            "first_name": "Yuta",
            "real_name": "Yuta Oka",
            "display_name": "岡祐太",
            "team": "T033D70RR6H",
            "name": "yuta.oka.0915",
            "is_restricted": false,
            "is_ultra_restricted": false
        },
        "thread_ts": "1760487820.169849",
        "parent_user_id": "U066P20UQH1",
        "blocks": [
            {
                "type": "rich_text",
                "block_id": "1J++v",
                "elements": [
                    {
                        "type": "rich_text_section",
                        "elements": [
                            {
                                "type": "user",
                                "user_id": "U066P20UQH1"
                            },
                            {
                                "type": "text",
                                "text": "\n外観と水色の画像をFayフォルダの\n「To Fay」→「●Share」→「20251016_Photo」に入れています。\n①Non ~organic 左が山啓、右がG\n②Organic 左が山啓ブレンド、右が鹿児島\n\nよろしくです！"
                            }
                        ]
                    }
                ]
            }
        ],
        "reactions": [
            {
                "name": "あり",
                "users": [
                    "U066P20UQH1"
                ],
                "count": 1
            }
        ]
    },
    {
        "user": "U066P20UQH1",
        "type": "message",
        "ts": "1760577010.325119",
        "client_msg_id": "6017f433-3ff8-47aa-996e-1fd67dbf7557",
        "text": "<!subteam^S088LEJ1U5T|@kanayama-fukui-miyoshi-yokoi-takuwa-hara-imaoka-agou> <@U0331FZS7JT>\n品質確認いただきありがとうございました！\nサンプルはいつ頃発送できそうでしょうか？",
        "team": "T033D70RR6H",
        "user_team": "T033D70RR6H",
        "source_team": "T033D70RR6H",
        "user_profile": {
            "avatar_hash": "179323cb3551",
            "image_72": "https:\/\/avatars.slack-edge.com\/2024-04-12\/6955353714228_179323cb3551f7c8ecfe_72.png",
            "first_name": "Haruka",
            "real_name": "Haruka Hayashi",
            "display_name": "林遥香",
            "team": "T033D70RR6H",
            "name": "haru.nboc",
            "is_restricted": false,
            "is_ultra_restricted": false
        },
        "thread_ts": "1760487820.169849",
        "parent_user_id": "U066P20UQH1",
        "blocks": [
            {
                "type": "rich_text",
                "block_id": "fzsAu",
                "elements": [
                    {
                        "type": "rich_text_section",
                        "elements": [
                            {
                                "type": "usergroup",
                                "usergroup_id": "S088LEJ1U5T"
                            },
                            {
                                "type": "text",
                                "text": " "
                            },
                            {
                                "type": "user",
                                "user_id": "U0331FZS7JT"
                            },
                            {
                                "type": "text",
                                "text": "\n品質確認いただきありがとうございました！\nサンプルはいつ頃発送できそうでしょうか？"
                            }
                        ]
                    }
                ]
            }
        ]
    },
    {
        "user": "U08NVD403GV",
        "type": "message",
        "ts": "1760594493.549979",
        "client_msg_id": "b28759d4-ae5d-4cee-8d2c-f0e169336447",
        "text": "<@U08N3SKSL75>\n <!subteam^S073HEMKWV7|@hirakawa-adachi-yamamoto-fuse>\n <!subteam^S088LEJ1U5T|@kanayama-fukui-miyoshi-yokoi-takuwa-hara-imaoka-agou>\n本日DHLにて出荷しました。\nAWB No.2739286782\nよろしくお願いいたします。",
        "team": "T033D70RR6H",
        "user_team": "T033D70RR6H",
        "source_team": "T033D70RR6H",
        "user_profile": {
            "avatar_hash": "g631762386a6",
            "image_72": "https:\/\/secure.gravatar.com\/avatar\/631762386a6de814719795fffc991b1e.jpg?s=72&d=https%3A%2F%2Fa.slack-edge.com%2Fdf10d%2Fimg%2Favatars%2Fava_0009-72.png",
            "first_name": "Yamamoto",
            "real_name": "Yamamoto",
            "display_name": "山本",
            "team": "T033D70RR6H",
            "name": "tousuien.yamamoto",
            "is_restricted": false,
            "is_ultra_restricted": false
        },
        "thread_ts": "1759124100.309859",
        "parent_user_id": "U08N3SKSL75",
        "blocks": [
            {
                "type": "rich_text",
                "block_id": "cJedn",
                "elements": [
                    {
                        "type": "rich_text_section",
                        "elements": [
                            {
                                "type": "user",
                                "user_id": "U08N3SKSL75"
                            },
                            {
                                "type": "text",
                                "text": "\n "
                            },
                            {
                                "type": "usergroup",
                                "usergroup_id": "S073HEMKWV7"
                            },
                            {
                                "type": "text",
                                "text": "\n "
                            },
                            {
                                "type": "usergroup",
                                "usergroup_id": "S088LEJ1U5T"
                            },
                            {
                                "type": "text",
                                "text": "\n本日DHLにて出荷しました。\nAWB No.2739286782\nよろしくお願いいたします。"
                            }
                        ]
                    }
                ]
            }
        ],
        "reactions": [
            {
                "name": "あり",
                "users": [
                    "U08N3SKSL75"
                ],
                "count": 1
            }
        ]
    }
]