[
    {
        "user": "U0606SPN4BW",
        "type": "message",
        "ts": "1754318411.838659",
        "client_msg_id": "a16037c0-fc61-4396-b5c5-ef7e8b7babbb",
        "text": "<!subteam^S073HEMKWV7|@hirakawa-adachi-yamamoto-fuse> <!subteam^S088LEJ1U5T|@kanayama-fukui-miyoshi-yokoi-takuwa-hara-imaoka-agou> <@U066P20UQH1>\n1423 :flag-mx:メキシコ：SMS-samantha segura（宛先はアメリカ）様から注文をいただきました。\n*TSE-SMS-SPL-001-25*",
        "team": "T033D70RR6H",
        "user_team": "T033D70RR6H",
        "source_team": "T033D70RR6H",
        "user_profile": {
            "avatar_hash": "823d8545f678",
            "image_72": "https:\/\/avatars.slack-edge.com\/2024-04-12\/6946592133062_823d8545f678615a3e0a_72.jpg",
            "first_name": "SATOSHI",
            "real_name": "SATOSHI FURUKAWA",
            "display_name": "古川　敏",
            "team": "T033D70RR6H",
            "name": "jpfreebirds",
            "is_restricted": false,
            "is_ultra_restricted": false
        },
        "thread_ts": "1754318411.838659",
        "reply_count": 4,
        "reply_users_count": 4,
        "latest_reply": "1755929943.256249",
        "reply_users": [
            "U0606SPN4BW",
            "U066P20UQH1",
            "U08L89G6JSG",
            "U041RJKV5JA"
        ],
        "replies": [
            {
                "user": "U0606SPN4BW",
                "ts": "1754318465.278829"
            },
            {
                "user": "U066P20UQH1",
                "ts": "1754383591.883999"
            },
            {
                "user": "U08L89G6JSG",
                "ts": "1755564147.094769"
            },
            {
                "user": "U041RJKV5JA",
                "ts": "1755929943.256249"
            }
        ],
        "is_locked": false,
        "subscribed": false,
        "blocks": [
            {
                "type": "rich_text",
                "block_id": "YrI\/5",
                "elements": [
                    {
                        "type": "rich_text_section",
                        "elements": [
                            {
                                "type": "usergroup",
                                "usergroup_id": "S073HEMKWV7"
                            },
                            {
                                "type": "text",
                                "text": " "
                            },
                            {
                                "type": "usergroup",
                                "usergroup_id": "S088LEJ1U5T"
                            },
                            {
                                "type": "text",
                                "text": " "
                            },
                            {
                                "type": "user",
                                "user_id": "U066P20UQH1"
                            },
                            {
                                "type": "text",
                                "text": "\n1423 "
                            },
                            {
                                "type": "emoji",
                                "name": "flag-mx",
                                "unicode": "1f1f2-1f1fd"
                            },
                            {
                                "type": "text",
                                "text": "メキシコ：SMS-samantha segura（宛先はアメリカ）様から注文をいただきました。\n"
                            },
                            {
                                "type": "text",
                                "text": "TSE-SMS-SPL-001-25",
                                "style": {
                                    "bold": true
                                }
                            }
                        ]
                    }
                ]
            }
        ]
    },
    {
        "user": "U0606SPN4BW",
        "type": "message",
        "ts": "1754318465.278829",
        "client_msg_id": "55f196fb-6cec-4238-b1e0-4df444518fbd",
        "text": "発送手続き、および発送日のお知らせをお願いします!\n\n\n<!subteam^S08NN8M4LAZ|@katayose-kamiya>　\n無償提供です。よろしくお願いいたします！\n\n\n▼注文内容 (計 7種類)\n&lt; 標準 各10g &gt;\n```1 x Organic Matcha Upper grade - 1, 鹿児島製茶 有機抹茶A 90% + 有機抹茶B 10%\n1 x Organic Matcha Upper grade - 2, 鹿児島製茶 有機抹茶A 50% + 有機抹茶B 50%\n1 x Non-organic Matcha Upper grade - 1, 出雲抹茶G\n1 x Non-organic Matcha Upper grade - 2, 出雲抹茶R\n1 x Non-organic Matcha Middle grade - 2, 出雲抹茶N\n1 x Non organic matcha Uji grade A, 香岳園 宇治抹茶 K10000\n1 x Non organic matcha Uji grade B, 香岳園 宇治抹茶 K8000```\n\n箱：ボタニカル\n発送：DHL",
        "team": "T033D70RR6H",
        "user_team": "T033D70RR6H",
        "source_team": "T033D70RR6H",
        "user_profile": {
            "avatar_hash": "823d8545f678",
            "image_72": "https:\/\/avatars.slack-edge.com\/2024-04-12\/6946592133062_823d8545f678615a3e0a_72.jpg",
            "first_name": "SATOSHI",
            "real_name": "SATOSHI FURUKAWA",
            "display_name": "古川　敏",
            "team": "T033D70RR6H",
            "name": "jpfreebirds",
            "is_restricted": false,
            "is_ultra_restricted": false
        },
        "thread_ts": "1754318411.838659",
        "parent_user_id": "U0606SPN4BW",
        "blocks": [
            {
                "type": "rich_text",
                "block_id": "qe88m",
                "elements": [
                    {
                        "type": "rich_text_section",
                        "elements": [
                            {
                                "type": "text",
                                "text": "発送手続き、および発送日のお知らせをお願いします!\n\n\n"
                            },
                            {
                                "type": "usergroup",
                                "usergroup_id": "S08NN8M4LAZ"
                            },
                            {
                                "type": "text",
                                "text": "　\n無償提供です。よろしくお願いいたします！\n\n\n▼注文内容 (計 7種類)\n< 標準 各10g >\n"
                            }
                        ]
                    },
                    {
                        "type": "rich_text_preformatted",
                        "elements": [
                            {
                                "type": "text",
                                "text": "1 x Organic Matcha Upper grade - 1, 鹿児島製茶 有機抹茶A 90% + 有機抹茶B 10%\n1 x Organic Matcha Upper grade - 2, 鹿児島製茶 有機抹茶A 50% + 有機抹茶B 50%\n1 x Non-organic Matcha Upper grade - 1, 出雲抹茶G\n1 x Non-organic Matcha Upper grade - 2, 出雲抹茶R\n1 x Non-organic Matcha Middle grade - 2, 出雲抹茶N\n1 x Non organic matcha Uji grade A, 香岳園 宇治抹茶 K10000\n1 x Non organic matcha Uji grade B, 香岳園 宇治抹茶 K8000"
                            }
                        ],
                        "border": 0
                    },
                    {
                        "type": "rich_text_section",
                        "elements": [
                            {
                                "type": "text",
                                "text": "\n\n箱：ボタニカル\n発送：DHL"
                            }
                        ]
                    }
                ]
            }
        ],
        "reactions": [
            {
                "name": "承知_致しました",
                "users": [
                    "U0331FZTHEK"
                ],
                "count": 1
            }
        ]
    },
    {
        "user": "U095LLEH09G",
        "type": "message",
        "ts": "1754374487.011819",
        "edited": {
            "user": "U095LLEH09G",
            "ts": "1754376731.000000"
        },
        "client_msg_id": "6e93d51e-f5cc-427d-ac7f-286f80c35721",
        "text": "<!subteam^S073HEMKWV7|@hirakawa-adachi-yamamoto-fuse> <!subteam^S088LEJ1U5T|@kanayama-fukui-miyoshi-yokoi-takuwa-hara-imaoka-agou> <!subteam^S072Q871SF9|@oka-matsui-furukawa-hayashi-kimura-hasegawa-kawatani>\n1414:flag-sa:サウジアラビア：REN-Renad mohammed (Alibaba)様からサンプル注文をいただきました。\n*TSE-REN-SPL-001-25*",
        "team": "T033D70RR6H",
        "user_team": "T033D70RR6H",
        "source_team": "T033D70RR6H",
        "user_profile": {
            "avatar_hash": "ae87b26efedc",
            "image_72": "https:\/\/avatars.slack-edge.com\/2025-07-13\/9205392762673_ae87b26efedc7814f01e_72.png",
            "first_name": "Shizuka",
            "real_name": "Shizuka Kawatani",
            "display_name": "Shizuka Kawatani",
            "team": "T033D70RR6H",
            "name": "tousuien.kawatani",
            "is_restricted": false,
            "is_ultra_restricted": false
        },
        "thread_ts": "1754374487.011819",
        "reply_count": 3,
        "reply_users_count": 3,
        "latest_reply": "1755929905.530649",
        "reply_users": [
            "U095LLEH09G",
            "U033G4KN4TD",
            "U041RJKV5JA"
        ],
        "replies": [
            {
                "user": "U095LLEH09G",
                "ts": "1754374511.739029"
            },
            {
                "user": "U033G4KN4TD",
                "ts": "1755053923.210379"
            },
            {
                "user": "U041RJKV5JA",
                "ts": "1755929905.530649"
            }
        ],
        "is_locked": false,
        "subscribed": true,
        "last_read": "1755929905.530649",
        "blocks": [
            {
                "type": "rich_text",
                "block_id": "OqaiS",
                "elements": [
                    {
                        "type": "rich_text_section",
                        "elements": [
                            {
                                "type": "usergroup",
                                "usergroup_id": "S073HEMKWV7"
                            },
                            {
                                "type": "text",
                                "text": " "
                            },
                            {
                                "type": "usergroup",
                                "usergroup_id": "S088LEJ1U5T"
                            },
                            {
                                "type": "text",
                                "text": " "
                            },
                            {
                                "type": "usergroup",
                                "usergroup_id": "S072Q871SF9"
                            },
                            {
                                "type": "text",
                                "text": "\n1414"
                            },
                            {
                                "type": "emoji",
                                "name": "flag-sa",
                                "unicode": "1f1f8-1f1e6"
                            },
                            {
                                "type": "text",
                                "text": "サウジアラビア：REN-Renad mohammed (Alibaba)様からサンプル注文をいただきました。\n"
                            },
                            {
                                "type": "text",
                                "text": "TSE-REN-SPL-001-25",
                                "style": {
                                    "bold": true
                                }
                            }
                        ]
                    }
                ]
            }
        ]
    },
    {
        "user": "U095LLEH09G",
        "type": "message",
        "ts": "1754374511.739029",
        "edited": {
            "user": "U095LLEH09G",
            "ts": "1754376848.000000"
        },
        "client_msg_id": "85b95393-6458-45ef-ad14-c63f324a60e6",
        "text": "<!subteam^S073HEMKWV7|@hirakawa-adachi-yamamoto-fuse> <!subteam^S088LEJ1U5T|@kanayama-fukui-miyoshi-yokoi-takuwa-hara-imaoka-agou> <!subteam^S072Q871SF9|@oka-matsui-furukawa-hayashi-kimura-hasegawa-kawatani>\n\n下記へ発送手続き、及び発送予定日のお知らせをお願いいたします。\n\n<!subteam^S08NN8M4LAZ|@katayose-kamiya>\n本件は無償提供です。よろしくお願いいたします。\n\n▼注文内容 (計 3点)\n< 標準サンプル, 各10g>\n1) Organic Matcha Upper grade 1\n2) Organic Matcha Upper grade 2\n3) Organic Matcha Middle grade 1\n\n箱：ボタニカル\n発送：DHL",
        "team": "T033D70RR6H",
        "user_team": "T033D70RR6H",
        "source_team": "T033D70RR6H",
        "user_profile": {
            "avatar_hash": "ae87b26efedc",
            "image_72": "https:\/\/avatars.slack-edge.com\/2025-07-13\/9205392762673_ae87b26efedc7814f01e_72.png",
            "first_name": "Shizuka",
            "real_name": "Shizuka Kawatani",
            "display_name": "Shizuka Kawatani",
            "team": "T033D70RR6H",
            "name": "tousuien.kawatani",
            "is_restricted": false,
            "is_ultra_restricted": false
        },
        "thread_ts": "1754374487.011819",
        "parent_user_id": "U095LLEH09G",
        "blocks": [
            {
                "type": "rich_text",
                "block_id": "urTN8",
                "elements": [
                    {
                        "type": "rich_text_section",
                        "elements": [
                            {
                                "type": "usergroup",
                                "usergroup_id": "S073HEMKWV7"
                            },
                            {
                                "type": "text",
                                "text": " "
                            },
                            {
                                "type": "usergroup",
                                "usergroup_id": "S088LEJ1U5T"
                            },
                            {
                                "type": "text",
                                "text": " "
                            },
                            {
                                "type": "usergroup",
                                "usergroup_id": "S072Q871SF9"
                            },
                            {
                                "type": "text",
                                "text": "\n\n下記へ発送手続き、及び発送予定日のお知らせをお願いいたします。\n\n"
                            },
                            {
                                "type": "usergroup",
                                "usergroup_id": "S08NN8M4LAZ"
                            },
                            {
                                "type": "text",
                                "text": "\n本件は無償提供です。よろしくお願いいたします。\n\n▼注文内容 (計 3点)\n< 標準サンプル, 各10g>\n1) Organic Matcha Upper grade 1\n2) Organic Matcha Upper grade 2\n3) Organic Matcha Middle grade 1\n\n箱：ボタニカル\n発送：DHL"
                            }
                        ]
                    }
                ]
            }
        ],
        "reactions": [
            {
                "name": "承知_致しました",
                "users": [
                    "U0331FZTHEK"
                ],
                "count": 1
            }
        ]
    }
]