[
    {
        "user": "U08RVRNBY00",
        "type": "message",
        "ts": "1747650936.147169",
        "client_msg_id": "a039da5a-d867-474f-bb6e-cbf7f37fd297",
        "text": "<!subteam^S073HEMKWV7|@hirakawa-adachi-yamamoto-fuse> <!subteam^S072Q871SF9|@oka-matsui-furukawa-hayashi-kimura-hasegawa-kawatani>\n1179 :flag-sg: シンガポール　CSC-ClaireSherri Chan様(Alibaba)からサンプル注文を頂きました。\n*TSE-CSC-SPL-001-25*",
        "team": "T033D70RR6H",
        "user_team": "T033D70RR6H",
        "source_team": "T033D70RR6H",
        "user_profile": {
            "avatar_hash": "g347f3e803ab",
            "image_72": "https:\/\/secure.gravatar.com\/avatar\/347f3e803abca8b6a7b724895864d138.jpg?s=72&d=https%3A%2F%2Fa.slack-edge.com%2Fdf10d%2Fimg%2Favatars%2Fava_0001-72.png",
            "first_name": "Hikako",
            "real_name": "Hikako Hasegawa",
            "display_name": "Hikako Hasegawa",
            "team": "T033D70RR6H",
            "name": "tousuien.hasegawa",
            "is_restricted": false,
            "is_ultra_restricted": false
        },
        "thread_ts": "1747650936.147169",
        "reply_count": 6,
        "reply_users_count": 4,
        "latest_reply": "1748411546.078249",
        "reply_users": [
            "U08RVRNBY00",
            "U0331FZTHEK",
            "U033G4KN4TD",
            "U08NVD403GV"
        ],
        "replies": [
            {
                "user": "U08RVRNBY00",
                "ts": "1747651221.967419"
            },
            {
                "user": "U0331FZTHEK",
                "ts": "1747694809.514079"
            },
            {
                "user": "U033G4KN4TD",
                "ts": "1748325255.464929"
            },
            {
                "user": "U08NVD403GV",
                "ts": "1748328109.499929"
            },
            {
                "user": "U08RVRNBY00",
                "ts": "1748329279.724809"
            },
            {
                "user": "U08NVD403GV",
                "ts": "1748411546.078249"
            }
        ],
        "is_locked": false,
        "subscribed": true,
        "last_read": "1748411546.078249",
        "blocks": [
            {
                "type": "rich_text",
                "block_id": "0KOgL",
                "elements": [
                    {
                        "type": "rich_text_section",
                        "elements": [
                            {
                                "type": "usergroup",
                                "usergroup_id": "S073HEMKWV7"
                            },
                            {
                                "type": "text",
                                "text": " "
                            },
                            {
                                "type": "usergroup",
                                "usergroup_id": "S072Q871SF9"
                            },
                            {
                                "type": "text",
                                "text": "\n1179 "
                            },
                            {
                                "type": "emoji",
                                "name": "flag-sg",
                                "unicode": "1f1f8-1f1ec"
                            },
                            {
                                "type": "text",
                                "text": " シンガポール　CSC-ClaireSherri Chan様(Alibaba)からサンプル注文を頂きました。\n"
                            },
                            {
                                "type": "text",
                                "text": "TSE-CSC-SPL-001-25",
                                "style": {
                                    "bold": true
                                }
                            }
                        ]
                    }
                ]
            }
        ],
        "reactions": [
            {
                "name": "承知_致しました",
                "users": [
                    "U041RJKV5JA"
                ],
                "count": 1
            }
        ]
    },
    {
        "user": "U08RVRNBY00",
        "type": "message",
        "ts": "1747651221.967419",
        "client_msg_id": "194d4b1c-edbc-40d8-a110-06c6bcd1a552",
        "text": "下記へ発送手続き、および発送日のお知らせをお願いします。\n\n▼サンプル内容 (計 6点)\n下記へ発送手続き、および発送日のお知らせをお願いします。\n\n▼サンプル内容 (計 6点)\nOrganic Kagoshima Hojicha Powder\/ ひかわ 有機ほうじ茶HTJ10粉砕\nNon-organic Izumo Hojicha Powder \/出雲精茶   出雲ほうじ茶Powder\nNon-organic Izumo stem Hojicha Powder \/出雲精茶 茎ほうじPowder\nNon-organic Uji Hojicha Powder \/香岳園 ほうじ茶パウダー\nOrganic Genmaicha Powder \/鹿児島製茶 有機煎茶1B　51%     丸菱 オーガニック玄米 49%\nNon-organic Genmaicha Powder \/鹿児島製茶 有機煎茶1B 51% 丸菱 オーガニック玄米 49%\n\n包材ラベル他通常サンプルと同様です。\n箱：ボタニカル\n発送：DHL\n決済：PayPal",
        "team": "T033D70RR6H",
        "user_team": "T033D70RR6H",
        "source_team": "T033D70RR6H",
        "user_profile": {
            "avatar_hash": "g347f3e803ab",
            "image_72": "https:\/\/secure.gravatar.com\/avatar\/347f3e803abca8b6a7b724895864d138.jpg?s=72&d=https%3A%2F%2Fa.slack-edge.com%2Fdf10d%2Fimg%2Favatars%2Fava_0001-72.png",
            "first_name": "Hikako",
            "real_name": "Hikako Hasegawa",
            "display_name": "Hikako Hasegawa",
            "team": "T033D70RR6H",
            "name": "tousuien.hasegawa",
            "is_restricted": false,
            "is_ultra_restricted": false
        },
        "thread_ts": "1747650936.147169",
        "parent_user_id": "U08RVRNBY00",
        "blocks": [
            {
                "type": "rich_text",
                "block_id": "\/hfpQ",
                "elements": [
                    {
                        "type": "rich_text_section",
                        "elements": [
                            {
                                "type": "text",
                                "text": "下記へ発送手続き、および発送日のお知らせをお願いします。\n\n▼サンプル内容 (計 6点)\n下記へ発送手続き、および発送日のお知らせをお願いします。\n\n▼サンプル内容 (計 6点)\nOrganic Kagoshima Hojicha Powder\/ ひかわ 有機ほうじ茶HTJ10粉砕\nNon-organic Izumo Hojicha Powder \/出雲精茶   出雲ほうじ茶Powder\nNon-organic Izumo stem Hojicha Powder \/出雲精茶 茎ほうじPowder\nNon-organic Uji Hojicha Powder \/香岳園 ほうじ茶パウダー\nOrganic Genmaicha Powder \/鹿児島製茶 有機煎茶1B　51%     丸菱 オーガニック玄米 49%\nNon-organic Genmaicha Powder \/鹿児島製茶 有機煎茶1B 51% 丸菱 オーガニック玄米 49%\n\n包材ラベル他通常サンプルと同様です。\n箱：ボタニカル\n発送：DHL\n決済：PayPal"
                            }
                        ]
                    }
                ]
            }
        ]
    },
    {
        "user": "U0331FZTHEK",
        "type": "message",
        "ts": "1747694809.514079",
        "client_msg_id": "ef0ade41-de5d-4660-82ab-17e18f88ffa1",
        "text": "<@U08RVRNBY00>\n <!subteam^S073HEMKWV7|@hirakawa-adachi-yamamoto-fuse>\nご入金を確認致しました。\n・5\/19 [PayPal]\n・50 USD\n回収（入金）処理致します。\nよろしくお願いします。",
        "team": "T033D70RR6H",
        "user_team": "T033D70RR6H",
        "source_team": "T033D70RR6H",
        "user_profile": {
            "avatar_hash": "21cdbd6a05f9",
            "image_72": "https:\/\/avatars.slack-edge.com\/2022-02-16\/3115258488741_21cdbd6a05f9a69110f7_72.png",
            "first_name": "Mitsunobu",
            "real_name": "Mitsunobu Katayose",
            "display_name": "片寄",
            "team": "T033D70RR6H",
            "name": "tousuien03",
            "is_restricted": false,
            "is_ultra_restricted": false
        },
        "thread_ts": "1747650936.147169",
        "parent_user_id": "U08RVRNBY00",
        "blocks": [
            {
                "type": "rich_text",
                "block_id": "CWXQK",
                "elements": [
                    {
                        "type": "rich_text_section",
                        "elements": [
                            {
                                "type": "user",
                                "user_id": "U08RVRNBY00"
                            },
                            {
                                "type": "text",
                                "text": "\n "
                            },
                            {
                                "type": "usergroup",
                                "usergroup_id": "S073HEMKWV7"
                            },
                            {
                                "type": "text",
                                "text": "\nご入金を確認致しました。\n・5\/19 [PayPal]\n・50 USD\n回収（入金）処理致します。\nよろしくお願いします。"
                            }
                        ]
                    }
                ]
            }
        ],
        "reactions": [
            {
                "name": "d130b000eb8d6784",
                "users": [
                    "U08RVRNBY00"
                ],
                "count": 1
            },
            {
                "name": "入金完了",
                "users": [
                    "U0331FZTHEK"
                ],
                "count": 1
            }
        ]
    },
    {
        "user": "U08NVD403GV",
        "type": "message",
        "ts": "1747720474.540919",
        "client_msg_id": "6b05dac1-b6d0-4cf5-83a3-07fa75345bf6",
        "text": "<@U08N3SKSL75>\n <!subteam^S073HEMKWV7|@hirakawa-adachi-yamamoto-fuse>\n本日DHLにて出荷しました。\nAWB No.7007110902\nよろしくお願いいたします。",
        "team": "T033D70RR6H",
        "user_team": "T033D70RR6H",
        "source_team": "T033D70RR6H",
        "user_profile": {
            "avatar_hash": "g631762386a6",
            "image_72": "https:\/\/secure.gravatar.com\/avatar\/631762386a6de814719795fffc991b1e.jpg?s=72&d=https%3A%2F%2Fa.slack-edge.com%2Fdf10d%2Fimg%2Favatars%2Fava_0009-72.png",
            "first_name": "Yamamoto",
            "real_name": "Yamamoto",
            "display_name": "山本",
            "team": "T033D70RR6H",
            "name": "tousuien.yamamoto",
            "is_restricted": false,
            "is_ultra_restricted": false
        },
        "thread_ts": "1747271015.625329",
        "parent_user_id": "U08N3SKSL75",
        "blocks": [
            {
                "type": "rich_text",
                "block_id": "gaSkJ",
                "elements": [
                    {
                        "type": "rich_text_section",
                        "elements": [
                            {
                                "type": "user",
                                "user_id": "U08N3SKSL75"
                            },
                            {
                                "type": "text",
                                "text": "\n "
                            },
                            {
                                "type": "usergroup",
                                "usergroup_id": "S073HEMKWV7"
                            },
                            {
                                "type": "text",
                                "text": "\n本日DHLにて出荷しました。\nAWB No.7007110902\nよろしくお願いいたします。"
                            }
                        ]
                    }
                ]
            }
        ],
        "reactions": [
            {
                "name": "d130b000eb8d6784",
                "users": [
                    "U08N3SKSL75"
                ],
                "count": 1
            },
            {
                "name": "連絡完了",
                "users": [
                    "U08N3SKSL75"
                ],
                "count": 1
            }
        ]
    },
    {
        "text": "",
        "files": [
            {
                "id": "F06QHQM7QUC",
                "created": 1710936253,
                "timestamp": 1710936253,
                "name": "__________________",
                "title": "タイトル未定",
                "mimetype": "application\/vnd.slack-docs",
                "filetype": "quip",
                "pretty_type": "Canvas",
                "user": "U0331FWGQRM",
                "user_team": "T033D70RR6H",
                "editable": true,
                "size": 673,
                "mode": "quip",
                "is_external": false,
                "external_type": "",
                "is_public": true,
                "public_url_shared": false,
                "display_as_bot": false,
                "username": "",
                "url_private": "https:\/\/files.slack.com\/files-pri\/T033D70RR6H-F06QHQM7QUC\/canvas?token=xoxe-3115238875221-9710624591398-9697214945543-aa82359f925d11baadb4ddc07b089467",
                "url_private_download": "https:\/\/files.slack.com\/files-pri\/T033D70RR6H-F06QHQM7QUC\/download\/canvas?token=xoxe-3115238875221-9710624591398-9697214945543-aa82359f925d11baadb4ddc07b089467",
                "permalink": "https:\/\/grp-ssm9297.slack.com\/docs\/T033D70RR6H\/F06QHQM7QUC",
                "permalink_public": "https:\/\/slack-files.com\/T033D70RR6H-F06QHQM7QUC-6a4e9424bb",
                "url_static_preview": "https:\/\/grp-ssm9297.slack.com\/docs\/T033D70RR6H\/F06QHQM7QUC\/mobile",
                "quip_thread_id": "PFN9AADIBsv",
                "updated": 1716803236,
                "update_notification": 1716795921,
                "canvas_readtime": 0.21437173825773,
                "is_starred": false,
                "skipped_shares": true,
                "teams_shared_with": [],
                "is_restricted_sharing_enabled": true,
                "has_rich_preview": false,
                "file_access": "visible",
                "access": "owner",
                "org_or_workspace_access": "none",
                "title_blocks": [
                    {
                        "type": "rich_text",
                        "block_id": "DOYmi",
                        "elements": [
                            {
                                "type": "rich_text_section",
                                "elements": [
                                    {
                                        "type": "text",
                                        "text": "Untitled"
                                    }
                                ]
                            }
                        ]
                    }
                ],
                "canvas_creator_id": "U0331FZTHEK",
                "team_pref_version_history_enabled": true,
                "canvas_printing_enabled": true,
                "is_ai_suggested": false
            }
        ],
        "upload": false,
        "user": "U0331FWGQRM",
        "display_as_bot": false,
        "type": "message",
        "ts": "1747722542.137909"
    }
]