[
    {
        "user": "U08RVRNBY00",
        "type": "message",
        "ts": "1756878901.529809",
        "client_msg_id": "b06c1458-b7e8-4ec2-84b3-e8e34cade1fa",
        "text": "<!subteam^S073HEMKWV7|@hirakawa-adachi-yamamoto-fuse> <!subteam^S088LEJ1U5T|@kanayama-fukui-miyoshi-yokoi-takuwa-hara-imaoka-agou>\n*TSE-SHO-SPL-002-25*\n:flag-th:タイ ：SHO-Shinji Matcha Dojo and café様からサンプル注文をいただきました。",
        "team": "T033D70RR6H",
        "user_team": "T033D70RR6H",
        "source_team": "T033D70RR6H",
        "user_profile": {
            "avatar_hash": "g347f3e803ab",
            "image_72": "https:\/\/secure.gravatar.com\/avatar\/347f3e803abca8b6a7b724895864d138.jpg?s=72&d=https%3A%2F%2Fa.slack-edge.com%2Fdf10d%2Fimg%2Favatars%2Fava_0001-72.png",
            "first_name": "Hikako",
            "real_name": "Hikako Hasegawa",
            "display_name": "Hikako Hasegawa",
            "team": "T033D70RR6H",
            "name": "tousuien.hasegawa",
            "is_restricted": false,
            "is_ultra_restricted": false
        },
        "thread_ts": "1756878901.529809",
        "reply_count": 3,
        "reply_users_count": 3,
        "latest_reply": "1758278701.030769",
        "reply_users": [
            "U08RVRNBY00",
            "U08L89G6JSG",
            "U041RJKV5JA"
        ],
        "replies": [
            {
                "user": "U08RVRNBY00",
                "ts": "1756879179.310259"
            },
            {
                "user": "U08L89G6JSG",
                "ts": "1758016670.899969"
            },
            {
                "user": "U041RJKV5JA",
                "ts": "1758278701.030769"
            }
        ],
        "is_locked": false,
        "subscribed": false,
        "blocks": [
            {
                "type": "rich_text",
                "block_id": "7nK3r",
                "elements": [
                    {
                        "type": "rich_text_section",
                        "elements": [
                            {
                                "type": "usergroup",
                                "usergroup_id": "S073HEMKWV7"
                            },
                            {
                                "type": "text",
                                "text": " "
                            },
                            {
                                "type": "usergroup",
                                "usergroup_id": "S088LEJ1U5T"
                            },
                            {
                                "type": "text",
                                "text": "\n"
                            },
                            {
                                "type": "text",
                                "text": "TSE-SHO-SPL-002-25",
                                "style": {
                                    "bold": true
                                }
                            },
                            {
                                "type": "text",
                                "text": "\n"
                            },
                            {
                                "type": "emoji",
                                "name": "flag-th",
                                "unicode": "1f1f9-1f1ed"
                            },
                            {
                                "type": "text",
                                "text": "タイ ：SHO-Shinji Matcha Dojo and café様からサンプル注文をいただきました。"
                            }
                        ]
                    }
                ]
            }
        ]
    },
    {
        "user": "U08NVD403GV",
        "type": "message",
        "ts": "1756879027.211819",
        "client_msg_id": "b0a5aae9-d274-449e-a00b-7e3e61c54790",
        "text": "<@U08RVRNBY00>\n <!subteam^S073HEMKWV7|@hirakawa-adachi-yamamoto-fuse>\n <!subteam^S088LEJ1U5T|@kanayama-fukui-miyoshi-yokoi-takuwa-hara-imaoka-agou>\n本日DHLにて出荷しました。\nAWB No.7007267805\nよろしくお願いいたします。",
        "team": "T033D70RR6H",
        "user_team": "T033D70RR6H",
        "source_team": "T033D70RR6H",
        "user_profile": {
            "avatar_hash": "g631762386a6",
            "image_72": "https:\/\/secure.gravatar.com\/avatar\/631762386a6de814719795fffc991b1e.jpg?s=72&d=https%3A%2F%2Fa.slack-edge.com%2Fdf10d%2Fimg%2Favatars%2Fava_0009-72.png",
            "first_name": "Yamamoto",
            "real_name": "Yamamoto",
            "display_name": "山本",
            "team": "T033D70RR6H",
            "name": "tousuien.yamamoto",
            "is_restricted": false,
            "is_ultra_restricted": false
        },
        "thread_ts": "1756521085.039099",
        "parent_user_id": "U08RVRNBY00",
        "blocks": [
            {
                "type": "rich_text",
                "block_id": "1GzcJ",
                "elements": [
                    {
                        "type": "rich_text_section",
                        "elements": [
                            {
                                "type": "user",
                                "user_id": "U08RVRNBY00"
                            },
                            {
                                "type": "text",
                                "text": "\n "
                            },
                            {
                                "type": "usergroup",
                                "usergroup_id": "S073HEMKWV7"
                            },
                            {
                                "type": "text",
                                "text": "\n "
                            },
                            {
                                "type": "usergroup",
                                "usergroup_id": "S088LEJ1U5T"
                            },
                            {
                                "type": "text",
                                "text": "\n本日DHLにて出荷しました。\nAWB No.7007267805\nよろしくお願いいたします。"
                            }
                        ]
                    }
                ]
            }
        ],
        "reactions": [
            {
                "name": "d130b000eb8d6784",
                "users": [
                    "U08RVRNBY00"
                ],
                "count": 1
            },
            {
                "name": "連絡完了",
                "users": [
                    "U08RVRNBY00"
                ],
                "count": 1
            }
        ]
    },
    {
        "user": "U08NVD403GV",
        "type": "message",
        "ts": "1756879065.292289",
        "client_msg_id": "e19b596e-b586-42d4-b4cc-8b4cf31618d0",
        "text": "<@U095LLEH09G>\n <!subteam^S073HEMKWV7|@hirakawa-adachi-yamamoto-fuse>\n <!subteam^S088LEJ1U5T|@kanayama-fukui-miyoshi-yokoi-takuwa-hara-imaoka-agou>\n本日DHLにて出荷しました。\nAWB No.7007267901\nよろしくお願いいたします。",
        "team": "T033D70RR6H",
        "user_team": "T033D70RR6H",
        "source_team": "T033D70RR6H",
        "user_profile": {
            "avatar_hash": "g631762386a6",
            "image_72": "https:\/\/secure.gravatar.com\/avatar\/631762386a6de814719795fffc991b1e.jpg?s=72&d=https%3A%2F%2Fa.slack-edge.com%2Fdf10d%2Fimg%2Favatars%2Fava_0009-72.png",
            "first_name": "Yamamoto",
            "real_name": "Yamamoto",
            "display_name": "山本",
            "team": "T033D70RR6H",
            "name": "tousuien.yamamoto",
            "is_restricted": false,
            "is_ultra_restricted": false
        },
        "thread_ts": "1756458659.856139",
        "parent_user_id": "U095LLEH09G",
        "blocks": [
            {
                "type": "rich_text",
                "block_id": "Gjas8",
                "elements": [
                    {
                        "type": "rich_text_section",
                        "elements": [
                            {
                                "type": "user",
                                "user_id": "U095LLEH09G"
                            },
                            {
                                "type": "text",
                                "text": "\n "
                            },
                            {
                                "type": "usergroup",
                                "usergroup_id": "S073HEMKWV7"
                            },
                            {
                                "type": "text",
                                "text": "\n "
                            },
                            {
                                "type": "usergroup",
                                "usergroup_id": "S088LEJ1U5T"
                            },
                            {
                                "type": "text",
                                "text": "\n本日DHLにて出荷しました。\nAWB No.7007267901\nよろしくお願いいたします。"
                            }
                        ]
                    }
                ]
            }
        ],
        "reactions": [
            {
                "name": "あり",
                "users": [
                    "U095LLEH09G"
                ],
                "count": 1
            },
            {
                "name": "連絡完了",
                "users": [
                    "U095LLEH09G"
                ],
                "count": 1
            }
        ]
    },
    {
        "user": "U08RVRNBY00",
        "type": "message",
        "ts": "1756879179.310259",
        "client_msg_id": "87520d99-485f-4267-9a6a-f087e2ddb892",
        "text": "<!subteam^S073HEMKWV7|@hirakawa-adachi-yamamoto-fuse> <!subteam^S088LEJ1U5T|@kanayama-fukui-miyoshi-yokoi-takuwa-hara-imaoka-agou>\n発送手続き、および発送日のお知らせをお願いします。\n*SHO-SPL-001-25-02 ・SHO-001-25〜SHO-004-25\nいずれかに同梱も問題ございません。\n\n<!subteam^S08NN8M4LAZ|@katayose-kamiya>　\n無償提供です\n\n▼注文内容 (計 2種類)\n&lt; サンプル 各10g &gt;\n```SAMPLE: Uji Matcha Grade L \/Yabukita (10g) 桃翠園\tやぶきた(単一)\nSAMPLE: Uji Matcha Grade O (10g) 香岳園\t宇治抹茶 K-O```\n発送：佐川急便（国内発送）\n箱：ボタニカル",
        "team": "T033D70RR6H",
        "user_team": "T033D70RR6H",
        "source_team": "T033D70RR6H",
        "user_profile": {
            "avatar_hash": "g347f3e803ab",
            "image_72": "https:\/\/secure.gravatar.com\/avatar\/347f3e803abca8b6a7b724895864d138.jpg?s=72&d=https%3A%2F%2Fa.slack-edge.com%2Fdf10d%2Fimg%2Favatars%2Fava_0001-72.png",
            "first_name": "Hikako",
            "real_name": "Hikako Hasegawa",
            "display_name": "Hikako Hasegawa",
            "team": "T033D70RR6H",
            "name": "tousuien.hasegawa",
            "is_restricted": false,
            "is_ultra_restricted": false
        },
        "thread_ts": "1756878901.529809",
        "parent_user_id": "U08RVRNBY00",
        "blocks": [
            {
                "type": "rich_text",
                "block_id": "HwEdC",
                "elements": [
                    {
                        "type": "rich_text_section",
                        "elements": [
                            {
                                "type": "usergroup",
                                "usergroup_id": "S073HEMKWV7"
                            },
                            {
                                "type": "text",
                                "text": " "
                            },
                            {
                                "type": "usergroup",
                                "usergroup_id": "S088LEJ1U5T"
                            },
                            {
                                "type": "text",
                                "text": "\n発送手続き、および発送日のお知らせをお願いします。\n*SHO-SPL-001-25-02 ・SHO-001-25〜SHO-004-25\nいずれかに同梱も問題ございません。\n\n"
                            },
                            {
                                "type": "usergroup",
                                "usergroup_id": "S08NN8M4LAZ"
                            },
                            {
                                "type": "text",
                                "text": "　\n無償提供です\n\n▼注文内容 (計 2種類)\n< サンプル 各10g >\n"
                            }
                        ]
                    },
                    {
                        "type": "rich_text_preformatted",
                        "elements": [
                            {
                                "type": "text",
                                "text": "SAMPLE: Uji Matcha Grade L \/Yabukita (10g) 桃翠園\tやぶきた(単一)\nSAMPLE: Uji Matcha Grade O (10g) 香岳園\t宇治抹茶 K-O"
                            }
                        ],
                        "border": 0
                    },
                    {
                        "type": "rich_text_section",
                        "elements": [
                            {
                                "type": "text",
                                "text": "\n発送：佐川急便（国内発送）\n箱：ボタニカル"
                            }
                        ]
                    }
                ]
            }
        ],
        "reactions": [
            {
                "name": "承知_致しました",
                "users": [
                    "U0331FZTHEK"
                ],
                "count": 1
            }
        ]
    }
]