[
    {
        "user": "U066P20UQH1",
        "type": "message",
        "ts": "1754383591.883999",
        "edited": {
            "user": "U066P20UQH1",
            "ts": "1754383687.000000"
        },
        "client_msg_id": "2f5f72e9-83d1-49fb-b437-6041a50fd581",
        "text": "<!subteam^S088LEJ1U5T|@kanayama-fukui-miyoshi-yokoi-takuwa-hara-imaoka-agou>\n本件、出荷が夏休み以降になりそうと伝えたところ、写真を送ってもらえないかと打診がありました。\nそれぞれのグレードで2024ロットと比較写真を撮って送ってもらうとなるといつ頃できますでしょうか・・・・？:sweat_drops:",
        "team": "T033D70RR6H",
        "user_team": "T033D70RR6H",
        "source_team": "T033D70RR6H",
        "user_profile": {
            "avatar_hash": "179323cb3551",
            "image_72": "https:\/\/avatars.slack-edge.com\/2024-04-12\/6955353714228_179323cb3551f7c8ecfe_72.png",
            "first_name": "Haruka",
            "real_name": "Haruka Hayashi",
            "display_name": "林遥香",
            "team": "T033D70RR6H",
            "name": "haru.nboc",
            "is_restricted": false,
            "is_ultra_restricted": false
        },
        "thread_ts": "1754318411.838659",
        "parent_user_id": "U0606SPN4BW",
        "blocks": [
            {
                "type": "rich_text",
                "block_id": "QrA0D",
                "elements": [
                    {
                        "type": "rich_text_section",
                        "elements": [
                            {
                                "type": "usergroup",
                                "usergroup_id": "S088LEJ1U5T"
                            },
                            {
                                "type": "text",
                                "text": "\n本件、出荷が夏休み以降になりそうと伝えたところ、写真を送ってもらえないかと打診がありました。\nそれぞれのグレードで2024ロットと比較写真を撮って送ってもらうとなるといつ頃できますでしょうか・・・・？"
                            },
                            {
                                "type": "emoji",
                                "name": "sweat_drops",
                                "unicode": "1f4a6"
                            }
                        ]
                    }
                ]
            }
        ],
        "reactions": [
            {
                "name": "eyes",
                "users": [
                    "U0606SPN4BW",
                    "U08L89G6JSG"
                ],
                "count": 2
            }
        ]
    },
    {
        "user": "U0606SPN4BW",
        "type": "message",
        "ts": "1754393323.448439",
        "client_msg_id": "60d38f63-656f-4434-8353-c895f1f9d909",
        "text": "<!subteam^S073HEMKWV7|@hirakawa-adachi-yamamoto-fuse> <!subteam^S088LEJ1U5T|@kanayama-fukui-miyoshi-yokoi-takuwa-hara-imaoka-agou>\n1422 :flag-th:タイ：NAT-Ploykarin Jitphakdi 旧：Natthachapim Jitphakdi(alibaba)様からサンプル注文をいただきました。\n*TSE-NAT-SPL-002-25*",
        "team": "T033D70RR6H",
        "user_team": "T033D70RR6H",
        "source_team": "T033D70RR6H",
        "user_profile": {
            "avatar_hash": "823d8545f678",
            "image_72": "https:\/\/avatars.slack-edge.com\/2024-04-12\/6946592133062_823d8545f678615a3e0a_72.jpg",
            "first_name": "SATOSHI",
            "real_name": "SATOSHI FURUKAWA",
            "display_name": "古川　敏",
            "team": "T033D70RR6H",
            "name": "jpfreebirds",
            "is_restricted": false,
            "is_ultra_restricted": false
        },
        "thread_ts": "1754393323.448439",
        "reply_count": 5,
        "reply_users_count": 4,
        "latest_reply": "1755938468.411659",
        "reply_users": [
            "U0606SPN4BW",
            "U0331FZTHEK",
            "U033G4KN4TD",
            "U041RJKV5JA"
        ],
        "replies": [
            {
                "user": "U0606SPN4BW",
                "ts": "1754393385.496449"
            },
            {
                "user": "U0331FZTHEK",
                "ts": "1754433936.085169"
            },
            {
                "user": "U033G4KN4TD",
                "ts": "1755053304.004579"
            },
            {
                "user": "U0606SPN4BW",
                "ts": "1755071084.848609"
            },
            {
                "user": "U041RJKV5JA",
                "ts": "1755938468.411659"
            }
        ],
        "is_locked": false,
        "subscribed": false,
        "blocks": [
            {
                "type": "rich_text",
                "block_id": "ZClXA",
                "elements": [
                    {
                        "type": "rich_text_section",
                        "elements": [
                            {
                                "type": "usergroup",
                                "usergroup_id": "S073HEMKWV7"
                            },
                            {
                                "type": "text",
                                "text": " "
                            },
                            {
                                "type": "usergroup",
                                "usergroup_id": "S088LEJ1U5T"
                            },
                            {
                                "type": "text",
                                "text": "\n1422 "
                            },
                            {
                                "type": "emoji",
                                "name": "flag-th",
                                "unicode": "1f1f9-1f1ed"
                            },
                            {
                                "type": "text",
                                "text": "タイ：NAT-Ploykarin Jitphakdi 旧：Natthachapim Jitphakdi(alibaba)様からサンプル注文をいただきました。\n"
                            },
                            {
                                "type": "text",
                                "text": "TSE-NAT-SPL-002-25",
                                "style": {
                                    "bold": true
                                }
                            }
                        ]
                    }
                ]
            }
        ]
    },
    {
        "user": "U0606SPN4BW",
        "type": "message",
        "ts": "1754393385.496449",
        "edited": {
            "user": "U0606SPN4BW",
            "ts": "1754393408.000000"
        },
        "client_msg_id": "1feb2cd5-5938-46a8-b6fe-c3a6d39f22bb",
        "text": ":jp:日本国内発送です。\n発送手続き、および発送日のお知らせをお願いします!\n\n\n<!subteam^S08NN8M4LAZ|@katayose-kamiya>　\n入金確認済み(PayPal)。回収処理をよろしくお願いいたします！\n\n\n▼注文内容（計4種）\n```1 x Organic Matcha Upper grade - 1, 鹿児島製茶 有機抹茶A 90% + 有機抹茶B 10%\n1 x Organic Matcha Upper grade - 2, 鹿児島製茶 有機抹茶A 50% + 有機抹茶B 50%\n\n1 x Non-organic Matcha Upper grade - 1, 出雲抹茶G\n1 x Non-organic Matcha Upper Grade1 (500g zip bag), 出雲抹茶G```\n発送：佐川急便\n箱：No,6　E\n\n*前回同様、出荷書類の同梱は不要です。\n(データでOK、発送時に先方へ Shipping Documentsを送信します)\n\n\n宛名：PA (MC5352) Ms Ploykarin Jitphakdi\n宛先：〒270-1112\n　　　 千葉県我孫子市新木1782-1 ニッケンハイツ101\n電話：<tel:+818062402094|+81 80-6240-2094>",
        "team": "T033D70RR6H",
        "user_team": "T033D70RR6H",
        "source_team": "T033D70RR6H",
        "user_profile": {
            "avatar_hash": "823d8545f678",
            "image_72": "https:\/\/avatars.slack-edge.com\/2024-04-12\/6946592133062_823d8545f678615a3e0a_72.jpg",
            "first_name": "SATOSHI",
            "real_name": "SATOSHI FURUKAWA",
            "display_name": "古川　敏",
            "team": "T033D70RR6H",
            "name": "jpfreebirds",
            "is_restricted": false,
            "is_ultra_restricted": false
        },
        "thread_ts": "1754393323.448439",
        "parent_user_id": "U0606SPN4BW",
        "blocks": [
            {
                "type": "rich_text",
                "block_id": "DMaI4",
                "elements": [
                    {
                        "type": "rich_text_section",
                        "elements": [
                            {
                                "type": "emoji",
                                "name": "jp",
                                "unicode": "1f1ef-1f1f5"
                            },
                            {
                                "type": "text",
                                "text": "日本国内発送です。\n発送手続き、および発送日のお知らせをお願いします!\n\n\n"
                            },
                            {
                                "type": "usergroup",
                                "usergroup_id": "S08NN8M4LAZ"
                            },
                            {
                                "type": "text",
                                "text": "　\n入金確認済み(PayPal)。回収処理をよろしくお願いいたします！\n\n\n▼注文内容（計4種）\n"
                            }
                        ]
                    },
                    {
                        "type": "rich_text_preformatted",
                        "elements": [
                            {
                                "type": "text",
                                "text": "1 x Organic Matcha Upper grade - 1, 鹿児島製茶 有機抹茶A 90% + 有機抹茶B 10%\n1 x Organic Matcha Upper grade - 2, 鹿児島製茶 有機抹茶A 50% + 有機抹茶B 50%\n\n1 x Non-organic Matcha Upper grade - 1, 出雲抹茶G\n1 x Non-organic Matcha Upper Grade1 (500g zip bag), 出雲抹茶G"
                            }
                        ],
                        "border": 0
                    },
                    {
                        "type": "rich_text_section",
                        "elements": [
                            {
                                "type": "text",
                                "text": "\n発送：佐川急便\n箱：No,6　E\n\n*前回同様、出荷書類の同梱は不要です。\n(データでOK、発送時に先方へ Shipping Documentsを送信します)\n\n\n宛名：PA (MC5352) Ms Ploykarin Jitphakdi\n宛先：〒270-1112\n　　　 千葉県我孫子市新木1782-1 ニッケンハイツ101\n電話："
                            },
                            {
                                "type": "link",
                                "url": "tel:+818062402094",
                                "text": "+81 80-6240-2094"
                            }
                        ]
                    }
                ]
            }
        ],
        "reactions": [
            {
                "name": "d130b000eb8d6784",
                "users": [
                    "U0331FZTHEK"
                ],
                "count": 1
            },
            {
                "name": "承知_致しました",
                "users": [
                    "U0331FZTHEK"
                ],
                "count": 1
            }
        ]
    },
    {
        "user": "U0331FZTHEK",
        "type": "message",
        "ts": "1754433936.085169",
        "client_msg_id": "7b4f17c5-9b1f-4e8b-bf1a-900c41aaaab1",
        "text": "<@U0606SPN4BW>\n <!subteam^S073HEMKWV7|@hirakawa-adachi-yamamoto-fuse>\nご入金を確認致しました。\n・8\/5 [PayPal]\n・95.26 USD\n回収（入金）処理致します。\nよろしくお願いします。",
        "team": "T033D70RR6H",
        "user_team": "T033D70RR6H",
        "source_team": "T033D70RR6H",
        "user_profile": {
            "avatar_hash": "21cdbd6a05f9",
            "image_72": "https:\/\/avatars.slack-edge.com\/2022-02-16\/3115258488741_21cdbd6a05f9a69110f7_72.png",
            "first_name": "Mitsunobu",
            "real_name": "Mitsunobu Katayose",
            "display_name": "片寄",
            "team": "T033D70RR6H",
            "name": "tousuien03",
            "is_restricted": false,
            "is_ultra_restricted": false
        },
        "thread_ts": "1754393323.448439",
        "parent_user_id": "U0606SPN4BW",
        "blocks": [
            {
                "type": "rich_text",
                "block_id": "jLgry",
                "elements": [
                    {
                        "type": "rich_text_section",
                        "elements": [
                            {
                                "type": "user",
                                "user_id": "U0606SPN4BW"
                            },
                            {
                                "type": "text",
                                "text": "\n "
                            },
                            {
                                "type": "usergroup",
                                "usergroup_id": "S073HEMKWV7"
                            },
                            {
                                "type": "text",
                                "text": "\nご入金を確認致しました。\n・8\/5 [PayPal]\n・95.26 USD\n回収（入金）処理致します。\nよろしくお願いします。"
                            }
                        ]
                    }
                ]
            }
        ],
        "reactions": [
            {
                "name": "d130b000eb8d6784",
                "users": [
                    "U0606SPN4BW"
                ],
                "count": 1
            },
            {
                "name": "入金完了",
                "users": [
                    "U0331FZTHEK"
                ],
                "count": 1
            }
        ]
    }
]