[
    {
        "user": "U0331FWGQRM",
        "type": "message",
        "ts": "1757197646.931989",
        "edited": {
            "user": "U0331FWGQRM",
            "ts": "1757202322.000000"
        },
        "client_msg_id": "18F105CB-471A-41FD-8C66-7F01DF969E9E",
        "text": "<@U041RJKV5JA> cc <!subteam^S073HEMKWV7|@hirakawa-adachi-yamamoto-fuse>\n各1缶しか送ってないように思いますが。。\n\n追記\n各1缶でokの許可もらったのでとりあえずokです。\n\nメモ\n次回スーパー向けのサンプルを発送する場合は、桃翠園の社名無しで、ラベルは小さめのものをお願いします。（粘着は弱目がベターです）",
        "team": "T033D70RR6H",
        "user_team": "T033D70RR6H",
        "source_team": "T033D70RR6H",
        "user_profile": {
            "avatar_hash": "gf9d05f2cae1",
            "image_72": "https:\/\/secure.gravatar.com\/avatar\/f9d05f2cae161f657bb1248fc85b5235.jpg?s=72&d=https%3A%2F%2Fa.slack-edge.com%2Fdf10d%2Fimg%2Favatars%2Fava_0008-72.png",
            "first_name": "matsui",
            "real_name": "matsui",
            "display_name": "松井",
            "team": "T033D70RR6H",
            "name": "tousuien.matsui",
            "is_restricted": false,
            "is_ultra_restricted": false
        },
        "thread_ts": "1756429641.726309",
        "parent_user_id": "U0331FWGQRM",
        "blocks": [
            {
                "type": "rich_text",
                "block_id": "+5tWf",
                "elements": [
                    {
                        "type": "rich_text_section",
                        "elements": [
                            {
                                "type": "user",
                                "user_id": "U041RJKV5JA"
                            },
                            {
                                "type": "text",
                                "text": " cc "
                            },
                            {
                                "type": "usergroup",
                                "usergroup_id": "S073HEMKWV7"
                            },
                            {
                                "type": "text",
                                "text": "\n各1缶しか送ってないように思いますが。。\n\n追記\n各1缶でokの許可もらったのでとりあえずokです。"
                            },
                            {
                                "type": "text",
                                "text": "\n\nメモ\n次回スーパー向けのサンプルを発送する場合は、桃翠園の社名無しで、ラベルは小さめのものをお願いします。（粘着は弱目がベターです）"
                            }
                        ]
                    }
                ]
            }
        ],
        "reactions": [
            {
                "name": "sweat_drops",
                "users": [
                    "U033G4KN4TD"
                ],
                "count": 1
            },
            {
                "name": "7e6ac2088523a821",
                "users": [
                    "U033G4KN4TD"
                ],
                "count": 1
            }
        ]
    },
    {
        "text": "",
        "files": [
            {
                "id": "F09DXL08L1L",
                "created": 1757198068,
                "timestamp": 1757198068,
                "name": "IMG_9024.png",
                "title": "IMG_9024",
                "mimetype": "image\/png",
                "filetype": "png",
                "pretty_type": "PNG",
                "user": "U0331FWGQRM",
                "user_team": "T033D70RR6H",
                "editable": false,
                "size": 2783353,
                "mode": "hosted",
                "is_external": false,
                "external_type": "",
                "is_public": true,
                "public_url_shared": false,
                "display_as_bot": false,
                "username": "",
                "url_private": "https:\/\/files.slack.com\/files-pri\/T033D70RR6H-F09DXL08L1L\/img_9024.png?token=xoxe-3115238875221-9710624591398-9697214945543-aa82359f925d11baadb4ddc07b089467",
                "url_private_download": "https:\/\/files.slack.com\/files-pri\/T033D70RR6H-F09DXL08L1L\/download\/img_9024.png?token=xoxe-3115238875221-9710624591398-9697214945543-aa82359f925d11baadb4ddc07b089467",
                "media_display_type": "unknown",
                "thumb_64": "https:\/\/files.slack.com\/files-tmb\/T033D70RR6H-F09DXL08L1L-09f387357f\/img_9024_64.png?t=xoxe-3115238875221-9710624591398-9697214945543-aa82359f925d11baadb4ddc07b089467",
                "thumb_80": "https:\/\/files.slack.com\/files-tmb\/T033D70RR6H-F09DXL08L1L-09f387357f\/img_9024_80.png?t=xoxe-3115238875221-9710624591398-9697214945543-aa82359f925d11baadb4ddc07b089467",
                "thumb_360": "https:\/\/files.slack.com\/files-tmb\/T033D70RR6H-F09DXL08L1L-09f387357f\/img_9024_360.png?t=xoxe-3115238875221-9710624591398-9697214945543-aa82359f925d11baadb4ddc07b089467",
                "thumb_360_w": 166,
                "thumb_360_h": 360,
                "thumb_480": "https:\/\/files.slack.com\/files-tmb\/T033D70RR6H-F09DXL08L1L-09f387357f\/img_9024_480.png?t=xoxe-3115238875221-9710624591398-9697214945543-aa82359f925d11baadb4ddc07b089467",
                "thumb_480_w": 221,
                "thumb_480_h": 480,
                "thumb_160": "https:\/\/files.slack.com\/files-tmb\/T033D70RR6H-F09DXL08L1L-09f387357f\/img_9024_160.png?t=xoxe-3115238875221-9710624591398-9697214945543-aa82359f925d11baadb4ddc07b089467",
                "thumb_720": "https:\/\/files.slack.com\/files-tmb\/T033D70RR6H-F09DXL08L1L-09f387357f\/img_9024_720.png?t=xoxe-3115238875221-9710624591398-9697214945543-aa82359f925d11baadb4ddc07b089467",
                "thumb_720_w": 332,
                "thumb_720_h": 720,
                "thumb_800": "https:\/\/files.slack.com\/files-tmb\/T033D70RR6H-F09DXL08L1L-09f387357f\/img_9024_800.png?t=xoxe-3115238875221-9710624591398-9697214945543-aa82359f925d11baadb4ddc07b089467",
                "thumb_800_w": 800,
                "thumb_800_h": 1734,
                "thumb_960": "https:\/\/files.slack.com\/files-tmb\/T033D70RR6H-F09DXL08L1L-09f387357f\/img_9024_960.png?t=xoxe-3115238875221-9710624591398-9697214945543-aa82359f925d11baadb4ddc07b089467",
                "thumb_960_w": 443,
                "thumb_960_h": 960,
                "thumb_1024": "https:\/\/files.slack.com\/files-tmb\/T033D70RR6H-F09DXL08L1L-09f387357f\/img_9024_1024.png?t=xoxe-3115238875221-9710624591398-9697214945543-aa82359f925d11baadb4ddc07b089467",
                "thumb_1024_w": 472,
                "thumb_1024_h": 1024,
                "original_w": 1290,
                "original_h": 2796,
                "thumb_tiny": "AwAwABfOyORk465285xSALxkn34\/+vWyYIQMmNAP90UwJbk48tf++RQBlZHl7c85z90fz6+tNra8iL\/nnH\/3yKXyIv8AnnH\/AN8CgBkpLKQOKjRXbsoHrUp5oXgDHA6UASLwAB0paaKM0AVTOvZ1\/OhZ06F1\/MVmgFiAASTwAKk+zT\/88ZP++DQBprPH3lT\/AL6FO8+L\/nqn\/fQrGooA\/9k=",
                "permalink": "https:\/\/grp-ssm9297.slack.com\/files\/U0331FWGQRM\/F09DXL08L1L\/img_9024.png",
                "permalink_public": "https:\/\/slack-files.com\/T033D70RR6H-F09DXL08L1L-a6f9a5aba5",
                "is_starred": false,
                "skipped_shares": true,
                "has_rich_preview": false,
                "file_access": "visible"
            },
            {
                "id": "F09E1CV91JQ",
                "created": 1757198068,
                "timestamp": 1757198068,
                "name": "IMG_9023.png",
                "title": "IMG_9023",
                "mimetype": "image\/png",
                "filetype": "png",
                "pretty_type": "PNG",
                "user": "U0331FWGQRM",
                "user_team": "T033D70RR6H",
                "editable": false,
                "size": 4413347,
                "mode": "hosted",
                "is_external": false,
                "external_type": "",
                "is_public": true,
                "public_url_shared": false,
                "display_as_bot": false,
                "username": "",
                "url_private": "https:\/\/files.slack.com\/files-pri\/T033D70RR6H-F09E1CV91JQ\/img_9023.png?token=xoxe-3115238875221-9710624591398-9697214945543-aa82359f925d11baadb4ddc07b089467",
                "url_private_download": "https:\/\/files.slack.com\/files-pri\/T033D70RR6H-F09E1CV91JQ\/download\/img_9023.png?token=xoxe-3115238875221-9710624591398-9697214945543-aa82359f925d11baadb4ddc07b089467",
                "media_display_type": "unknown",
                "thumb_64": "https:\/\/files.slack.com\/files-tmb\/T033D70RR6H-F09E1CV91JQ-14bbcc39cd\/img_9023_64.png?t=xoxe-3115238875221-9710624591398-9697214945543-aa82359f925d11baadb4ddc07b089467",
                "thumb_80": "https:\/\/files.slack.com\/files-tmb\/T033D70RR6H-F09E1CV91JQ-14bbcc39cd\/img_9023_80.png?t=xoxe-3115238875221-9710624591398-9697214945543-aa82359f925d11baadb4ddc07b089467",
                "thumb_360": "https:\/\/files.slack.com\/files-tmb\/T033D70RR6H-F09E1CV91JQ-14bbcc39cd\/img_9023_360.png?t=xoxe-3115238875221-9710624591398-9697214945543-aa82359f925d11baadb4ddc07b089467",
                "thumb_360_w": 166,
                "thumb_360_h": 360,
                "thumb_480": "https:\/\/files.slack.com\/files-tmb\/T033D70RR6H-F09E1CV91JQ-14bbcc39cd\/img_9023_480.png?t=xoxe-3115238875221-9710624591398-9697214945543-aa82359f925d11baadb4ddc07b089467",
                "thumb_480_w": 221,
                "thumb_480_h": 480,
                "thumb_160": "https:\/\/files.slack.com\/files-tmb\/T033D70RR6H-F09E1CV91JQ-14bbcc39cd\/img_9023_160.png?t=xoxe-3115238875221-9710624591398-9697214945543-aa82359f925d11baadb4ddc07b089467",
                "thumb_720": "https:\/\/files.slack.com\/files-tmb\/T033D70RR6H-F09E1CV91JQ-14bbcc39cd\/img_9023_720.png?t=xoxe-3115238875221-9710624591398-9697214945543-aa82359f925d11baadb4ddc07b089467",
                "thumb_720_w": 332,
                "thumb_720_h": 720,
                "thumb_800": "https:\/\/files.slack.com\/files-tmb\/T033D70RR6H-F09E1CV91JQ-14bbcc39cd\/img_9023_800.png?t=xoxe-3115238875221-9710624591398-9697214945543-aa82359f925d11baadb4ddc07b089467",
                "thumb_800_w": 800,
                "thumb_800_h": 1734,
                "thumb_960": "https:\/\/files.slack.com\/files-tmb\/T033D70RR6H-F09E1CV91JQ-14bbcc39cd\/img_9023_960.png?t=xoxe-3115238875221-9710624591398-9697214945543-aa82359f925d11baadb4ddc07b089467",
                "thumb_960_w": 443,
                "thumb_960_h": 960,
                "thumb_1024": "https:\/\/files.slack.com\/files-tmb\/T033D70RR6H-F09E1CV91JQ-14bbcc39cd\/img_9023_1024.png?t=xoxe-3115238875221-9710624591398-9697214945543-aa82359f925d11baadb4ddc07b089467",
                "thumb_1024_w": 472,
                "thumb_1024_h": 1024,
                "original_w": 1290,
                "original_h": 2796,
                "thumb_tiny": "AwAwABfOBUHGTg4ydozQAm45ZsZ4OO351eMMXOEAOe9KIoiACg49BilcdihkeXtzznP3R\/Pr602tNY4AcGMfkKfsg\/55L+Q\/wouFhAm4ZBAprKqk5fnOPunrSrJsJDfzpskikY3MfmyBkce9KwCADPHNOx\/smmgMSwVXb8P8KPLl\/wCebfkaVhiF08vcXTjsGGTSRyqd3zIMc8mqABYgAEk8ACpPs0\/\/ADxk\/wC+DVkl6OVGPzSqPxxUu6H\/AJ7p\/wB9VkUUAf\/Z",
                "permalink": "https:\/\/grp-ssm9297.slack.com\/files\/U0331FWGQRM\/F09E1CV91JQ\/img_9023.png",
                "permalink_public": "https:\/\/slack-files.com\/T033D70RR6H-F09E1CV91JQ-c8df963c97",
                "is_starred": false,
                "skipped_shares": true,
                "has_rich_preview": false,
                "file_access": "visible"
            }
        ],
        "upload": false,
        "user": "U0331FWGQRM",
        "type": "message",
        "ts": "1757198082.717539",
        "client_msg_id": "96387E72-0EFD-40F9-BC7A-65F3A524838F",
        "thread_ts": "1756429641.726309",
        "parent_user_id": "U0331FWGQRM"
    }
]