[
    {
        "user": "U066P20UQH1",
        "type": "message",
        "ts": "1742973055.492449",
        "client_msg_id": "69db2a24-a3ea-47ac-b8e8-68849ebac3e4",
        "text": "<!subteam^S073HEMKWV7|@hirakawa-adachi-yamamoto-fuse>\n*TSE-GHR-SPL-002-25*\n:flag-ma:モロッコ：GHR-Ghita RADJA(alibaba 国旗はモロッコ、サンプルはUAE）様にサンプル発送をお願いいたします。",
        "team": "T033D70RR6H",
        "user_team": "T033D70RR6H",
        "source_team": "T033D70RR6H",
        "user_profile": {
            "avatar_hash": "179323cb3551",
            "image_72": "https:\/\/avatars.slack-edge.com\/2024-04-12\/6955353714228_179323cb3551f7c8ecfe_72.png",
            "first_name": "Haruka",
            "real_name": "Haruka Hayashi",
            "display_name": "林遥香",
            "team": "T033D70RR6H",
            "name": "haru.nboc",
            "is_restricted": false,
            "is_ultra_restricted": false
        },
        "thread_ts": "1742973055.492449",
        "reply_count": 5,
        "reply_users_count": 2,
        "latest_reply": "1744765783.346249",
        "reply_users": [
            "U066P20UQH1",
            "U041RJKV5JA"
        ],
        "replies": [
            {
                "user": "U066P20UQH1",
                "ts": "1742973343.134029"
            },
            {
                "user": "U041RJKV5JA",
                "ts": "1744262416.799349"
            },
            {
                "user": "U041RJKV5JA",
                "ts": "1744268299.134299"
            },
            {
                "user": "U041RJKV5JA",
                "ts": "1744765498.657629"
            },
            {
                "user": "U066P20UQH1",
                "ts": "1744765783.346249"
            }
        ],
        "is_locked": false,
        "subscribed": false,
        "blocks": [
            {
                "type": "rich_text",
                "block_id": "xDJCy",
                "elements": [
                    {
                        "type": "rich_text_section",
                        "elements": [
                            {
                                "type": "usergroup",
                                "usergroup_id": "S073HEMKWV7"
                            },
                            {
                                "type": "text",
                                "text": "\n"
                            },
                            {
                                "type": "text",
                                "text": "TSE-GHR-SPL-002-25",
                                "style": {
                                    "bold": true
                                }
                            },
                            {
                                "type": "text",
                                "text": "\n"
                            },
                            {
                                "type": "emoji",
                                "name": "flag-ma",
                                "unicode": "1f1f2-1f1e6"
                            },
                            {
                                "type": "text",
                                "text": "モロッコ：GHR-Ghita RADJA(alibaba 国旗はモロッコ、サンプルはUAE）様にサンプル発送をお願いいたします。"
                            }
                        ]
                    }
                ]
            }
        ],
        "reactions": [
            {
                "name": "ivpl作成済",
                "users": [
                    "U066P20UQH1"
                ],
                "count": 1
            },
            {
                "name": "管理表入力済",
                "users": [
                    "U066P20UQH1"
                ],
                "count": 1
            },
            {
                "name": "指示書作成済",
                "users": [
                    "U066P20UQH1"
                ],
                "count": 1
            },
            {
                "name": "承知_致しました",
                "users": [
                    "U041RJKV5JA"
                ],
                "count": 1
            }
        ]
    },
    {
        "user": "U066P20UQH1",
        "type": "message",
        "ts": "1742973343.134029",
        "client_msg_id": "82ccd51b-8f03-4416-a16a-2265f75826be",
        "text": "<!subteam^S073HEMKWV7|@hirakawa-adachi-yamamoto-fuse>\n申し訳ございません。本件、前回SPL-001-25の宛先がモロッコになっていた件で、UAE向けに私が島根に行った際に別送手配するという話でしたが、\n完全に失念しておりました。。。大変申し訳ございません。\n\nSPL-001-25と同じ内容ですが、書類等作成し直しましたので、サンプル発送の準備をお願いいたします:woman-bowing::sweat_drops:\n\n▼注文内容（計8種）\nサンプル8種　各20g\n```①レモングラス抹茶（オリジナルブレンド。鹿児島B(70%)x有機レモングラスK-D#7(30%)）\n②ペパーミント抹茶（オリジナルブレンド。鹿児島B(85%)x有機ペパーミントカット(15%)）\n③シナモン抹茶（オリジナルブレンド。鹿児島B(75%)x有機シナモンパウダー(25%)）\n④シナモン抹茶（通常ブレンド。鹿児島B(85%)×キタマシナモン(15%)）\n⑤ターメリック抹茶（オリジナルブレンド。鹿児島B(70%)x有機ターメリックパウダー(30%)）\n⑥ターメリック抹茶（通常ブレンド。鹿児島B(80%)×キタマターメリック(20%)）\n⑦バニラ抹茶（オリジナルブレンド。鹿児島B(80%)xバニラパウダーB7355(20%)）\n⑧バニラ抹茶（通常ブレンド。鹿児島B90%×キタマバニラ10%）```\n出荷可能日の確認をお願いいたします:woman-bowing::sweat_drops:",
        "team": "T033D70RR6H",
        "user_team": "T033D70RR6H",
        "source_team": "T033D70RR6H",
        "user_profile": {
            "avatar_hash": "179323cb3551",
            "image_72": "https:\/\/avatars.slack-edge.com\/2024-04-12\/6955353714228_179323cb3551f7c8ecfe_72.png",
            "first_name": "Haruka",
            "real_name": "Haruka Hayashi",
            "display_name": "林遥香",
            "team": "T033D70RR6H",
            "name": "haru.nboc",
            "is_restricted": false,
            "is_ultra_restricted": false
        },
        "thread_ts": "1742973055.492449",
        "parent_user_id": "U066P20UQH1",
        "blocks": [
            {
                "type": "rich_text",
                "block_id": "8f++W",
                "elements": [
                    {
                        "type": "rich_text_section",
                        "elements": [
                            {
                                "type": "usergroup",
                                "usergroup_id": "S073HEMKWV7"
                            },
                            {
                                "type": "text",
                                "text": "\n申し訳ございません。本件、前回SPL-001-25の宛先がモロッコになっていた件で、UAE向けに私が島根に行った際に別送手配するという話でしたが、\n完全に失念しておりました。。。大変申し訳ございません。\n\nSPL-001-25と同じ内容ですが、書類等作成し直しましたので、サンプル発送の準備をお願いいたします"
                            },
                            {
                                "type": "emoji",
                                "name": "woman-bowing",
                                "unicode": "1f647-200d-2640-fe0f"
                            },
                            {
                                "type": "emoji",
                                "name": "sweat_drops",
                                "unicode": "1f4a6"
                            },
                            {
                                "type": "text",
                                "text": "\n\n▼注文内容（計8種）\nサンプル8種　各20g\n"
                            }
                        ]
                    },
                    {
                        "type": "rich_text_preformatted",
                        "elements": [
                            {
                                "type": "text",
                                "text": "①レモングラス抹茶（オリジナルブレンド。鹿児島B(70%)x有機レモングラスK-D#7(30%)）\n②ペパーミント抹茶（オリジナルブレンド。鹿児島B(85%)x有機ペパーミントカット(15%)）\n③シナモン抹茶（オリジナルブレンド。鹿児島B(75%)x有機シナモンパウダー(25%)）\n④シナモン抹茶（通常ブレンド。鹿児島B(85%)×キタマシナモン(15%)）\n⑤ターメリック抹茶（オリジナルブレンド。鹿児島B(70%)x有機ターメリックパウダー(30%)）\n⑥ターメリック抹茶（通常ブレンド。鹿児島B(80%)×キタマターメリック(20%)）\n⑦バニラ抹茶（オリジナルブレンド。鹿児島B(80%)xバニラパウダーB7355(20%)）\n⑧バニラ抹茶（通常ブレンド。鹿児島B90%×キタマバニラ10%）"
                            }
                        ],
                        "border": 0
                    },
                    {
                        "type": "rich_text_section",
                        "elements": [
                            {
                                "type": "text",
                                "text": "\n出荷可能日の確認をお願いいたします"
                            },
                            {
                                "type": "emoji",
                                "name": "woman-bowing",
                                "unicode": "1f647-200d-2640-fe0f"
                            },
                            {
                                "type": "emoji",
                                "name": "sweat_drops",
                                "unicode": "1f4a6"
                            }
                        ]
                    }
                ]
            }
        ]
    },
    {
        "user": "U0606SPN4BW",
        "type": "message",
        "ts": "1743019048.455969",
        "client_msg_id": "6b556804-c403-41c9-bff6-e4bc0eae5e2e",
        "text": "<!subteam^S073HEMKWV7|@hirakawa-adachi-yamamoto-fuse> cc <!subteam^S072Q871SF9|@oka-matsui-furukawa-hayashi-kimura-hasegawa-kawatani>\n:flag-bg:ブルガリア IVA-Ivaylo Kolev様(アリババ, Shopify)からサンプル注文を頂きました。\n*TSE-IVA-SPL-001-25* ",
        "team": "T033D70RR6H",
        "user_team": "T033D70RR6H",
        "source_team": "T033D70RR6H",
        "user_profile": {
            "avatar_hash": "823d8545f678",
            "image_72": "https:\/\/avatars.slack-edge.com\/2024-04-12\/6946592133062_823d8545f678615a3e0a_72.jpg",
            "first_name": "SATOSHI",
            "real_name": "SATOSHI FURUKAWA",
            "display_name": "古川　敏",
            "team": "T033D70RR6H",
            "name": "jpfreebirds",
            "is_restricted": false,
            "is_ultra_restricted": false
        },
        "thread_ts": "1743019048.455969",
        "reply_count": 5,
        "reply_users_count": 3,
        "latest_reply": "1743986163.816559",
        "reply_users": [
            "U0606SPN4BW",
            "U041RJKV5JA",
            "U0331FZTHEK"
        ],
        "replies": [
            {
                "user": "U0606SPN4BW",
                "ts": "1743019107.745309"
            },
            {
                "user": "U041RJKV5JA",
                "ts": "1743383776.887369"
            },
            {
                "user": "U0606SPN4BW",
                "ts": "1743406552.773679"
            },
            {
                "user": "U041RJKV5JA",
                "ts": "1743488773.711919"
            },
            {
                "user": "U0331FZTHEK",
                "ts": "1743986163.816559"
            }
        ],
        "is_locked": false,
        "subscribed": true,
        "last_read": "1743986163.816559",
        "blocks": [
            {
                "type": "rich_text",
                "block_id": "1HJSD",
                "elements": [
                    {
                        "type": "rich_text_section",
                        "elements": [
                            {
                                "type": "usergroup",
                                "usergroup_id": "S073HEMKWV7"
                            },
                            {
                                "type": "text",
                                "text": " cc "
                            },
                            {
                                "type": "usergroup",
                                "usergroup_id": "S072Q871SF9"
                            },
                            {
                                "type": "text",
                                "text": "\n"
                            },
                            {
                                "type": "emoji",
                                "name": "flag-bg",
                                "unicode": "1f1e7-1f1ec"
                            },
                            {
                                "type": "text",
                                "text": "ブルガリア IVA-Ivaylo Kolev様(アリババ, Shopify)からサンプル注文を頂きました。\n"
                            },
                            {
                                "type": "text",
                                "text": "TSE-IVA-SPL-001-25 ",
                                "style": {
                                    "bold": true
                                }
                            }
                        ]
                    }
                ]
            }
        ],
        "reactions": [
            {
                "name": "管理表入力済",
                "users": [
                    "U0606SPN4BW"
                ],
                "count": 1
            },
            {
                "name": "ivpl作成済",
                "users": [
                    "U0606SPN4BW"
                ],
                "count": 1
            },
            {
                "name": "承知_致しました",
                "users": [
                    "U041RJKV5JA"
                ],
                "count": 1
            }
        ]
    },
    {
        "text": "下記へ発送手続き、および発送日のお知らせをお願いします！\n\n\n<@U0331FZTHEK> 入金確認済 (Shopify payment, 4\/7着金予定), 着金後に回収処理をお願いします！\n\n\n▼サンプル内容 (計 4点)\n&lt;各20g&gt;\nOrganic Matcha Upper - 1 鹿児島製茶 (鹿児島 A)\nOrganic Matcha Upper - 2 鹿児島製茶 (鹿児島 1A)\nOrganic Matcha Middle - 1 鹿児島製茶 (鹿児島 B)\nOrganic Matcha Regular - 2 まるゑい (有機抹茶3000)\n\n\n袋指定なし、\nエージレス無し、\n品名ラベル貼り\n価格表示：なし\n\n\n発送:DHL\n\n\n--------------------------------\nBrand name: ISTeam Ltd\nName: Ivaylo  Kolev\nAddress: 63 Shipchenski Prohod, Zavod Elektronika (office Cooolbox),\nCity: Sofia\nPostal code: 1574\nCountry: Bulgaria\n--------------------------------",
        "files": [
            {
                "id": "F08KEFR4PMK",
                "created": 1743019100,
                "timestamp": 1743019100,
                "name": "image.png",
                "title": "image.png",
                "mimetype": "image\/png",
                "filetype": "png",
                "pretty_type": "PNG",
                "user": "U0606SPN4BW",
                "user_team": "T033D70RR6H",
                "editable": false,
                "size": 46220,
                "mode": "hosted",
                "is_external": false,
                "external_type": "",
                "is_public": true,
                "public_url_shared": false,
                "display_as_bot": false,
                "username": "",
                "url_private": "https:\/\/files.slack.com\/files-pri\/T033D70RR6H-F08KEFR4PMK\/image.png?token=xoxe-3115238875221-9710624591398-9697214945543-aa82359f925d11baadb4ddc07b089467",
                "url_private_download": "https:\/\/files.slack.com\/files-pri\/T033D70RR6H-F08KEFR4PMK\/download\/image.png?token=xoxe-3115238875221-9710624591398-9697214945543-aa82359f925d11baadb4ddc07b089467",
                "media_display_type": "unknown",
                "thumb_64": "https:\/\/files.slack.com\/files-tmb\/T033D70RR6H-F08KEFR4PMK-53d3be8c45\/image_64.png?t=xoxe-3115238875221-9710624591398-9697214945543-aa82359f925d11baadb4ddc07b089467",
                "thumb_80": "https:\/\/files.slack.com\/files-tmb\/T033D70RR6H-F08KEFR4PMK-53d3be8c45\/image_80.png?t=xoxe-3115238875221-9710624591398-9697214945543-aa82359f925d11baadb4ddc07b089467",
                "thumb_360": "https:\/\/files.slack.com\/files-tmb\/T033D70RR6H-F08KEFR4PMK-53d3be8c45\/image_360.png?t=xoxe-3115238875221-9710624591398-9697214945543-aa82359f925d11baadb4ddc07b089467",
                "thumb_360_w": 360,
                "thumb_360_h": 168,
                "thumb_480": "https:\/\/files.slack.com\/files-tmb\/T033D70RR6H-F08KEFR4PMK-53d3be8c45\/image_480.png?t=xoxe-3115238875221-9710624591398-9697214945543-aa82359f925d11baadb4ddc07b089467",
                "thumb_480_w": 480,
                "thumb_480_h": 225,
                "thumb_160": "https:\/\/files.slack.com\/files-tmb\/T033D70RR6H-F08KEFR4PMK-53d3be8c45\/image_160.png?t=xoxe-3115238875221-9710624591398-9697214945543-aa82359f925d11baadb4ddc07b089467",
                "original_w": 714,
                "original_h": 334,
                "thumb_tiny": "AwAWADDQ\/H9aQe5\/I0H8KOP7w\/KgBcD1P50cev60nH94flR+I\/KgBce5\/OlpMH1\/SlP4UAIQexpMN6inUtADce9GPelooATHvS0UUAf\/2Q==",
                "permalink": "https:\/\/grp-ssm9297.slack.com\/files\/U0331FWGQRM\/F08KEFR4PMK\/image.png",
                "permalink_public": "https:\/\/slack-files.com\/T033D70RR6H-F08KEFR4PMK-6030fcc6b8",
                "is_starred": false,
                "skipped_shares": true,
                "has_rich_preview": false,
                "file_access": "visible"
            }
        ],
        "upload": false,
        "user": "U0606SPN4BW",
        "display_as_bot": false,
        "blocks": [
            {
                "type": "rich_text",
                "block_id": "5dbOq",
                "elements": [
                    {
                        "type": "rich_text_section",
                        "elements": [
                            {
                                "type": "text",
                                "text": "下記へ発送手続き、および発送日のお知らせをお願いします！\n\n\n"
                            },
                            {
                                "type": "user",
                                "user_id": "U0331FZTHEK"
                            },
                            {
                                "type": "text",
                                "text": " 入金確認済 (Shopify payment, 4\/7着金予定), 着金後に回収処理をお願いします！\n\n\n▼サンプル内容 (計 4点)\n<各20g>\nOrganic Matcha Upper - 1 鹿児島製茶 (鹿児島 A)\nOrganic Matcha Upper - 2 鹿児島製茶 (鹿児島 1A)\nOrganic Matcha Middle - 1 鹿児島製茶 (鹿児島 B)\nOrganic Matcha Regular - 2 まるゑい (有機抹茶3000)\n\n\n袋指定なし、\nエージレス無し、\n品名ラベル貼り\n価格表示：なし\n\n\n発送:DHL\n\n\n--------------------------------\nBrand name: ISTeam Ltd\nName: Ivaylo  Kolev\nAddress: 63 Shipchenski Prohod, Zavod Elektronika (office Cooolbox),\nCity: Sofia\nPostal code: 1574\nCountry: Bulgaria\n--------------------------------"
                            }
                        ]
                    }
                ]
            }
        ],
        "type": "message",
        "ts": "1743019107.745309",
        "client_msg_id": "b4225110-4beb-440d-a093-069893d7a950",
        "thread_ts": "1743019048.455969",
        "parent_user_id": "U0606SPN4BW",
        "reactions": [
            {
                "name": "7e6ac2088523a821",
                "users": [
                    "U0331FZTHEK"
                ],
                "count": 1
            },
            {
                "name": "確認致します",
                "users": [
                    "U0331FZTHEK"
                ],
                "count": 1
            }
        ]
    },
    {
        "user": "U0606SPN4BW",
        "type": "message",
        "ts": "1743029607.324099",
        "client_msg_id": "7e7019bb-8d7d-49c2-9ead-96d6244b3d83",
        "text": "<!subteam^S073HEMKWV7|@hirakawa-adachi-yamamoto-fuse> <@U0331FZTHEK>\n3\/26 FedExにて発送完了しました。\nAWB: 880031004107\n以上、よろしくお願いいたします！",
        "team": "T033D70RR6H",
        "user_team": "T033D70RR6H",
        "source_team": "T033D70RR6H",
        "user_profile": {
            "avatar_hash": "823d8545f678",
            "image_72": "https:\/\/avatars.slack-edge.com\/2024-04-12\/6946592133062_823d8545f678615a3e0a_72.jpg",
            "first_name": "SATOSHI",
            "real_name": "SATOSHI FURUKAWA",
            "display_name": "古川　敏",
            "team": "T033D70RR6H",
            "name": "jpfreebirds",
            "is_restricted": false,
            "is_ultra_restricted": false
        },
        "thread_ts": "1742765753.916039",
        "parent_user_id": "U0606SPN4BW",
        "blocks": [
            {
                "type": "rich_text",
                "block_id": "N3EKO",
                "elements": [
                    {
                        "type": "rich_text_section",
                        "elements": [
                            {
                                "type": "usergroup",
                                "usergroup_id": "S073HEMKWV7"
                            },
                            {
                                "type": "text",
                                "text": " "
                            },
                            {
                                "type": "user",
                                "user_id": "U0331FZTHEK"
                            },
                            {
                                "type": "text",
                                "text": "\n3\/26 FedExにて発送完了しました。\nAWB: 880031004107\n以上、よろしくお願いいたします！"
                            }
                        ]
                    }
                ]
            }
        ],
        "reactions": [
            {
                "name": "承知_致しました",
                "users": [
                    "U041RJKV5JA"
                ],
                "count": 1
            },
            {
                "name": "売上完了",
                "users": [
                    "U0331FZTHEK"
                ],
                "count": 1
            }
        ]
    },
    {
        "user": "U066P20UQH1",
        "type": "message",
        "ts": "1743058308.805409",
        "client_msg_id": "aab73451-8b84-4a9f-af58-7a141585ba34",
        "text": "<!subteam^S073HEMKWV7|@hirakawa-adachi-yamamoto-fuse>\n*TSE-LMV-SPL-001-25*\n:flag-cl:チリ：LMV-veronica urbina(alibaba)様からサンプル注文をいただきました。",
        "team": "T033D70RR6H",
        "user_team": "T033D70RR6H",
        "source_team": "T033D70RR6H",
        "user_profile": {
            "avatar_hash": "179323cb3551",
            "image_72": "https:\/\/avatars.slack-edge.com\/2024-04-12\/6955353714228_179323cb3551f7c8ecfe_72.png",
            "first_name": "Haruka",
            "real_name": "Haruka Hayashi",
            "display_name": "林遥香",
            "team": "T033D70RR6H",
            "name": "haru.nboc",
            "is_restricted": false,
            "is_ultra_restricted": false
        },
        "thread_ts": "1743058308.805409",
        "reply_count": 4,
        "reply_users_count": 3,
        "latest_reply": "1743488721.263699",
        "reply_users": [
            "U066P20UQH1",
            "U0331FZTHEK",
            "U041RJKV5JA"
        ],
        "replies": [
            {
                "user": "U066P20UQH1",
                "ts": "1743058482.456989"
            },
            {
                "user": "U0331FZTHEK",
                "ts": "1743060419.360909"
            },
            {
                "user": "U041RJKV5JA",
                "ts": "1743383908.047779"
            },
            {
                "user": "U041RJKV5JA",
                "ts": "1743488721.263699"
            }
        ],
        "is_locked": false,
        "subscribed": false,
        "blocks": [
            {
                "type": "rich_text",
                "block_id": "tEZAq",
                "elements": [
                    {
                        "type": "rich_text_section",
                        "elements": [
                            {
                                "type": "usergroup",
                                "usergroup_id": "S073HEMKWV7"
                            },
                            {
                                "type": "text",
                                "text": "\n"
                            },
                            {
                                "type": "text",
                                "text": "TSE-LMV-SPL-001-25",
                                "style": {
                                    "bold": true
                                }
                            },
                            {
                                "type": "text",
                                "text": "\n"
                            },
                            {
                                "type": "emoji",
                                "name": "flag-cl",
                                "unicode": "1f1e8-1f1f1"
                            },
                            {
                                "type": "text",
                                "text": "チリ：LMV-veronica urbina(alibaba)様からサンプル注文をいただきました。"
                            }
                        ]
                    }
                ]
            }
        ],
        "reactions": [
            {
                "name": "ivpl作成済",
                "users": [
                    "U066P20UQH1"
                ],
                "count": 1
            },
            {
                "name": "管理表入力済",
                "users": [
                    "U066P20UQH1"
                ],
                "count": 1
            },
            {
                "name": "指示書作成済",
                "users": [
                    "U066P20UQH1"
                ],
                "count": 1
            }
        ]
    },
    {
        "user": "U066P20UQH1",
        "type": "message",
        "ts": "1743058482.456989",
        "edited": {
            "user": "U066P20UQH1",
            "ts": "1743058870.000000"
        },
        "client_msg_id": "0644d4c3-3e79-48fc-ae10-ae0815917f90",
        "text": "<!subteam^S073HEMKWV7|@hirakawa-adachi-yamamoto-fuse>\n発送可能日わかり次第共有お願いいたします:woman-bowing:\n\n▼注文内容（計6種）\n```20g each\nOrganic Upper 1　鹿児島有機A\nOrganic Upper 2　鹿児島有機1A\nOrganic Middle 1　鹿児島有機B\nOrganic Middle 2　鹿児島有機C\nNon-organic Upper 1　出雲抹茶G\nNon-organic Upper 2　出雲抹茶R```\n包材・ラベル・印字等通常サンプルの通り\n\n箱：ボタニカルx1\n輸送会社：DHL\n\n<@U0331FZTHEK>\n入金確認済みです。回収処理をお願いいたします:woman-bowing:",
        "team": "T033D70RR6H",
        "user_team": "T033D70RR6H",
        "source_team": "T033D70RR6H",
        "user_profile": {
            "avatar_hash": "179323cb3551",
            "image_72": "https:\/\/avatars.slack-edge.com\/2024-04-12\/6955353714228_179323cb3551f7c8ecfe_72.png",
            "first_name": "Haruka",
            "real_name": "Haruka Hayashi",
            "display_name": "林遥香",
            "team": "T033D70RR6H",
            "name": "haru.nboc",
            "is_restricted": false,
            "is_ultra_restricted": false
        },
        "thread_ts": "1743058308.805409",
        "parent_user_id": "U066P20UQH1",
        "blocks": [
            {
                "type": "rich_text",
                "block_id": "R+Rvz",
                "elements": [
                    {
                        "type": "rich_text_section",
                        "elements": [
                            {
                                "type": "usergroup",
                                "usergroup_id": "S073HEMKWV7"
                            },
                            {
                                "type": "text",
                                "text": "\n発送可能日わかり次第共有お願いいたします"
                            },
                            {
                                "type": "emoji",
                                "name": "woman-bowing",
                                "unicode": "1f647-200d-2640-fe0f"
                            },
                            {
                                "type": "text",
                                "text": "\n\n▼注文内容（計6種）\n"
                            }
                        ]
                    },
                    {
                        "type": "rich_text_preformatted",
                        "elements": [
                            {
                                "type": "text",
                                "text": "20g each\nOrganic Upper 1　鹿児島有機A\nOrganic Upper 2　鹿児島有機1A\nOrganic Middle 1　鹿児島有機B\nOrganic Middle 2　鹿児島有機C\nNon-organic Upper 1　出雲抹茶G\nNon-organic Upper 2　出雲抹茶R"
                            }
                        ],
                        "border": 0
                    },
                    {
                        "type": "rich_text_section",
                        "elements": [
                            {
                                "type": "text",
                                "text": "\n包材・ラベル・印字等通常サンプルの通り\n\n箱：ボタニカルx1\n輸送会社：DHL\n\n"
                            },
                            {
                                "type": "user",
                                "user_id": "U0331FZTHEK"
                            },
                            {
                                "type": "text",
                                "text": "\n入金確認済みです。回収処理をお願いいたします"
                            },
                            {
                                "type": "emoji",
                                "name": "woman-bowing",
                                "unicode": "1f647-200d-2640-fe0f"
                            }
                        ]
                    }
                ]
            }
        ],
        "reactions": [
            {
                "name": "d130b000eb8d6784",
                "users": [
                    "U0331FZTHEK"
                ],
                "count": 1
            },
            {
                "name": "承知_致しました",
                "users": [
                    "U0331FZTHEK"
                ],
                "count": 1
            }
        ]
    },
    {
        "user": "U066P20UQH1",
        "type": "message",
        "ts": "1743058724.330829",
        "edited": {
            "user": "U066P20UQH1",
            "ts": "1744642971.000000"
        },
        "client_msg_id": "35613343-0ab5-465f-8151-16a0078c4561",
        "text": "<!subteam^S073HEMKWV7|@hirakawa-adachi-yamamoto-fuse>\n*~TSE-YST-SPL-001-25~←企業コード間違えてました*\n*TSE-YCT-SPL-001-25*\n:us:アメリカ：YST-YEREMYANS CORPORATION, THEMELIUM&CO.,VAHE YEREMYAN(alibaba名ThemeliumAnd Co 旧VK Yeremyan)様からサンプル注文をいただきました。",
        "team": "T033D70RR6H",
        "user_team": "T033D70RR6H",
        "source_team": "T033D70RR6H",
        "user_profile": {
            "avatar_hash": "179323cb3551",
            "image_72": "https:\/\/avatars.slack-edge.com\/2024-04-12\/6955353714228_179323cb3551f7c8ecfe_72.png",
            "first_name": "Haruka",
            "real_name": "Haruka Hayashi",
            "display_name": "林遥香",
            "team": "T033D70RR6H",
            "name": "haru.nboc",
            "is_restricted": false,
            "is_ultra_restricted": false
        },
        "thread_ts": "1743058724.330829",
        "reply_count": 4,
        "reply_users_count": 3,
        "latest_reply": "1743578990.607569",
        "reply_users": [
            "U066P20UQH1",
            "U0331FZTHEK",
            "U041RJKV5JA"
        ],
        "replies": [
            {
                "user": "U066P20UQH1",
                "ts": "1743058857.311369"
            },
            {
                "user": "U0331FZTHEK",
                "ts": "1743060836.942719"
            },
            {
                "user": "U041RJKV5JA",
                "ts": "1743500120.018779"
            },
            {
                "user": "U041RJKV5JA",
                "ts": "1743578990.607569"
            }
        ],
        "is_locked": false,
        "subscribed": false,
        "blocks": [
            {
                "type": "rich_text",
                "block_id": "Vip8r",
                "elements": [
                    {
                        "type": "rich_text_section",
                        "elements": [
                            {
                                "type": "usergroup",
                                "usergroup_id": "S073HEMKWV7"
                            },
                            {
                                "type": "text",
                                "text": "\n"
                            },
                            {
                                "type": "text",
                                "text": "TSE-YST-SPL-001-25",
                                "style": {
                                    "bold": true,
                                    "strike": true
                                }
                            },
                            {
                                "type": "text",
                                "text": "←企業コード間違えてました",
                                "style": {
                                    "bold": true
                                }
                            },
                            {
                                "type": "text",
                                "text": "\n"
                            },
                            {
                                "type": "text",
                                "text": "TSE-YCT-SPL-001-25",
                                "style": {
                                    "bold": true
                                }
                            },
                            {
                                "type": "text",
                                "text": "\n"
                            },
                            {
                                "type": "emoji",
                                "name": "us",
                                "unicode": "1f1fa-1f1f8"
                            },
                            {
                                "type": "text",
                                "text": "アメリカ：YST-YEREMYANS CORPORATION, THEMELIUM&CO.,VAHE YEREMYAN(alibaba名ThemeliumAnd Co 旧VK Yeremyan)様からサンプル注文をいただきました。"
                            }
                        ]
                    }
                ]
            }
        ],
        "reactions": [
            {
                "name": "管理表入力済",
                "users": [
                    "U066P20UQH1"
                ],
                "count": 1
            },
            {
                "name": "ivpl作成済",
                "users": [
                    "U066P20UQH1"
                ],
                "count": 1
            },
            {
                "name": "指示書作成済",
                "users": [
                    "U066P20UQH1"
                ],
                "count": 1
            }
        ]
    }
]