[
    {
        "user": "U0331FZTHEK",
        "type": "message",
        "ts": "1744009390.919409",
        "client_msg_id": "a723852b-d32b-4220-8d54-794e9f057f27",
        "text": "<@U066P20UQH1>\n <!subteam^S073HEMKWV7|@hirakawa-adachi-yamamoto-fuse>\nご入金を確認致しました。\n・4\/5 [PayPal]\n・30 USD\n回収（入金）処理致します。\nよろしくお願いします。",
        "team": "T033D70RR6H",
        "user_team": "T033D70RR6H",
        "source_team": "T033D70RR6H",
        "user_profile": {
            "avatar_hash": "21cdbd6a05f9",
            "image_72": "https:\/\/avatars.slack-edge.com\/2022-02-16\/3115258488741_21cdbd6a05f9a69110f7_72.png",
            "first_name": "Mitsunobu",
            "real_name": "Mitsunobu Katayose",
            "display_name": "片寄",
            "team": "T033D70RR6H",
            "name": "tousuien03",
            "is_restricted": false,
            "is_ultra_restricted": false
        },
        "thread_ts": "1744008286.722129",
        "parent_user_id": "U066P20UQH1",
        "blocks": [
            {
                "type": "rich_text",
                "block_id": "tgps+",
                "elements": [
                    {
                        "type": "rich_text_section",
                        "elements": [
                            {
                                "type": "user",
                                "user_id": "U066P20UQH1"
                            },
                            {
                                "type": "text",
                                "text": "\n "
                            },
                            {
                                "type": "usergroup",
                                "usergroup_id": "S073HEMKWV7"
                            },
                            {
                                "type": "text",
                                "text": "\nご入金を確認致しました。\n・4\/5 [PayPal]\n・30 USD\n回収（入金）処理致します。\nよろしくお願いします。"
                            }
                        ]
                    }
                ]
            }
        ],
        "reactions": [
            {
                "name": "pray",
                "users": [
                    "U066P20UQH1"
                ],
                "count": 1
            },
            {
                "name": "入金完了",
                "users": [
                    "U0331FZTHEK"
                ],
                "count": 1
            }
        ]
    },
    {
        "user": "U066P20UQH1",
        "type": "message",
        "ts": "1744012208.731889",
        "client_msg_id": "3e573f3c-d87f-45d2-a83b-8c68a603234c",
        "text": "<!subteam^S073HEMKWV7|@hirakawa-adachi-yamamoto-fuse>\nお客様より、サンプル出荷予定の確認の連絡が来ております。ご確認をお願いします:woman-bowing:",
        "team": "T033D70RR6H",
        "user_team": "T033D70RR6H",
        "source_team": "T033D70RR6H",
        "user_profile": {
            "avatar_hash": "179323cb3551",
            "image_72": "https:\/\/avatars.slack-edge.com\/2024-04-12\/6955353714228_179323cb3551f7c8ecfe_72.png",
            "first_name": "Haruka",
            "real_name": "Haruka Hayashi",
            "display_name": "林遥香",
            "team": "T033D70RR6H",
            "name": "haru.nboc",
            "is_restricted": false,
            "is_ultra_restricted": false
        },
        "thread_ts": "1743110626.245979",
        "parent_user_id": "U0606SPN4BW",
        "blocks": [
            {
                "type": "rich_text",
                "block_id": "eJa2u",
                "elements": [
                    {
                        "type": "rich_text_section",
                        "elements": [
                            {
                                "type": "usergroup",
                                "usergroup_id": "S073HEMKWV7"
                            },
                            {
                                "type": "text",
                                "text": "\nお客様より、サンプル出荷予定の確認の連絡が来ております。ご確認をお願いします"
                            },
                            {
                                "type": "emoji",
                                "name": "woman-bowing",
                                "unicode": "1f647-200d-2640-fe0f"
                            }
                        ]
                    }
                ]
            }
        ],
        "reactions": [
            {
                "name": "eyes",
                "users": [
                    "U0606SPN4BW"
                ],
                "count": 1
            }
        ]
    },
    {
        "user": "U0606SPN4BW",
        "type": "message",
        "ts": "1744015085.789309",
        "client_msg_id": "7daac05f-d898-4b59-a101-d5e9d9b53c96",
        "text": "<!subteam^S073HEMKWV7|@hirakawa-adachi-yamamoto-fuse> cc <@U066P20UQH1>\nellaさんからサンプルの発送予定日の確認が入っています。\nお手数ですがご確認をよろしくお願いいたします！:pray:",
        "team": "T033D70RR6H",
        "user_team": "T033D70RR6H",
        "source_team": "T033D70RR6H",
        "user_profile": {
            "avatar_hash": "823d8545f678",
            "image_72": "https:\/\/avatars.slack-edge.com\/2024-04-12\/6946592133062_823d8545f678615a3e0a_72.jpg",
            "first_name": "SATOSHI",
            "real_name": "SATOSHI FURUKAWA",
            "display_name": "古川　敏",
            "team": "T033D70RR6H",
            "name": "jpfreebirds",
            "is_restricted": false,
            "is_ultra_restricted": false
        },
        "thread_ts": "1743472094.039999",
        "parent_user_id": "U066P20UQH1",
        "blocks": [
            {
                "type": "rich_text",
                "block_id": "R57H5",
                "elements": [
                    {
                        "type": "rich_text_section",
                        "elements": [
                            {
                                "type": "usergroup",
                                "usergroup_id": "S073HEMKWV7"
                            },
                            {
                                "type": "text",
                                "text": " cc "
                            },
                            {
                                "type": "user",
                                "user_id": "U066P20UQH1"
                            },
                            {
                                "type": "text",
                                "text": "\nellaさんからサンプルの発送予定日の確認が入っています。\nお手数ですがご確認をよろしくお願いいたします！"
                            },
                            {
                                "type": "emoji",
                                "name": "pray",
                                "unicode": "1f64f"
                            }
                        ]
                    }
                ]
            }
        ]
    },
    {
        "user": "U041RJKV5JA",
        "type": "message",
        "ts": "1744021058.744189",
        "client_msg_id": "e6e69fa4-fadc-4057-827b-e9a07f0e0804",
        "text": "<@U0606SPN4BW>\n <!subteam^S088LEJ1U5T|@kanayama-fukui-miyoshi-yokoi-takuwa-hara-imaoka-agou> <!subteam^S073HEMKWV7|@hirakawa-adachi-yamamoto-fuse>\n出荷予定日：4月8日（火）\nよろしくお願いいたします。",
        "team": "T033D70RR6H",
        "user_team": "T033D70RR6H",
        "source_team": "T033D70RR6H",
        "user_profile": {
            "avatar_hash": "aed9eafd9eee",
            "image_72": "https:\/\/avatars.slack-edge.com\/2022-09-11\/4078874890257_aed9eafd9eee277ba076_72.png",
            "first_name": "Hirakawa",
            "real_name": "Hirakawa",
            "display_name": "平川",
            "team": "T033D70RR6H",
            "name": "tousuien.s006",
            "is_restricted": false,
            "is_ultra_restricted": false
        },
        "thread_ts": "1743177153.684079",
        "parent_user_id": "U0606SPN4BW",
        "blocks": [
            {
                "type": "rich_text",
                "block_id": "yJz1B",
                "elements": [
                    {
                        "type": "rich_text_section",
                        "elements": [
                            {
                                "type": "user",
                                "user_id": "U0606SPN4BW"
                            },
                            {
                                "type": "text",
                                "text": "\n "
                            },
                            {
                                "type": "usergroup",
                                "usergroup_id": "S088LEJ1U5T"
                            },
                            {
                                "type": "text",
                                "text": " "
                            },
                            {
                                "type": "usergroup",
                                "usergroup_id": "S073HEMKWV7"
                            },
                            {
                                "type": "text",
                                "text": "\n出荷予定日：4月8日（火）\nよろしくお願いいたします。"
                            }
                        ]
                    }
                ]
            }
        ],
        "reactions": [
            {
                "name": "d130b000eb8d6784",
                "users": [
                    "U0606SPN4BW"
                ],
                "count": 1
            },
            {
                "name": "連絡完了",
                "users": [
                    "U0606SPN4BW"
                ],
                "count": 1
            }
        ]
    },
    {
        "user": "U041RJKV5JA",
        "type": "message",
        "ts": "1744022915.589269",
        "client_msg_id": "55936e9f-37d1-48d5-ab9b-1731d42d40db",
        "text": "<@U066P20UQH1> <@U0606SPN4BW>\n <!subteam^S088LEJ1U5T|@kanayama-fukui-miyoshi-yokoi-takuwa-hara-imaoka-agou> <!subteam^S073HEMKWV7|@hirakawa-adachi-yamamoto-fuse>\n出荷予定：4月8日（火）\nよろしくお願いいたします。",
        "team": "T033D70RR6H",
        "user_team": "T033D70RR6H",
        "source_team": "T033D70RR6H",
        "user_profile": {
            "avatar_hash": "aed9eafd9eee",
            "image_72": "https:\/\/avatars.slack-edge.com\/2022-09-11\/4078874890257_aed9eafd9eee277ba076_72.png",
            "first_name": "Hirakawa",
            "real_name": "Hirakawa",
            "display_name": "平川",
            "team": "T033D70RR6H",
            "name": "tousuien.s006",
            "is_restricted": false,
            "is_ultra_restricted": false
        },
        "thread_ts": "1743516863.971169",
        "parent_user_id": "U0606SPN4BW",
        "blocks": [
            {
                "type": "rich_text",
                "block_id": "dU2ix",
                "elements": [
                    {
                        "type": "rich_text_section",
                        "elements": [
                            {
                                "type": "user",
                                "user_id": "U066P20UQH1"
                            },
                            {
                                "type": "text",
                                "text": " "
                            },
                            {
                                "type": "user",
                                "user_id": "U0606SPN4BW"
                            },
                            {
                                "type": "text",
                                "text": "\n "
                            },
                            {
                                "type": "usergroup",
                                "usergroup_id": "S088LEJ1U5T"
                            },
                            {
                                "type": "text",
                                "text": " "
                            },
                            {
                                "type": "usergroup",
                                "usergroup_id": "S073HEMKWV7"
                            },
                            {
                                "type": "text",
                                "text": "\n出荷予定：4月8日（火）\nよろしくお願いいたします。"
                            }
                        ]
                    }
                ]
            }
        ],
        "reactions": [
            {
                "name": "d130b000eb8d6784",
                "users": [
                    "U0606SPN4BW"
                ],
                "count": 1
            },
            {
                "name": "連絡完了",
                "users": [
                    "U0606SPN4BW"
                ],
                "count": 1
            }
        ]
    },
    {
        "user": "U0840UVFVA8",
        "type": "message",
        "ts": "1744023423.770209",
        "client_msg_id": "f29a448d-a1f0-4f43-ac63-9689a0f0c3de",
        "text": "<!subteam^S072Q871SF9|@oka-matsui-furukawa-hayashi-kimura-hasegawa-kawatani> <!subteam^S073HEMKWV7|@hirakawa-adachi-yamamoto-fuse>\n下記2点について原料在庫が０のため発注をお願いします。\n\nOrganic Kamairicha A　水宗園有機釜炒り茶A\nOrganic Kamairicha B　水宗園有機釜炒り茶B",
        "team": "T033D70RR6H",
        "user_team": "T033D70RR6H",
        "source_team": "T033D70RR6H",
        "user_profile": {
            "avatar_hash": "g0c71d8d4168",
            "image_72": "https:\/\/secure.gravatar.com\/avatar\/0c71d8d4168211b07b8a8e20b40c036c.jpg?s=72&d=https%3A%2F%2Fa.slack-edge.com%2Fdf10d%2Fimg%2Favatars%2Fava_0023-72.png",
            "first_name": "kanayama",
            "real_name": "kanayama",
            "display_name": "金山",
            "team": "T033D70RR6H",
            "name": "kanayama-is",
            "is_restricted": false,
            "is_ultra_restricted": false
        },
        "thread_ts": "1743214954.450779",
        "parent_user_id": "U066P20UQH1",
        "blocks": [
            {
                "type": "rich_text",
                "block_id": "55t2Q",
                "elements": [
                    {
                        "type": "rich_text_section",
                        "elements": [
                            {
                                "type": "usergroup",
                                "usergroup_id": "S072Q871SF9"
                            },
                            {
                                "type": "text",
                                "text": " "
                            },
                            {
                                "type": "usergroup",
                                "usergroup_id": "S073HEMKWV7"
                            },
                            {
                                "type": "text",
                                "text": "\n下記2点について原料在庫が０のため発注をお願いします。\n\nOrganic Kamairicha A　水宗園有機釜炒り茶A\nOrganic Kamairicha B　水宗園有機釜炒り茶B"
                            }
                        ]
                    }
                ]
            }
        ]
    },
    {
        "user": "U041RJKV5JA",
        "type": "message",
        "ts": "1744027025.026939",
        "client_msg_id": "28cfcf75-c29a-4808-ba73-1a75764de947",
        "text": "<@U066P20UQH1>\n <!subteam^S073HEMKWV7|@hirakawa-adachi-yamamoto-fuse>\n出荷予定日：4月8日（火）\nよろしくお願いいたします。",
        "team": "T033D70RR6H",
        "user_team": "T033D70RR6H",
        "source_team": "T033D70RR6H",
        "user_profile": {
            "avatar_hash": "aed9eafd9eee",
            "image_72": "https:\/\/avatars.slack-edge.com\/2022-09-11\/4078874890257_aed9eafd9eee277ba076_72.png",
            "first_name": "Hirakawa",
            "real_name": "Hirakawa",
            "display_name": "平川",
            "team": "T033D70RR6H",
            "name": "tousuien.s006",
            "is_restricted": false,
            "is_ultra_restricted": false
        },
        "thread_ts": "1743230368.051039",
        "parent_user_id": "U066P20UQH1",
        "blocks": [
            {
                "type": "rich_text",
                "block_id": "e5WqU",
                "elements": [
                    {
                        "type": "rich_text_section",
                        "elements": [
                            {
                                "type": "user",
                                "user_id": "U066P20UQH1"
                            },
                            {
                                "type": "text",
                                "text": "\n "
                            },
                            {
                                "type": "usergroup",
                                "usergroup_id": "S073HEMKWV7"
                            },
                            {
                                "type": "text",
                                "text": "\n出荷予定日：4月8日（火）\nよろしくお願いいたします。"
                            }
                        ]
                    }
                ]
            }
        ]
    },
    {
        "user": "U066P20UQH1",
        "type": "message",
        "ts": "1744029508.097779",
        "edited": {
            "user": "U066P20UQH1",
            "ts": "1744029518.000000"
        },
        "client_msg_id": "c9b28a60-ec6c-4fe1-b8e0-1d2168cddd76",
        "text": "<!subteam^S073HEMKWV7|@hirakawa-adachi-yamamoto-fuse>\n*TSE-JOL-SPL-001-25*\n:flag-nl:オランダ：JOL-Jo van de Louw, Bacca's(alibaba名Jo Louw様からサンプル注文をいただきました。",
        "team": "T033D70RR6H",
        "user_team": "T033D70RR6H",
        "source_team": "T033D70RR6H",
        "user_profile": {
            "avatar_hash": "179323cb3551",
            "image_72": "https:\/\/avatars.slack-edge.com\/2024-04-12\/6955353714228_179323cb3551f7c8ecfe_72.png",
            "first_name": "Haruka",
            "real_name": "Haruka Hayashi",
            "display_name": "林遥香",
            "team": "T033D70RR6H",
            "name": "haru.nboc",
            "is_restricted": false,
            "is_ultra_restricted": false
        },
        "thread_ts": "1744029508.097779",
        "reply_count": 6,
        "reply_users_count": 4,
        "latest_reply": "1744870323.266499",
        "reply_users": [
            "U066P20UQH1",
            "U0331FZTHEK",
            "U033G4KN4TD",
            "U08L89G6JSG"
        ],
        "replies": [
            {
                "user": "U066P20UQH1",
                "ts": "1744029599.011149"
            },
            {
                "user": "U0331FZTHEK",
                "ts": "1744069909.810329"
            },
            {
                "user": "U066P20UQH1",
                "ts": "1744642574.680049"
            },
            {
                "user": "U033G4KN4TD",
                "ts": "1744684696.013979"
            },
            {
                "user": "U08L89G6JSG",
                "ts": "1744777961.195599"
            },
            {
                "user": "U08L89G6JSG",
                "ts": "1744870323.266499"
            }
        ],
        "is_locked": false,
        "subscribed": false,
        "blocks": [
            {
                "type": "rich_text",
                "block_id": "6+iqg",
                "elements": [
                    {
                        "type": "rich_text_section",
                        "elements": [
                            {
                                "type": "usergroup",
                                "usergroup_id": "S073HEMKWV7"
                            },
                            {
                                "type": "text",
                                "text": "\n"
                            },
                            {
                                "type": "text",
                                "text": "TSE-JOL-SPL-001-25",
                                "style": {
                                    "bold": true
                                }
                            },
                            {
                                "type": "text",
                                "text": "\n"
                            },
                            {
                                "type": "emoji",
                                "name": "flag-nl",
                                "unicode": "1f1f3-1f1f1"
                            },
                            {
                                "type": "text",
                                "text": "オランダ：JOL-Jo van de Louw, Bacca's(alibaba名Jo Louw様からサンプル注文をいただきました。"
                            }
                        ]
                    }
                ]
            }
        ]
    },
    {
        "user": "U066P20UQH1",
        "type": "message",
        "ts": "1744029599.011149",
        "client_msg_id": "16fae053-b3d2-4082-a597-806656d1b2cf",
        "text": "<!subteam^S073HEMKWV7|@hirakawa-adachi-yamamoto-fuse>\n発送可能日わかり次第共有お願いいたします:woman-bowing:\n\n▼注文内容（計4種）\n```20g each\nOrganic Matcha Upper grade 1 鹿児島A\nOrganic Matcha Upper grade 2　鹿児島1A\nNon-organic Matcha Upper grade 1　出雲抹茶G\nNon-organic Matcha Upper grade 2 出雲抹茶R```\nラベル・包材は通常サンプルの通り。\n発送：DHL\n箱：ボタニカルx1\n\n<@U0331FZTHEK>\n入金確認済みです。回収処理をお願いいたします:woman-bowing:",
        "team": "T033D70RR6H",
        "user_team": "T033D70RR6H",
        "source_team": "T033D70RR6H",
        "user_profile": {
            "avatar_hash": "179323cb3551",
            "image_72": "https:\/\/avatars.slack-edge.com\/2024-04-12\/6955353714228_179323cb3551f7c8ecfe_72.png",
            "first_name": "Haruka",
            "real_name": "Haruka Hayashi",
            "display_name": "林遥香",
            "team": "T033D70RR6H",
            "name": "haru.nboc",
            "is_restricted": false,
            "is_ultra_restricted": false
        },
        "thread_ts": "1744029508.097779",
        "parent_user_id": "U066P20UQH1",
        "blocks": [
            {
                "type": "rich_text",
                "block_id": "HgnWh",
                "elements": [
                    {
                        "type": "rich_text_section",
                        "elements": [
                            {
                                "type": "usergroup",
                                "usergroup_id": "S073HEMKWV7"
                            },
                            {
                                "type": "text",
                                "text": "\n発送可能日わかり次第共有お願いいたします"
                            },
                            {
                                "type": "emoji",
                                "name": "woman-bowing",
                                "unicode": "1f647-200d-2640-fe0f"
                            },
                            {
                                "type": "text",
                                "text": "\n\n▼注文内容（計4種）\n"
                            }
                        ]
                    },
                    {
                        "type": "rich_text_preformatted",
                        "elements": [
                            {
                                "type": "text",
                                "text": "20g each\nOrganic Matcha Upper grade 1 鹿児島A\nOrganic Matcha Upper grade 2　鹿児島1A\nNon-organic Matcha Upper grade 1　出雲抹茶G\nNon-organic Matcha Upper grade 2 出雲抹茶R"
                            }
                        ],
                        "border": 0
                    },
                    {
                        "type": "rich_text_section",
                        "elements": [
                            {
                                "type": "text",
                                "text": "ラベル・包材は通常サンプルの通り。\n発送：DHL\n箱：ボタニカルx1\n\n"
                            },
                            {
                                "type": "user",
                                "user_id": "U0331FZTHEK"
                            },
                            {
                                "type": "text",
                                "text": "\n入金確認済みです。回収処理をお願いいたします"
                            },
                            {
                                "type": "emoji",
                                "name": "woman-bowing",
                                "unicode": "1f647-200d-2640-fe0f"
                            }
                        ]
                    }
                ]
            }
        ],
        "reactions": [
            {
                "name": "d130b000eb8d6784",
                "users": [
                    "U0331FZTHEK"
                ],
                "count": 1
            },
            {
                "name": "7e6ac2088523a821",
                "users": [
                    "U0331FZTHEK"
                ],
                "count": 1
            }
        ]
    },
    {
        "user": "U0331FZS7JT",
        "type": "message",
        "ts": "1744030347.972149",
        "client_msg_id": "e91af187-5068-449b-8efd-639bbac558c9",
        "text": "<!subteam^S073HEMKWV7|@hirakawa-adachi-yamamoto-fuse> <!subteam^S088LEJ1U5T|@kanayama-fukui-miyoshi-yokoi-takuwa-hara-imaoka-agou>\nサンプル渡したので、対応をお願いします。",
        "team": "T033D70RR6H",
        "user_team": "T033D70RR6H",
        "source_team": "T033D70RR6H",
        "user_profile": {
            "avatar_hash": "2c9de1514f26",
            "image_72": "https:\/\/avatars.slack-edge.com\/2022-02-16\/3118160981555_2c9de1514f262063f72d_72.png",
            "first_name": "Yuta",
            "real_name": "Yuta Oka",
            "display_name": "岡祐太",
            "team": "T033D70RR6H",
            "name": "yuta.oka.0915",
            "is_restricted": false,
            "is_ultra_restricted": false
        },
        "thread_ts": "1743214954.450779",
        "parent_user_id": "U066P20UQH1",
        "blocks": [
            {
                "type": "rich_text",
                "block_id": "MQ3+S",
                "elements": [
                    {
                        "type": "rich_text_section",
                        "elements": [
                            {
                                "type": "usergroup",
                                "usergroup_id": "S073HEMKWV7"
                            },
                            {
                                "type": "text",
                                "text": " "
                            },
                            {
                                "type": "usergroup",
                                "usergroup_id": "S088LEJ1U5T"
                            },
                            {
                                "type": "text",
                                "text": "\nサンプル渡したので、対応をお願いします。"
                            }
                        ]
                    }
                ]
            }
        ],
        "reactions": [
            {
                "name": "承知_致しました",
                "users": [
                    "U033G4KN4TD"
                ],
                "count": 1
            }
        ]
    },
    {
        "user": "U041RJKV5JA",
        "type": "message",
        "ts": "1744030809.224919",
        "client_msg_id": "0dabae23-ff94-42e6-b283-65c47a7cad3e",
        "text": "<@U0606SPN4BW> <@U066P20UQH1>\n <!subteam^S073HEMKWV7|@hirakawa-adachi-yamamoto-fuse>\n出荷予定日：4月8日（火）\nよろしくお願いいたします。",
        "team": "T033D70RR6H",
        "user_team": "T033D70RR6H",
        "source_team": "T033D70RR6H",
        "user_profile": {
            "avatar_hash": "aed9eafd9eee",
            "image_72": "https:\/\/avatars.slack-edge.com\/2022-09-11\/4078874890257_aed9eafd9eee277ba076_72.png",
            "first_name": "Hirakawa",
            "real_name": "Hirakawa",
            "display_name": "平川",
            "team": "T033D70RR6H",
            "name": "tousuien.s006",
            "is_restricted": false,
            "is_ultra_restricted": false
        },
        "thread_ts": "1743256285.990699",
        "parent_user_id": "U0606SPN4BW",
        "blocks": [
            {
                "type": "rich_text",
                "block_id": "F65Kw",
                "elements": [
                    {
                        "type": "rich_text_section",
                        "elements": [
                            {
                                "type": "user",
                                "user_id": "U0606SPN4BW"
                            },
                            {
                                "type": "text",
                                "text": " "
                            },
                            {
                                "type": "user",
                                "user_id": "U066P20UQH1"
                            },
                            {
                                "type": "text",
                                "text": "\n "
                            },
                            {
                                "type": "usergroup",
                                "usergroup_id": "S073HEMKWV7"
                            },
                            {
                                "type": "text",
                                "text": "\n出荷予定日：4月8日（火）\nよろしくお願いいたします。"
                            }
                        ]
                    }
                ]
            }
        ],
        "reactions": [
            {
                "name": "d130b000eb8d6784",
                "users": [
                    "U0606SPN4BW"
                ],
                "count": 1
            }
        ]
    },
    {
        "text": "<!subteam^S073HEMKWV7|@hirakawa-adachi-yamamoto-fuse>\n？？？\n受注登録の内容、quotation（pdf）の内容でお願いします。",
        "files": [
            {
                "id": "F08M0KTNCSZ",
                "created": 1744031091,
                "timestamp": 1744031091,
                "name": "Quotation_tousuien_20250404_Matcha_100g bag.pdf",
                "title": "Quotation_tousuien_20250404_Matcha_100g bag.pdf",
                "mimetype": "application\/pdf",
                "filetype": "pdf",
                "pretty_type": "PDF",
                "user": "U0331FWGQRM",
                "user_team": "T033D70RR6H",
                "editable": false,
                "size": 154748,
                "mode": "hosted",
                "is_external": false,
                "external_type": "",
                "is_public": true,
                "public_url_shared": false,
                "display_as_bot": false,
                "username": "",
                "url_private": "https:\/\/files.slack.com\/files-pri\/T033D70RR6H-F08M0KTNCSZ\/quotation_tousuien_20250404_matcha_100g_bag.pdf?token=xoxe-3115238875221-9710624591398-9697214945543-aa82359f925d11baadb4ddc07b089467",
                "url_private_download": "https:\/\/files.slack.com\/files-pri\/T033D70RR6H-F08M0KTNCSZ\/download\/quotation_tousuien_20250404_matcha_100g_bag.pdf?token=xoxe-3115238875221-9710624591398-9697214945543-aa82359f925d11baadb4ddc07b089467",
                "media_display_type": "unknown",
                "thumb_pdf": "https:\/\/files.slack.com\/files-tmb\/T033D70RR6H-F08M0KTNCSZ-f18e756fb8\/quotation_tousuien_20250404_matcha_100g_bag_thumb_pdf.png?t=xoxe-3115238875221-9710624591398-9697214945543-aa82359f925d11baadb4ddc07b089467",
                "thumb_pdf_w": 909,
                "thumb_pdf_h": 1286,
                "permalink": "https:\/\/grp-ssm9297.slack.com\/files\/U0331FWGQRM\/F08M0KTNCSZ\/quotation_tousuien_20250404_matcha_100g_bag.pdf",
                "permalink_public": "https:\/\/slack-files.com\/T033D70RR6H-F08M0KTNCSZ-b527df4e78",
                "is_starred": false,
                "skipped_shares": true,
                "has_rich_preview": false,
                "file_access": "visible"
            }
        ],
        "upload": false,
        "user": "U0331FWGQRM",
        "display_as_bot": false,
        "blocks": [
            {
                "type": "rich_text",
                "block_id": "dWxDC",
                "elements": [
                    {
                        "type": "rich_text_section",
                        "elements": [
                            {
                                "type": "usergroup",
                                "usergroup_id": "S073HEMKWV7"
                            },
                            {
                                "type": "text",
                                "text": "\n？？？\n受注登録の内容、quotation（pdf）の内容でお願いします。"
                            }
                        ]
                    }
                ]
            }
        ],
        "type": "message",
        "ts": "1744031173.517959",
        "client_msg_id": "d7ca12b4-1fac-4f67-b079-102186933f86",
        "thread_ts": "1743753605.372949",
        "parent_user_id": "U0331FWGQRM",
        "reactions": [
            {
                "name": "承知_致しました",
                "users": [
                    "U041RJKV5JA"
                ],
                "count": 1
            }
        ]
    },
    {
        "user": "U0606SPN4BW",
        "type": "message",
        "ts": "1744033215.684929",
        "client_msg_id": "8bfd4323-33fa-4cbb-aa4a-d8e779e10efa",
        "text": "<@U041RJKV5JA> <!subteam^S073HEMKWV7|@hirakawa-adachi-yamamoto-fuse>\n&gt; AL-12（銀）に詰めてもよろしいでしょうか。\nはい、AL-12(銀)でお願いします！\n (通常の20gサンプルのイメージで入力してました、スミマセン！:man-bowing:)",
        "team": "T033D70RR6H",
        "user_team": "T033D70RR6H",
        "source_team": "T033D70RR6H",
        "user_profile": {
            "avatar_hash": "823d8545f678",
            "image_72": "https:\/\/avatars.slack-edge.com\/2024-04-12\/6946592133062_823d8545f678615a3e0a_72.jpg",
            "first_name": "SATOSHI",
            "real_name": "SATOSHI FURUKAWA",
            "display_name": "古川　敏",
            "team": "T033D70RR6H",
            "name": "jpfreebirds",
            "is_restricted": false,
            "is_ultra_restricted": false
        },
        "thread_ts": "1743785634.394879",
        "parent_user_id": "U0606SPN4BW",
        "blocks": [
            {
                "type": "rich_text",
                "block_id": "nK48q",
                "elements": [
                    {
                        "type": "rich_text_section",
                        "elements": [
                            {
                                "type": "user",
                                "user_id": "U041RJKV5JA"
                            },
                            {
                                "type": "text",
                                "text": " "
                            },
                            {
                                "type": "usergroup",
                                "usergroup_id": "S073HEMKWV7"
                            },
                            {
                                "type": "text",
                                "text": "\n"
                            }
                        ]
                    },
                    {
                        "type": "rich_text_quote",
                        "elements": [
                            {
                                "type": "text",
                                "text": "AL-12（銀）に詰めてもよろしいでしょうか。"
                            }
                        ]
                    },
                    {
                        "type": "rich_text_section",
                        "elements": [
                            {
                                "type": "text",
                                "text": "はい、AL-12(銀)でお願いします！\n (通常の20gサンプルのイメージで入力してました、スミマセン！"
                            },
                            {
                                "type": "emoji",
                                "name": "man-bowing",
                                "unicode": "1f647-200d-2642-fe0f"
                            },
                            {
                                "type": "text",
                                "text": ")"
                            }
                        ]
                    }
                ]
            }
        ],
        "reactions": [
            {
                "name": "承知_致しました",
                "users": [
                    "U041RJKV5JA"
                ],
                "count": 1
            }
        ]
    },
    {
        "user": "U066P20UQH1",
        "type": "message",
        "ts": "1744065928.915739",
        "client_msg_id": "8fae5a45-ed55-47b3-9be7-c8eea640c77a",
        "text": "メモ\nJenny Nguyen",
        "team": "T033D70RR6H",
        "user_team": "T033D70RR6H",
        "source_team": "T033D70RR6H",
        "user_profile": {
            "avatar_hash": "179323cb3551",
            "image_72": "https:\/\/avatars.slack-edge.com\/2024-04-12\/6955353714228_179323cb3551f7c8ecfe_72.png",
            "first_name": "Haruka",
            "real_name": "Haruka Hayashi",
            "display_name": "林遥香",
            "team": "T033D70RR6H",
            "name": "haru.nboc",
            "is_restricted": false,
            "is_ultra_restricted": false
        },
        "thread_ts": "1743610411.216939",
        "parent_user_id": "U0606SPN4BW",
        "blocks": [
            {
                "type": "rich_text",
                "block_id": "uFP3i",
                "elements": [
                    {
                        "type": "rich_text_section",
                        "elements": [
                            {
                                "type": "text",
                                "text": "メモ\nJenny Nguyen"
                            }
                        ]
                    }
                ]
            }
        ]
    },
    {
        "user": "U066P20UQH1",
        "type": "message",
        "ts": "1744066074.401499",
        "client_msg_id": "06dd14ab-7130-4680-8a3d-d989008519de",
        "text": "<!subteam^S073HEMKWV7|@hirakawa-adachi-yamamoto-fuse>\nお客様から出荷予定日を聞かれておりますので確認をお願いいたします:sweat_drops:",
        "team": "T033D70RR6H",
        "user_team": "T033D70RR6H",
        "source_team": "T033D70RR6H",
        "user_profile": {
            "avatar_hash": "179323cb3551",
            "image_72": "https:\/\/avatars.slack-edge.com\/2024-04-12\/6955353714228_179323cb3551f7c8ecfe_72.png",
            "first_name": "Haruka",
            "real_name": "Haruka Hayashi",
            "display_name": "林遥香",
            "team": "T033D70RR6H",
            "name": "haru.nboc",
            "is_restricted": false,
            "is_ultra_restricted": false
        },
        "thread_ts": "1743610411.216939",
        "parent_user_id": "U0606SPN4BW",
        "blocks": [
            {
                "type": "rich_text",
                "block_id": "J2e1g",
                "elements": [
                    {
                        "type": "rich_text_section",
                        "elements": [
                            {
                                "type": "usergroup",
                                "usergroup_id": "S073HEMKWV7"
                            },
                            {
                                "type": "text",
                                "text": "\nお客様から出荷予定日を聞かれておりますので確認をお願いいたします"
                            },
                            {
                                "type": "emoji",
                                "name": "sweat_drops",
                                "unicode": "1f4a6"
                            }
                        ]
                    }
                ]
            }
        ]
    },
    {
        "user": "U066P20UQH1",
        "type": "message",
        "ts": "1744066917.607649",
        "client_msg_id": "2a009307-ecb9-4fcf-85a4-26729071b7c4",
        "text": "<!subteam^S073HEMKWV7|@hirakawa-adachi-yamamoto-fuse>\nお客様から発送日の確認の連絡が来ましたのでご確認をお願いいたします:woman-bowing:",
        "team": "T033D70RR6H",
        "user_team": "T033D70RR6H",
        "source_team": "T033D70RR6H",
        "user_profile": {
            "avatar_hash": "179323cb3551",
            "image_72": "https:\/\/avatars.slack-edge.com\/2024-04-12\/6955353714228_179323cb3551f7c8ecfe_72.png",
            "first_name": "Haruka",
            "real_name": "Haruka Hayashi",
            "display_name": "林遥香",
            "team": "T033D70RR6H",
            "name": "haru.nboc",
            "is_restricted": false,
            "is_ultra_restricted": false
        },
        "thread_ts": "1743692196.779209",
        "parent_user_id": "U0606SPN4BW",
        "blocks": [
            {
                "type": "rich_text",
                "block_id": "H+cLO",
                "elements": [
                    {
                        "type": "rich_text_section",
                        "elements": [
                            {
                                "type": "usergroup",
                                "usergroup_id": "S073HEMKWV7"
                            },
                            {
                                "type": "text",
                                "text": "\nお客様から発送日の確認の連絡が来ましたのでご確認をお願いいたします"
                            },
                            {
                                "type": "emoji",
                                "name": "woman-bowing",
                                "unicode": "1f647-200d-2640-fe0f"
                            }
                        ]
                    }
                ]
            }
        ]
    },
    {
        "user": "U0331FZTHEK",
        "type": "message",
        "ts": "1744069909.810329",
        "client_msg_id": "860c0cbc-a8c4-4bb5-910f-02cf0e81d4d5",
        "text": "<@U066P20UQH1>\n <!subteam^S073HEMKWV7|@hirakawa-adachi-yamamoto-fuse>\nご入金を確認致しました。\n・4\/7 [PayPal]\n・30 USD\n回収（入金）処理致します。\nよろしくお願いします。",
        "team": "T033D70RR6H",
        "user_team": "T033D70RR6H",
        "source_team": "T033D70RR6H",
        "user_profile": {
            "avatar_hash": "21cdbd6a05f9",
            "image_72": "https:\/\/avatars.slack-edge.com\/2022-02-16\/3115258488741_21cdbd6a05f9a69110f7_72.png",
            "first_name": "Mitsunobu",
            "real_name": "Mitsunobu Katayose",
            "display_name": "片寄",
            "team": "T033D70RR6H",
            "name": "tousuien03",
            "is_restricted": false,
            "is_ultra_restricted": false
        },
        "thread_ts": "1744029508.097779",
        "parent_user_id": "U066P20UQH1",
        "blocks": [
            {
                "type": "rich_text",
                "block_id": "j\/yqs",
                "elements": [
                    {
                        "type": "rich_text_section",
                        "elements": [
                            {
                                "type": "user",
                                "user_id": "U066P20UQH1"
                            },
                            {
                                "type": "text",
                                "text": "\n "
                            },
                            {
                                "type": "usergroup",
                                "usergroup_id": "S073HEMKWV7"
                            },
                            {
                                "type": "text",
                                "text": "\nご入金を確認致しました。\n・4\/7 [PayPal]\n・30 USD\n回収（入金）処理致します。\nよろしくお願いします。"
                            }
                        ]
                    }
                ]
            }
        ],
        "reactions": [
            {
                "name": "pray",
                "users": [
                    "U066P20UQH1"
                ],
                "count": 1
            },
            {
                "name": "入金完了",
                "users": [
                    "U0331FZTHEK"
                ],
                "count": 1
            }
        ]
    },
    {
        "user": "U041RJKV5JA",
        "type": "message",
        "ts": "1744076527.396789",
        "client_msg_id": "0a8cd765-be5b-4f01-a963-b9d9c9c51da3",
        "text": "<@U0606SPN4BW>\n <!subteam^S073HEMKWV7|@hirakawa-adachi-yamamoto-fuse>\n出荷予定日：4月8日（火）\nよろしくお願いいたします。",
        "team": "T033D70RR6H",
        "user_team": "T033D70RR6H",
        "source_team": "T033D70RR6H",
        "user_profile": {
            "avatar_hash": "aed9eafd9eee",
            "image_72": "https:\/\/avatars.slack-edge.com\/2022-09-11\/4078874890257_aed9eafd9eee277ba076_72.png",
            "first_name": "Hirakawa",
            "real_name": "Hirakawa",
            "display_name": "平川",
            "team": "T033D70RR6H",
            "name": "tousuien.s006",
            "is_restricted": false,
            "is_ultra_restricted": false
        },
        "thread_ts": "1743188398.342739",
        "parent_user_id": "U0606SPN4BW",
        "blocks": [
            {
                "type": "rich_text",
                "block_id": "eXq7s",
                "elements": [
                    {
                        "type": "rich_text_section",
                        "elements": [
                            {
                                "type": "user",
                                "user_id": "U0606SPN4BW"
                            },
                            {
                                "type": "text",
                                "text": "\n "
                            },
                            {
                                "type": "usergroup",
                                "usergroup_id": "S073HEMKWV7"
                            },
                            {
                                "type": "text",
                                "text": "\n出荷予定日：4月8日（火）\nよろしくお願いいたします。"
                            }
                        ]
                    }
                ]
            }
        ]
    },
    {
        "user": "U041RJKV5JA",
        "type": "message",
        "ts": "1744076629.395869",
        "client_msg_id": "e489ee04-c868-4ffc-8ab1-62e3ad75d316",
        "text": "<@U066P20UQH1>\n <!subteam^S073HEMKWV7|@hirakawa-adachi-yamamoto-fuse>\n出荷予定日：4月8日（火）\nよろしくお願いいたします。",
        "team": "T033D70RR6H",
        "user_team": "T033D70RR6H",
        "source_team": "T033D70RR6H",
        "user_profile": {
            "avatar_hash": "aed9eafd9eee",
            "image_72": "https:\/\/avatars.slack-edge.com\/2022-09-11\/4078874890257_aed9eafd9eee277ba076_72.png",
            "first_name": "Hirakawa",
            "real_name": "Hirakawa",
            "display_name": "平川",
            "team": "T033D70RR6H",
            "name": "tousuien.s006",
            "is_restricted": false,
            "is_ultra_restricted": false
        },
        "thread_ts": "1743409030.690809",
        "parent_user_id": "U066P20UQH1",
        "blocks": [
            {
                "type": "rich_text",
                "block_id": "e5WqU",
                "elements": [
                    {
                        "type": "rich_text_section",
                        "elements": [
                            {
                                "type": "user",
                                "user_id": "U066P20UQH1"
                            },
                            {
                                "type": "text",
                                "text": "\n "
                            },
                            {
                                "type": "usergroup",
                                "usergroup_id": "S073HEMKWV7"
                            },
                            {
                                "type": "text",
                                "text": "\n出荷予定日：4月8日（火）\nよろしくお願いいたします。"
                            }
                        ]
                    }
                ]
            }
        ],
        "reactions": [
            {
                "name": "あり",
                "users": [
                    "U066P20UQH1"
                ],
                "count": 1
            },
            {
                "name": "連絡完了",
                "users": [
                    "U066P20UQH1"
                ],
                "count": 1
            }
        ]
    },
    {
        "user": "U066P20UQH1",
        "type": "message",
        "ts": "1744083989.838449",
        "client_msg_id": "7effb7f1-f8b1-4ba7-9fc3-079abc2db259",
        "text": "<!subteam^S073HEMKWV7|@hirakawa-adachi-yamamoto-fuse>\nお客様から出荷日について確認の連絡が入っております:sweat_drops:ご確認いただけますでしょうか:sweat_drops:",
        "team": "T033D70RR6H",
        "user_team": "T033D70RR6H",
        "source_team": "T033D70RR6H",
        "user_profile": {
            "avatar_hash": "179323cb3551",
            "image_72": "https:\/\/avatars.slack-edge.com\/2024-04-12\/6955353714228_179323cb3551f7c8ecfe_72.png",
            "first_name": "Haruka",
            "real_name": "Haruka Hayashi",
            "display_name": "林遥香",
            "team": "T033D70RR6H",
            "name": "haru.nboc",
            "is_restricted": false,
            "is_ultra_restricted": false
        },
        "thread_ts": "1743669986.937779",
        "parent_user_id": "U066P20UQH1",
        "blocks": [
            {
                "type": "rich_text",
                "block_id": "70YAa",
                "elements": [
                    {
                        "type": "rich_text_section",
                        "elements": [
                            {
                                "type": "usergroup",
                                "usergroup_id": "S073HEMKWV7"
                            },
                            {
                                "type": "text",
                                "text": "\nお客様から出荷日について確認の連絡が入っております"
                            },
                            {
                                "type": "emoji",
                                "name": "sweat_drops",
                                "unicode": "1f4a6"
                            },
                            {
                                "type": "text",
                                "text": "ご確認いただけますでしょうか"
                            },
                            {
                                "type": "emoji",
                                "name": "sweat_drops",
                                "unicode": "1f4a6"
                            }
                        ]
                    }
                ]
            }
        ]
    },
    {
        "user": "U041RJKV5JA",
        "type": "message",
        "ts": "1744085076.460949",
        "client_msg_id": "cfa6e4a3-c2ab-441e-9ff2-ad36d4159194",
        "text": "<@U066P20UQH1> <@U0606SPN4BW>\n <!subteam^S088LEJ1U5T|@kanayama-fukui-miyoshi-yokoi-takuwa-hara-imaoka-agou>\n出荷予定日：4月9日（水）\nよろしくお願いいたします。",
        "team": "T033D70RR6H",
        "user_team": "T033D70RR6H",
        "source_team": "T033D70RR6H",
        "user_profile": {
            "avatar_hash": "aed9eafd9eee",
            "image_72": "https:\/\/avatars.slack-edge.com\/2022-09-11\/4078874890257_aed9eafd9eee277ba076_72.png",
            "first_name": "Hirakawa",
            "real_name": "Hirakawa",
            "display_name": "平川",
            "team": "T033D70RR6H",
            "name": "tousuien.s006",
            "is_restricted": false,
            "is_ultra_restricted": false
        },
        "thread_ts": "1743692196.779209",
        "parent_user_id": "U0606SPN4BW",
        "blocks": [
            {
                "type": "rich_text",
                "block_id": "VC2Xm",
                "elements": [
                    {
                        "type": "rich_text_section",
                        "elements": [
                            {
                                "type": "user",
                                "user_id": "U066P20UQH1"
                            },
                            {
                                "type": "text",
                                "text": " "
                            },
                            {
                                "type": "user",
                                "user_id": "U0606SPN4BW"
                            },
                            {
                                "type": "text",
                                "text": "\n "
                            },
                            {
                                "type": "usergroup",
                                "usergroup_id": "S088LEJ1U5T"
                            },
                            {
                                "type": "text",
                                "text": "\n出荷予定日：4月9日（水）\nよろしくお願いいたします。"
                            }
                        ]
                    }
                ]
            }
        ],
        "reactions": [
            {
                "name": "ありかとう",
                "users": [
                    "U066P20UQH1"
                ],
                "count": 1
            },
            {
                "name": "連絡完了",
                "users": [
                    "U066P20UQH1"
                ],
                "count": 1
            }
        ]
    },
    {
        "user": "U041RJKV5JA",
        "type": "message",
        "ts": "1744085244.964909",
        "client_msg_id": "519af082-2381-443f-8916-4b9426baf0c7",
        "text": "<@U066P20UQH1>\n <!subteam^S088LEJ1U5T|@kanayama-fukui-miyoshi-yokoi-takuwa-hara-imaoka-agou>\n出荷予定日：4月9日（水）\nよろしくお願いいたします。",
        "team": "T033D70RR6H",
        "user_team": "T033D70RR6H",
        "source_team": "T033D70RR6H",
        "user_profile": {
            "avatar_hash": "aed9eafd9eee",
            "image_72": "https:\/\/avatars.slack-edge.com\/2022-09-11\/4078874890257_aed9eafd9eee277ba076_72.png",
            "first_name": "Hirakawa",
            "real_name": "Hirakawa",
            "display_name": "平川",
            "team": "T033D70RR6H",
            "name": "tousuien.s006",
            "is_restricted": false,
            "is_ultra_restricted": false
        },
        "thread_ts": "1743669986.937779",
        "parent_user_id": "U066P20UQH1",
        "blocks": [
            {
                "type": "rich_text",
                "block_id": "0L54i",
                "elements": [
                    {
                        "type": "rich_text_section",
                        "elements": [
                            {
                                "type": "user",
                                "user_id": "U066P20UQH1"
                            },
                            {
                                "type": "text",
                                "text": "\n "
                            },
                            {
                                "type": "usergroup",
                                "usergroup_id": "S088LEJ1U5T"
                            },
                            {
                                "type": "text",
                                "text": "\n出荷予定日：4月9日（水）\nよろしくお願いいたします。"
                            }
                        ]
                    }
                ]
            }
        ],
        "reactions": [
            {
                "name": "ありかとう",
                "users": [
                    "U066P20UQH1"
                ],
                "count": 1
            },
            {
                "name": "連絡完了",
                "users": [
                    "U066P20UQH1"
                ],
                "count": 1
            }
        ]
    },
    {
        "user": "U041RJKV5JA",
        "type": "message",
        "ts": "1744091421.831179",
        "client_msg_id": "4c764aae-6b8c-44bb-a7a3-037077b5a002",
        "text": "<@U0606SPN4BW>\n本日、DHLにて出荷しました。\nAWB NO. 7007039550\nよろしくお願いいたします。",
        "team": "T033D70RR6H",
        "user_team": "T033D70RR6H",
        "source_team": "T033D70RR6H",
        "user_profile": {
            "avatar_hash": "aed9eafd9eee",
            "image_72": "https:\/\/avatars.slack-edge.com\/2022-09-11\/4078874890257_aed9eafd9eee277ba076_72.png",
            "first_name": "Hirakawa",
            "real_name": "Hirakawa",
            "display_name": "平川",
            "team": "T033D70RR6H",
            "name": "tousuien.s006",
            "is_restricted": false,
            "is_ultra_restricted": false
        },
        "thread_ts": "1743177153.684079",
        "parent_user_id": "U0606SPN4BW",
        "blocks": [
            {
                "type": "rich_text",
                "block_id": "YBUpL",
                "elements": [
                    {
                        "type": "rich_text_section",
                        "elements": [
                            {
                                "type": "user",
                                "user_id": "U0606SPN4BW"
                            },
                            {
                                "type": "text",
                                "text": "\n本日、DHLにて出荷しました。\nAWB NO. 7007039550\nよろしくお願いいたします。"
                            }
                        ]
                    }
                ]
            }
        ],
        "reactions": [
            {
                "name": "ありかとう",
                "users": [
                    "U066P20UQH1"
                ],
                "count": 1
            },
            {
                "name": "連絡完了",
                "users": [
                    "U066P20UQH1"
                ],
                "count": 1
            }
        ]
    },
    {
        "user": "U041RJKV5JA",
        "type": "message",
        "ts": "1744091487.647689",
        "client_msg_id": "d44c44c1-174b-479f-a564-8cae89685e59",
        "text": "<@U0606SPN4BW>\n本日、DHLにて出荷しました。\nAWB NO. 7007040040\nよろしくお願いいたします。",
        "team": "T033D70RR6H",
        "user_team": "T033D70RR6H",
        "source_team": "T033D70RR6H",
        "user_profile": {
            "avatar_hash": "aed9eafd9eee",
            "image_72": "https:\/\/avatars.slack-edge.com\/2022-09-11\/4078874890257_aed9eafd9eee277ba076_72.png",
            "first_name": "Hirakawa",
            "real_name": "Hirakawa",
            "display_name": "平川",
            "team": "T033D70RR6H",
            "name": "tousuien.s006",
            "is_restricted": false,
            "is_ultra_restricted": false
        },
        "thread_ts": "1743188398.342739",
        "parent_user_id": "U0606SPN4BW",
        "blocks": [
            {
                "type": "rich_text",
                "block_id": "5xRZy",
                "elements": [
                    {
                        "type": "rich_text_section",
                        "elements": [
                            {
                                "type": "user",
                                "user_id": "U0606SPN4BW"
                            },
                            {
                                "type": "text",
                                "text": "\n本日、DHLにて出荷しました。\nAWB NO. 7007040040\nよろしくお願いいたします。"
                            }
                        ]
                    }
                ]
            }
        ],
        "reactions": [
            {
                "name": "連絡完了",
                "users": [
                    "U066P20UQH1"
                ],
                "count": 1
            },
            {
                "name": "ありかとう",
                "users": [
                    "U066P20UQH1"
                ],
                "count": 1
            }
        ]
    },
    {
        "user": "U041RJKV5JA",
        "type": "message",
        "ts": "1744091512.836029",
        "client_msg_id": "7af12962-ac1f-4753-bc94-13c6a1039ec1",
        "text": "<@U0606SPN4BW>\n本日、DHLにて出荷しました。\nAWB NO. 7007039616\nよろしくお願いいたします。",
        "team": "T033D70RR6H",
        "user_team": "T033D70RR6H",
        "source_team": "T033D70RR6H",
        "user_profile": {
            "avatar_hash": "aed9eafd9eee",
            "image_72": "https:\/\/avatars.slack-edge.com\/2022-09-11\/4078874890257_aed9eafd9eee277ba076_72.png",
            "first_name": "Hirakawa",
            "real_name": "Hirakawa",
            "display_name": "平川",
            "team": "T033D70RR6H",
            "name": "tousuien.s006",
            "is_restricted": false,
            "is_ultra_restricted": false
        },
        "thread_ts": "1743256285.990699",
        "parent_user_id": "U0606SPN4BW",
        "blocks": [
            {
                "type": "rich_text",
                "block_id": "HT8eL",
                "elements": [
                    {
                        "type": "rich_text_section",
                        "elements": [
                            {
                                "type": "user",
                                "user_id": "U0606SPN4BW"
                            },
                            {
                                "type": "text",
                                "text": "\n本日、DHLにて出荷しました。\nAWB NO. 7007039616\nよろしくお願いいたします。"
                            }
                        ]
                    }
                ]
            }
        ],
        "reactions": [
            {
                "name": "ありかとう",
                "users": [
                    "U066P20UQH1"
                ],
                "count": 1
            },
            {
                "name": "連絡完了",
                "users": [
                    "U066P20UQH1"
                ],
                "count": 1
            }
        ]
    },
    {
        "user": "U041RJKV5JA",
        "type": "message",
        "ts": "1744091554.488119",
        "client_msg_id": "389c1cea-c369-43a0-ab66-81c91d919a67",
        "text": "<@U066P20UQH1>\n本日、DHLにて出荷しました。\nAWB NO. 7007039605\nよろしくお願いいたします。",
        "team": "T033D70RR6H",
        "user_team": "T033D70RR6H",
        "source_team": "T033D70RR6H",
        "user_profile": {
            "avatar_hash": "aed9eafd9eee",
            "image_72": "https:\/\/avatars.slack-edge.com\/2022-09-11\/4078874890257_aed9eafd9eee277ba076_72.png",
            "first_name": "Hirakawa",
            "real_name": "Hirakawa",
            "display_name": "平川",
            "team": "T033D70RR6H",
            "name": "tousuien.s006",
            "is_restricted": false,
            "is_ultra_restricted": false
        },
        "thread_ts": "1743230368.051039",
        "parent_user_id": "U066P20UQH1",
        "blocks": [
            {
                "type": "rich_text",
                "block_id": "lNrrC",
                "elements": [
                    {
                        "type": "rich_text_section",
                        "elements": [
                            {
                                "type": "user",
                                "user_id": "U066P20UQH1"
                            },
                            {
                                "type": "text",
                                "text": "\n本日、DHLにて出荷しました。\nAWB NO. 7007039605\nよろしくお願いいたします。"
                            }
                        ]
                    }
                ]
            }
        ],
        "reactions": [
            {
                "name": "連絡完了",
                "users": [
                    "U066P20UQH1"
                ],
                "count": 1
            },
            {
                "name": "ありかとう",
                "users": [
                    "U066P20UQH1"
                ],
                "count": 1
            }
        ]
    },
    {
        "user": "U066P20UQH1",
        "type": "message",
        "ts": "1744095032.151049",
        "client_msg_id": "febf4d6a-cc9a-4c79-b5f2-2b6daa4cfa8f",
        "text": "<!subteam^S073HEMKWV7|@hirakawa-adachi-yamamoto-fuse>\n*TSE-NOU-SPL-001-25*\n:flag-sa:サウジアラビア：NOU-Noura Albeshr(alibaba)様からサンプル注文をいただきました。",
        "team": "T033D70RR6H",
        "user_team": "T033D70RR6H",
        "source_team": "T033D70RR6H",
        "user_profile": {
            "avatar_hash": "179323cb3551",
            "image_72": "https:\/\/avatars.slack-edge.com\/2024-04-12\/6955353714228_179323cb3551f7c8ecfe_72.png",
            "first_name": "Haruka",
            "real_name": "Haruka Hayashi",
            "display_name": "林遥香",
            "team": "T033D70RR6H",
            "name": "haru.nboc",
            "is_restricted": false,
            "is_ultra_restricted": false
        },
        "thread_ts": "1744095032.151049",
        "reply_count": 5,
        "reply_users_count": 4,
        "latest_reply": "1744706864.571039",
        "reply_users": [
            "U066P20UQH1",
            "U0331FZTHEK",
            "U033G4KN4TD",
            "U041RJKV5JA"
        ],
        "replies": [
            {
                "user": "U066P20UQH1",
                "ts": "1744095138.234159"
            },
            {
                "user": "U0331FZTHEK",
                "ts": "1744096827.852169"
            },
            {
                "user": "U066P20UQH1",
                "ts": "1744348842.655329"
            },
            {
                "user": "U033G4KN4TD",
                "ts": "1744359227.198809"
            },
            {
                "user": "U041RJKV5JA",
                "ts": "1744706864.571039"
            }
        ],
        "is_locked": false,
        "subscribed": false,
        "blocks": [
            {
                "type": "rich_text",
                "block_id": "oSRTu",
                "elements": [
                    {
                        "type": "rich_text_section",
                        "elements": [
                            {
                                "type": "usergroup",
                                "usergroup_id": "S073HEMKWV7"
                            },
                            {
                                "type": "text",
                                "text": "\n"
                            },
                            {
                                "type": "text",
                                "text": "TSE-NOU-SPL-001-25",
                                "style": {
                                    "bold": true
                                }
                            },
                            {
                                "type": "text",
                                "text": "\n"
                            },
                            {
                                "type": "emoji",
                                "name": "flag-sa",
                                "unicode": "1f1f8-1f1e6"
                            },
                            {
                                "type": "text",
                                "text": "サウジアラビア：NOU-Noura Albeshr(alibaba)様からサンプル注文をいただきました。"
                            }
                        ]
                    }
                ]
            }
        ]
    },
    {
        "user": "U066P20UQH1",
        "type": "message",
        "ts": "1744095138.234159",
        "client_msg_id": "3d32716e-f8aa-4fb0-ae0a-d2756ecc582e",
        "text": "<!subteam^S073HEMKWV7|@hirakawa-adachi-yamamoto-fuse>\n*急いでいるみたいなので、早めに出荷可能でしょうか？*:sweat_drops:\n発送可能日わかり次第共有お願いいたします:woman-bowing:\n\n▼注文内容（計8種）\n20gずつ\n```Organic Matcha Top grade - 1　碧翠園16000\nOrganic Matcha Top grade - 2　碧翠園12000\nOrganic Matcha Upper grade - 1　鹿児島A\nOrganic Matcha Upper grade - 2　鹿児島1A\nOrganic Matcha Middle grade - 1　鹿児島B\nOrganic Matcha Middle grade - 2　鹿児島C\nNon organic Matcha Upper grade - 1　出雲抹茶G\nNon organic Matcha Upper grade - 2　出雲抹茶R```\n包材・ラベルは通常サンプルの通り\n箱：ボタニカル\n発送：DHL\n\n<@U0331FZTHEK>\nPayPalにて入金確認済みです。回収処理をお願いいたします:woman-bowing:",
        "team": "T033D70RR6H",
        "user_team": "T033D70RR6H",
        "source_team": "T033D70RR6H",
        "user_profile": {
            "avatar_hash": "179323cb3551",
            "image_72": "https:\/\/avatars.slack-edge.com\/2024-04-12\/6955353714228_179323cb3551f7c8ecfe_72.png",
            "first_name": "Haruka",
            "real_name": "Haruka Hayashi",
            "display_name": "林遥香",
            "team": "T033D70RR6H",
            "name": "haru.nboc",
            "is_restricted": false,
            "is_ultra_restricted": false
        },
        "thread_ts": "1744095032.151049",
        "parent_user_id": "U066P20UQH1",
        "blocks": [
            {
                "type": "rich_text",
                "block_id": "Q2+Rj",
                "elements": [
                    {
                        "type": "rich_text_section",
                        "elements": [
                            {
                                "type": "usergroup",
                                "usergroup_id": "S073HEMKWV7"
                            },
                            {
                                "type": "text",
                                "text": "\n"
                            },
                            {
                                "type": "text",
                                "text": "急いでいるみたいなので、早めに出荷可能でしょうか？",
                                "style": {
                                    "bold": true
                                }
                            },
                            {
                                "type": "emoji",
                                "name": "sweat_drops",
                                "unicode": "1f4a6",
                                "style": {
                                    "bold": true
                                }
                            },
                            {
                                "type": "text",
                                "text": "\n発送可能日わかり次第共有お願いいたします"
                            },
                            {
                                "type": "emoji",
                                "name": "woman-bowing",
                                "unicode": "1f647-200d-2640-fe0f"
                            },
                            {
                                "type": "text",
                                "text": "\n\n▼注文内容（計8種）\n20gずつ\n"
                            }
                        ]
                    },
                    {
                        "type": "rich_text_preformatted",
                        "elements": [
                            {
                                "type": "text",
                                "text": "Organic Matcha Top grade - 1　碧翠園16000\nOrganic Matcha Top grade - 2　碧翠園12000\nOrganic Matcha Upper grade - 1　鹿児島A\nOrganic Matcha Upper grade - 2　鹿児島1A\nOrganic Matcha Middle grade - 1　鹿児島B\nOrganic Matcha Middle grade - 2　鹿児島C\nNon organic Matcha Upper grade - 1　出雲抹茶G\nNon organic Matcha Upper grade - 2　出雲抹茶R"
                            }
                        ],
                        "border": 0
                    },
                    {
                        "type": "rich_text_section",
                        "elements": [
                            {
                                "type": "text",
                                "text": "包材・ラベルは通常サンプルの通り\n箱：ボタニカル\n発送：DHL\n\n"
                            },
                            {
                                "type": "user",
                                "user_id": "U0331FZTHEK"
                            },
                            {
                                "type": "text",
                                "text": "\nPayPalにて入金確認済みです。回収処理をお願いいたします"
                            },
                            {
                                "type": "emoji",
                                "name": "woman-bowing",
                                "unicode": "1f647-200d-2640-fe0f"
                            }
                        ]
                    }
                ]
            }
        ],
        "reactions": [
            {
                "name": "d130b000eb8d6784",
                "users": [
                    "U0331FZTHEK"
                ],
                "count": 1
            },
            {
                "name": "承知_致しました",
                "users": [
                    "U0331FZTHEK"
                ],
                "count": 1
            }
        ]
    },
    {
        "user": "U066P20UQH1",
        "type": "message",
        "ts": "1744095344.668769",
        "client_msg_id": "2684e1a9-efbe-4a7b-ba02-6b72ae3419af",
        "text": "<!subteam^S073HEMKWV7|@hirakawa-adachi-yamamoto-fuse>\n*TSE-WAJ-SPL-001-25*\n:flag-sa: サウジアラビア：WAJ-Wajd Alghamdi(alibaba名wajd gh)様からサンプル注文をいただきました。",
        "team": "T033D70RR6H",
        "user_team": "T033D70RR6H",
        "source_team": "T033D70RR6H",
        "user_profile": {
            "avatar_hash": "179323cb3551",
            "image_72": "https:\/\/avatars.slack-edge.com\/2024-04-12\/6955353714228_179323cb3551f7c8ecfe_72.png",
            "first_name": "Haruka",
            "real_name": "Haruka Hayashi",
            "display_name": "林遥香",
            "team": "T033D70RR6H",
            "name": "haru.nboc",
            "is_restricted": false,
            "is_ultra_restricted": false
        },
        "thread_ts": "1744095344.668769",
        "reply_count": 4,
        "reply_users_count": 2,
        "latest_reply": "1744281256.459319",
        "reply_users": [
            "U066P20UQH1",
            "U0331FZTHEK"
        ],
        "replies": [
            {
                "user": "U066P20UQH1",
                "ts": "1744095384.122389"
            },
            {
                "user": "U0331FZTHEK",
                "ts": "1744097011.090449"
            },
            {
                "user": "U066P20UQH1",
                "ts": "1744278204.209789"
            },
            {
                "user": "U0331FZTHEK",
                "ts": "1744281256.459319"
            }
        ],
        "is_locked": false,
        "subscribed": false,
        "blocks": [
            {
                "type": "rich_text",
                "block_id": "Ulu3t",
                "elements": [
                    {
                        "type": "rich_text_section",
                        "elements": [
                            {
                                "type": "usergroup",
                                "usergroup_id": "S073HEMKWV7"
                            },
                            {
                                "type": "text",
                                "text": "\n"
                            },
                            {
                                "type": "text",
                                "text": "TSE-WAJ-SPL-001-25",
                                "style": {
                                    "bold": true
                                }
                            },
                            {
                                "type": "text",
                                "text": "\n"
                            },
                            {
                                "type": "emoji",
                                "name": "flag-sa",
                                "unicode": "1f1f8-1f1e6"
                            },
                            {
                                "type": "text",
                                "text": " サウジアラビア：WAJ-Wajd Alghamdi(alibaba名wajd gh)様からサンプル注文をいただきました。"
                            }
                        ]
                    }
                ]
            }
        ]
    },
    {
        "user": "U066P20UQH1",
        "type": "message",
        "ts": "1744095384.122389",
        "client_msg_id": "3296f270-9cff-4ee2-b3d1-e2eec4c7b9da",
        "text": "<!subteam^S073HEMKWV7|@hirakawa-adachi-yamamoto-fuse>\n発送可能日わかり次第共有お願いいたします:woman-bowing:\n\n▼注文内容（計1種）\n20gずつ\n```Organic Matcha Upper grade - 1　鹿児島A```\n包材・ラベルは通常サンプルの通り\n箱：ボタニカル\n発送：DHL\n\n<@U0331FZTHEK>\nPayPalにて入金確認済みです。回収処理をお願いいたします:woman-bowing:",
        "team": "T033D70RR6H",
        "user_team": "T033D70RR6H",
        "source_team": "T033D70RR6H",
        "user_profile": {
            "avatar_hash": "179323cb3551",
            "image_72": "https:\/\/avatars.slack-edge.com\/2024-04-12\/6955353714228_179323cb3551f7c8ecfe_72.png",
            "first_name": "Haruka",
            "real_name": "Haruka Hayashi",
            "display_name": "林遥香",
            "team": "T033D70RR6H",
            "name": "haru.nboc",
            "is_restricted": false,
            "is_ultra_restricted": false
        },
        "thread_ts": "1744095344.668769",
        "parent_user_id": "U066P20UQH1",
        "blocks": [
            {
                "type": "rich_text",
                "block_id": "PM+Gb",
                "elements": [
                    {
                        "type": "rich_text_section",
                        "elements": [
                            {
                                "type": "usergroup",
                                "usergroup_id": "S073HEMKWV7"
                            },
                            {
                                "type": "text",
                                "text": "\n発送可能日わかり次第共有お願いいたします"
                            },
                            {
                                "type": "emoji",
                                "name": "woman-bowing",
                                "unicode": "1f647-200d-2640-fe0f"
                            },
                            {
                                "type": "text",
                                "text": "\n\n▼注文内容（計1種）\n20gずつ\n"
                            }
                        ]
                    },
                    {
                        "type": "rich_text_preformatted",
                        "elements": [
                            {
                                "type": "text",
                                "text": "Organic Matcha Upper grade - 1　鹿児島A"
                            }
                        ],
                        "border": 0
                    },
                    {
                        "type": "rich_text_section",
                        "elements": [
                            {
                                "type": "text",
                                "text": "包材・ラベルは通常サンプルの通り\n箱：ボタニカル\n発送：DHL\n\n"
                            },
                            {
                                "type": "user",
                                "user_id": "U0331FZTHEK"
                            },
                            {
                                "type": "text",
                                "text": "\nPayPalにて入金確認済みです。回収処理をお願いいたします"
                            },
                            {
                                "type": "emoji",
                                "name": "woman-bowing",
                                "unicode": "1f647-200d-2640-fe0f"
                            }
                        ]
                    }
                ]
            }
        ],
        "reactions": [
            {
                "name": "d130b000eb8d6784",
                "users": [
                    "U0331FZTHEK"
                ],
                "count": 1
            },
            {
                "name": "承知_致しました",
                "users": [
                    "U0331FZTHEK"
                ],
                "count": 1
            }
        ]
    }
]