[
    {
        "user": "U0606SPN4BW",
        "type": "message",
        "ts": "1736621855.215559",
        "client_msg_id": "074ba91f-bf78-4e8e-8185-2366477dad8a",
        "text": "<!subteam^S073HEMKWV7|@hirakawa-adachi-yamamoto-fuse> cc <!subteam^S072Q871SF9|@oka-matsui-furukawa-hayashi-kimura-hasegawa-kawatani>\n:flag-bh:バーレーン FTA-Fatima Alhafedh様からサンプル注文を頂きました。\n*TSE-FTA-SPL-001-25*  ",
        "team": "T033D70RR6H",
        "user_team": "T033D70RR6H",
        "source_team": "T033D70RR6H",
        "user_profile": {
            "avatar_hash": "823d8545f678",
            "image_72": "https:\/\/avatars.slack-edge.com\/2024-04-12\/6946592133062_823d8545f678615a3e0a_72.jpg",
            "first_name": "SATOSHI",
            "real_name": "SATOSHI FURUKAWA",
            "display_name": "古川　敏",
            "team": "T033D70RR6H",
            "name": "jpfreebirds",
            "is_restricted": false,
            "is_ultra_restricted": false
        },
        "thread_ts": "1736621855.215559",
        "reply_count": 4,
        "reply_users_count": 3,
        "latest_reply": "1737092105.489569",
        "reply_users": [
            "U0606SPN4BW",
            "U0331FZTHEK",
            "U05KGS6HN9H"
        ],
        "replies": [
            {
                "user": "U0606SPN4BW",
                "ts": "1736621884.697529"
            },
            {
                "user": "U0331FZTHEK",
                "ts": "1736812943.078089"
            },
            {
                "user": "U05KGS6HN9H",
                "ts": "1736840319.295629"
            },
            {
                "user": "U05KGS6HN9H",
                "ts": "1737092105.489569"
            }
        ],
        "is_locked": false,
        "subscribed": true,
        "last_read": "1737092105.489569",
        "blocks": [
            {
                "type": "rich_text",
                "block_id": "PkHGC",
                "elements": [
                    {
                        "type": "rich_text_section",
                        "elements": [
                            {
                                "type": "usergroup",
                                "usergroup_id": "S073HEMKWV7"
                            },
                            {
                                "type": "text",
                                "text": " cc "
                            },
                            {
                                "type": "usergroup",
                                "usergroup_id": "S072Q871SF9"
                            },
                            {
                                "type": "text",
                                "text": "\n"
                            },
                            {
                                "type": "emoji",
                                "name": "flag-bh",
                                "unicode": "1f1e7-1f1ed"
                            },
                            {
                                "type": "text",
                                "text": "バーレーン FTA-Fatima Alhafedh様からサンプル注文を頂きました。\n"
                            },
                            {
                                "type": "text",
                                "text": "TSE-FTA-SPL-001-25  ",
                                "style": {
                                    "bold": true
                                }
                            }
                        ]
                    }
                ]
            }
        ],
        "reactions": [
            {
                "name": "承知_致しました",
                "users": [
                    "U05KGS6HN9H",
                    "U041RJKV5JA"
                ],
                "count": 2
            }
        ]
    },
    {
        "user": "U0606SPN4BW",
        "type": "message",
        "ts": "1736621884.697529",
        "client_msg_id": "db58277e-deb8-4fbf-bea2-f10f78b0f635",
        "text": "下記へ発送手続き、および発送日のお知らせをお願いします！\n\n\n<@U0331FZTHEK> 入金確認済 (USD30), 回収処理をお願いします！\n\n\n▼サンプル内容 (計 4点)\n&lt;各20g&gt;\nOrganic Matcha Upper - 1 鹿児島製茶 (鹿児島 A)\nOrganic Matcha Upper - 2 鹿児島製茶 (鹿児島 1A)\nOrganic Matcha Middle - 1 鹿児島製茶 (鹿児島 B)\nOrganic Matcha Middle - 2 鹿児島製茶 (鹿児島 C)\n\n\n袋指定なし、\nエージレス無し、\n品名ラベル貼り\n価格表示：なし\n\n\n発送:DHL\n\n\n--------------------------------\nCompany Name: rewaa bahrain\nName: Fatima Alhafedh\nAddress: Bahrain, Hamad Town, Home 582A, Road 606, Block 1206\nPostal Code: 00000\nPhone: <tel:+97337114420|+973 37114420>\nEmail: <mailto:rewaabahrain@gmail.com|rewaabahrain@gmail.com>\n--------------------------------",
        "team": "T033D70RR6H",
        "user_team": "T033D70RR6H",
        "source_team": "T033D70RR6H",
        "user_profile": {
            "avatar_hash": "823d8545f678",
            "image_72": "https:\/\/avatars.slack-edge.com\/2024-04-12\/6946592133062_823d8545f678615a3e0a_72.jpg",
            "first_name": "SATOSHI",
            "real_name": "SATOSHI FURUKAWA",
            "display_name": "古川　敏",
            "team": "T033D70RR6H",
            "name": "jpfreebirds",
            "is_restricted": false,
            "is_ultra_restricted": false
        },
        "thread_ts": "1736621855.215559",
        "parent_user_id": "U0606SPN4BW",
        "blocks": [
            {
                "type": "rich_text",
                "block_id": "0xgLu",
                "elements": [
                    {
                        "type": "rich_text_section",
                        "elements": [
                            {
                                "type": "text",
                                "text": "下記へ発送手続き、および発送日のお知らせをお願いします！\n\n\n"
                            },
                            {
                                "type": "user",
                                "user_id": "U0331FZTHEK"
                            },
                            {
                                "type": "text",
                                "text": " 入金確認済 (USD30), 回収処理をお願いします！\n\n\n▼サンプル内容 (計 4点)\n<各20g>\nOrganic Matcha Upper - 1 鹿児島製茶 (鹿児島 A)\nOrganic Matcha Upper - 2 鹿児島製茶 (鹿児島 1A)\nOrganic Matcha Middle - 1 鹿児島製茶 (鹿児島 B)\nOrganic Matcha Middle - 2 鹿児島製茶 (鹿児島 C)\n\n\n袋指定なし、\nエージレス無し、\n品名ラベル貼り\n価格表示：なし\n\n\n発送:DHL\n\n\n--------------------------------\nCompany Name: rewaa bahrain\nName: Fatima Alhafedh\nAddress: Bahrain, Hamad Town, Home 582A, Road 606, Block 1206\nPostal Code: 00000\nPhone: "
                            },
                            {
                                "type": "link",
                                "url": "tel:+97337114420",
                                "text": "+973 37114420"
                            },
                            {
                                "type": "text",
                                "text": "\nEmail: "
                            },
                            {
                                "type": "link",
                                "url": "mailto:rewaabahrain@gmail.com",
                                "text": "rewaabahrain@gmail.com"
                            },
                            {
                                "type": "text",
                                "text": "\n--------------------------------"
                            }
                        ]
                    }
                ]
            }
        ]
    }
]