[
    {
        "user": "U095LLEH09G",
        "type": "message",
        "ts": "1756458659.856139",
        "client_msg_id": "3acda7ca-38c7-4789-8775-1d79eb84dbd2",
        "text": "<!subteam^S073HEMKWV7|@hirakawa-adachi-yamamoto-fuse> <!subteam^S088LEJ1U5T|@kanayama-fukui-miyoshi-yokoi-takuwa-hara-imaoka-agou> <!subteam^S072Q871SF9|@oka-matsui-furukawa-hayashi-kimura-hasegawa-kawatani>\n*TSE-MSS-SPL-001-25*\n1518:flag-nl:オランダ：MSS - Samir Zahhafi (alibaba名 Matcha Sisters)様からサンプル注文いただきました。",
        "team": "T033D70RR6H",
        "user_team": "T033D70RR6H",
        "source_team": "T033D70RR6H",
        "user_profile": {
            "avatar_hash": "ae87b26efedc",
            "image_72": "https:\/\/avatars.slack-edge.com\/2025-07-13\/9205392762673_ae87b26efedc7814f01e_72.png",
            "first_name": "Shizuka",
            "real_name": "Shizuka Kawatani",
            "display_name": "Shizuka Kawatani",
            "team": "T033D70RR6H",
            "name": "tousuien.kawatani",
            "is_restricted": false,
            "is_ultra_restricted": false
        },
        "thread_ts": "1756458659.856139",
        "reply_count": 4,
        "reply_users_count": 4,
        "latest_reply": "1756879065.292289",
        "reply_users": [
            "U095LLEH09G",
            "U0331FZTHEK",
            "U033G4KN4TD",
            "U08NVD403GV"
        ],
        "replies": [
            {
                "user": "U095LLEH09G",
                "ts": "1756458799.026319"
            },
            {
                "user": "U0331FZTHEK",
                "ts": "1756680512.114849"
            },
            {
                "user": "U033G4KN4TD",
                "ts": "1756691845.647139"
            },
            {
                "user": "U08NVD403GV",
                "ts": "1756879065.292289"
            }
        ],
        "is_locked": false,
        "subscribed": true,
        "last_read": "1756879065.292289",
        "blocks": [
            {
                "type": "rich_text",
                "block_id": "7e\/2z",
                "elements": [
                    {
                        "type": "rich_text_section",
                        "elements": [
                            {
                                "type": "usergroup",
                                "usergroup_id": "S073HEMKWV7"
                            },
                            {
                                "type": "text",
                                "text": " "
                            },
                            {
                                "type": "usergroup",
                                "usergroup_id": "S088LEJ1U5T"
                            },
                            {
                                "type": "text",
                                "text": " "
                            },
                            {
                                "type": "usergroup",
                                "usergroup_id": "S072Q871SF9"
                            },
                            {
                                "type": "text",
                                "text": "\n"
                            },
                            {
                                "type": "text",
                                "text": "TSE-MSS-SPL-001-25",
                                "style": {
                                    "bold": true
                                }
                            },
                            {
                                "type": "text",
                                "text": "\n1518"
                            },
                            {
                                "type": "emoji",
                                "name": "flag-nl",
                                "unicode": "1f1f3-1f1f1"
                            },
                            {
                                "type": "text",
                                "text": "オランダ：MSS - Samir Zahhafi (alibaba名 Matcha Sisters)様からサンプル注文いただきました。"
                            }
                        ]
                    }
                ]
            }
        ]
    },
    {
        "user": "U095LLEH09G",
        "type": "message",
        "ts": "1756458799.026319",
        "client_msg_id": "5a2afd31-afe1-4aef-9ae8-cf7459b9fb1a",
        "text": "<!subteam^S073HEMKWV7|@hirakawa-adachi-yamamoto-fuse> <!subteam^S088LEJ1U5T|@kanayama-fukui-miyoshi-yokoi-takuwa-hara-imaoka-agou> <!subteam^S072Q871SF9|@oka-matsui-furukawa-hayashi-kimura-hasegawa-kawatani>\n下記へ発送手続き、及び発送予定日のお知らせをお願いいたします。\n（ほうじ茶サンプルはすぐ出荷可能と伺いましたので、先方には１週間程度で出荷予定と伝えております:woman-bowing:）\n\n```▼注文内容 (計 4点)\n&lt; 標準サンプル, 各10g&gt;\n・Organic Kagoshima Hojicha Powder　\n・Non-organic Izumo Hojicha Powder　\n・Non-organic Izumo stem Hojicha Powder　\n・Non-organic Uji Hojicha Powder```\n箱：ボタニカル\n発送：DHL\n支払：Paypal\n\n<!subteam^S08NN8M4LAZ|@katayose-kamiya>\n入金あり次第回収処理をよろしくお願いいたします。",
        "team": "T033D70RR6H",
        "user_team": "T033D70RR6H",
        "source_team": "T033D70RR6H",
        "user_profile": {
            "avatar_hash": "ae87b26efedc",
            "image_72": "https:\/\/avatars.slack-edge.com\/2025-07-13\/9205392762673_ae87b26efedc7814f01e_72.png",
            "first_name": "Shizuka",
            "real_name": "Shizuka Kawatani",
            "display_name": "Shizuka Kawatani",
            "team": "T033D70RR6H",
            "name": "tousuien.kawatani",
            "is_restricted": false,
            "is_ultra_restricted": false
        },
        "thread_ts": "1756458659.856139",
        "parent_user_id": "U095LLEH09G",
        "blocks": [
            {
                "type": "rich_text",
                "block_id": "tHT0d",
                "elements": [
                    {
                        "type": "rich_text_section",
                        "elements": [
                            {
                                "type": "usergroup",
                                "usergroup_id": "S073HEMKWV7"
                            },
                            {
                                "type": "text",
                                "text": " "
                            },
                            {
                                "type": "usergroup",
                                "usergroup_id": "S088LEJ1U5T"
                            },
                            {
                                "type": "text",
                                "text": " "
                            },
                            {
                                "type": "usergroup",
                                "usergroup_id": "S072Q871SF9"
                            },
                            {
                                "type": "text",
                                "text": "\n下記へ発送手続き、及び発送予定日のお知らせをお願いいたします。\n（ほうじ茶サンプルはすぐ出荷可能と伺いましたので、先方には１週間程度で出荷予定と伝えております"
                            },
                            {
                                "type": "emoji",
                                "name": "woman-bowing",
                                "unicode": "1f647-200d-2640-fe0f"
                            },
                            {
                                "type": "text",
                                "text": "）\n\n"
                            }
                        ]
                    },
                    {
                        "type": "rich_text_preformatted",
                        "elements": [
                            {
                                "type": "text",
                                "text": "▼注文内容 (計 4点)\n< 標準サンプル, 各10g>\n・Organic Kagoshima Hojicha Powder　\n・Non-organic Izumo Hojicha Powder　\n・Non-organic Izumo stem Hojicha Powder　\n・Non-organic Uji Hojicha Powder"
                            }
                        ],
                        "border": 0
                    },
                    {
                        "type": "rich_text_section",
                        "elements": [
                            {
                                "type": "text",
                                "text": "\n箱：ボタニカル\n発送：DHL\n支払：Paypal\n\n"
                            },
                            {
                                "type": "usergroup",
                                "usergroup_id": "S08NN8M4LAZ"
                            },
                            {
                                "type": "text",
                                "text": "\n入金あり次第回収処理をよろしくお願いいたします。"
                            }
                        ]
                    }
                ]
            }
        ],
        "reactions": [
            {
                "name": "承知_致しました",
                "users": [
                    "U0331FZTHEK"
                ],
                "count": 1
            }
        ]
    },
    {
        "user": "U08RVRNBY00",
        "type": "message",
        "ts": "1756521085.039099",
        "edited": {
            "user": "U08RVRNBY00",
            "ts": "1756521491.000000"
        },
        "client_msg_id": "cdf33bc5-f461-4086-bda4-f14d37348d77",
        "text": "*<!subteam^S073HEMKWV7|@hirakawa-adachi-yamamoto-fuse>* *<!subteam^S088LEJ1U5T|@kanayama-fukui-miyoshi-yokoi-takuwa-hara-imaoka-agou>* \n*TSE-SUS-SPL-001-25*\n:flag-mx:メキシコ*（*:us:*宛）*：SUS-Eva Lepe(alibaba)様からサンプル注文をいただきました。",
        "team": "T033D70RR6H",
        "user_team": "T033D70RR6H",
        "source_team": "T033D70RR6H",
        "user_profile": {
            "avatar_hash": "g347f3e803ab",
            "image_72": "https:\/\/secure.gravatar.com\/avatar\/347f3e803abca8b6a7b724895864d138.jpg?s=72&d=https%3A%2F%2Fa.slack-edge.com%2Fdf10d%2Fimg%2Favatars%2Fava_0001-72.png",
            "first_name": "Hikako",
            "real_name": "Hikako Hasegawa",
            "display_name": "Hikako Hasegawa",
            "team": "T033D70RR6H",
            "name": "tousuien.hasegawa",
            "is_restricted": false,
            "is_ultra_restricted": false
        },
        "thread_ts": "1756521085.039099",
        "reply_count": 5,
        "reply_users_count": 4,
        "latest_reply": "1756879027.211819",
        "reply_users": [
            "U08RVRNBY00",
            "U033G4KN4TD",
            "U041RJKV5JA",
            "U08NVD403GV"
        ],
        "replies": [
            {
                "user": "U08RVRNBY00",
                "ts": "1756521476.107119"
            },
            {
                "user": "U033G4KN4TD",
                "ts": "1756690506.699779"
            },
            {
                "user": "U041RJKV5JA",
                "ts": "1756690827.007339"
            },
            {
                "user": "U08RVRNBY00",
                "ts": "1756690878.609749"
            },
            {
                "user": "U08NVD403GV",
                "ts": "1756879027.211819"
            }
        ],
        "is_locked": false,
        "subscribed": false,
        "blocks": [
            {
                "type": "rich_text",
                "block_id": "2sV6y",
                "elements": [
                    {
                        "type": "rich_text_section",
                        "elements": [
                            {
                                "type": "usergroup",
                                "usergroup_id": "S073HEMKWV7",
                                "style": {
                                    "bold": true
                                }
                            },
                            {
                                "type": "text",
                                "text": " ",
                                "style": {
                                    "bold": true
                                }
                            },
                            {
                                "type": "usergroup",
                                "usergroup_id": "S088LEJ1U5T",
                                "style": {
                                    "bold": true
                                }
                            },
                            {
                                "type": "text",
                                "text": " ",
                                "style": {
                                    "bold": true
                                }
                            },
                            {
                                "type": "text",
                                "text": "\n"
                            },
                            {
                                "type": "text",
                                "text": "TSE-SUS-SPL-001-25",
                                "style": {
                                    "bold": true
                                }
                            },
                            {
                                "type": "text",
                                "text": "\n"
                            },
                            {
                                "type": "emoji",
                                "name": "flag-mx",
                                "unicode": "1f1f2-1f1fd"
                            },
                            {
                                "type": "text",
                                "text": "メキシコ"
                            },
                            {
                                "type": "text",
                                "text": "（",
                                "style": {
                                    "bold": true
                                }
                            },
                            {
                                "type": "emoji",
                                "name": "us",
                                "unicode": "1f1fa-1f1f8",
                                "style": {
                                    "bold": true
                                }
                            },
                            {
                                "type": "text",
                                "text": "宛）",
                                "style": {
                                    "bold": true
                                }
                            },
                            {
                                "type": "text",
                                "text": "：SUS-Eva Lepe(alibaba)様からサンプル注文をいただきました。"
                            }
                        ]
                    }
                ]
            }
        ]
    },
    {
        "user": "U08RVRNBY00",
        "type": "message",
        "ts": "1756521476.107119",
        "edited": {
            "user": "U08RVRNBY00",
            "ts": "1756690899.000000"
        },
        "client_msg_id": "fa0c81b2-9d99-403e-9f05-d5c5cfc95039",
        "text": "<!subteam^S073HEMKWV7|@hirakawa-adachi-yamamoto-fuse> <!subteam^S088LEJ1U5T|@kanayama-fukui-miyoshi-yokoi-takuwa-hara-imaoka-agou>\n*発送手続き、および発送日のお知らせをお願いします。*\n＊可能な範囲、急ぎご手配をいただけますと幸いです:woman-bowing:\nー7月注文いただいていた案件のためです:woman-bowing:\n\n<!subteam^S08NN8M4LAZ|@katayose-kamiya>　\n*無償提供です*。\n\n▼注文内容 (計 ６種)\n< サンプル 各10g >\n```Non-organic Matcha Upper grade - 1　　出雲精茶\t出雲抹茶G\n\nNon-organic Matcha Upper grade - 2　　出雲精茶\t出雲抹茶R\n\nNon-organic Matcha Middle grade - 1　　出雲精茶\t出雲抹茶T\n\nNon-organic Matcha Middle grade - 2　　出雲精茶\t出雲抹茶N\n\nNon-organic Matcha Regular grade - 1　　出雲精茶\t出雲抹茶F\n\nNon-organic Matcha Regular grade - 2 　出雲精茶\t出雲抹茶W```\n発送：DHL\n箱：ボタニカル\n支払い：無料",
        "team": "T033D70RR6H",
        "user_team": "T033D70RR6H",
        "source_team": "T033D70RR6H",
        "user_profile": {
            "avatar_hash": "g347f3e803ab",
            "image_72": "https:\/\/secure.gravatar.com\/avatar\/347f3e803abca8b6a7b724895864d138.jpg?s=72&d=https%3A%2F%2Fa.slack-edge.com%2Fdf10d%2Fimg%2Favatars%2Fava_0001-72.png",
            "first_name": "Hikako",
            "real_name": "Hikako Hasegawa",
            "display_name": "Hikako Hasegawa",
            "team": "T033D70RR6H",
            "name": "tousuien.hasegawa",
            "is_restricted": false,
            "is_ultra_restricted": false
        },
        "thread_ts": "1756521085.039099",
        "parent_user_id": "U08RVRNBY00",
        "blocks": [
            {
                "type": "rich_text",
                "block_id": "6oiG3",
                "elements": [
                    {
                        "type": "rich_text_section",
                        "elements": [
                            {
                                "type": "usergroup",
                                "usergroup_id": "S073HEMKWV7"
                            },
                            {
                                "type": "text",
                                "text": " "
                            },
                            {
                                "type": "usergroup",
                                "usergroup_id": "S088LEJ1U5T"
                            },
                            {
                                "type": "text",
                                "text": "\n"
                            },
                            {
                                "type": "text",
                                "text": "発送手続き、および発送日のお知らせをお願いします。",
                                "style": {
                                    "bold": true
                                }
                            },
                            {
                                "type": "text",
                                "text": "\n＊可能な範囲、急ぎご手配をいただけますと幸いです"
                            },
                            {
                                "type": "emoji",
                                "name": "woman-bowing",
                                "unicode": "1f647-200d-2640-fe0f"
                            },
                            {
                                "type": "text",
                                "text": "\nー7月注文いただいていた案件のためです"
                            },
                            {
                                "type": "emoji",
                                "name": "woman-bowing",
                                "unicode": "1f647-200d-2640-fe0f"
                            },
                            {
                                "type": "text",
                                "text": "\n\n"
                            },
                            {
                                "type": "usergroup",
                                "usergroup_id": "S08NN8M4LAZ"
                            },
                            {
                                "type": "text",
                                "text": "　\n"
                            },
                            {
                                "type": "text",
                                "text": "無償提供です",
                                "style": {
                                    "bold": true
                                }
                            },
                            {
                                "type": "text",
                                "text": "。\n\n▼注文内容 (計 ６種)\n< サンプル 各10g >\n"
                            }
                        ]
                    },
                    {
                        "type": "rich_text_preformatted",
                        "elements": [
                            {
                                "type": "text",
                                "text": "Non-organic Matcha Upper grade - 1　　出雲精茶\t出雲抹茶G\n\nNon-organic Matcha Upper grade - 2　　出雲精茶\t出雲抹茶R\n\nNon-organic Matcha Middle grade - 1　　出雲精茶\t出雲抹茶T\n\nNon-organic Matcha Middle grade - 2　　出雲精茶\t出雲抹茶N\n\nNon-organic Matcha Regular grade - 1　　出雲精茶\t出雲抹茶F\n\nNon-organic Matcha Regular grade - 2 　出雲精茶\t出雲抹茶W"
                            }
                        ],
                        "border": 0
                    },
                    {
                        "type": "rich_text_section",
                        "elements": [
                            {
                                "type": "text",
                                "text": "\n発送：DHL\n箱：ボタニカル\n支払い：無料"
                            }
                        ]
                    }
                ]
            }
        ],
        "reactions": [
            {
                "name": "承知_致しました",
                "users": [
                    "U0331FZTHEK"
                ],
                "count": 1
            }
        ]
    }
]