[
    {
        "user": "U0606SPN4BW",
        "type": "message",
        "ts": "1759854130.082219",
        "client_msg_id": "ec9c47f9-e425-4208-9c24-cef4c92ebf97",
        "text": "<!subteam^S073HEMKWV7|@hirakawa-adachi-yamamoto-fuse> <!subteam^S088LEJ1U5T|@kanayama-fukui-miyoshi-yokoi-takuwa-hara-imaoka-agou> <@U095LLEH09G>\n:flag-qa:カタール：HES-Hessa Almuhannadi(alibaba)様からサンプル注文をいただきました。\n*TSE-HES-SPL-003-25*",
        "team": "T033D70RR6H",
        "user_team": "T033D70RR6H",
        "source_team": "T033D70RR6H",
        "user_profile": {
            "avatar_hash": "823d8545f678",
            "image_72": "https:\/\/avatars.slack-edge.com\/2024-04-12\/6946592133062_823d8545f678615a3e0a_72.jpg",
            "first_name": "SATOSHI",
            "real_name": "SATOSHI FURUKAWA",
            "display_name": "古川　敏",
            "team": "T033D70RR6H",
            "name": "jpfreebirds",
            "is_restricted": false,
            "is_ultra_restricted": false
        },
        "thread_ts": "1759854130.082219",
        "reply_count": 2,
        "reply_users_count": 2,
        "latest_reply": "1759901073.107849",
        "reply_users": [
            "U0606SPN4BW",
            "U0331FZTHEK"
        ],
        "replies": [
            {
                "user": "U0606SPN4BW",
                "ts": "1759854338.132089"
            },
            {
                "user": "U0331FZTHEK",
                "ts": "1759901073.107849"
            }
        ],
        "is_locked": false,
        "subscribed": false,
        "blocks": [
            {
                "type": "rich_text",
                "block_id": "QRDP6",
                "elements": [
                    {
                        "type": "rich_text_section",
                        "elements": [
                            {
                                "type": "usergroup",
                                "usergroup_id": "S073HEMKWV7"
                            },
                            {
                                "type": "text",
                                "text": " "
                            },
                            {
                                "type": "usergroup",
                                "usergroup_id": "S088LEJ1U5T"
                            },
                            {
                                "type": "text",
                                "text": " "
                            },
                            {
                                "type": "user",
                                "user_id": "U095LLEH09G"
                            },
                            {
                                "type": "text",
                                "text": "\n"
                            },
                            {
                                "type": "emoji",
                                "name": "flag-qa",
                                "unicode": "1f1f6-1f1e6"
                            },
                            {
                                "type": "text",
                                "text": "カタール：HES-Hessa Almuhannadi(alibaba)様からサンプル注文をいただきました。\n"
                            },
                            {
                                "type": "text",
                                "text": "TSE-HES-SPL-003-25",
                                "style": {
                                    "bold": true
                                }
                            }
                        ]
                    }
                ]
            }
        ]
    },
    {
        "user": "U0606SPN4BW",
        "type": "message",
        "ts": "1759854338.132089",
        "client_msg_id": "8b718dc2-194f-45a3-a49f-ad0bfe8c68a3",
        "text": "下記へ発送手続き、および発送日のお知らせをお願いします！\t\t\t\t\t\t\n\t\t\t\t\t\t\n▼注文内容\t(2種, 計3点)\t\t\t\t\t\n*1\tx\tOrganic Matcha Upper grade - 1 (10g),*  標準サンプル SPL102\t\t\t\n```使用原料:\t鹿児島製茶 有機抹茶A 90% + 有機抹茶B 10%\n原料必要量:\t10g\t\t\t\t\t```\n\t\t\t\t\t\n*2\tx\tEmpty Pull-top tin, White, for 30g, with custom label*\tHES2\t\t\t\t\t\t\n```包材:\t中国：Dongguan\t30g缶\t白\t\t\t\nカスタムラベル: あり (胴＆蓋)\t\t\t\t\t\t\t```\n`特記事項:` \nサンプル用の空缶となります。ラベル到着後にフタ・胴ラベルの貼付をお願いします。\n▼関連スレッド: ラベル到着予定日：10月17日 午前中\n<https:\/\/grp-ssm9297.slack.com\/archives\/C03C62NBSDP\/p1759826718092249?thread_ts=1758193106.358419&amp;cid=C03C62NBSDP>\t\t\t\t\t\n\t\t\t\t\t\t\t\t\t\t\t\n\t\t\t\t\t\t\n箱: No,6　E\t\t\t\t\t\t\t\t\t\n発送:\tDHL\t\t\t\t\t\n決済:\tPayPal\t\t\t\t\n\t\t\t\t\t\t\n\t\t\t\t\t\t\n<!subteam^S08NN8M4LAZ|@katayose-kamiya>\t\t\t\t\t\t\nPayPalで請求中です。入金あり次第回収処理をお願いいたします。",
        "team": "T033D70RR6H",
        "user_team": "T033D70RR6H",
        "source_team": "T033D70RR6H",
        "user_profile": {
            "avatar_hash": "823d8545f678",
            "image_72": "https:\/\/avatars.slack-edge.com\/2024-04-12\/6946592133062_823d8545f678615a3e0a_72.jpg",
            "first_name": "SATOSHI",
            "real_name": "SATOSHI FURUKAWA",
            "display_name": "古川　敏",
            "team": "T033D70RR6H",
            "name": "jpfreebirds",
            "is_restricted": false,
            "is_ultra_restricted": false
        },
        "thread_ts": "1759854130.082219",
        "parent_user_id": "U0606SPN4BW",
        "attachments": [
            {
                "from_url": "https:\/\/grp-ssm9297.slack.com\/archives\/C03C62NBSDP\/p1759826718092249?thread_ts=1758193106.358419&amp;cid=C03C62NBSDP",
                "ts": "1759826718.092249",
                "author_id": "U095LLEH09G",
                "channel_id": "C03C62NBSDP",
                "channel_team": "T033D70RR6H",
                "is_msg_unfurl": true,
                "is_reply_unfurl": true,
                "message_blocks": [
                    {
                        "team": "T033D70RR6H",
                        "channel": "C03C62NBSDP",
                        "ts": "1759826718.092249",
                        "message": {
                            "blocks": [
                                {
                                    "type": "rich_text",
                                    "block_id": "782Bo",
                                    "elements": [
                                        {
                                            "type": "rich_text_section",
                                            "elements": [
                                                {
                                                    "type": "usergroup",
                                                    "usergroup_id": "S073HEMKWV7"
                                                },
                                                {
                                                    "type": "text",
                                                    "text": " "
                                                },
                                                {
                                                    "type": "usergroup",
                                                    "usergroup_id": "S088LEJ1U5T"
                                                },
                                                {
                                                    "type": "text",
                                                    "text": "\n・ラベル注文済：シール直送便\n・ラベル到着予定日：10月17日 午前中\n・蓋・胴体　各100枚ずつ\nよろしくお願いいたします"
                                                }
                                            ]
                                        }
                                    ]
                                }
                            ]
                        }
                    }
                ],
                "id": 1,
                "original_url": "https:\/\/grp-ssm9297.slack.com\/archives\/C03C62NBSDP\/p1759826718092249?thread_ts=1758193106.358419&amp;cid=C03C62NBSDP",
                "fallback": "[October 7th, 2025 1:45 AM] tousuien.kawatani: <!subteam^S073HEMKWV7> <!subteam^S088LEJ1U5T>\n・ラベル注文済：シール直送便\n・ラベル到着予定日：10月17日 午前中\n・蓋・胴体　各100枚ずつ\nよろしくお願いいたします",
                "text": "<!subteam^S073HEMKWV7> <!subteam^S088LEJ1U5T>\n・ラベル注文済：シール直送便\n・ラベル到着予定日：10月17日 午前中\n・蓋・胴体　各100枚ずつ\nよろしくお願いいたします",
                "author_name": "Shizuka Kawatani",
                "author_link": "https:\/\/grp-ssm9297.slack.com\/team\/U095LLEH09G",
                "author_icon": "https:\/\/avatars.slack-edge.com\/2025-07-13\/9205392762673_ae87b26efedc7814f01e_48.png",
                "author_subname": "Shizuka Kawatani",
                "mrkdwn_in": [
                    "text"
                ],
                "footer": "Slack の会話内のスレッド"
            }
        ],
        "blocks": [
            {
                "type": "rich_text",
                "block_id": "cLRww",
                "elements": [
                    {
                        "type": "rich_text_section",
                        "elements": [
                            {
                                "type": "text",
                                "text": "下記へ発送手続き、および発送日のお知らせをお願いします！\t\t\t\t\t\t\n\t\t\t\t\t\t\n▼注文内容\t(2種, 計3点)\t\t\t\t\t\n"
                            },
                            {
                                "type": "text",
                                "text": "1\tx\tOrganic Matcha Upper grade - 1 (10g),  ",
                                "style": {
                                    "bold": true
                                }
                            },
                            {
                                "type": "text",
                                "text": "標準サンプル"
                            },
                            {
                                "type": "text",
                                "text": " ",
                                "style": {
                                    "bold": true
                                }
                            },
                            {
                                "type": "text",
                                "text": "SPL102\t\t\t\n"
                            }
                        ]
                    },
                    {
                        "type": "rich_text_preformatted",
                        "elements": [
                            {
                                "type": "text",
                                "text": "使用原料:\t鹿児島製茶 有機抹茶A 90% + 有機抹茶B 10%\n原料必要量:\t10g\t\t\t\t\t"
                            }
                        ],
                        "border": 0
                    },
                    {
                        "type": "rich_text_section",
                        "elements": [
                            {
                                "type": "text",
                                "text": "\t\t\t\t\t\n"
                            },
                            {
                                "type": "text",
                                "text": "2\tx\tEmpty Pull-top tin, White, for 30g, with custom label",
                                "style": {
                                    "bold": true
                                }
                            },
                            {
                                "type": "text",
                                "text": "\tHES2\t\t\t\t\t\t\n"
                            }
                        ]
                    },
                    {
                        "type": "rich_text_preformatted",
                        "elements": [
                            {
                                "type": "text",
                                "text": "包材:\t中国：Dongguan\t30g缶\t白\t\t\t\nカスタムラベル: あり (胴＆蓋)\t\t\t\t\t\t\t"
                            }
                        ],
                        "border": 0
                    },
                    {
                        "type": "rich_text_section",
                        "elements": [
                            {
                                "type": "text",
                                "text": "特記事項: ",
                                "style": {
                                    "code": true
                                }
                            },
                            {
                                "type": "text",
                                "text": "\nサンプル用の空缶となります。ラベル到着後にフタ・胴ラベルの貼付をお願いします。\n▼関連スレッド: ラベル到着予定日：10月17日 午前中\n"
                            },
                            {
                                "type": "link",
                                "url": "https:\/\/grp-ssm9297.slack.com\/archives\/C03C62NBSDP\/p1759826718092249?thread_ts=1758193106.358419&cid=C03C62NBSDP"
                            },
                            {
                                "type": "text",
                                "text": "\t\t\t\t\t\n\t\t\t\t\t\t\t\t\t\t\t\n\t\t\t\t\t\t\n箱: No,6　E\t\t\t\t\t\t\t\t\t\n発送:\tDHL\t\t\t\t\t\n決済:\tPayPal\t\t\t\t\n\t\t\t\t\t\t\n\t\t\t\t\t\t\n"
                            },
                            {
                                "type": "usergroup",
                                "usergroup_id": "S08NN8M4LAZ"
                            },
                            {
                                "type": "text",
                                "text": "\t\t\t\t\t\t\nPayPalで請求中です。入金あり次第回収処理をお願いいたします。"
                            }
                        ]
                    }
                ]
            }
        ],
        "reactions": [
            {
                "name": "承知_致しました",
                "users": [
                    "U0331FZTHEK"
                ],
                "count": 1
            }
        ]
    },
    {
        "user": "U08RVRNBY00",
        "type": "message",
        "ts": "1759881347.655669",
        "client_msg_id": "6e0f3e3e-2a02-40ce-93e0-3ab7ae5b8afd",
        "text": "<!subteam^S073HEMKWV7|@hirakawa-adachi-yamamoto-fuse> <!subteam^S088LEJ1U5T|@kanayama-fukui-miyoshi-yokoi-takuwa-hara-imaoka-agou>\nCC:<@U0331FZS7JT>\n*TSE-CTE-SPL-002-25*\n:flag-th:タイ：CTE-CHAEN TEA Experience 様からサンプル注文いただきました。",
        "team": "T033D70RR6H",
        "user_team": "T033D70RR6H",
        "source_team": "T033D70RR6H",
        "user_profile": {
            "avatar_hash": "g347f3e803ab",
            "image_72": "https:\/\/secure.gravatar.com\/avatar\/347f3e803abca8b6a7b724895864d138.jpg?s=72&d=https%3A%2F%2Fa.slack-edge.com%2Fdf10d%2Fimg%2Favatars%2Fava_0001-72.png",
            "first_name": "Hikako",
            "real_name": "Hikako Hasegawa",
            "display_name": "Hikako Hasegawa",
            "team": "T033D70RR6H",
            "name": "tousuien.hasegawa",
            "is_restricted": false,
            "is_ultra_restricted": false
        },
        "thread_ts": "1759881347.655669",
        "reply_count": 1,
        "reply_users_count": 1,
        "latest_reply": "1759881818.820349",
        "reply_users": [
            "U08RVRNBY00"
        ],
        "replies": [
            {
                "user": "U08RVRNBY00",
                "ts": "1759881818.820349"
            }
        ],
        "is_locked": false,
        "subscribed": false,
        "blocks": [
            {
                "type": "rich_text",
                "block_id": "qVvOH",
                "elements": [
                    {
                        "type": "rich_text_section",
                        "elements": [
                            {
                                "type": "usergroup",
                                "usergroup_id": "S073HEMKWV7"
                            },
                            {
                                "type": "text",
                                "text": " "
                            },
                            {
                                "type": "usergroup",
                                "usergroup_id": "S088LEJ1U5T"
                            },
                            {
                                "type": "text",
                                "text": "\nCC:"
                            },
                            {
                                "type": "user",
                                "user_id": "U0331FZS7JT"
                            },
                            {
                                "type": "text",
                                "text": "\n"
                            },
                            {
                                "type": "text",
                                "text": "TSE-CTE-SPL-002-25",
                                "style": {
                                    "bold": true
                                }
                            },
                            {
                                "type": "text",
                                "text": "\n"
                            },
                            {
                                "type": "emoji",
                                "name": "flag-th",
                                "unicode": "1f1f9-1f1ed"
                            },
                            {
                                "type": "text",
                                "text": "タイ：CTE-CHAEN TEA Experience 様からサンプル注文いただきました。"
                            }
                        ]
                    }
                ]
            }
        ]
    },
    {
        "user": "U08RVRNBY00",
        "type": "message",
        "ts": "1759881818.820349",
        "client_msg_id": "ceb7c3d5-a4de-465b-bd42-3bb7fffb1259",
        "text": "<!subteam^S073HEMKWV7|@hirakawa-adachi-yamamoto-fuse> <!subteam^S088LEJ1U5T|@kanayama-fukui-miyoshi-yokoi-takuwa-hara-imaoka-agou>\n発送手続き、および発送日のお知らせをお願いします。\n\n*10月の出荷をお願いします*:woman-bowing:\nーUji（香岳園）サンプル\n\nご無理申し上げますが、何卒よろしくお願い申し上げます。\n\n*▼受注内容(４種）各10g×1*\n１）SAMPLE: Grade A \/Gokou・Samidori(Hand Picked)\n```原料：香岳園\t宇治抹茶 K-A\n包装：スタンドジップ袋\t清和\tAL-D\t銀\nラベル：品名ラベル\t社内\n賞味期限: なし```\n２）SAMPLE: Grade B \/Blend (Mainly Samidori, Hand Picked)\n```原料：香岳園\t宇治抹茶 K-B\n包装：スタンドジップ袋\t清和\tAL-D\t銀\nラベル：品名ラベル\t社内\n賞味期限: なし```\n３）SAMPLE: Grade C\/Blend (Mainly Samidori, Hand Picked)\n```原料：香岳園\t宇治抹茶 K-C\n包装：スタンドジップ袋\t清和\tAL-D\t銀\nラベル：品名ラベル\t社内\n賞味期限: なし```\n４）SAMPLE: Grade D\/Blend (Mainly Samidori, Hand Picked)\n```原料：香岳園\t宇治抹茶 K-D\n包装：スタンドジップ袋\t清和\tAL-D\t銀\nラベル：品名ラベル\t社内\n賞味期限: なし```\n\n*`▼配送先(前回分より変更あり）`*\n```〒314-0004 \n茨城県 鹿嶋市下津264-20\nOda Anny J0827(Big)\n09047446808```\n箱：ボタニカル\n　　＊Shipping mark貼付不要\n発送：佐川\n決済：銀行振込（JPY)\n\n<!subteam^S08NN8M4LAZ|@katayose-kamiya>\nご入金ありましたら回収処理お願い申し上げます。",
        "team": "T033D70RR6H",
        "user_team": "T033D70RR6H",
        "source_team": "T033D70RR6H",
        "user_profile": {
            "avatar_hash": "g347f3e803ab",
            "image_72": "https:\/\/secure.gravatar.com\/avatar\/347f3e803abca8b6a7b724895864d138.jpg?s=72&d=https%3A%2F%2Fa.slack-edge.com%2Fdf10d%2Fimg%2Favatars%2Fava_0001-72.png",
            "first_name": "Hikako",
            "real_name": "Hikako Hasegawa",
            "display_name": "Hikako Hasegawa",
            "team": "T033D70RR6H",
            "name": "tousuien.hasegawa",
            "is_restricted": false,
            "is_ultra_restricted": false
        },
        "thread_ts": "1759881347.655669",
        "parent_user_id": "U08RVRNBY00",
        "blocks": [
            {
                "type": "rich_text",
                "block_id": "eMPPO",
                "elements": [
                    {
                        "type": "rich_text_section",
                        "elements": [
                            {
                                "type": "usergroup",
                                "usergroup_id": "S073HEMKWV7"
                            },
                            {
                                "type": "text",
                                "text": " "
                            },
                            {
                                "type": "usergroup",
                                "usergroup_id": "S088LEJ1U5T"
                            },
                            {
                                "type": "text",
                                "text": "\n発送手続き、および発送日のお知らせをお願いします。\n\n"
                            },
                            {
                                "type": "text",
                                "text": "10月の出荷をお願いします",
                                "style": {
                                    "bold": true
                                }
                            },
                            {
                                "type": "emoji",
                                "name": "woman-bowing",
                                "unicode": "1f647-200d-2640-fe0f",
                                "style": {
                                    "bold": true
                                }
                            },
                            {
                                "type": "text",
                                "text": "\nーUji（香岳園）サンプル\n\nご無理申し上げますが、何卒よろしくお願い申し上げます。\n\n"
                            },
                            {
                                "type": "text",
                                "text": "▼受注内容(４種）各10g×1",
                                "style": {
                                    "bold": true
                                }
                            },
                            {
                                "type": "text",
                                "text": "\n１）SAMPLE: Grade A \/Gokou・Samidori(Hand Picked)\n"
                            }
                        ]
                    },
                    {
                        "type": "rich_text_preformatted",
                        "elements": [
                            {
                                "type": "text",
                                "text": "原料：香岳園\t宇治抹茶 K-A\n包装：スタンドジップ袋\t清和\tAL-D\t銀\nラベル：品名ラベル\t社内\n賞味期限: なし"
                            }
                        ],
                        "border": 0
                    },
                    {
                        "type": "rich_text_section",
                        "elements": [
                            {
                                "type": "text",
                                "text": "\n２）SAMPLE: Grade B \/Blend (Mainly Samidori, Hand Picked)\n"
                            }
                        ]
                    },
                    {
                        "type": "rich_text_preformatted",
                        "elements": [
                            {
                                "type": "text",
                                "text": "原料：香岳園\t宇治抹茶 K-B\n包装：スタンドジップ袋\t清和\tAL-D\t銀\nラベル：品名ラベル\t社内\n賞味期限: なし"
                            }
                        ],
                        "border": 0
                    },
                    {
                        "type": "rich_text_section",
                        "elements": [
                            {
                                "type": "text",
                                "text": "\n３）SAMPLE: Grade C\/Blend (Mainly Samidori, Hand Picked)\n"
                            }
                        ]
                    },
                    {
                        "type": "rich_text_preformatted",
                        "elements": [
                            {
                                "type": "text",
                                "text": "原料：香岳園\t宇治抹茶 K-C\n包装：スタンドジップ袋\t清和\tAL-D\t銀\nラベル：品名ラベル\t社内\n賞味期限: なし"
                            }
                        ],
                        "border": 0
                    },
                    {
                        "type": "rich_text_section",
                        "elements": [
                            {
                                "type": "text",
                                "text": "\n４）SAMPLE: Grade D\/Blend (Mainly Samidori, Hand Picked)\n"
                            }
                        ]
                    },
                    {
                        "type": "rich_text_preformatted",
                        "elements": [
                            {
                                "type": "text",
                                "text": "原料：香岳園\t宇治抹茶 K-D\n包装：スタンドジップ袋\t清和\tAL-D\t銀\nラベル：品名ラベル\t社内\n賞味期限: なし"
                            }
                        ],
                        "border": 0
                    },
                    {
                        "type": "rich_text_section",
                        "elements": [
                            {
                                "type": "text",
                                "text": "\n\n"
                            },
                            {
                                "type": "text",
                                "text": "▼配送先(前回分より変更あり）",
                                "style": {
                                    "bold": true,
                                    "code": true
                                }
                            },
                            {
                                "type": "text",
                                "text": "\n"
                            }
                        ]
                    },
                    {
                        "type": "rich_text_preformatted",
                        "elements": [
                            {
                                "type": "text",
                                "text": "〒314-0004 \n茨城県 鹿嶋市下津264-20\nOda Anny J0827(Big)\n09047446808"
                            }
                        ],
                        "border": 0
                    },
                    {
                        "type": "rich_text_section",
                        "elements": [
                            {
                                "type": "text",
                                "text": "\n箱：ボタニカル\n　　＊Shipping mark貼付不要\n発送：佐川\n決済：銀行振込（JPY)\n\n"
                            },
                            {
                                "type": "usergroup",
                                "usergroup_id": "S08NN8M4LAZ"
                            },
                            {
                                "type": "text",
                                "text": "\nご入金ありましたら回収処理お願い申し上げます。"
                            }
                        ]
                    }
                ]
            }
        ],
        "reactions": [
            {
                "name": "承知_致しました",
                "users": [
                    "U0331FZTHEK"
                ],
                "count": 1
            }
        ]
    },
    {
        "user": "U0331FZTHEK",
        "type": "message",
        "ts": "1759901073.107849",
        "client_msg_id": "a4327b00-3523-45f5-b4d6-380e32aa3893",
        "text": "<@U0606SPN4BW>\n <!subteam^S073HEMKWV7|@hirakawa-adachi-yamamoto-fuse>\n本件、ご入金を確認致しました。\n・10\/8 [PayPal]\n・40 USD\n回収（入金）処理致します。\nよろしくお願いします。",
        "team": "T033D70RR6H",
        "user_team": "T033D70RR6H",
        "source_team": "T033D70RR6H",
        "user_profile": {
            "avatar_hash": "21cdbd6a05f9",
            "image_72": "https:\/\/avatars.slack-edge.com\/2022-02-16\/3115258488741_21cdbd6a05f9a69110f7_72.png",
            "first_name": "Mitsunobu",
            "real_name": "Mitsunobu Katayose",
            "display_name": "片寄",
            "team": "T033D70RR6H",
            "name": "tousuien03",
            "is_restricted": false,
            "is_ultra_restricted": false
        },
        "thread_ts": "1759854130.082219",
        "parent_user_id": "U0606SPN4BW",
        "blocks": [
            {
                "type": "rich_text",
                "block_id": "ThlSS",
                "elements": [
                    {
                        "type": "rich_text_section",
                        "elements": [
                            {
                                "type": "user",
                                "user_id": "U0606SPN4BW"
                            },
                            {
                                "type": "text",
                                "text": "\n "
                            },
                            {
                                "type": "usergroup",
                                "usergroup_id": "S073HEMKWV7"
                            },
                            {
                                "type": "text",
                                "text": "\n本件、ご入金を確認致しました。\n・10\/8 [PayPal]\n・40 USD\n回収（入金）処理致します。\nよろしくお願いします。"
                            }
                        ]
                    }
                ]
            }
        ],
        "reactions": [
            {
                "name": "あり",
                "users": [
                    "U095LLEH09G",
                    "U0606SPN4BW"
                ],
                "count": 2
            },
            {
                "name": "入金完了",
                "users": [
                    "U0331FZTHEK"
                ],
                "count": 1
            }
        ]
    },
    {
        "user": "U08L89G6JSG",
        "type": "message",
        "ts": "1759903844.648309",
        "edited": {
            "user": "U08L89G6JSG",
            "ts": "1759908772.000000"
        },
        "client_msg_id": "62e2ed24-d232-4e34-8d35-abdf83d06c4e",
        "text": "<@U0606SPN4BW>\n<!subteam^S073HEMKWV7|@hirakawa-adachi-yamamoto-fuse> <!subteam^S088LEJ1U5T|@kanayama-fukui-miyoshi-yokoi-takuwa-hara-imaoka-agou>\n出荷予定　10\/14（火）\nよろしくお願いします！",
        "team": "T033D70RR6H",
        "user_team": "T033D70RR6H",
        "source_team": "T033D70RR6H",
        "user_profile": {
            "avatar_hash": "fed0a878533f",
            "image_72": "https:\/\/avatars.slack-edge.com\/2025-03-31\/8678953673334_fed0a878533f1e7c9560_72.png",
            "first_name": "yokoi",
            "real_name": "yokoi",
            "display_name": "横井",
            "team": "T033D70RR6H",
            "name": "tousuien.yokoi",
            "is_restricted": false,
            "is_ultra_restricted": false
        },
        "thread_ts": "1759329808.855519",
        "parent_user_id": "U0606SPN4BW",
        "blocks": [
            {
                "type": "rich_text",
                "block_id": "iydGa",
                "elements": [
                    {
                        "type": "rich_text_section",
                        "elements": [
                            {
                                "type": "user",
                                "user_id": "U0606SPN4BW"
                            },
                            {
                                "type": "text",
                                "text": "\n"
                            },
                            {
                                "type": "usergroup",
                                "usergroup_id": "S073HEMKWV7"
                            },
                            {
                                "type": "text",
                                "text": " "
                            },
                            {
                                "type": "usergroup",
                                "usergroup_id": "S088LEJ1U5T"
                            },
                            {
                                "type": "text",
                                "text": "\n出荷予定　10\/14（火）\nよろしくお願いします！"
                            }
                        ]
                    }
                ]
            }
        ],
        "reactions": [
            {
                "name": "ありかとう",
                "users": [
                    "U0606SPN4BW"
                ],
                "count": 1
            },
            {
                "name": "7e6ac2088523a821",
                "users": [
                    "U08NVD403GV"
                ],
                "count": 1
            },
            {
                "name": "連絡完了",
                "users": [
                    "U0606SPN4BW"
                ],
                "count": 1
            }
        ]
    }
]