[
    {
        "user": "U0606SPN4BW",
        "type": "message",
        "ts": "1740142949.925309",
        "client_msg_id": "083d9dfa-cbc4-41de-9333-414ca59bddc0",
        "text": "<!subteam^S073HEMKWV7|@hirakawa-adachi-yamamoto-fuse> cc <!subteam^S072Q871SF9|@oka-matsui-furukawa-hayashi-kimura-hasegawa-kawatani>\n:de:ドイツ MRL-Nikolaos Komvolidis様からサンプル注文を頂きました。\n*TSE-MRL-SPL-001-25*  ",
        "team": "T033D70RR6H",
        "user_team": "T033D70RR6H",
        "source_team": "T033D70RR6H",
        "user_profile": {
            "avatar_hash": "823d8545f678",
            "image_72": "https:\/\/avatars.slack-edge.com\/2024-04-12\/6946592133062_823d8545f678615a3e0a_72.jpg",
            "first_name": "SATOSHI",
            "real_name": "SATOSHI FURUKAWA",
            "display_name": "古川　敏",
            "team": "T033D70RR6H",
            "name": "jpfreebirds",
            "is_restricted": false,
            "is_ultra_restricted": false
        },
        "thread_ts": "1740142949.925309",
        "reply_count": 3,
        "reply_users_count": 2,
        "latest_reply": "1740405916.151209",
        "reply_users": [
            "U0606SPN4BW",
            "U0331FZTHEK"
        ],
        "replies": [
            {
                "user": "U0606SPN4BW",
                "ts": "1740142989.635169"
            },
            {
                "user": "U0331FZTHEK",
                "ts": "1740178059.612609"
            },
            {
                "user": "U0606SPN4BW",
                "ts": "1740405916.151209"
            }
        ],
        "is_locked": false,
        "subscribed": true,
        "last_read": "1740405916.151209",
        "blocks": [
            {
                "type": "rich_text",
                "block_id": "+etfa",
                "elements": [
                    {
                        "type": "rich_text_section",
                        "elements": [
                            {
                                "type": "usergroup",
                                "usergroup_id": "S073HEMKWV7"
                            },
                            {
                                "type": "text",
                                "text": " cc "
                            },
                            {
                                "type": "usergroup",
                                "usergroup_id": "S072Q871SF9"
                            },
                            {
                                "type": "text",
                                "text": "\n"
                            },
                            {
                                "type": "emoji",
                                "name": "flag-de",
                                "unicode": "1f1e9-1f1ea"
                            },
                            {
                                "type": "text",
                                "text": "ドイツ MRL-Nikolaos Komvolidis様からサンプル注文を頂きました。\n"
                            },
                            {
                                "type": "text",
                                "text": "TSE-MRL-SPL-001-25  ",
                                "style": {
                                    "bold": true
                                }
                            }
                        ]
                    }
                ]
            }
        ],
        "reactions": [
            {
                "name": "承知_致しました",
                "users": [
                    "U041RJKV5JA"
                ],
                "count": 1
            },
            {
                "name": "済",
                "users": [
                    "U066P20UQH1"
                ],
                "count": 1
            }
        ]
    },
    {
        "user": "U0606SPN4BW",
        "type": "message",
        "ts": "1740142989.635169",
        "client_msg_id": "b2bf3dcf-ff06-44e7-a2b0-c892ba4c7144",
        "text": "2\/24(月)にオランダ事務所から発送します！\n\n\n<@U0331FZTHEK> 入金確認済 (PayPal), 回収処理をお願いします！\n\n\n▼サンプル内容 (計 4点)\n&lt;各20g&gt;\nNon Organic Matcha Upper - 1 出雲精茶G\nNon Organic Matcha Upper - 2 出雲精茶R\nNon Organic Matcha Middle - 1 出雲精茶T\nNon Organic Matcha Middle - 2 出雲精茶N\n\n\n袋指定なし、\nエージレス無し、\n品名ラベル貼り\n価格表示：なし\n\n\n発送:DHL\n\n\n--------------------------------\nCompany name: Marmell Home GmbH\nName: Nikolaos Komvolidis\nAddress: Gartenstr.7, Freiburg im Breisgau\nCountry: Germany\nPostal code: 79098\nPhone: <tel:+4917655202802|+4917655202802>\nEORI: DE632612872059925\n--------------------------------",
        "team": "T033D70RR6H",
        "user_team": "T033D70RR6H",
        "source_team": "T033D70RR6H",
        "user_profile": {
            "avatar_hash": "823d8545f678",
            "image_72": "https:\/\/avatars.slack-edge.com\/2024-04-12\/6946592133062_823d8545f678615a3e0a_72.jpg",
            "first_name": "SATOSHI",
            "real_name": "SATOSHI FURUKAWA",
            "display_name": "古川　敏",
            "team": "T033D70RR6H",
            "name": "jpfreebirds",
            "is_restricted": false,
            "is_ultra_restricted": false
        },
        "thread_ts": "1740142949.925309",
        "parent_user_id": "U0606SPN4BW",
        "blocks": [
            {
                "type": "rich_text",
                "block_id": "f8hp6",
                "elements": [
                    {
                        "type": "rich_text_section",
                        "elements": [
                            {
                                "type": "text",
                                "text": "2\/24(月)にオランダ事務所から発送します！\n\n\n"
                            },
                            {
                                "type": "user",
                                "user_id": "U0331FZTHEK"
                            },
                            {
                                "type": "text",
                                "text": " 入金確認済 (PayPal), 回収処理をお願いします！\n\n\n▼サンプル内容 (計 4点)\n<各20g>\nNon Organic Matcha Upper - 1 出雲精茶G\nNon Organic Matcha Upper - 2 出雲精茶R\nNon Organic Matcha Middle - 1 出雲精茶T\nNon Organic Matcha Middle - 2 出雲精茶N\n\n\n袋指定なし、\nエージレス無し、\n品名ラベル貼り\n価格表示：なし\n\n\n発送:DHL\n\n\n--------------------------------\nCompany name: Marmell Home GmbH\nName: Nikolaos Komvolidis\nAddress: Gartenstr.7, Freiburg im Breisgau\nCountry: Germany\nPostal code: 79098\nPhone: "
                            },
                            {
                                "type": "link",
                                "url": "tel:+4917655202802",
                                "text": "+4917655202802"
                            },
                            {
                                "type": "text",
                                "text": "\nEORI: DE632612872059925\n--------------------------------"
                            }
                        ]
                    }
                ]
            }
        ],
        "reactions": [
            {
                "name": "d130b000eb8d6784",
                "users": [
                    "U0331FZTHEK"
                ],
                "count": 1
            },
            {
                "name": "承知_致しました",
                "users": [
                    "U0331FZTHEK"
                ],
                "count": 1
            }
        ]
    },
    {
        "user": "U0606SPN4BW",
        "type": "message",
        "ts": "1740162594.341629",
        "client_msg_id": "726d4705-6a44-45ad-9be0-844253ec147d",
        "text": "<!subteam^S073HEMKWV7|@hirakawa-adachi-yamamoto-fuse> cc <!subteam^S072Q871SF9|@oka-matsui-furukawa-hayashi-kimura-hasegawa-kawatani>\n:gb: イギリス MMY-Mohammed Yaseen Hassam様からサンプル注文を頂きました。\n*TSE-MMY-SPL-001-25*  ",
        "team": "T033D70RR6H",
        "user_team": "T033D70RR6H",
        "source_team": "T033D70RR6H",
        "user_profile": {
            "avatar_hash": "823d8545f678",
            "image_72": "https:\/\/avatars.slack-edge.com\/2024-04-12\/6946592133062_823d8545f678615a3e0a_72.jpg",
            "first_name": "SATOSHI",
            "real_name": "SATOSHI FURUKAWA",
            "display_name": "古川　敏",
            "team": "T033D70RR6H",
            "name": "jpfreebirds",
            "is_restricted": false,
            "is_ultra_restricted": false
        },
        "thread_ts": "1740162594.341629",
        "reply_count": 9,
        "reply_users_count": 5,
        "latest_reply": "1741161933.960029",
        "reply_users": [
            "U0606SPN4BW",
            "U0331FZTHEK",
            "U041RJKV5JA",
            "U066P20UQH1",
            "U0331FWGQRM"
        ],
        "replies": [
            {
                "user": "U0606SPN4BW",
                "ts": "1740162675.046499"
            },
            {
                "user": "U0331FZTHEK",
                "ts": "1740180504.018369"
            },
            {
                "user": "U041RJKV5JA",
                "ts": "1740805117.091489"
            },
            {
                "user": "U041RJKV5JA",
                "ts": "1740967473.433949"
            },
            {
                "user": "U066P20UQH1",
                "ts": "1740970213.603169"
            },
            {
                "user": "U0331FWGQRM",
                "ts": "1740985185.996209"
            },
            {
                "user": "U041RJKV5JA",
                "ts": "1741062937.836679"
            },
            {
                "user": "U066P20UQH1",
                "ts": "1741063710.098159"
            },
            {
                "user": "U041RJKV5JA",
                "ts": "1741161933.960029"
            }
        ],
        "is_locked": false,
        "subscribed": true,
        "last_read": "1741161933.960029",
        "blocks": [
            {
                "type": "rich_text",
                "block_id": "vIzVn",
                "elements": [
                    {
                        "type": "rich_text_section",
                        "elements": [
                            {
                                "type": "usergroup",
                                "usergroup_id": "S073HEMKWV7"
                            },
                            {
                                "type": "text",
                                "text": " cc "
                            },
                            {
                                "type": "usergroup",
                                "usergroup_id": "S072Q871SF9"
                            },
                            {
                                "type": "text",
                                "text": "\n"
                            },
                            {
                                "type": "emoji",
                                "name": "flag-gb",
                                "unicode": "1f1ec-1f1e7"
                            },
                            {
                                "type": "text",
                                "text": " イギリス MMY-Mohammed Yaseen Hassam様からサンプル注文を頂きました。\n"
                            },
                            {
                                "type": "text",
                                "text": "TSE-MMY-SPL-001-25  ",
                                "style": {
                                    "bold": true
                                }
                            }
                        ]
                    }
                ]
            }
        ],
        "reactions": [
            {
                "name": "承知_致しました",
                "users": [
                    "U05KGS6HN9H",
                    "U041RJKV5JA"
                ],
                "count": 2
            },
            {
                "name": "管理表入力済",
                "users": [
                    "U066P20UQH1"
                ],
                "count": 1
            },
            {
                "name": "ivpl作成済",
                "users": [
                    "U066P20UQH1"
                ],
                "count": 1
            },
            {
                "name": "donee",
                "users": [
                    "U066P20UQH1"
                ],
                "count": 1
            }
        ]
    },
    {
        "user": "U0606SPN4BW",
        "type": "message",
        "ts": "1740162675.046499",
        "edited": {
            "user": "U0606SPN4BW",
            "ts": "1741076544.000000"
        },
        "client_msg_id": "bf7f1f0d-fc7f-4781-9a50-8deb06032e15",
        "text": "下記へ発送手続き、および発送日のお知らせをお願いします！\n\n\n<@U0331FZTHEK> 入金確認済 (PayPal), 回収処理をお願いします！\n\n\n▼サンプル内容 (計 9点)\n<各20g>\nNon-organic Matcha Top grade - 1 (出雲精茶, 出雲翠の昔)\nNon-organic Matcha Top grade - 2 (出雲精茶, 宇迦の白)\nNon-organic Matcha Upper grade - 1 (出雲精茶G)\nNon-organic Matcha Upper grade - 2 (出雲精茶R)\nNon-organic Matcha Middle grade - 1 (出雲精茶T)\nNon-organic Matcha Middle grade - 2 (出雲精茶N)\n\n①Non-organic Matcha RR grade (出雲抹茶Rのダブルロースト100%）\n②Non-organic Matcha RF grade (出雲抹茶Rのダブルロースト50%×出雲抹茶F）\n③Non-organic Matcha RH grade (出雲抹茶Rのダブルロースト50%×出雲抹茶H）\n\n\n袋指定なし、\nエージレス無し、\n品名ラベル貼り\n価格表示：なし\n\n\n発送:EMS\n\n\n--------------------------------\nCompany name: Kyō-Mo Matcha\nName: Mohammed Yaseen Hassam\nAddress: 80 Linden Drive, LE5 6AH, United Kingdom\nPhone: 07519534109\nEmail:\n<mailto:Kyomomatcha@gmail.com|Kyomomatcha@gmail.com>\nEORI Number: GB040024091000\n--------------------------------",
        "team": "T033D70RR6H",
        "user_team": "T033D70RR6H",
        "source_team": "T033D70RR6H",
        "user_profile": {
            "avatar_hash": "823d8545f678",
            "image_72": "https:\/\/avatars.slack-edge.com\/2024-04-12\/6946592133062_823d8545f678615a3e0a_72.jpg",
            "first_name": "SATOSHI",
            "real_name": "SATOSHI FURUKAWA",
            "display_name": "古川　敏",
            "team": "T033D70RR6H",
            "name": "jpfreebirds",
            "is_restricted": false,
            "is_ultra_restricted": false
        },
        "thread_ts": "1740162594.341629",
        "parent_user_id": "U0606SPN4BW",
        "blocks": [
            {
                "type": "rich_text",
                "block_id": "cl0XP",
                "elements": [
                    {
                        "type": "rich_text_section",
                        "elements": [
                            {
                                "type": "text",
                                "text": "下記へ発送手続き、および発送日のお知らせをお願いします！\n\n\n"
                            },
                            {
                                "type": "user",
                                "user_id": "U0331FZTHEK"
                            },
                            {
                                "type": "text",
                                "text": " 入金確認済 (PayPal), 回収処理をお願いします！\n\n\n▼サンプル内容 (計 9点)\n<各20g>\nNon-organic Matcha Top grade - 1 (出雲精茶, 出雲翠の昔)\nNon-organic Matcha Top grade - 2 (出雲精茶, 宇迦の白)\nNon-organic Matcha Upper grade - 1 (出雲精茶G)\nNon-organic Matcha Upper grade - 2 (出雲精茶R)\nNon-organic Matcha Middle grade - 1 (出雲精茶T)\nNon-organic Matcha Middle grade - 2 (出雲精茶N)\n\n①Non-organic Matcha RR grade (出雲抹茶Rのダブルロースト100%）\n②Non-organic Matcha RF grade (出雲抹茶Rのダブルロースト50%×出雲抹茶F）\n③Non-organic Matcha RH grade (出雲抹茶Rのダブルロースト50%×出雲抹茶H）\n\n\n袋指定なし、\nエージレス無し、\n品名ラベル貼り\n価格表示：なし\n\n\n発送:EMS\n\n\n--------------------------------\nCompany name: Kyō-Mo Matcha\nName: Mohammed Yaseen Hassam\nAddress: 80 Linden Drive, LE5 6AH, United Kingdom\nPhone: 07519534109\nEmail:\n"
                            },
                            {
                                "type": "link",
                                "url": "mailto:Kyomomatcha@gmail.com",
                                "text": "Kyomomatcha@gmail.com"
                            },
                            {
                                "type": "text",
                                "text": "\nEORI Number: GB040024091000\n--------------------------------"
                            }
                        ]
                    }
                ]
            }
        ],
        "reactions": [
            {
                "name": "d130b000eb8d6784",
                "users": [
                    "U0331FZTHEK"
                ],
                "count": 1
            },
            {
                "name": "承知_致しました",
                "users": [
                    "U0331FZTHEK"
                ],
                "count": 1
            }
        ]
    },
    {
        "user": "U0331FZTHEK",
        "type": "message",
        "ts": "1740178059.612609",
        "client_msg_id": "c3093362-4e36-4138-b6a6-5728ea605005",
        "text": "<@U0606SPN4BW>\n <!subteam^S073HEMKWV7|@hirakawa-adachi-yamamoto-fuse>\nご入金を確認致しました。\n・2\/21 [PayPal]\n・30 USD\n回収（入金）処理致します。\nよろしくお願いします。",
        "team": "T033D70RR6H",
        "user_team": "T033D70RR6H",
        "source_team": "T033D70RR6H",
        "user_profile": {
            "avatar_hash": "21cdbd6a05f9",
            "image_72": "https:\/\/avatars.slack-edge.com\/2022-02-16\/3115258488741_21cdbd6a05f9a69110f7_72.png",
            "first_name": "Mitsunobu",
            "real_name": "Mitsunobu Katayose",
            "display_name": "片寄",
            "team": "T033D70RR6H",
            "name": "tousuien03",
            "is_restricted": false,
            "is_ultra_restricted": false
        },
        "thread_ts": "1740142949.925309",
        "parent_user_id": "U0606SPN4BW",
        "blocks": [
            {
                "type": "rich_text",
                "block_id": "RDFSH",
                "elements": [
                    {
                        "type": "rich_text_section",
                        "elements": [
                            {
                                "type": "user",
                                "user_id": "U0606SPN4BW"
                            },
                            {
                                "type": "text",
                                "text": "\n "
                            },
                            {
                                "type": "usergroup",
                                "usergroup_id": "S073HEMKWV7"
                            },
                            {
                                "type": "text",
                                "text": "\nご入金を確認致しました。\n・2\/21 [PayPal]\n・30 USD\n回収（入金）処理致します。\nよろしくお願いします。"
                            }
                        ]
                    }
                ]
            }
        ],
        "reactions": [
            {
                "name": "d130b000eb8d6784",
                "users": [
                    "U0606SPN4BW"
                ],
                "count": 1
            },
            {
                "name": "入金完了",
                "users": [
                    "U0331FZTHEK"
                ],
                "count": 1
            }
        ]
    },
    {
        "user": "U0331FZTHEK",
        "type": "message",
        "ts": "1740180504.018369",
        "client_msg_id": "7de4f356-d50c-4632-b51f-82e0a03dda0d",
        "text": "<@U0606SPN4BW>\n <!subteam^S073HEMKWV7|@hirakawa-adachi-yamamoto-fuse>\nご入金を確認致しました。\n・2\/22 [PayPal]\n・40 USD\n回収（入金）処理致します。\nよろしくお願いします。",
        "team": "T033D70RR6H",
        "user_team": "T033D70RR6H",
        "source_team": "T033D70RR6H",
        "user_profile": {
            "avatar_hash": "21cdbd6a05f9",
            "image_72": "https:\/\/avatars.slack-edge.com\/2022-02-16\/3115258488741_21cdbd6a05f9a69110f7_72.png",
            "first_name": "Mitsunobu",
            "real_name": "Mitsunobu Katayose",
            "display_name": "片寄",
            "team": "T033D70RR6H",
            "name": "tousuien03",
            "is_restricted": false,
            "is_ultra_restricted": false
        },
        "thread_ts": "1740162594.341629",
        "parent_user_id": "U0606SPN4BW",
        "blocks": [
            {
                "type": "rich_text",
                "block_id": "7P4qM",
                "elements": [
                    {
                        "type": "rich_text_section",
                        "elements": [
                            {
                                "type": "user",
                                "user_id": "U0606SPN4BW"
                            },
                            {
                                "type": "text",
                                "text": "\n "
                            },
                            {
                                "type": "usergroup",
                                "usergroup_id": "S073HEMKWV7"
                            },
                            {
                                "type": "text",
                                "text": "\nご入金を確認致しました。\n・2\/22 [PayPal]\n・40 USD\n回収（入金）処理致します。\nよろしくお願いします。"
                            }
                        ]
                    }
                ]
            }
        ],
        "reactions": [
            {
                "name": "d130b000eb8d6784",
                "users": [
                    "U0606SPN4BW"
                ],
                "count": 1
            },
            {
                "name": "入金完了",
                "users": [
                    "U0331FZTHEK"
                ],
                "count": 1
            }
        ]
    }
]