[
    {
        "user": "U08RVRNBY00",
        "type": "message",
        "ts": "1760171454.380939",
        "client_msg_id": "1bc819e4-1693-47a7-83f8-7e699ddd5f2a",
        "text": "<@U033G4KN4TD> <!subteam^S073HEMKWV7|@hirakawa-adachi-yamamoto-fuse> <!subteam^S088LEJ1U5T|@kanayama-fukui-miyoshi-yokoi-takuwa-hara-imaoka-agou>\nCC：<@U0331FZS7JT>\n:black_small_square:*出荷可能日についてー10\/20頃*\n10\/20頃目処での出荷準備とお伺いしておりました。\n確定の日がお決まりになりましたら、ご共有いただけますと幸いです。:woman-bowing:\n\n先方には確定ではないが、10\/20頃出荷目標である旨お伝えしております。",
        "team": "T033D70RR6H",
        "user_team": "T033D70RR6H",
        "source_team": "T033D70RR6H",
        "user_profile": {
            "avatar_hash": "g347f3e803ab",
            "image_72": "https:\/\/secure.gravatar.com\/avatar\/347f3e803abca8b6a7b724895864d138.jpg?s=72&d=https%3A%2F%2Fa.slack-edge.com%2Fdf10d%2Fimg%2Favatars%2Fava_0001-72.png",
            "first_name": "Hikako",
            "real_name": "Hikako Hasegawa",
            "display_name": "Hikako Hasegawa",
            "team": "T033D70RR6H",
            "name": "tousuien.hasegawa",
            "is_restricted": false,
            "is_ultra_restricted": false
        },
        "thread_ts": "1759191052.420859",
        "parent_user_id": "U08RVRNBY00",
        "blocks": [
            {
                "type": "rich_text",
                "block_id": "VsByr",
                "elements": [
                    {
                        "type": "rich_text_section",
                        "elements": [
                            {
                                "type": "user",
                                "user_id": "U033G4KN4TD"
                            },
                            {
                                "type": "text",
                                "text": " "
                            },
                            {
                                "type": "usergroup",
                                "usergroup_id": "S073HEMKWV7"
                            },
                            {
                                "type": "text",
                                "text": " "
                            },
                            {
                                "type": "usergroup",
                                "usergroup_id": "S088LEJ1U5T"
                            },
                            {
                                "type": "text",
                                "text": "\nCC："
                            },
                            {
                                "type": "user",
                                "user_id": "U0331FZS7JT"
                            },
                            {
                                "type": "text",
                                "text": "\n"
                            },
                            {
                                "type": "emoji",
                                "name": "black_small_square",
                                "unicode": "25aa-fe0f",
                                "style": {
                                    "bold": true
                                }
                            },
                            {
                                "type": "text",
                                "text": "出荷可能日についてー10\/20頃",
                                "style": {
                                    "bold": true
                                }
                            },
                            {
                                "type": "text",
                                "text": "\n10\/20頃目処での出荷準備とお伺いしておりました。\n確定の日がお決まりになりましたら、ご共有いただけますと幸いです。"
                            },
                            {
                                "type": "emoji",
                                "name": "woman-bowing",
                                "unicode": "1f647-200d-2640-fe0f"
                            },
                            {
                                "type": "text",
                                "text": "\n\n先方には確定ではないが、10\/20頃出荷目標である旨お伝えしております。"
                            }
                        ]
                    }
                ]
            }
        ],
        "reactions": [
            {
                "name": "7e6ac2088523a821",
                "users": [
                    "U033G4KN4TD"
                ],
                "count": 1
            }
        ]
    }
]