[
    {
        "user": "U0606SPN4BW",
        "type": "message",
        "ts": "1739803781.684739",
        "client_msg_id": "6ed91412-7345-4312-bc51-bbfa47364dc7",
        "text": "<!subteam^S073HEMKWV7|@hirakawa-adachi-yamamoto-fuse> cc <!subteam^S072Q871SF9|@oka-matsui-furukawa-hayashi-kimura-hasegawa-kawatani>\n:flag-in:インド Gadde Sri Sai Devi Harish様からサンプル注文を頂きました。\n*TSE-GAD-SPL-001-25*  ",
        "team": "T033D70RR6H",
        "user_team": "T033D70RR6H",
        "source_team": "T033D70RR6H",
        "user_profile": {
            "avatar_hash": "823d8545f678",
            "image_72": "https:\/\/avatars.slack-edge.com\/2024-04-12\/6946592133062_823d8545f678615a3e0a_72.jpg",
            "first_name": "SATOSHI",
            "real_name": "SATOSHI FURUKAWA",
            "display_name": "古川　敏",
            "team": "T033D70RR6H",
            "name": "jpfreebirds",
            "is_restricted": false,
            "is_ultra_restricted": false
        },
        "thread_ts": "1739803781.684739",
        "reply_count": 11,
        "reply_users_count": 6,
        "latest_reply": "1741162081.541129",
        "reply_users": [
            "U0606SPN4BW",
            "U0331FZTHEK",
            "U05KGS6HN9H",
            "U066P20UQH1",
            "U0331FWGQRM",
            "U041RJKV5JA"
        ],
        "replies": [
            {
                "user": "U0606SPN4BW",
                "ts": "1739803858.253839"
            },
            {
                "user": "U0331FZTHEK",
                "ts": "1739835463.228599"
            },
            {
                "user": "U05KGS6HN9H",
                "ts": "1739839768.620169"
            },
            {
                "user": "U066P20UQH1",
                "ts": "1739857810.106439"
            },
            {
                "user": "U0606SPN4BW",
                "ts": "1740077981.303019"
            },
            {
                "user": "U066P20UQH1",
                "ts": "1740790801.083899"
            },
            {
                "user": "U066P20UQH1",
                "ts": "1740798099.536369"
            },
            {
                "user": "U0331FZTHEK",
                "ts": "1740802191.508509"
            },
            {
                "user": "U0331FWGQRM",
                "ts": "1740982137.890519"
            },
            {
                "user": "U041RJKV5JA",
                "ts": "1740985400.511599"
            },
            {
                "user": "U041RJKV5JA",
                "ts": "1741162081.541129"
            }
        ],
        "is_locked": false,
        "subscribed": true,
        "last_read": "1741162081.541129",
        "blocks": [
            {
                "type": "rich_text",
                "block_id": "fB+D+",
                "elements": [
                    {
                        "type": "rich_text_section",
                        "elements": [
                            {
                                "type": "usergroup",
                                "usergroup_id": "S073HEMKWV7"
                            },
                            {
                                "type": "text",
                                "text": " cc "
                            },
                            {
                                "type": "usergroup",
                                "usergroup_id": "S072Q871SF9"
                            },
                            {
                                "type": "text",
                                "text": "\n"
                            },
                            {
                                "type": "emoji",
                                "name": "flag-in",
                                "unicode": "1f1ee-1f1f3"
                            },
                            {
                                "type": "text",
                                "text": "インド Gadde Sri Sai Devi Harish様からサンプル注文を頂きました。\n"
                            },
                            {
                                "type": "text",
                                "text": "TSE-GAD-SPL-001-25  ",
                                "style": {
                                    "bold": true
                                }
                            }
                        ]
                    }
                ]
            }
        ],
        "reactions": [
            {
                "name": "承知_致しました",
                "users": [
                    "U041RJKV5JA",
                    "U05KGS6HN9H"
                ],
                "count": 2
            },
            {
                "name": "管理表入力済",
                "users": [
                    "U066P20UQH1"
                ],
                "count": 1
            },
            {
                "name": "ivpl作成済",
                "users": [
                    "U066P20UQH1"
                ],
                "count": 1
            },
            {
                "name": "donee",
                "users": [
                    "U066P20UQH1"
                ],
                "count": 1
            }
        ]
    },
    {
        "user": "U0606SPN4BW",
        "type": "message",
        "ts": "1739803858.253839",
        "client_msg_id": "736338d6-d088-4b3d-a5bc-da663352bc2d",
        "text": "下記へ発送手続き、および発送日のお知らせをお願いします！\n\n\n<@U0331FZTHEK> 入金確認済 (PayPal), 回収処理をお願いします！\n\n\n▼サンプル内容 (計 12点)\n&lt;各20g&gt;\nOrganic Matcha Upper - 1 (鹿児島製茶 鹿児島 A)\nOrganic Matcha Upper - 2 (鹿児島製茶 鹿児島 1A)\nOrganic Matcha Middle - 1 (鹿児島製茶 鹿児島 B)\nOrganic Matcha Middle - 2 (鹿児島製茶 鹿児島 C)\nOrganic Matcha Regular - 1 (鹿児島製茶 鹿児島D)\nOrganic Matcha Regular - 2 (まるゑい 有機抹茶3000)\n\nNon organic Matcha Upper - 1 (出雲精茶G)\nNon organic Matcha Upper - 2 (出雲精茶R)\nNon organic Matcha Middle - 1 (出雲精茶T)\nNon organic Matcha Middle - 2 (出雲精茶N)\nNon organic Matcha Regular - 1 (出雲精茶F)\nNon organic Matcha Regular - 2 (出雲精茶W)\n\n\n袋指定なし、\nエージレス無し、\n品名ラベル貼り\n価格表示：なし\n\n\n発送:*EMS* (個人宛にサンプルとして発送お願いします)\n\n\n--------------------------------\nName: Gadde Sri Sai Devi Harish\nAddress: D 326 Aakruti Honey Dew Tellapur Hyderabad Telangana\nCountry: India\nPostal code: 500019\ne-mail: <mailto:harishgadde2007@gmail.com|harishgadde2007@gmail.com>\nPhone: <tel:+919963053060|+91 9963053060>\n--------------------------------",
        "team": "T033D70RR6H",
        "user_team": "T033D70RR6H",
        "source_team": "T033D70RR6H",
        "user_profile": {
            "avatar_hash": "823d8545f678",
            "image_72": "https:\/\/avatars.slack-edge.com\/2024-04-12\/6946592133062_823d8545f678615a3e0a_72.jpg",
            "first_name": "SATOSHI",
            "real_name": "SATOSHI FURUKAWA",
            "display_name": "古川　敏",
            "team": "T033D70RR6H",
            "name": "jpfreebirds",
            "is_restricted": false,
            "is_ultra_restricted": false
        },
        "thread_ts": "1739803781.684739",
        "parent_user_id": "U0606SPN4BW",
        "blocks": [
            {
                "type": "rich_text",
                "block_id": "+mkM9",
                "elements": [
                    {
                        "type": "rich_text_section",
                        "elements": [
                            {
                                "type": "text",
                                "text": "下記へ発送手続き、および発送日のお知らせをお願いします！\n\n\n"
                            },
                            {
                                "type": "user",
                                "user_id": "U0331FZTHEK"
                            },
                            {
                                "type": "text",
                                "text": " 入金確認済 (PayPal), 回収処理をお願いします！\n\n\n▼サンプル内容 (計 12点)\n<各20g>\nOrganic Matcha Upper - 1 (鹿児島製茶 鹿児島 A)\nOrganic Matcha Upper - 2 (鹿児島製茶 鹿児島 1A)\nOrganic Matcha Middle - 1 (鹿児島製茶 鹿児島 B)\nOrganic Matcha Middle - 2 (鹿児島製茶 鹿児島 C)\nOrganic Matcha Regular - 1 (鹿児島製茶 鹿児島D)\nOrganic Matcha Regular - 2 (まるゑい 有機抹茶3000)\n\nNon organic Matcha Upper - 1 (出雲精茶G)\nNon organic Matcha Upper - 2 (出雲精茶R)\nNon organic Matcha Middle - 1 (出雲精茶T)\nNon organic Matcha Middle - 2 (出雲精茶N)\nNon organic Matcha Regular - 1 (出雲精茶F)\nNon organic Matcha Regular - 2 (出雲精茶W)\n\n\n袋指定なし、\nエージレス無し、\n品名ラベル貼り\n価格表示：なし\n\n\n発送:"
                            },
                            {
                                "type": "text",
                                "text": "EMS ",
                                "style": {
                                    "bold": true
                                }
                            },
                            {
                                "type": "text",
                                "text": "(個人宛にサンプルとして発送お願いします)\n\n\n--------------------------------\nName: Gadde Sri Sai Devi Harish\nAddress: D 326 Aakruti Honey Dew Tellapur Hyderabad Telangana\nCountry: India\nPostal code: 500019\ne-mail: "
                            },
                            {
                                "type": "link",
                                "url": "mailto:harishgadde2007@gmail.com",
                                "text": "harishgadde2007@gmail.com"
                            },
                            {
                                "type": "text",
                                "text": "\nPhone: "
                            },
                            {
                                "type": "link",
                                "url": "tel:+919963053060",
                                "text": "+91 9963053060"
                            },
                            {
                                "type": "text",
                                "text": "\n--------------------------------"
                            }
                        ]
                    }
                ]
            }
        ],
        "reactions": [
            {
                "name": "d130b000eb8d6784",
                "users": [
                    "U0331FZTHEK"
                ],
                "count": 1
            },
            {
                "name": "7e6ac2088523a821",
                "users": [
                    "U0331FZTHEK"
                ],
                "count": 1
            }
        ]
    },
    {
        "user": "U0606SPN4BW",
        "type": "message",
        "ts": "1739804606.361279",
        "client_msg_id": "c7a2c3c9-1459-4891-ad06-635e87e6380d",
        "text": "<!subteam^S073HEMKWV7|@hirakawa-adachi-yamamoto-fuse> cc <!subteam^S072Q871SF9|@oka-matsui-furukawa-hayashi-kimura-hasegawa-kawatani>\n:flag-pl:ポーランド Bartosz Nowacki 様からサンプル注文を頂きました。\n*TSE-MRN-SPL-001-25*  ",
        "team": "T033D70RR6H",
        "user_team": "T033D70RR6H",
        "source_team": "T033D70RR6H",
        "user_profile": {
            "avatar_hash": "823d8545f678",
            "image_72": "https:\/\/avatars.slack-edge.com\/2024-04-12\/6946592133062_823d8545f678615a3e0a_72.jpg",
            "first_name": "SATOSHI",
            "real_name": "SATOSHI FURUKAWA",
            "display_name": "古川　敏",
            "team": "T033D70RR6H",
            "name": "jpfreebirds",
            "is_restricted": false,
            "is_ultra_restricted": false
        },
        "thread_ts": "1739804606.361279",
        "reply_count": 5,
        "reply_users_count": 4,
        "latest_reply": "1739984072.970109",
        "reply_users": [
            "U0606SPN4BW",
            "U0331FZTHEK",
            "U05KGS6HN9H",
            "U066P20UQH1"
        ],
        "replies": [
            {
                "user": "U0606SPN4BW",
                "ts": "1739804665.672779"
            },
            {
                "user": "U0331FZTHEK",
                "ts": "1739835699.812669"
            },
            {
                "user": "U05KGS6HN9H",
                "ts": "1739839870.264099"
            },
            {
                "user": "U066P20UQH1",
                "ts": "1739857306.276209"
            },
            {
                "user": "U0606SPN4BW",
                "ts": "1739984072.970109"
            }
        ],
        "is_locked": false,
        "subscribed": true,
        "last_read": "1739984072.970109",
        "blocks": [
            {
                "type": "rich_text",
                "block_id": "h8SDS",
                "elements": [
                    {
                        "type": "rich_text_section",
                        "elements": [
                            {
                                "type": "usergroup",
                                "usergroup_id": "S073HEMKWV7"
                            },
                            {
                                "type": "text",
                                "text": " cc "
                            },
                            {
                                "type": "usergroup",
                                "usergroup_id": "S072Q871SF9"
                            },
                            {
                                "type": "text",
                                "text": "\n"
                            },
                            {
                                "type": "emoji",
                                "name": "flag-pl",
                                "unicode": "1f1f5-1f1f1"
                            },
                            {
                                "type": "text",
                                "text": "ポーランド Bartosz Nowacki 様からサンプル注文を頂きました。\n"
                            },
                            {
                                "type": "text",
                                "text": "TSE-MRN-SPL-001-25  ",
                                "style": {
                                    "bold": true
                                }
                            }
                        ]
                    }
                ]
            }
        ],
        "reactions": [
            {
                "name": "承知_致しました",
                "users": [
                    "U05KGS6HN9H"
                ],
                "count": 1
            },
            {
                "name": "済",
                "users": [
                    "U066P20UQH1"
                ],
                "count": 1
            }
        ]
    },
    {
        "user": "U0606SPN4BW",
        "type": "message",
        "ts": "1739804665.672779",
        "client_msg_id": "26cc8247-af4e-4e6c-b204-971d4eca7265",
        "text": "2\/18オランダ事務所から発送予定です。\n\n\n<@U0331FZTHEK> 入金確認済 (USD30), 回収処理をお願いします！\n\n\n▼サンプル内容 (計 4点)\n&lt;各20g&gt;\nOrganic Matcha Upper - 1 鹿児島製茶 (鹿児島 A)\nOrganic Matcha Upper - 2 鹿児島製茶 (鹿児島 1A)\nOrganic Matcha Middle - 1 鹿児島製茶 (鹿児島 B)\nOrganic Matcha Middle - 2 鹿児島製茶 (鹿児島 C)\n\n\n袋指定なし、\nエージレス無し、\n品名ラベル貼り\n価格表示：なし\n\n\n発送: DHL\n\n\n--------------------------------\nBrand name: VOYAFORM Bartosz Nowacki\nName: Bartosz Nowacki\nAddress: Czerniakowska 201A\/41, 00-436 Warsaw, Poland\nPostcode: 00-436\nE-mail: <mailto:nasiadkom@gmail.com|nasiadkom@gmail.com>\nPhone: <tel:+48609207779|+48609207779>\n--------------------------------",
        "team": "T033D70RR6H",
        "user_team": "T033D70RR6H",
        "source_team": "T033D70RR6H",
        "user_profile": {
            "avatar_hash": "823d8545f678",
            "image_72": "https:\/\/avatars.slack-edge.com\/2024-04-12\/6946592133062_823d8545f678615a3e0a_72.jpg",
            "first_name": "SATOSHI",
            "real_name": "SATOSHI FURUKAWA",
            "display_name": "古川　敏",
            "team": "T033D70RR6H",
            "name": "jpfreebirds",
            "is_restricted": false,
            "is_ultra_restricted": false
        },
        "thread_ts": "1739804606.361279",
        "parent_user_id": "U0606SPN4BW",
        "blocks": [
            {
                "type": "rich_text",
                "block_id": "spX4X",
                "elements": [
                    {
                        "type": "rich_text_section",
                        "elements": [
                            {
                                "type": "text",
                                "text": "2\/18オランダ事務所から発送予定です。\n\n\n"
                            },
                            {
                                "type": "user",
                                "user_id": "U0331FZTHEK"
                            },
                            {
                                "type": "text",
                                "text": " 入金確認済 (USD30), 回収処理をお願いします！\n\n\n▼サンプル内容 (計 4点)\n<各20g>\nOrganic Matcha Upper - 1 鹿児島製茶 (鹿児島 A)\nOrganic Matcha Upper - 2 鹿児島製茶 (鹿児島 1A)\nOrganic Matcha Middle - 1 鹿児島製茶 (鹿児島 B)\nOrganic Matcha Middle - 2 鹿児島製茶 (鹿児島 C)\n\n\n袋指定なし、\nエージレス無し、\n品名ラベル貼り\n価格表示：なし\n\n\n発送: DHL\n\n\n--------------------------------\nBrand name: VOYAFORM Bartosz Nowacki\nName: Bartosz Nowacki\nAddress: Czerniakowska 201A\/41, 00-436 Warsaw, Poland\nPostcode: 00-436\nE-mail: "
                            },
                            {
                                "type": "link",
                                "url": "mailto:nasiadkom@gmail.com",
                                "text": "nasiadkom@gmail.com"
                            },
                            {
                                "type": "text",
                                "text": "\nPhone: "
                            },
                            {
                                "type": "link",
                                "url": "tel:+48609207779",
                                "text": "+48609207779"
                            },
                            {
                                "type": "text",
                                "text": "\n--------------------------------"
                            }
                        ]
                    }
                ]
            }
        ],
        "reactions": [
            {
                "name": "d130b000eb8d6784",
                "users": [
                    "U0331FZTHEK"
                ],
                "count": 1
            },
            {
                "name": "7e6ac2088523a821",
                "users": [
                    "U0331FZTHEK"
                ],
                "count": 1
            },
            {
                "name": "0af08fe0505342b0",
                "users": [
                    "U041RJKV5JA"
                ],
                "count": 1
            }
        ]
    },
    {
        "user": "U0331FZTHEK",
        "type": "message",
        "ts": "1739835463.228599",
        "client_msg_id": "9cce5958-d267-4612-bdd7-8476f1c41fc9",
        "text": "<@U0606SPN4BW>\n <!subteam^S073HEMKWV7|@hirakawa-adachi-yamamoto-fuse>\nご入金を確認致しました。\n・2\/16 [PayPal]\n・50 USD\n回収（入金）処理致します。\nよろしくお願いします。",
        "team": "T033D70RR6H",
        "user_team": "T033D70RR6H",
        "source_team": "T033D70RR6H",
        "user_profile": {
            "avatar_hash": "21cdbd6a05f9",
            "image_72": "https:\/\/avatars.slack-edge.com\/2022-02-16\/3115258488741_21cdbd6a05f9a69110f7_72.png",
            "first_name": "Mitsunobu",
            "real_name": "Mitsunobu Katayose",
            "display_name": "片寄",
            "team": "T033D70RR6H",
            "name": "tousuien03",
            "is_restricted": false,
            "is_ultra_restricted": false
        },
        "thread_ts": "1739803781.684739",
        "parent_user_id": "U0606SPN4BW",
        "blocks": [
            {
                "type": "rich_text",
                "block_id": "N2rc6",
                "elements": [
                    {
                        "type": "rich_text_section",
                        "elements": [
                            {
                                "type": "user",
                                "user_id": "U0606SPN4BW"
                            },
                            {
                                "type": "text",
                                "text": "\n "
                            },
                            {
                                "type": "usergroup",
                                "usergroup_id": "S073HEMKWV7"
                            },
                            {
                                "type": "text",
                                "text": "\nご入金を確認致しました。\n・2\/16 [PayPal]\n・50 USD\n回収（入金）処理致します。\nよろしくお願いします。"
                            }
                        ]
                    }
                ]
            }
        ],
        "reactions": [
            {
                "name": "d130b000eb8d6784",
                "users": [
                    "U0606SPN4BW"
                ],
                "count": 1
            },
            {
                "name": "入金完了",
                "users": [
                    "U0331FZTHEK"
                ],
                "count": 1
            }
        ]
    },
    {
        "user": "U0331FZTHEK",
        "type": "message",
        "ts": "1739835699.812669",
        "client_msg_id": "cde698fa-e290-436d-9814-ed684361d62f",
        "text": "<@U0606SPN4BW>\n <!subteam^S073HEMKWV7|@hirakawa-adachi-yamamoto-fuse>\nご入金を確認致しました。\n・2\/17 [PayPal]\n・30 USD\n回収（入金）処理致します。\nよろしくお願いします。",
        "team": "T033D70RR6H",
        "user_team": "T033D70RR6H",
        "source_team": "T033D70RR6H",
        "user_profile": {
            "avatar_hash": "21cdbd6a05f9",
            "image_72": "https:\/\/avatars.slack-edge.com\/2022-02-16\/3115258488741_21cdbd6a05f9a69110f7_72.png",
            "first_name": "Mitsunobu",
            "real_name": "Mitsunobu Katayose",
            "display_name": "片寄",
            "team": "T033D70RR6H",
            "name": "tousuien03",
            "is_restricted": false,
            "is_ultra_restricted": false
        },
        "thread_ts": "1739804606.361279",
        "parent_user_id": "U0606SPN4BW",
        "blocks": [
            {
                "type": "rich_text",
                "block_id": "dZDq5",
                "elements": [
                    {
                        "type": "rich_text_section",
                        "elements": [
                            {
                                "type": "user",
                                "user_id": "U0606SPN4BW"
                            },
                            {
                                "type": "text",
                                "text": "\n "
                            },
                            {
                                "type": "usergroup",
                                "usergroup_id": "S073HEMKWV7"
                            },
                            {
                                "type": "text",
                                "text": "\nご入金を確認致しました。\n・2\/17 [PayPal]\n・30 USD\n回収（入金）処理致します。\nよろしくお願いします。"
                            }
                        ]
                    }
                ]
            }
        ]
    },
    {
        "user": "U05KGS6HN9H",
        "type": "message",
        "ts": "1739839768.620169",
        "client_msg_id": "fb2228ac-2bba-4201-9f88-c52515515986",
        "text": "<@U0606SPN4BW>\nフォルダ内にINVOICE等が見当たりませんが、作成中でしょうか？",
        "team": "T033D70RR6H",
        "user_team": "T033D70RR6H",
        "source_team": "T033D70RR6H",
        "user_profile": {
            "avatar_hash": "gc4e7258333f",
            "image_72": "https:\/\/secure.gravatar.com\/avatar\/c4e7258333f2958f831d063db85b4542.jpg?s=72&d=https%3A%2F%2Fa.slack-edge.com%2Fdf10d%2Fimg%2Favatars%2Fava_0005-72.png",
            "first_name": "Adachi",
            "real_name": "Adachi",
            "display_name": "足立",
            "team": "T033D70RR6H",
            "name": "tousuien05",
            "is_restricted": false,
            "is_ultra_restricted": false
        },
        "thread_ts": "1739803781.684739",
        "parent_user_id": "U0606SPN4BW",
        "blocks": [
            {
                "type": "rich_text",
                "block_id": "qvwes",
                "elements": [
                    {
                        "type": "rich_text_section",
                        "elements": [
                            {
                                "type": "user",
                                "user_id": "U0606SPN4BW"
                            },
                            {
                                "type": "text",
                                "text": "\nフォルダ内にINVOICE等が見当たりませんが、作成中でしょうか？"
                            }
                        ]
                    }
                ]
            }
        ]
    },
    {
        "user": "U05KGS6HN9H",
        "type": "message",
        "ts": "1739839870.264099",
        "client_msg_id": "d9e303cc-d139-48fb-a1ac-64e18222a196",
        "text": "<@U0606SPN4BW>\n顧客フォルダ（MRN)が見当たりません…。\nMaria Nasiadkoでしょうか？",
        "team": "T033D70RR6H",
        "user_team": "T033D70RR6H",
        "source_team": "T033D70RR6H",
        "user_profile": {
            "avatar_hash": "gc4e7258333f",
            "image_72": "https:\/\/secure.gravatar.com\/avatar\/c4e7258333f2958f831d063db85b4542.jpg?s=72&d=https%3A%2F%2Fa.slack-edge.com%2Fdf10d%2Fimg%2Favatars%2Fava_0005-72.png",
            "first_name": "Adachi",
            "real_name": "Adachi",
            "display_name": "足立",
            "team": "T033D70RR6H",
            "name": "tousuien05",
            "is_restricted": false,
            "is_ultra_restricted": false
        },
        "thread_ts": "1739804606.361279",
        "parent_user_id": "U0606SPN4BW",
        "blocks": [
            {
                "type": "rich_text",
                "block_id": "uoSSF",
                "elements": [
                    {
                        "type": "rich_text_section",
                        "elements": [
                            {
                                "type": "user",
                                "user_id": "U0606SPN4BW"
                            },
                            {
                                "type": "text",
                                "text": "\n顧客フォルダ（MRN)が見当たりません…。\nMaria Nasiadkoでしょうか？"
                            }
                        ]
                    }
                ]
            }
        ]
    },
    {
        "user": "U05KGS6HN9H",
        "type": "message",
        "ts": "1739851456.505109",
        "edited": {
            "user": "U05KGS6HN9H",
            "ts": "1739864977.000000"
        },
        "client_msg_id": "fd32a945-fb3c-49e7-a6ad-3a074f9fea8e",
        "text": "<@U0606SPN4BW>\n現時点で入金が確認できないようです。\n集荷ギリギリまで待ちますが、入金が無い場合には\n本日発送を一旦止めます。\n→本日の発送を取止めました。",
        "team": "T033D70RR6H",
        "user_team": "T033D70RR6H",
        "source_team": "T033D70RR6H",
        "user_profile": {
            "avatar_hash": "gc4e7258333f",
            "image_72": "https:\/\/secure.gravatar.com\/avatar\/c4e7258333f2958f831d063db85b4542.jpg?s=72&d=https%3A%2F%2Fa.slack-edge.com%2Fdf10d%2Fimg%2Favatars%2Fava_0005-72.png",
            "first_name": "Adachi",
            "real_name": "Adachi",
            "display_name": "足立",
            "team": "T033D70RR6H",
            "name": "tousuien05",
            "is_restricted": false,
            "is_ultra_restricted": false
        },
        "thread_ts": "1739379298.204879",
        "parent_user_id": "U0606SPN4BW",
        "blocks": [
            {
                "type": "rich_text",
                "block_id": "\/Yexx",
                "elements": [
                    {
                        "type": "rich_text_section",
                        "elements": [
                            {
                                "type": "user",
                                "user_id": "U0606SPN4BW"
                            },
                            {
                                "type": "text",
                                "text": "\n現時点で入金が確認できないようです。\n集荷ギリギリまで待ちますが、入金が無い場合には\n本日発送を一旦止めます。\n→本日の発送を取止めました。"
                            }
                        ]
                    }
                ]
            }
        ]
    },
    {
        "user": "U066P20UQH1",
        "type": "message",
        "ts": "1739852951.621869",
        "client_msg_id": "9121ccda-9461-47d4-bcc7-f1dd798c0869",
        "text": "<@U05KGS6HN9H> <@U0606SPN4BW>\nお客様には入金したら連絡をするように伝えました。23日までPayPal請求書が有効なので、こちらを過ぎたらキャンセルとしますと伝えました。お手数おかけして申し訳ありません。",
        "team": "T033D70RR6H",
        "user_team": "T033D70RR6H",
        "source_team": "T033D70RR6H",
        "user_profile": {
            "avatar_hash": "179323cb3551",
            "image_72": "https:\/\/avatars.slack-edge.com\/2024-04-12\/6955353714228_179323cb3551f7c8ecfe_72.png",
            "first_name": "Haruka",
            "real_name": "Haruka Hayashi",
            "display_name": "林遥香",
            "team": "T033D70RR6H",
            "name": "haru.nboc",
            "is_restricted": false,
            "is_ultra_restricted": false
        },
        "thread_ts": "1739379298.204879",
        "parent_user_id": "U0606SPN4BW",
        "blocks": [
            {
                "type": "rich_text",
                "block_id": "4aIpK",
                "elements": [
                    {
                        "type": "rich_text_section",
                        "elements": [
                            {
                                "type": "user",
                                "user_id": "U05KGS6HN9H"
                            },
                            {
                                "type": "text",
                                "text": " "
                            },
                            {
                                "type": "user",
                                "user_id": "U0606SPN4BW"
                            },
                            {
                                "type": "text",
                                "text": "\nお客様には入金したら連絡をするように伝えました。23日までPayPal請求書が有効なので、こちらを過ぎたらキャンセルとしますと伝えました。お手数おかけして申し訳ありません。"
                            }
                        ]
                    }
                ]
            }
        ],
        "reactions": [
            {
                "name": "了解です",
                "users": [
                    "U05KGS6HN9H"
                ],
                "count": 1
            },
            {
                "name": "あり",
                "users": [
                    "U0606SPN4BW"
                ],
                "count": 1
            },
            {
                "name": "sweat_drops",
                "users": [
                    "U0606SPN4BW"
                ],
                "count": 1
            }
        ]
    },
    {
        "user": "U066P20UQH1",
        "type": "message",
        "ts": "1739857306.276209",
        "client_msg_id": "bf04b66e-86af-4d42-bf5c-937ba66b2e66",
        "text": "<@U05KGS6HN9H> <@U0606SPN4BW>\nフォルダ名変更およびインボイス作成対応しました。\nご確認よろしくお願いいたします。:woman-bowing:\n▼フォルダ名\nMRN-Bartosz Nowacki(alibaba名：Maria Nasiadko）",
        "team": "T033D70RR6H",
        "user_team": "T033D70RR6H",
        "source_team": "T033D70RR6H",
        "user_profile": {
            "avatar_hash": "179323cb3551",
            "image_72": "https:\/\/avatars.slack-edge.com\/2024-04-12\/6955353714228_179323cb3551f7c8ecfe_72.png",
            "first_name": "Haruka",
            "real_name": "Haruka Hayashi",
            "display_name": "林遥香",
            "team": "T033D70RR6H",
            "name": "haru.nboc",
            "is_restricted": false,
            "is_ultra_restricted": false
        },
        "thread_ts": "1739804606.361279",
        "parent_user_id": "U0606SPN4BW",
        "blocks": [
            {
                "type": "rich_text",
                "block_id": "BSy7V",
                "elements": [
                    {
                        "type": "rich_text_section",
                        "elements": [
                            {
                                "type": "user",
                                "user_id": "U05KGS6HN9H"
                            },
                            {
                                "type": "text",
                                "text": " "
                            },
                            {
                                "type": "user",
                                "user_id": "U0606SPN4BW"
                            },
                            {
                                "type": "text",
                                "text": "\nフォルダ名変更およびインボイス作成対応しました。\nご確認よろしくお願いいたします。"
                            },
                            {
                                "type": "emoji",
                                "name": "woman-bowing",
                                "unicode": "1f647-200d-2640-fe0f"
                            },
                            {
                                "type": "text",
                                "text": "\n▼フォルダ名\nMRN-Bartosz Nowacki(alibaba名：Maria Nasiadko）"
                            }
                        ]
                    }
                ]
            }
        ],
        "reactions": [
            {
                "name": "d130b000eb8d6784",
                "users": [
                    "U05KGS6HN9H"
                ],
                "count": 1
            },
            {
                "name": "確認致します",
                "users": [
                    "U05KGS6HN9H"
                ],
                "count": 1
            },
            {
                "name": "あり",
                "users": [
                    "U0606SPN4BW"
                ],
                "count": 1
            },
            {
                "name": "man-bowing",
                "users": [
                    "U0606SPN4BW"
                ],
                "count": 1
            }
        ]
    },
    {
        "user": "U066P20UQH1",
        "type": "message",
        "ts": "1739857810.106439",
        "client_msg_id": "e4ee4c7d-d738-4a15-9b8c-3102961ba9d7",
        "text": "<@U05KGS6HN9H> <@U0606SPN4BW>\nインボイス作成しましたのでご確認よろしくお願いいたします:woman-bowing:",
        "team": "T033D70RR6H",
        "user_team": "T033D70RR6H",
        "source_team": "T033D70RR6H",
        "user_profile": {
            "avatar_hash": "179323cb3551",
            "image_72": "https:\/\/avatars.slack-edge.com\/2024-04-12\/6955353714228_179323cb3551f7c8ecfe_72.png",
            "first_name": "Haruka",
            "real_name": "Haruka Hayashi",
            "display_name": "林遥香",
            "team": "T033D70RR6H",
            "name": "haru.nboc",
            "is_restricted": false,
            "is_ultra_restricted": false
        },
        "thread_ts": "1739803781.684739",
        "parent_user_id": "U0606SPN4BW",
        "blocks": [
            {
                "type": "rich_text",
                "block_id": "XkkM1",
                "elements": [
                    {
                        "type": "rich_text_section",
                        "elements": [
                            {
                                "type": "user",
                                "user_id": "U05KGS6HN9H"
                            },
                            {
                                "type": "text",
                                "text": " "
                            },
                            {
                                "type": "user",
                                "user_id": "U0606SPN4BW"
                            },
                            {
                                "type": "text",
                                "text": "\nインボイス作成しましたのでご確認よろしくお願いいたします"
                            },
                            {
                                "type": "emoji",
                                "name": "woman-bowing",
                                "unicode": "1f647-200d-2640-fe0f"
                            }
                        ]
                    }
                ]
            }
        ],
        "reactions": [
            {
                "name": "d130b000eb8d6784",
                "users": [
                    "U05KGS6HN9H"
                ],
                "count": 1
            },
            {
                "name": "確認致します",
                "users": [
                    "U05KGS6HN9H"
                ],
                "count": 1
            },
            {
                "name": "あり",
                "users": [
                    "U0606SPN4BW"
                ],
                "count": 1
            }
        ]
    },
    {
        "user": "U066P20UQH1",
        "type": "message",
        "ts": "1739861547.894739",
        "edited": {
            "user": "U066P20UQH1",
            "ts": "1739861571.000000"
        },
        "client_msg_id": "d3446e7c-43b3-49f5-8d62-2323f3308d91",
        "text": "<!subteam^S073HEMKWV7|@hirakawa-adachi-yamamoto-fuse>\n*TSE-RNT-SPL-001-25*\n:flag-hu:ハンガリー：RNT-Renata Grebely(HP→Whats)様からサンプル注文をいただきました。\n*＊国内発送です***",
        "team": "T033D70RR6H",
        "user_team": "T033D70RR6H",
        "source_team": "T033D70RR6H",
        "user_profile": {
            "avatar_hash": "179323cb3551",
            "image_72": "https:\/\/avatars.slack-edge.com\/2024-04-12\/6955353714228_179323cb3551f7c8ecfe_72.png",
            "first_name": "Haruka",
            "real_name": "Haruka Hayashi",
            "display_name": "林遥香",
            "team": "T033D70RR6H",
            "name": "haru.nboc",
            "is_restricted": false,
            "is_ultra_restricted": false
        },
        "thread_ts": "1739861547.894739",
        "reply_count": 7,
        "reply_users_count": 3,
        "latest_reply": "1740643539.903419",
        "reply_users": [
            "U066P20UQH1",
            "U0331FZTHEK",
            "U041RJKV5JA"
        ],
        "replies": [
            {
                "user": "U066P20UQH1",
                "ts": "1739861874.213699"
            },
            {
                "user": "U066P20UQH1",
                "ts": "1739861884.759979"
            },
            {
                "user": "U0331FZTHEK",
                "ts": "1739862594.933279"
            },
            {
                "user": "U066P20UQH1",
                "ts": "1740446772.189399"
            },
            {
                "user": "U041RJKV5JA",
                "ts": "1740488783.913819"
            },
            {
                "user": "U066P20UQH1",
                "ts": "1740491117.799619"
            },
            {
                "user": "U041RJKV5JA",
                "ts": "1740643539.903419"
            }
        ],
        "is_locked": false,
        "subscribed": false,
        "blocks": [
            {
                "type": "rich_text",
                "block_id": "bJ\/BG",
                "elements": [
                    {
                        "type": "rich_text_section",
                        "elements": [
                            {
                                "type": "usergroup",
                                "usergroup_id": "S073HEMKWV7"
                            },
                            {
                                "type": "text",
                                "text": "\n"
                            },
                            {
                                "type": "text",
                                "text": "TSE-RNT-SPL-001-25",
                                "style": {
                                    "bold": true
                                }
                            },
                            {
                                "type": "text",
                                "text": "\n"
                            },
                            {
                                "type": "emoji",
                                "name": "flag-hu",
                                "unicode": "1f1ed-1f1fa"
                            },
                            {
                                "type": "text",
                                "text": "ハンガリー：RNT-Renata Grebely(HP→Whats)様からサンプル注文をいただきました。\n"
                            },
                            {
                                "type": "text",
                                "text": "＊国内発送です",
                                "style": {
                                    "bold": true
                                }
                            },
                            {
                                "type": "text",
                                "text": "**"
                            }
                        ]
                    }
                ]
            }
        ],
        "reactions": [
            {
                "name": "承知_致しました",
                "users": [
                    "U05KGS6HN9H",
                    "U041RJKV5JA"
                ],
                "count": 2
            },
            {
                "name": "済",
                "users": [
                    "U066P20UQH1"
                ],
                "count": 1
            }
        ]
    },
    {
        "user": "U066P20UQH1",
        "type": "message",
        "ts": "1739861874.213699",
        "client_msg_id": "c62170ed-2527-4323-ba34-1212deab17cb",
        "text": "<!subteam^S073HEMKWV7|@hirakawa-adachi-yamamoto-fuse>\n20g サンプル\n非有機抹茶6種\n　出雲精茶G\n　出雲精茶R\n　出雲精茶T\n　出雲精茶N\n　出雲精茶F\n　出雲精茶W\n有機ブレンド抹茶2種\nジンジャー抹茶\n　鹿児島B（93%）しまね有機　有機しょうがパウダー（7%）\n　鹿児島B（95%）　キタマ　国産有機ペパーミント（5%）\n\n出荷先：\n宛名：Renata Grebely\n静岡県浜松市中央区蜆塚3-22-1\n静岡大学　浜松インターナショナルレジデンス #1\n412号室\n\n出荷予定日わかり次第共有をお願いいたします。:woman-bowing:\n\n<@U0331FZTHEK>\n入金確認済みですので、回収処理をお願いいたします。:woman-bowing:",
        "team": "T033D70RR6H",
        "user_team": "T033D70RR6H",
        "source_team": "T033D70RR6H",
        "user_profile": {
            "avatar_hash": "179323cb3551",
            "image_72": "https:\/\/avatars.slack-edge.com\/2024-04-12\/6955353714228_179323cb3551f7c8ecfe_72.png",
            "first_name": "Haruka",
            "real_name": "Haruka Hayashi",
            "display_name": "林遥香",
            "team": "T033D70RR6H",
            "name": "haru.nboc",
            "is_restricted": false,
            "is_ultra_restricted": false
        },
        "thread_ts": "1739861547.894739",
        "parent_user_id": "U066P20UQH1",
        "blocks": [
            {
                "type": "rich_text",
                "block_id": "eD\/Ux",
                "elements": [
                    {
                        "type": "rich_text_section",
                        "elements": [
                            {
                                "type": "usergroup",
                                "usergroup_id": "S073HEMKWV7"
                            },
                            {
                                "type": "text",
                                "text": "\n20g サンプル\n非有機抹茶6種\n　出雲精茶G\n　出雲精茶R\n　出雲精茶T\n　出雲精茶N\n　出雲精茶F\n　出雲精茶W\n有機ブレンド抹茶2種\nジンジャー抹茶\n　鹿児島B（93%）しまね有機　有機しょうがパウダー（7%）\n　鹿児島B（95%）　キタマ　国産有機ペパーミント（5%）\n\n出荷先：\n宛名：Renata Grebely\n静岡県浜松市中央区蜆塚3-22-1\n静岡大学　浜松インターナショナルレジデンス #1\n412号室\n\n出荷予定日わかり次第共有をお願いいたします。"
                            },
                            {
                                "type": "emoji",
                                "name": "woman-bowing",
                                "unicode": "1f647-200d-2640-fe0f"
                            },
                            {
                                "type": "text",
                                "text": "\n\n"
                            },
                            {
                                "type": "user",
                                "user_id": "U0331FZTHEK"
                            },
                            {
                                "type": "text",
                                "text": "\n入金確認済みですので、回収処理をお願いいたします。"
                            },
                            {
                                "type": "emoji",
                                "name": "woman-bowing",
                                "unicode": "1f647-200d-2640-fe0f"
                            }
                        ]
                    }
                ]
            }
        ],
        "reactions": [
            {
                "name": "d130b000eb8d6784",
                "users": [
                    "U0331FZTHEK"
                ],
                "count": 1
            },
            {
                "name": "承知_致しました",
                "users": [
                    "U0331FZTHEK"
                ],
                "count": 1
            }
        ]
    },
    {
        "text": "",
        "files": [
            {
                "id": "F08EF17QGV6",
                "created": 1739861880,
                "timestamp": 1739861880,
                "name": "原料・資材他.png",
                "title": "原料・資材他.png",
                "mimetype": "image\/png",
                "filetype": "png",
                "pretty_type": "PNG",
                "user": "U066P20UQH1",
                "user_team": "T033D70RR6H",
                "editable": false,
                "size": 233796,
                "mode": "hosted",
                "is_external": false,
                "external_type": "",
                "is_public": true,
                "public_url_shared": false,
                "display_as_bot": false,
                "username": "",
                "url_private": "https:\/\/files.slack.com\/files-pri\/T033D70RR6H-F08EF17QGV6\/__________________.png?token=xoxe-3115238875221-9710624591398-9697214945543-aa82359f925d11baadb4ddc07b089467",
                "url_private_download": "https:\/\/files.slack.com\/files-pri\/T033D70RR6H-F08EF17QGV6\/download\/__________________.png?token=xoxe-3115238875221-9710624591398-9697214945543-aa82359f925d11baadb4ddc07b089467",
                "media_display_type": "unknown",
                "thumb_64": "https:\/\/files.slack.com\/files-tmb\/T033D70RR6H-F08EF17QGV6-2e0a4b6ea5\/___________________64.png?t=xoxe-3115238875221-9710624591398-9697214945543-aa82359f925d11baadb4ddc07b089467",
                "thumb_80": "https:\/\/files.slack.com\/files-tmb\/T033D70RR6H-F08EF17QGV6-2e0a4b6ea5\/___________________80.png?t=xoxe-3115238875221-9710624591398-9697214945543-aa82359f925d11baadb4ddc07b089467",
                "thumb_360": "https:\/\/files.slack.com\/files-tmb\/T033D70RR6H-F08EF17QGV6-2e0a4b6ea5\/___________________360.png?t=xoxe-3115238875221-9710624591398-9697214945543-aa82359f925d11baadb4ddc07b089467",
                "thumb_360_w": 360,
                "thumb_360_h": 163,
                "thumb_480": "https:\/\/files.slack.com\/files-tmb\/T033D70RR6H-F08EF17QGV6-2e0a4b6ea5\/___________________480.png?t=xoxe-3115238875221-9710624591398-9697214945543-aa82359f925d11baadb4ddc07b089467",
                "thumb_480_w": 480,
                "thumb_480_h": 217,
                "thumb_160": "https:\/\/files.slack.com\/files-tmb\/T033D70RR6H-F08EF17QGV6-2e0a4b6ea5\/___________________160.png?t=xoxe-3115238875221-9710624591398-9697214945543-aa82359f925d11baadb4ddc07b089467",
                "thumb_720": "https:\/\/files.slack.com\/files-tmb\/T033D70RR6H-F08EF17QGV6-2e0a4b6ea5\/___________________720.png?t=xoxe-3115238875221-9710624591398-9697214945543-aa82359f925d11baadb4ddc07b089467",
                "thumb_720_w": 720,
                "thumb_720_h": 326,
                "thumb_800": "https:\/\/files.slack.com\/files-tmb\/T033D70RR6H-F08EF17QGV6-2e0a4b6ea5\/___________________800.png?t=xoxe-3115238875221-9710624591398-9697214945543-aa82359f925d11baadb4ddc07b089467",
                "thumb_800_w": 800,
                "thumb_800_h": 362,
                "thumb_960": "https:\/\/files.slack.com\/files-tmb\/T033D70RR6H-F08EF17QGV6-2e0a4b6ea5\/___________________960.png?t=xoxe-3115238875221-9710624591398-9697214945543-aa82359f925d11baadb4ddc07b089467",
                "thumb_960_w": 960,
                "thumb_960_h": 434,
                "thumb_1024": "https:\/\/files.slack.com\/files-tmb\/T033D70RR6H-F08EF17QGV6-2e0a4b6ea5\/___________________1024.png?t=xoxe-3115238875221-9710624591398-9697214945543-aa82359f925d11baadb4ddc07b089467",
                "thumb_1024_w": 1024,
                "thumb_1024_h": 463,
                "original_w": 2214,
                "original_h": 1002,
                "thumb_tiny": "AwAVADB+aAc0GgUAKKKQUtABiiiigBMUDpS0goAAKXNAooAM0UUUAf\/Z",
                "permalink": "https:\/\/grp-ssm9297.slack.com\/files\/U0331FWGQRM\/F08EF17QGV6\/__________________.png",
                "permalink_public": "https:\/\/slack-files.com\/T033D70RR6H-F08EF17QGV6-98f2e04995",
                "is_starred": false,
                "skipped_shares": true,
                "has_rich_preview": false,
                "file_access": "visible"
            }
        ],
        "upload": false,
        "user": "U066P20UQH1",
        "display_as_bot": false,
        "type": "message",
        "ts": "1739861884.759979",
        "client_msg_id": "da203bf0-844b-4467-846d-acdfa0be1e4d",
        "thread_ts": "1739861547.894739",
        "parent_user_id": "U066P20UQH1"
    },
    {
        "user": "U0331FZTHEK",
        "type": "message",
        "ts": "1739862594.933279",
        "client_msg_id": "12e901d9-5606-4cd4-a987-8bca6cdc098d",
        "text": "<@U066P20UQH1>\n <!subteam^S073HEMKWV7|@hirakawa-adachi-yamamoto-fuse>\nご入金を確認致しました。\n・2\/18 [PayPal]\n・40 USD\n回収（入金）処理致します。\nよろしくお願いします。",
        "team": "T033D70RR6H",
        "user_team": "T033D70RR6H",
        "source_team": "T033D70RR6H",
        "user_profile": {
            "avatar_hash": "21cdbd6a05f9",
            "image_72": "https:\/\/avatars.slack-edge.com\/2022-02-16\/3115258488741_21cdbd6a05f9a69110f7_72.png",
            "first_name": "Mitsunobu",
            "real_name": "Mitsunobu Katayose",
            "display_name": "片寄",
            "team": "T033D70RR6H",
            "name": "tousuien03",
            "is_restricted": false,
            "is_ultra_restricted": false
        },
        "thread_ts": "1739861547.894739",
        "parent_user_id": "U066P20UQH1",
        "blocks": [
            {
                "type": "rich_text",
                "block_id": "79c9R",
                "elements": [
                    {
                        "type": "rich_text_section",
                        "elements": [
                            {
                                "type": "user",
                                "user_id": "U066P20UQH1"
                            },
                            {
                                "type": "text",
                                "text": "\n "
                            },
                            {
                                "type": "usergroup",
                                "usergroup_id": "S073HEMKWV7"
                            },
                            {
                                "type": "text",
                                "text": "\nご入金を確認致しました。\n・2\/18 [PayPal]\n・40 USD\n回収（入金）処理致します。\nよろしくお願いします。"
                            }
                        ]
                    }
                ]
            }
        ],
        "reactions": [
            {
                "name": "pray",
                "users": [
                    "U066P20UQH1"
                ],
                "count": 1
            },
            {
                "name": "入金完了",
                "users": [
                    "U0331FZTHEK"
                ],
                "count": 1
            }
        ]
    }
]