[
    {
        "user": "U08N3SKSL75",
        "type": "message",
        "ts": "1752307486.699969",
        "client_msg_id": "007055ec-54e3-472a-a116-fe96eda3799b",
        "text": "<!subteam^S073HEMKWV7|@hirakawa-adachi-yamamoto-fuse>\n1311:flag-sa:サウジアラビア　MAJ-Majd Almarri(WhatsApp)様からサンプル注文を頂きました。\n*TSE-MAJ-SPL-002-25*",
        "team": "T033D70RR6H",
        "user_team": "T033D70RR6H",
        "source_team": "T033D70RR6H",
        "user_profile": {
            "avatar_hash": "g385a5ea1fc7",
            "image_72": "https:\/\/secure.gravatar.com\/avatar\/385a5ea1fc7db8f0b42ecd922f43af6c.jpg?s=72&d=https%3A%2F%2Fa.slack-edge.com%2Fdf10d%2Fimg%2Favatars%2Fava_0013-72.png",
            "first_name": "Kimura",
            "real_name": "Kimura",
            "display_name": "Kimura",
            "team": "T033D70RR6H",
            "name": "tousuien.kimura",
            "is_restricted": false,
            "is_ultra_restricted": false
        },
        "thread_ts": "1752307486.699969",
        "reply_count": 4,
        "reply_users_count": 3,
        "latest_reply": "1755586065.641859",
        "reply_users": [
            "U08N3SKSL75",
            "U033G4KN4TD",
            "U041RJKV5JA"
        ],
        "replies": [
            {
                "user": "U08N3SKSL75",
                "ts": "1752307556.964239"
            },
            {
                "user": "U08N3SKSL75",
                "ts": "1752561402.921059"
            },
            {
                "user": "U033G4KN4TD",
                "ts": "1754115583.132629"
            },
            {
                "user": "U041RJKV5JA",
                "ts": "1755586065.641859"
            }
        ],
        "is_locked": false,
        "subscribed": false,
        "blocks": [
            {
                "type": "rich_text",
                "block_id": "v1cqe",
                "elements": [
                    {
                        "type": "rich_text_section",
                        "elements": [
                            {
                                "type": "usergroup",
                                "usergroup_id": "S073HEMKWV7"
                            },
                            {
                                "type": "text",
                                "text": "\n1311"
                            },
                            {
                                "type": "emoji",
                                "name": "flag-sa",
                                "unicode": "1f1f8-1f1e6"
                            },
                            {
                                "type": "text",
                                "text": "サウジアラビア　MAJ-Majd Almarri(WhatsApp)様からサンプル注文を頂きました。\n"
                            },
                            {
                                "type": "text",
                                "text": "TSE-MAJ-SPL-002-25",
                                "style": {
                                    "bold": true
                                }
                            }
                        ]
                    }
                ]
            }
        ]
    },
    {
        "user": "U08N3SKSL75",
        "type": "message",
        "ts": "1752307556.964239",
        "client_msg_id": "01f86550-bd69-43d0-a0d8-0233c99dd230",
        "text": "<https:\/\/grp-ssm9297.slack.com\/admin\/user_groups|@hirakawa-adachi-yokoi-yamamoto> <https:\/\/grp-ssm9297.slack.com\/admin\/user_groups|@oka-matsui-furukawa-hayashi-kimura>\n下記へ発送手続き、および発送日のお知らせをお願いします。\n\n<https:\/\/grp-ssm9297.slack.com\/admin\/user_groups|@katayose-kamiya>　本件、無償サンプルです。\n\n▼サンプル内容 (計 4点)\n&lt;各10g&gt;\nOrganic Matcha Upper - 1\t鹿児島製茶 [鹿児島A 90%：鹿児島B 10%]\nOrganic Matcha Upper - 2\t鹿児島製茶 [鹿児島A 50%：鹿児島B 50%]\nOrganic Matcha Middle - 1\t鹿児島製茶 鹿児島B\nOrganic Matcha Middle - 2\t鹿児島製茶 鹿児島C\n\n包材ラベル他通常サンプルと同様です。\n箱：ボタニカル\n発送:DHL",
        "team": "T033D70RR6H",
        "user_team": "T033D70RR6H",
        "source_team": "T033D70RR6H",
        "user_profile": {
            "avatar_hash": "g385a5ea1fc7",
            "image_72": "https:\/\/secure.gravatar.com\/avatar\/385a5ea1fc7db8f0b42ecd922f43af6c.jpg?s=72&d=https%3A%2F%2Fa.slack-edge.com%2Fdf10d%2Fimg%2Favatars%2Fava_0013-72.png",
            "first_name": "Kimura",
            "real_name": "Kimura",
            "display_name": "Kimura",
            "team": "T033D70RR6H",
            "name": "tousuien.kimura",
            "is_restricted": false,
            "is_ultra_restricted": false
        },
        "thread_ts": "1752307486.699969",
        "parent_user_id": "U08N3SKSL75",
        "blocks": [
            {
                "type": "rich_text",
                "block_id": "zdjcf",
                "elements": [
                    {
                        "type": "rich_text_section",
                        "elements": [
                            {
                                "type": "link",
                                "url": "https:\/\/grp-ssm9297.slack.com\/admin\/user_groups",
                                "text": "@hirakawa-adachi-yokoi-yamamoto"
                            },
                            {
                                "type": "text",
                                "text": " "
                            },
                            {
                                "type": "link",
                                "url": "https:\/\/grp-ssm9297.slack.com\/admin\/user_groups",
                                "text": "@oka-matsui-furukawa-hayashi-kimura"
                            },
                            {
                                "type": "text",
                                "text": "\n下記へ発送手続き、および発送日のお知らせをお願いします。\n\n"
                            },
                            {
                                "type": "link",
                                "url": "https:\/\/grp-ssm9297.slack.com\/admin\/user_groups",
                                "text": "@katayose-kamiya"
                            },
                            {
                                "type": "text",
                                "text": "　本件、無償サンプルです。\n\n▼サンプル内容 (計 4点)\n<各10g>\nOrganic Matcha Upper - 1\t鹿児島製茶 [鹿児島A 90%：鹿児島B 10%]\nOrganic Matcha Upper - 2\t鹿児島製茶 [鹿児島A 50%：鹿児島B 50%]\nOrganic Matcha Middle - 1\t鹿児島製茶 鹿児島B\nOrganic Matcha Middle - 2\t鹿児島製茶 鹿児島C\n\n包材ラベル他通常サンプルと同様です。\n箱：ボタニカル\n発送:DHL"
                            }
                        ]
                    }
                ]
            }
        ],
        "reactions": [
            {
                "name": "承知_致しました",
                "users": [
                    "U0331FZTHEK"
                ],
                "count": 1
            }
        ]
    },
    {
        "user": "U0606SPN4BW",
        "type": "message",
        "ts": "1752325141.909109",
        "client_msg_id": "53e59a9a-4ac9-43cc-a48a-9a9842a71cb2",
        "text": "<!subteam^S073HEMKWV7|@hirakawa-adachi-yamamoto-fuse>\n1312 :flag-cz: チェコ JRM-Jirka Martinec様からサンプル注文を頂きました。\n*TSE-JRM-SPL-001-25*",
        "team": "T033D70RR6H",
        "user_team": "T033D70RR6H",
        "source_team": "T033D70RR6H",
        "user_profile": {
            "avatar_hash": "823d8545f678",
            "image_72": "https:\/\/avatars.slack-edge.com\/2024-04-12\/6946592133062_823d8545f678615a3e0a_72.jpg",
            "first_name": "SATOSHI",
            "real_name": "SATOSHI FURUKAWA",
            "display_name": "古川　敏",
            "team": "T033D70RR6H",
            "name": "jpfreebirds",
            "is_restricted": false,
            "is_ultra_restricted": false
        },
        "thread_ts": "1752325141.909109",
        "reply_count": 5,
        "reply_users_count": 4,
        "latest_reply": "1755585684.720589",
        "reply_users": [
            "U0606SPN4BW",
            "U0331FZTHEK",
            "U033G4KN4TD",
            "U041RJKV5JA"
        ],
        "replies": [
            {
                "user": "U0606SPN4BW",
                "ts": "1752325204.302779"
            },
            {
                "user": "U0331FZTHEK",
                "ts": "1752446966.877539"
            },
            {
                "user": "U0606SPN4BW",
                "ts": "1752513749.665029"
            },
            {
                "user": "U033G4KN4TD",
                "ts": "1754115618.789549"
            },
            {
                "user": "U041RJKV5JA",
                "ts": "1755585684.720589"
            }
        ],
        "is_locked": false,
        "subscribed": false,
        "blocks": [
            {
                "type": "rich_text",
                "block_id": "THI0V",
                "elements": [
                    {
                        "type": "rich_text_section",
                        "elements": [
                            {
                                "type": "usergroup",
                                "usergroup_id": "S073HEMKWV7"
                            },
                            {
                                "type": "text",
                                "text": "\n1312 "
                            },
                            {
                                "type": "emoji",
                                "name": "flag-cz",
                                "unicode": "1f1e8-1f1ff"
                            },
                            {
                                "type": "text",
                                "text": " チェコ JRM-Jirka Martinec様からサンプル注文を頂きました。\n"
                            },
                            {
                                "type": "text",
                                "text": "TSE-JRM-SPL-001-25",
                                "style": {
                                    "bold": true
                                }
                            }
                        ]
                    }
                ]
            }
        ]
    },
    {
        "user": "U0606SPN4BW",
        "type": "message",
        "ts": "1752325204.302779",
        "client_msg_id": "e8c759a2-7de0-4fd0-8a17-134bba798bf2",
        "text": "発送予定日のお知らせをお願いします！\n\n\n<!subteam^S08NN8M4LAZ|@katayose-kamiya>\n請求中 (PayPal ), 入金確認後に回収処理をお願いします！\n\n\n▼注文内容 (計 8点)\n&lt; 標準サンプル, 各10g&gt;\n```Organic Matcha Upper grade - 1, 鹿児島製茶 [鹿児島A 90%：鹿児島B 10%]\n\nOrganic Matcha Upper grade - 2, 鹿児島製茶 [鹿児島A 50%：鹿児島B 50%]\n\nOrganic Matcha Middle grade - 1, 鹿児島製茶 鹿児島B\n\nOrganic Matcha Middle grade - 2, 鹿児島製茶 鹿児島C\n\nNon-organic Matcha Upper grade - 1, 出雲抹茶G\n\nNon-organic Matcha Upper grade - 2, 出雲抹茶R\n\nNon-organic Matcha Middle grade - 1, 出雲抹茶T\n\nNon-organic Matcha Middle grade - 2, 出雲抹茶N```\n\n箱：ボタニカル\n発送：DHL",
        "team": "T033D70RR6H",
        "user_team": "T033D70RR6H",
        "source_team": "T033D70RR6H",
        "user_profile": {
            "avatar_hash": "823d8545f678",
            "image_72": "https:\/\/avatars.slack-edge.com\/2024-04-12\/6946592133062_823d8545f678615a3e0a_72.jpg",
            "first_name": "SATOSHI",
            "real_name": "SATOSHI FURUKAWA",
            "display_name": "古川　敏",
            "team": "T033D70RR6H",
            "name": "jpfreebirds",
            "is_restricted": false,
            "is_ultra_restricted": false
        },
        "thread_ts": "1752325141.909109",
        "parent_user_id": "U0606SPN4BW",
        "blocks": [
            {
                "type": "rich_text",
                "block_id": "9Dx62",
                "elements": [
                    {
                        "type": "rich_text_section",
                        "elements": [
                            {
                                "type": "text",
                                "text": "発送予定日のお知らせをお願いします！\n\n\n"
                            },
                            {
                                "type": "usergroup",
                                "usergroup_id": "S08NN8M4LAZ"
                            },
                            {
                                "type": "text",
                                "text": "\n請求中 (PayPal ), 入金確認後に回収処理をお願いします！\n\n\n▼注文内容 (計 8点)\n< 標準サンプル, 各10g>\n"
                            }
                        ]
                    },
                    {
                        "type": "rich_text_preformatted",
                        "elements": [
                            {
                                "type": "text",
                                "text": "Organic Matcha Upper grade - 1, 鹿児島製茶 [鹿児島A 90%：鹿児島B 10%]\n\nOrganic Matcha Upper grade - 2, 鹿児島製茶 [鹿児島A 50%：鹿児島B 50%]\n\nOrganic Matcha Middle grade - 1, 鹿児島製茶 鹿児島B\n\nOrganic Matcha Middle grade - 2, 鹿児島製茶 鹿児島C\n\nNon-organic Matcha Upper grade - 1, 出雲抹茶G\n\nNon-organic Matcha Upper grade - 2, 出雲抹茶R\n\nNon-organic Matcha Middle grade - 1, 出雲抹茶T\n\nNon-organic Matcha Middle grade - 2, 出雲抹茶N"
                            }
                        ],
                        "border": 0
                    },
                    {
                        "type": "rich_text_section",
                        "elements": [
                            {
                                "type": "text",
                                "text": "\n\n箱：ボタニカル\n発送：DHL"
                            }
                        ]
                    }
                ]
            }
        ],
        "reactions": [
            {
                "name": "承知_致しました",
                "users": [
                    "U0331FZTHEK"
                ],
                "count": 1
            }
        ]
    },
    {
        "user": "U0606SPN4BW",
        "type": "message",
        "ts": "1752335819.197879",
        "client_msg_id": "9c3c885b-ec7f-4899-8482-9e0219cfe4f7",
        "text": "<!subteam^S073HEMKWV7|@hirakawa-adachi-yamamoto-fuse>\n1313 :flag-be:ベルギー BKB-Barkboy, Reda Vranken(alibaba→Whats)様からサンプル注文をいただきました。\n*TSE-BKB-SPL-001-25*",
        "team": "T033D70RR6H",
        "user_team": "T033D70RR6H",
        "source_team": "T033D70RR6H",
        "user_profile": {
            "avatar_hash": "823d8545f678",
            "image_72": "https:\/\/avatars.slack-edge.com\/2024-04-12\/6946592133062_823d8545f678615a3e0a_72.jpg",
            "first_name": "SATOSHI",
            "real_name": "SATOSHI FURUKAWA",
            "display_name": "古川　敏",
            "team": "T033D70RR6H",
            "name": "jpfreebirds",
            "is_restricted": false,
            "is_ultra_restricted": false
        },
        "thread_ts": "1752335819.197879",
        "reply_count": 4,
        "reply_users_count": 3,
        "latest_reply": "1755585909.779159",
        "reply_users": [
            "U0606SPN4BW",
            "U033G4KN4TD",
            "U041RJKV5JA"
        ],
        "replies": [
            {
                "user": "U0606SPN4BW",
                "ts": "1752335890.146649"
            },
            {
                "user": "U0606SPN4BW",
                "ts": "1753193253.916279"
            },
            {
                "user": "U033G4KN4TD",
                "ts": "1754115680.501699"
            },
            {
                "user": "U041RJKV5JA",
                "ts": "1755585909.779159"
            }
        ],
        "is_locked": false,
        "subscribed": false,
        "blocks": [
            {
                "type": "rich_text",
                "block_id": "6g9qS",
                "elements": [
                    {
                        "type": "rich_text_section",
                        "elements": [
                            {
                                "type": "usergroup",
                                "usergroup_id": "S073HEMKWV7"
                            },
                            {
                                "type": "text",
                                "text": "\n1313 "
                            },
                            {
                                "type": "emoji",
                                "name": "flag-be",
                                "unicode": "1f1e7-1f1ea"
                            },
                            {
                                "type": "text",
                                "text": "ベルギー BKB-Barkboy, Reda Vranken(alibaba→Whats)様からサンプル注文をいただきました。\n"
                            },
                            {
                                "type": "text",
                                "text": "TSE-BKB-SPL-001-25",
                                "style": {
                                    "bold": true
                                }
                            }
                        ]
                    }
                ]
            }
        ]
    },
    {
        "user": "U0606SPN4BW",
        "type": "message",
        "ts": "1752335890.146649",
        "client_msg_id": "879b466a-6645-49bf-9cc2-6ffe9d2e2e48",
        "text": "発送予定日のお知らせをお願いします！\n\n\n<!subteam^S08NN8M4LAZ|@katayose-kamiya>　\n無償提供です、よろしくお願いします！\n\n\n▼注文内容 (計 8点)\n&lt; 標準サンプル, 各10g&gt;\n```Organic Matcha Upper grade - 1, 鹿児島製茶 [鹿児島A 90%：鹿児島B 10%]\n\nOrganic Matcha Upper grade - 2, 鹿児島製茶 [鹿児島A 50%：鹿児島B 50%]\n\nOrganic Matcha Middle grade - 1, 鹿児島製茶 鹿児島B\n\nOrganic Matcha Middle grade - 2, 鹿児島製茶 鹿児島C\n\nNon-organic Matcha Upper grade - 1, 出雲抹茶G\n\nNon-organic Matcha Upper grade - 2, 出雲抹茶R\n\nNon-organic Matcha Middle grade - 1, 出雲抹茶T\n\nNon-organic Matcha Middle grade - 2, 出雲抹茶N```\n\n箱：ボタニカル\n発送：DHL",
        "team": "T033D70RR6H",
        "user_team": "T033D70RR6H",
        "source_team": "T033D70RR6H",
        "user_profile": {
            "avatar_hash": "823d8545f678",
            "image_72": "https:\/\/avatars.slack-edge.com\/2024-04-12\/6946592133062_823d8545f678615a3e0a_72.jpg",
            "first_name": "SATOSHI",
            "real_name": "SATOSHI FURUKAWA",
            "display_name": "古川　敏",
            "team": "T033D70RR6H",
            "name": "jpfreebirds",
            "is_restricted": false,
            "is_ultra_restricted": false
        },
        "thread_ts": "1752335819.197879",
        "parent_user_id": "U0606SPN4BW",
        "blocks": [
            {
                "type": "rich_text",
                "block_id": "+Uj\/I",
                "elements": [
                    {
                        "type": "rich_text_section",
                        "elements": [
                            {
                                "type": "text",
                                "text": "発送予定日のお知らせをお願いします！\n\n\n"
                            },
                            {
                                "type": "usergroup",
                                "usergroup_id": "S08NN8M4LAZ"
                            },
                            {
                                "type": "text",
                                "text": "　\n無償提供です、よろしくお願いします！\n\n\n▼注文内容 (計 8点)\n< 標準サンプル, 各10g>\n"
                            }
                        ]
                    },
                    {
                        "type": "rich_text_preformatted",
                        "elements": [
                            {
                                "type": "text",
                                "text": "Organic Matcha Upper grade - 1, 鹿児島製茶 [鹿児島A 90%：鹿児島B 10%]\n\nOrganic Matcha Upper grade - 2, 鹿児島製茶 [鹿児島A 50%：鹿児島B 50%]\n\nOrganic Matcha Middle grade - 1, 鹿児島製茶 鹿児島B\n\nOrganic Matcha Middle grade - 2, 鹿児島製茶 鹿児島C\n\nNon-organic Matcha Upper grade - 1, 出雲抹茶G\n\nNon-organic Matcha Upper grade - 2, 出雲抹茶R\n\nNon-organic Matcha Middle grade - 1, 出雲抹茶T\n\nNon-organic Matcha Middle grade - 2, 出雲抹茶N"
                            }
                        ],
                        "border": 0
                    },
                    {
                        "type": "rich_text_section",
                        "elements": [
                            {
                                "type": "text",
                                "text": "\n\n箱：ボタニカル\n発送：DHL"
                            }
                        ]
                    }
                ]
            }
        ],
        "reactions": [
            {
                "name": "承知_致しました",
                "users": [
                    "U0331FZTHEK"
                ],
                "count": 1
            }
        ]
    }
]