[
    {
        "user": "U08RVRNBY00",
        "type": "message",
        "ts": "1748329279.724809",
        "client_msg_id": "cd69bde6-46bb-4f99-8928-cf411cb75508",
        "text": "<!subteam^S073HEMKWV7|@hirakawa-adachi-yamamoto-fuse>\n山本さん修正ありがとうございます。書き換え完了しました:woman-bowing:",
        "team": "T033D70RR6H",
        "user_team": "T033D70RR6H",
        "source_team": "T033D70RR6H",
        "user_profile": {
            "avatar_hash": "g347f3e803ab",
            "image_72": "https:\/\/secure.gravatar.com\/avatar\/347f3e803abca8b6a7b724895864d138.jpg?s=72&d=https%3A%2F%2Fa.slack-edge.com%2Fdf10d%2Fimg%2Favatars%2Fava_0001-72.png",
            "first_name": "Hikako",
            "real_name": "Hikako Hasegawa",
            "display_name": "Hikako Hasegawa",
            "team": "T033D70RR6H",
            "name": "tousuien.hasegawa",
            "is_restricted": false,
            "is_ultra_restricted": false
        },
        "thread_ts": "1747650936.147169",
        "parent_user_id": "U08RVRNBY00",
        "blocks": [
            {
                "type": "rich_text",
                "block_id": "oS5pN",
                "elements": [
                    {
                        "type": "rich_text_section",
                        "elements": [
                            {
                                "type": "usergroup",
                                "usergroup_id": "S073HEMKWV7"
                            },
                            {
                                "type": "text",
                                "text": "\n山本さん修正ありがとうございます。書き換え完了しました"
                            },
                            {
                                "type": "emoji",
                                "name": "woman-bowing",
                                "unicode": "1f647-200d-2640-fe0f"
                            }
                        ]
                    }
                ]
            }
        ],
        "reactions": [
            {
                "name": "d130b000eb8d6784",
                "users": [
                    "U08NVD403GV"
                ],
                "count": 1
            }
        ]
    },
    {
        "user": "U08NVD403GV",
        "type": "message",
        "ts": "1748331278.060519",
        "client_msg_id": "edd46a1b-ac69-4347-82dd-47c4ccac1935",
        "text": "<@U0331FWGQRM>\n <!subteam^S073HEMKWV7|@hirakawa-adachi-yamamoto-fuse> <!subteam^S088LEJ1U5T|@kanayama-fukui-miyoshi-yokoi-takuwa-hara-imaoka-agou>\n本日佐川にて出荷しました。\nAWB No.492309840982\nよろしくお願いいたします。",
        "team": "T033D70RR6H",
        "user_team": "T033D70RR6H",
        "source_team": "T033D70RR6H",
        "user_profile": {
            "avatar_hash": "g631762386a6",
            "image_72": "https:\/\/secure.gravatar.com\/avatar\/631762386a6de814719795fffc991b1e.jpg?s=72&d=https%3A%2F%2Fa.slack-edge.com%2Fdf10d%2Fimg%2Favatars%2Fava_0009-72.png",
            "first_name": "Yamamoto",
            "real_name": "Yamamoto",
            "display_name": "山本",
            "team": "T033D70RR6H",
            "name": "tousuien.yamamoto",
            "is_restricted": false,
            "is_ultra_restricted": false
        },
        "thread_ts": "1746343512.708499",
        "parent_user_id": "U0331FWGQRM",
        "blocks": [
            {
                "type": "rich_text",
                "block_id": "JtrO4",
                "elements": [
                    {
                        "type": "rich_text_section",
                        "elements": [
                            {
                                "type": "user",
                                "user_id": "U0331FWGQRM"
                            },
                            {
                                "type": "text",
                                "text": "\n "
                            },
                            {
                                "type": "usergroup",
                                "usergroup_id": "S073HEMKWV7"
                            },
                            {
                                "type": "text",
                                "text": " "
                            },
                            {
                                "type": "usergroup",
                                "usergroup_id": "S088LEJ1U5T"
                            },
                            {
                                "type": "text",
                                "text": "\n本日佐川にて出荷しました。\nAWB No.492309840982\nよろしくお願いいたします。"
                            }
                        ]
                    }
                ]
            }
        ],
        "reactions": [
            {
                "name": "d130b000eb8d6784",
                "users": [
                    "U0331FWGQRM"
                ],
                "count": 1
            }
        ]
    },
    {
        "user": "U066P20UQH1",
        "type": "message",
        "ts": "1748395188.927359",
        "client_msg_id": "accc4647-4c10-46f0-8bda-39525edcfc59",
        "text": "Fer Cdv",
        "team": "T033D70RR6H",
        "user_team": "T033D70RR6H",
        "source_team": "T033D70RR6H",
        "user_profile": {
            "avatar_hash": "179323cb3551",
            "image_72": "https:\/\/avatars.slack-edge.com\/2024-04-12\/6955353714228_179323cb3551f7c8ecfe_72.png",
            "first_name": "Haruka",
            "real_name": "Haruka Hayashi",
            "display_name": "林遥香",
            "team": "T033D70RR6H",
            "name": "haru.nboc",
            "is_restricted": false,
            "is_ultra_restricted": false
        },
        "thread_ts": "1745647790.534869",
        "parent_user_id": "U0606SPN4BW",
        "blocks": [
            {
                "type": "rich_text",
                "block_id": "BpjXG",
                "elements": [
                    {
                        "type": "rich_text_section",
                        "elements": [
                            {
                                "type": "text",
                                "text": "Fer Cdv"
                            }
                        ]
                    }
                ]
            }
        ]
    },
    {
        "user": "U08NVD403GV",
        "type": "message",
        "ts": "1748411546.078249",
        "client_msg_id": "f145ba56-c9fb-4902-9cb7-f9b090732a99",
        "text": "<@U08RVRNBY00>\n <!subteam^S073HEMKWV7|@hirakawa-adachi-yamamoto-fuse> <!subteam^S088LEJ1U5T|@kanayama-fukui-miyoshi-yokoi-takuwa-hara-imaoka-agou>\n本日DHLにて出荷しました。\nAWB No.7007127750\nよろしくお願いいたします。",
        "team": "T033D70RR6H",
        "user_team": "T033D70RR6H",
        "source_team": "T033D70RR6H",
        "user_profile": {
            "avatar_hash": "g631762386a6",
            "image_72": "https:\/\/secure.gravatar.com\/avatar\/631762386a6de814719795fffc991b1e.jpg?s=72&d=https%3A%2F%2Fa.slack-edge.com%2Fdf10d%2Fimg%2Favatars%2Fava_0009-72.png",
            "first_name": "Yamamoto",
            "real_name": "Yamamoto",
            "display_name": "山本",
            "team": "T033D70RR6H",
            "name": "tousuien.yamamoto",
            "is_restricted": false,
            "is_ultra_restricted": false
        },
        "thread_ts": "1747650936.147169",
        "parent_user_id": "U08RVRNBY00",
        "blocks": [
            {
                "type": "rich_text",
                "block_id": "Eo8fy",
                "elements": [
                    {
                        "type": "rich_text_section",
                        "elements": [
                            {
                                "type": "user",
                                "user_id": "U08RVRNBY00"
                            },
                            {
                                "type": "text",
                                "text": "\n "
                            },
                            {
                                "type": "usergroup",
                                "usergroup_id": "S073HEMKWV7"
                            },
                            {
                                "type": "text",
                                "text": " "
                            },
                            {
                                "type": "usergroup",
                                "usergroup_id": "S088LEJ1U5T"
                            },
                            {
                                "type": "text",
                                "text": "\n本日DHLにて出荷しました。\nAWB No.7007127750\nよろしくお願いいたします。"
                            }
                        ]
                    }
                ]
            }
        ],
        "reactions": [
            {
                "name": "連絡完了",
                "users": [
                    "U066P20UQH1"
                ],
                "count": 1
            }
        ]
    },
    {
        "user": "U066P20UQH1",
        "type": "message",
        "ts": "1748413842.906829",
        "client_msg_id": "52cb2984-7a1a-4efe-bf9b-ecb9cf082dfa",
        "text": "<!subteam^S088LEJ1U5T|@kanayama-fukui-miyoshi-yokoi-takuwa-hara-imaoka-agou> <@U03BLQ65GK0>\nスケジュールいかがでしょうか。。。？\n\n<@U0331FZS7JT>\nベルガモの価格共有いただけますか？メールは見つけたんですが添付が見れず。。:sweat_drops:よろしくお願いいたします",
        "team": "T033D70RR6H",
        "user_team": "T033D70RR6H",
        "source_team": "T033D70RR6H",
        "user_profile": {
            "avatar_hash": "179323cb3551",
            "image_72": "https:\/\/avatars.slack-edge.com\/2024-04-12\/6955353714228_179323cb3551f7c8ecfe_72.png",
            "first_name": "Haruka",
            "real_name": "Haruka Hayashi",
            "display_name": "林遥香",
            "team": "T033D70RR6H",
            "name": "haru.nboc",
            "is_restricted": false,
            "is_ultra_restricted": false
        },
        "thread_ts": "1747816720.799719",
        "parent_user_id": "U066P20UQH1",
        "blocks": [
            {
                "type": "rich_text",
                "block_id": "zFz1c",
                "elements": [
                    {
                        "type": "rich_text_section",
                        "elements": [
                            {
                                "type": "usergroup",
                                "usergroup_id": "S088LEJ1U5T"
                            },
                            {
                                "type": "text",
                                "text": " "
                            },
                            {
                                "type": "user",
                                "user_id": "U03BLQ65GK0"
                            },
                            {
                                "type": "text",
                                "text": "\nスケジュールいかがでしょうか。。。？\n\n"
                            },
                            {
                                "type": "user",
                                "user_id": "U0331FZS7JT"
                            },
                            {
                                "type": "text",
                                "text": "\nベルガモの価格共有いただけますか？メールは見つけたんですが添付が見れず。。"
                            },
                            {
                                "type": "emoji",
                                "name": "sweat_drops",
                                "unicode": "1f4a6"
                            },
                            {
                                "type": "text",
                                "text": "よろしくお願いいたします"
                            }
                        ]
                    }
                ]
            }
        ],
        "reactions": [
            {
                "name": "確認中",
                "users": [
                    "U0331FZS7JT"
                ],
                "count": 1
            }
        ]
    },
    {
        "user": "U033G4KN4TD",
        "type": "message",
        "ts": "1748414239.786919",
        "client_msg_id": "420d1727-67e3-4700-beca-78ddd417ddc7",
        "text": "<@U066P20UQH1> <!subteam^S073HEMKWV7|@hirakawa-adachi-yamamoto-fuse> <!subteam^S088LEJ1U5T|@kanayama-fukui-miyoshi-yokoi-takuwa-hara-imaoka-agou>\n*原料：6月1週目のどこかで届く予定*\n原料届き次第出荷準備いたします。\nよろしくお願いいたします。",
        "team": "T033D70RR6H",
        "user_team": "T033D70RR6H",
        "source_team": "T033D70RR6H",
        "user_profile": {
            "avatar_hash": "b87877677a67",
            "image_72": "https:\/\/avatars.slack-edge.com\/2022-02-16\/3118194883458_b87877677a672efe50f6_72.png",
            "first_name": "Fukui",
            "real_name": "Fukui",
            "display_name": "福井",
            "team": "T033D70RR6H",
            "name": "tousuien04",
            "is_restricted": false,
            "is_ultra_restricted": false
        },
        "thread_ts": "1744682981.728279",
        "parent_user_id": "U066P20UQH1",
        "blocks": [
            {
                "type": "rich_text",
                "block_id": "yj7e8",
                "elements": [
                    {
                        "type": "rich_text_section",
                        "elements": [
                            {
                                "type": "user",
                                "user_id": "U066P20UQH1"
                            },
                            {
                                "type": "text",
                                "text": " "
                            },
                            {
                                "type": "usergroup",
                                "usergroup_id": "S073HEMKWV7"
                            },
                            {
                                "type": "text",
                                "text": " "
                            },
                            {
                                "type": "usergroup",
                                "usergroup_id": "S088LEJ1U5T"
                            },
                            {
                                "type": "text",
                                "text": "\n"
                            },
                            {
                                "type": "text",
                                "text": "原料：6月1週目のどこかで届く予定",
                                "style": {
                                    "bold": true
                                }
                            },
                            {
                                "type": "text",
                                "text": "\n原料届き次第出荷準備いたします。\nよろしくお願いいたします。"
                            }
                        ]
                    }
                ]
            }
        ],
        "reactions": [
            {
                "name": "承知-1",
                "users": [
                    "U066P20UQH1"
                ],
                "count": 1
            }
        ]
    }
]