[
    {
        "user": "U08L89G6JSG",
        "type": "message",
        "ts": "1745566053.058609",
        "client_msg_id": "9bd73aac-2d9a-4b5a-9759-77ba1e92ae8c",
        "text": "<@U0331FWGQRM>\n<!subteam^S073HEMKWV7|@hirakawa-adachi-yamamoto-fuse> <!subteam^S088LEJ1U5T|@kanayama-fukui-miyoshi-yokoi-takuwa-hara-imaoka-agou>\n4\/26出荷予定です。\n入金がまだのようです。\nご確認お願いします:woman-bowing:",
        "team": "T033D70RR6H",
        "user_team": "T033D70RR6H",
        "source_team": "T033D70RR6H",
        "user_profile": {
            "avatar_hash": "fed0a878533f",
            "image_72": "https:\/\/avatars.slack-edge.com\/2025-03-31\/8678953673334_fed0a878533f1e7c9560_72.png",
            "first_name": "yokoi",
            "real_name": "yokoi",
            "display_name": "横井",
            "team": "T033D70RR6H",
            "name": "tousuien.yokoi",
            "is_restricted": false,
            "is_ultra_restricted": false
        },
        "thread_ts": "1745537476.644219",
        "parent_user_id": "U0331FWGQRM",
        "blocks": [
            {
                "type": "rich_text",
                "block_id": "mDI6m",
                "elements": [
                    {
                        "type": "rich_text_section",
                        "elements": [
                            {
                                "type": "user",
                                "user_id": "U0331FWGQRM"
                            },
                            {
                                "type": "text",
                                "text": "\n"
                            },
                            {
                                "type": "usergroup",
                                "usergroup_id": "S073HEMKWV7"
                            },
                            {
                                "type": "text",
                                "text": " "
                            },
                            {
                                "type": "usergroup",
                                "usergroup_id": "S088LEJ1U5T"
                            },
                            {
                                "type": "text",
                                "text": "\n4\/26出荷予定です。\n入金がまだのようです。\nご確認お願いします"
                            },
                            {
                                "type": "emoji",
                                "name": "woman-bowing",
                                "unicode": "1f647-200d-2640-fe0f"
                            }
                        ]
                    }
                ]
            }
        ]
    },
    {
        "user": "U066P20UQH1",
        "type": "message",
        "ts": "1745572005.322189",
        "client_msg_id": "a04e47f6-707a-4b53-87a0-e5a1ae3ad972",
        "text": "<!subteam^S073HEMKWV7|@hirakawa-adachi-yamamoto-fuse>\n*TSE-SHA-SPL-002-25*\n1054:flag-qa:カタール：SHA-Shahad AlAwadhi(alibaba→Whats)様からサンプル注文をいただきました。",
        "team": "T033D70RR6H",
        "user_team": "T033D70RR6H",
        "source_team": "T033D70RR6H",
        "user_profile": {
            "avatar_hash": "179323cb3551",
            "image_72": "https:\/\/avatars.slack-edge.com\/2024-04-12\/6955353714228_179323cb3551f7c8ecfe_72.png",
            "first_name": "Haruka",
            "real_name": "Haruka Hayashi",
            "display_name": "林遥香",
            "team": "T033D70RR6H",
            "name": "haru.nboc",
            "is_restricted": false,
            "is_ultra_restricted": false
        },
        "thread_ts": "1745572005.322189",
        "reply_count": 5,
        "reply_users_count": 4,
        "latest_reply": "1746159163.738359",
        "reply_users": [
            "U066P20UQH1",
            "U0331FZTHEK",
            "U0840UVFVA8",
            "U08L89G6JSG"
        ],
        "replies": [
            {
                "user": "U066P20UQH1",
                "ts": "1745572247.758649"
            },
            {
                "user": "U0331FZTHEK",
                "ts": "1745573711.149699"
            },
            {
                "user": "U0840UVFVA8",
                "ts": "1745889374.479839"
            },
            {
                "user": "U08L89G6JSG",
                "ts": "1745992415.743079"
            },
            {
                "user": "U066P20UQH1",
                "ts": "1746159163.738359"
            }
        ],
        "is_locked": false,
        "subscribed": false,
        "blocks": [
            {
                "type": "rich_text",
                "block_id": "YFEUH",
                "elements": [
                    {
                        "type": "rich_text_section",
                        "elements": [
                            {
                                "type": "usergroup",
                                "usergroup_id": "S073HEMKWV7"
                            },
                            {
                                "type": "text",
                                "text": "\n"
                            },
                            {
                                "type": "text",
                                "text": "TSE-SHA-SPL-002-25",
                                "style": {
                                    "bold": true
                                }
                            },
                            {
                                "type": "text",
                                "text": "\n1054"
                            },
                            {
                                "type": "emoji",
                                "name": "flag-qa",
                                "unicode": "1f1f6-1f1e6"
                            },
                            {
                                "type": "text",
                                "text": "カタール：SHA-Shahad AlAwadhi(alibaba→Whats)様からサンプル注文をいただきました。"
                            }
                        ]
                    }
                ]
            }
        ]
    },
    {
        "user": "U066P20UQH1",
        "type": "message",
        "ts": "1745572247.758649",
        "client_msg_id": "31c7024d-72a7-4c97-86f4-594bebc64aed",
        "text": "<!subteam^S073HEMKWV7|@hirakawa-adachi-yamamoto-fuse>\n発送可能日わかり次第共有お願いいたします:woman-bowing:\n\n▼注文内容（計4種）\n```Organic Matcha Top grade - 1　碧水園16000\nOrganic Mathca Top grade - 2　碧水園12000\nNon organic Uji Matcha Grade O　茗広おくみどり11000\nNon organic Uji Matcha Grade Y　茗広やぶきた9000```\n数量：1袋（20g）ずつ\n\n包材ラベル他通常サンプルと同様です。\n\n箱：ボタニカルx１\n発送：DHL\n決済：PayPal\n\nテストラベルを30gの黒い缶にはって写真を送って欲しいと言われており、ラベル発注済みです。\n*ラベルは写真だけで良いと言われてるので上の抹茶は最短で出荷お願いします*:woman-bowing:\n```W207936\nSHA_30g tin lid_250425\nSHA_30g tin body_250425```\n5\/12ごろの着になるかと思っております。。\n到着したら黒い缶にはって写真を共有してください（私が出雲にいるタイミングなので多分私がやりますが）\n\n<!subteam^S08NN8M4LAZ|@katayose-kamiya>\n入金確認済みです。回収処理をお願いいたします:woman-bowing:",
        "team": "T033D70RR6H",
        "user_team": "T033D70RR6H",
        "source_team": "T033D70RR6H",
        "user_profile": {
            "avatar_hash": "179323cb3551",
            "image_72": "https:\/\/avatars.slack-edge.com\/2024-04-12\/6955353714228_179323cb3551f7c8ecfe_72.png",
            "first_name": "Haruka",
            "real_name": "Haruka Hayashi",
            "display_name": "林遥香",
            "team": "T033D70RR6H",
            "name": "haru.nboc",
            "is_restricted": false,
            "is_ultra_restricted": false
        },
        "thread_ts": "1745572005.322189",
        "parent_user_id": "U066P20UQH1",
        "blocks": [
            {
                "type": "rich_text",
                "block_id": "pKK8q",
                "elements": [
                    {
                        "type": "rich_text_section",
                        "elements": [
                            {
                                "type": "usergroup",
                                "usergroup_id": "S073HEMKWV7"
                            },
                            {
                                "type": "text",
                                "text": "\n発送可能日わかり次第共有お願いいたします"
                            },
                            {
                                "type": "emoji",
                                "name": "woman-bowing",
                                "unicode": "1f647-200d-2640-fe0f"
                            },
                            {
                                "type": "text",
                                "text": "\n\n▼注文内容（計4種）\n"
                            }
                        ]
                    },
                    {
                        "type": "rich_text_preformatted",
                        "elements": [
                            {
                                "type": "text",
                                "text": "Organic Matcha Top grade - 1　碧水園16000\nOrganic Mathca Top grade - 2　碧水園12000\nNon organic Uji Matcha Grade O　茗広おくみどり11000\nNon organic Uji Matcha Grade Y　茗広やぶきた9000"
                            }
                        ],
                        "border": 0
                    },
                    {
                        "type": "rich_text_section",
                        "elements": [
                            {
                                "type": "text",
                                "text": "数量：1袋（20g）ずつ\n\n包材ラベル他通常サンプルと同様です。\n\n箱：ボタニカルx１\n発送：DHL\n決済：PayPal\n\nテストラベルを30gの黒い缶にはって写真を送って欲しいと言われており、ラベル発注済みです。\n"
                            },
                            {
                                "type": "text",
                                "text": "ラベルは写真だけで良いと言われてるので上の抹茶は最短で出荷お願いします",
                                "style": {
                                    "bold": true
                                }
                            },
                            {
                                "type": "emoji",
                                "name": "woman-bowing",
                                "unicode": "1f647-200d-2640-fe0f",
                                "style": {
                                    "bold": true
                                }
                            },
                            {
                                "type": "text",
                                "text": "\n"
                            }
                        ]
                    },
                    {
                        "type": "rich_text_preformatted",
                        "elements": [
                            {
                                "type": "text",
                                "text": "W207936\nSHA_30g tin lid_250425\nSHA_30g tin body_250425"
                            }
                        ],
                        "border": 0
                    },
                    {
                        "type": "rich_text_section",
                        "elements": [
                            {
                                "type": "text",
                                "text": "5\/12ごろの着になるかと思っております。。\n到着したら黒い缶にはって写真を共有してください（私が出雲にいるタイミングなので多分私がやりますが）\n\n"
                            },
                            {
                                "type": "usergroup",
                                "usergroup_id": "S08NN8M4LAZ"
                            },
                            {
                                "type": "text",
                                "text": "\n入金確認済みです。回収処理をお願いいたします"
                            },
                            {
                                "type": "emoji",
                                "name": "woman-bowing",
                                "unicode": "1f647-200d-2640-fe0f"
                            }
                        ]
                    }
                ]
            }
        ],
        "reactions": [
            {
                "name": "d130b000eb8d6784",
                "users": [
                    "U0331FZTHEK"
                ],
                "count": 1
            },
            {
                "name": "7e6ac2088523a821",
                "users": [
                    "U0331FZTHEK",
                    "U0840UVFVA8"
                ],
                "count": 2
            }
        ]
    },
    {
        "user": "U066P20UQH1",
        "type": "message",
        "ts": "1745572403.773589",
        "client_msg_id": "7f5841d4-7334-416d-bbc3-4b41add5096d",
        "text": "<!subteam^S073HEMKWV7|@hirakawa-adachi-yamamoto-fuse>\n*TSE-VIC-SPL-001-25*\n1066:fr: フランス：VIC-Victor(alibaba→whats国旗はポーランド）様からサンプル注文をいただきました。",
        "team": "T033D70RR6H",
        "user_team": "T033D70RR6H",
        "source_team": "T033D70RR6H",
        "user_profile": {
            "avatar_hash": "179323cb3551",
            "image_72": "https:\/\/avatars.slack-edge.com\/2024-04-12\/6955353714228_179323cb3551f7c8ecfe_72.png",
            "first_name": "Haruka",
            "real_name": "Haruka Hayashi",
            "display_name": "林遥香",
            "team": "T033D70RR6H",
            "name": "haru.nboc",
            "is_restricted": false,
            "is_ultra_restricted": false
        },
        "thread_ts": "1745572403.773589",
        "reply_count": 5,
        "reply_users_count": 4,
        "latest_reply": "1746166275.794809",
        "reply_users": [
            "U066P20UQH1",
            "U0331FZTHEK",
            "U0840UVFVA8",
            "U08L89G6JSG"
        ],
        "replies": [
            {
                "user": "U066P20UQH1",
                "ts": "1745572488.244209"
            },
            {
                "user": "U0331FZTHEK",
                "ts": "1745575034.407289"
            },
            {
                "user": "U066P20UQH1",
                "ts": "1746068604.436679"
            },
            {
                "user": "U0840UVFVA8",
                "ts": "1746087371.305439"
            },
            {
                "user": "U08L89G6JSG",
                "ts": "1746166275.794809"
            }
        ],
        "is_locked": false,
        "subscribed": true,
        "last_read": "1746166275.794809",
        "blocks": [
            {
                "type": "rich_text",
                "block_id": "SiGhF",
                "elements": [
                    {
                        "type": "rich_text_section",
                        "elements": [
                            {
                                "type": "usergroup",
                                "usergroup_id": "S073HEMKWV7"
                            },
                            {
                                "type": "text",
                                "text": "\n"
                            },
                            {
                                "type": "text",
                                "text": "TSE-VIC-SPL-001-25",
                                "style": {
                                    "bold": true
                                }
                            },
                            {
                                "type": "text",
                                "text": "\n1066"
                            },
                            {
                                "type": "emoji",
                                "name": "fr",
                                "unicode": "1f1eb-1f1f7"
                            },
                            {
                                "type": "text",
                                "text": " フランス：VIC-Victor(alibaba→whats国旗はポーランド）様からサンプル注文をいただきました。"
                            }
                        ]
                    }
                ]
            }
        ]
    },
    {
        "user": "U08N3SKSL75",
        "type": "message",
        "ts": "1745572449.286309",
        "client_msg_id": "2cc2db5c-7851-4b9b-a4f6-248adef3bb00",
        "text": "<!subteam^S073HEMKWV7|@hirakawa-adachi-yamamoto-fuse> cc <!subteam^S072Q871SF9|@oka-matsui-furukawa-hayashi-kimura-hasegawa-kawatani>\n:flag-om:オマーン  AIM-Mishal AI (Alibaba)様からサンプル注文をいただきました。\n*TSE-AIM-SPL-001-25*",
        "team": "T033D70RR6H",
        "user_team": "T033D70RR6H",
        "source_team": "T033D70RR6H",
        "user_profile": {
            "avatar_hash": "g385a5ea1fc7",
            "image_72": "https:\/\/secure.gravatar.com\/avatar\/385a5ea1fc7db8f0b42ecd922f43af6c.jpg?s=72&d=https%3A%2F%2Fa.slack-edge.com%2Fdf10d%2Fimg%2Favatars%2Fava_0013-72.png",
            "first_name": "Kimura",
            "real_name": "Kimura",
            "display_name": "Kimura",
            "team": "T033D70RR6H",
            "name": "tousuien.kimura",
            "is_restricted": false,
            "is_ultra_restricted": false
        },
        "thread_ts": "1745572449.286309",
        "reply_count": 4,
        "reply_users_count": 4,
        "latest_reply": "1746166966.902139",
        "reply_users": [
            "U08N3SKSL75",
            "U0331FZTHEK",
            "U0840UVFVA8",
            "U08L89G6JSG"
        ],
        "replies": [
            {
                "user": "U08N3SKSL75",
                "ts": "1745572590.832479"
            },
            {
                "user": "U0331FZTHEK",
                "ts": "1745573750.582389"
            },
            {
                "user": "U0840UVFVA8",
                "ts": "1745889509.337899"
            },
            {
                "user": "U08L89G6JSG",
                "ts": "1746166966.902139"
            }
        ],
        "is_locked": false,
        "subscribed": true,
        "last_read": "1746166966.902139",
        "blocks": [
            {
                "type": "rich_text",
                "block_id": "lsshr",
                "elements": [
                    {
                        "type": "rich_text_section",
                        "elements": [
                            {
                                "type": "usergroup",
                                "usergroup_id": "S073HEMKWV7"
                            },
                            {
                                "type": "text",
                                "text": " cc "
                            },
                            {
                                "type": "usergroup",
                                "usergroup_id": "S072Q871SF9"
                            },
                            {
                                "type": "text",
                                "text": "\n"
                            },
                            {
                                "type": "emoji",
                                "name": "flag-om",
                                "unicode": "1f1f4-1f1f2"
                            },
                            {
                                "type": "text",
                                "text": "オマーン  AIM-Mishal AI (Alibaba)様からサンプル注文をいただきました。\n"
                            },
                            {
                                "type": "text",
                                "text": "TSE-AIM-SPL-001-25",
                                "style": {
                                    "bold": true
                                }
                            }
                        ]
                    }
                ]
            }
        ]
    },
    {
        "user": "U066P20UQH1",
        "type": "message",
        "ts": "1745572488.244209",
        "client_msg_id": "0c73fc35-a9f3-40cb-8d41-8e5a74672e67",
        "text": "<!subteam^S073HEMKWV7|@hirakawa-adachi-yamamoto-fuse>\n発送可能日わかり次第共有お願いいたします:woman-bowing:\n\n▼注文内容（計6種）\n```Non-organic Matcha Upper grade - 1　出雲G\nNon-organic Matcha Upper grade - 2　出雲R\nNon-organic Matcha Middle grade - 1　出雲T\nNon-organic Matcha Middle grade - 2　出雲N\nNon-organic Matcha Regular grade - 1　出雲F\nNon-organic Matcha Regular grade - 2　出雲W```\n数量：1袋(20g)ずつ\n包材ラベル他通常サンプルと同様です。\n\n箱：ボタニカルx1\n発送：DHL\n決済：PayPal\n\n<!subteam^S08NN8M4LAZ|@katayose-kamiya>\n入金確認済みです。回収処理をお願いいたします:woman-bowing:",
        "team": "T033D70RR6H",
        "user_team": "T033D70RR6H",
        "source_team": "T033D70RR6H",
        "user_profile": {
            "avatar_hash": "179323cb3551",
            "image_72": "https:\/\/avatars.slack-edge.com\/2024-04-12\/6955353714228_179323cb3551f7c8ecfe_72.png",
            "first_name": "Haruka",
            "real_name": "Haruka Hayashi",
            "display_name": "林遥香",
            "team": "T033D70RR6H",
            "name": "haru.nboc",
            "is_restricted": false,
            "is_ultra_restricted": false
        },
        "thread_ts": "1745572403.773589",
        "parent_user_id": "U066P20UQH1",
        "blocks": [
            {
                "type": "rich_text",
                "block_id": "Yi9A3",
                "elements": [
                    {
                        "type": "rich_text_section",
                        "elements": [
                            {
                                "type": "usergroup",
                                "usergroup_id": "S073HEMKWV7"
                            },
                            {
                                "type": "text",
                                "text": "\n発送可能日わかり次第共有お願いいたします"
                            },
                            {
                                "type": "emoji",
                                "name": "woman-bowing",
                                "unicode": "1f647-200d-2640-fe0f"
                            },
                            {
                                "type": "text",
                                "text": "\n\n▼注文内容（計6種）\n"
                            }
                        ]
                    },
                    {
                        "type": "rich_text_preformatted",
                        "elements": [
                            {
                                "type": "text",
                                "text": "Non-organic Matcha Upper grade - 1　出雲G\nNon-organic Matcha Upper grade - 2　出雲R\nNon-organic Matcha Middle grade - 1　出雲T\nNon-organic Matcha Middle grade - 2　出雲N\nNon-organic Matcha Regular grade - 1　出雲F\nNon-organic Matcha Regular grade - 2　出雲W"
                            }
                        ],
                        "border": 0
                    },
                    {
                        "type": "rich_text_section",
                        "elements": [
                            {
                                "type": "text",
                                "text": "数量：1袋(20g)ずつ\n包材ラベル他通常サンプルと同様です。\n\n箱：ボタニカルx1\n発送：DHL\n決済：PayPal\n\n"
                            },
                            {
                                "type": "usergroup",
                                "usergroup_id": "S08NN8M4LAZ"
                            },
                            {
                                "type": "text",
                                "text": "\n入金確認済みです。回収処理をお願いいたします"
                            },
                            {
                                "type": "emoji",
                                "name": "woman-bowing",
                                "unicode": "1f647-200d-2640-fe0f"
                            }
                        ]
                    }
                ]
            }
        ],
        "reactions": [
            {
                "name": "d130b000eb8d6784",
                "users": [
                    "U0331FZTHEK"
                ],
                "count": 1
            },
            {
                "name": "7e6ac2088523a821",
                "users": [
                    "U0331FZTHEK"
                ],
                "count": 1
            }
        ]
    },
    {
        "user": "U08N3SKSL75",
        "type": "message",
        "ts": "1745572590.832479",
        "client_msg_id": "942a5628-dfb2-4459-be86-818214e168f8",
        "text": "<!subteam^S073HEMKWV7|@hirakawa-adachi-yamamoto-fuse> <!subteam^S072Q871SF9|@oka-matsui-furukawa-hayashi-kimura-hasegawa-kawatani>\n下記へ発送手続き、および発送日のお知らせをお願いします。\n\n▼サンプル内容 (計 6点)\nOrganic Matcha Upper 1 鹿児島A\nOrganic Matcha Upper 2 鹿児島1A\nOrganic Matcha Middle 1 鹿児島B\nNon-organic Matcha Upper - 1\t出雲精茶G\nNon-organic Matcha Upper - 2\t出雲精茶R\nNon-organic Matcha Middle - 1\t出雲精茶T\n\n包材ラベル他通常サンプルと同様です。\n箱：ボタニカルx１\n発送：DHL\n決済：PayPal\n\n<https:\/\/grp-ssm9297.slack.com\/admin\/user_groups|@katayose-kamiya>\n入金確認済みです。回収処理をお願いいたします。",
        "team": "T033D70RR6H",
        "user_team": "T033D70RR6H",
        "source_team": "T033D70RR6H",
        "user_profile": {
            "avatar_hash": "g385a5ea1fc7",
            "image_72": "https:\/\/secure.gravatar.com\/avatar\/385a5ea1fc7db8f0b42ecd922f43af6c.jpg?s=72&d=https%3A%2F%2Fa.slack-edge.com%2Fdf10d%2Fimg%2Favatars%2Fava_0013-72.png",
            "first_name": "Kimura",
            "real_name": "Kimura",
            "display_name": "Kimura",
            "team": "T033D70RR6H",
            "name": "tousuien.kimura",
            "is_restricted": false,
            "is_ultra_restricted": false
        },
        "thread_ts": "1745572449.286309",
        "parent_user_id": "U08N3SKSL75",
        "blocks": [
            {
                "type": "rich_text",
                "block_id": "mhbmu",
                "elements": [
                    {
                        "type": "rich_text_section",
                        "elements": [
                            {
                                "type": "usergroup",
                                "usergroup_id": "S073HEMKWV7"
                            },
                            {
                                "type": "text",
                                "text": " "
                            },
                            {
                                "type": "usergroup",
                                "usergroup_id": "S072Q871SF9"
                            },
                            {
                                "type": "text",
                                "text": "\n下記へ発送手続き、および発送日のお知らせをお願いします。\n\n▼サンプル内容 (計 6点)\nOrganic Matcha Upper 1 鹿児島A\nOrganic Matcha Upper 2 鹿児島1A\nOrganic Matcha Middle 1 鹿児島B\nNon-organic Matcha Upper - 1\t出雲精茶G\nNon-organic Matcha Upper - 2\t出雲精茶R\nNon-organic Matcha Middle - 1\t出雲精茶T\n\n包材ラベル他通常サンプルと同様です。\n箱：ボタニカルx１\n発送：DHL\n決済：PayPal\n\n"
                            },
                            {
                                "type": "link",
                                "url": "https:\/\/grp-ssm9297.slack.com\/admin\/user_groups",
                                "text": "@katayose-kamiya"
                            },
                            {
                                "type": "text",
                                "text": "\n入金確認済みです。回収処理をお願いいたします。"
                            }
                        ]
                    }
                ]
            }
        ],
        "reactions": [
            {
                "name": "d130b000eb8d6784",
                "users": [
                    "U0331FZTHEK"
                ],
                "count": 1
            },
            {
                "name": "7e6ac2088523a821",
                "users": [
                    "U0331FZTHEK"
                ],
                "count": 1
            }
        ]
    },
    {
        "user": "U0331FZTHEK",
        "type": "message",
        "ts": "1745573711.149699",
        "client_msg_id": "dd070a3b-5b68-415b-be27-ddc07b78601a",
        "text": "<@U066P20UQH1>\n <!subteam^S073HEMKWV7|@hirakawa-adachi-yamamoto-fuse>\nご入金を確認致しました。\n・4\/25 [PayPal]\n・60 USD\n回収（入金）処理致します。\nよろしくお願いします。",
        "team": "T033D70RR6H",
        "user_team": "T033D70RR6H",
        "source_team": "T033D70RR6H",
        "user_profile": {
            "avatar_hash": "21cdbd6a05f9",
            "image_72": "https:\/\/avatars.slack-edge.com\/2022-02-16\/3115258488741_21cdbd6a05f9a69110f7_72.png",
            "first_name": "Mitsunobu",
            "real_name": "Mitsunobu Katayose",
            "display_name": "片寄",
            "team": "T033D70RR6H",
            "name": "tousuien03",
            "is_restricted": false,
            "is_ultra_restricted": false
        },
        "thread_ts": "1745572005.322189",
        "parent_user_id": "U066P20UQH1",
        "blocks": [
            {
                "type": "rich_text",
                "block_id": "nvvMr",
                "elements": [
                    {
                        "type": "rich_text_section",
                        "elements": [
                            {
                                "type": "user",
                                "user_id": "U066P20UQH1"
                            },
                            {
                                "type": "text",
                                "text": "\n "
                            },
                            {
                                "type": "usergroup",
                                "usergroup_id": "S073HEMKWV7"
                            },
                            {
                                "type": "text",
                                "text": "\nご入金を確認致しました。\n・4\/25 [PayPal]\n・60 USD\n回収（入金）処理致します。\nよろしくお願いします。"
                            }
                        ]
                    }
                ]
            }
        ],
        "reactions": [
            {
                "name": "pray",
                "users": [
                    "U066P20UQH1"
                ],
                "count": 1
            },
            {
                "name": "入金完了",
                "users": [
                    "U0331FZTHEK"
                ],
                "count": 1
            }
        ]
    },
    {
        "user": "U0331FZTHEK",
        "type": "message",
        "ts": "1745573750.582389",
        "client_msg_id": "c3167fc6-6e8d-4dbe-b0ec-58ea86de68d3",
        "text": "<@U08N3SKSL75>\n <!subteam^S073HEMKWV7|@hirakawa-adachi-yamamoto-fuse>\nご入金を確認致しました。\n・4\/25 [PayPal]\n・30 USD\n回収（入金）処理致します。\nよろしくお願いします。",
        "team": "T033D70RR6H",
        "user_team": "T033D70RR6H",
        "source_team": "T033D70RR6H",
        "user_profile": {
            "avatar_hash": "21cdbd6a05f9",
            "image_72": "https:\/\/avatars.slack-edge.com\/2022-02-16\/3115258488741_21cdbd6a05f9a69110f7_72.png",
            "first_name": "Mitsunobu",
            "real_name": "Mitsunobu Katayose",
            "display_name": "片寄",
            "team": "T033D70RR6H",
            "name": "tousuien03",
            "is_restricted": false,
            "is_ultra_restricted": false
        },
        "thread_ts": "1745572449.286309",
        "parent_user_id": "U08N3SKSL75",
        "blocks": [
            {
                "type": "rich_text",
                "block_id": "nK3Ed",
                "elements": [
                    {
                        "type": "rich_text_section",
                        "elements": [
                            {
                                "type": "user",
                                "user_id": "U08N3SKSL75"
                            },
                            {
                                "type": "text",
                                "text": "\n "
                            },
                            {
                                "type": "usergroup",
                                "usergroup_id": "S073HEMKWV7"
                            },
                            {
                                "type": "text",
                                "text": "\nご入金を確認致しました。\n・4\/25 [PayPal]\n・30 USD\n回収（入金）処理致します。\nよろしくお願いします。"
                            }
                        ]
                    }
                ]
            }
        ],
        "reactions": [
            {
                "name": "d130b000eb8d6784",
                "users": [
                    "U08N3SKSL75"
                ],
                "count": 1
            },
            {
                "name": "入金完了",
                "users": [
                    "U0331FZTHEK"
                ],
                "count": 1
            }
        ]
    },
    {
        "user": "U0331FZTHEK",
        "type": "message",
        "ts": "1745575034.407289",
        "client_msg_id": "ca9f8e25-b91c-47f5-83bf-26d03ca27b7b",
        "text": "<@U066P20UQH1>\n <!subteam^S073HEMKWV7|@hirakawa-adachi-yamamoto-fuse>\nご入金を確認致しました。\n・4\/25 [PayPal]\n・30 USD\n回収（入金）処理致します。\nよろしくお願いします。",
        "team": "T033D70RR6H",
        "user_team": "T033D70RR6H",
        "source_team": "T033D70RR6H",
        "user_profile": {
            "avatar_hash": "21cdbd6a05f9",
            "image_72": "https:\/\/avatars.slack-edge.com\/2022-02-16\/3115258488741_21cdbd6a05f9a69110f7_72.png",
            "first_name": "Mitsunobu",
            "real_name": "Mitsunobu Katayose",
            "display_name": "片寄",
            "team": "T033D70RR6H",
            "name": "tousuien03",
            "is_restricted": false,
            "is_ultra_restricted": false
        },
        "thread_ts": "1745572403.773589",
        "parent_user_id": "U066P20UQH1",
        "blocks": [
            {
                "type": "rich_text",
                "block_id": "E8Gqy",
                "elements": [
                    {
                        "type": "rich_text_section",
                        "elements": [
                            {
                                "type": "user",
                                "user_id": "U066P20UQH1"
                            },
                            {
                                "type": "text",
                                "text": "\n "
                            },
                            {
                                "type": "usergroup",
                                "usergroup_id": "S073HEMKWV7"
                            },
                            {
                                "type": "text",
                                "text": "\nご入金を確認致しました。\n・4\/25 [PayPal]\n・30 USD\n回収（入金）処理致します。\nよろしくお願いします。"
                            }
                        ]
                    }
                ]
            }
        ],
        "reactions": [
            {
                "name": "pray",
                "users": [
                    "U066P20UQH1"
                ],
                "count": 1
            },
            {
                "name": "入金完了",
                "users": [
                    "U0331FZTHEK"
                ],
                "count": 1
            }
        ]
    },
    {
        "user": "U0606SPN4BW",
        "type": "message",
        "ts": "1745626652.223309",
        "client_msg_id": "e1b8f32b-fe3c-4e47-a6bf-3defd41e2c9d",
        "text": "<!subteam^S073HEMKWV7|@hirakawa-adachi-yamamoto-fuse> cc <!subteam^S072Q871SF9|@oka-matsui-furukawa-hayashi-kimura-hasegawa-kawatani>\n:flag-mx:メキシコ Momu Montserrat Gutierrez Lopez様からサンプル注文を頂きました。\n*TSE-MGL-SPL-001-25*  ",
        "team": "T033D70RR6H",
        "user_team": "T033D70RR6H",
        "source_team": "T033D70RR6H",
        "user_profile": {
            "avatar_hash": "823d8545f678",
            "image_72": "https:\/\/avatars.slack-edge.com\/2024-04-12\/6946592133062_823d8545f678615a3e0a_72.jpg",
            "first_name": "SATOSHI",
            "real_name": "SATOSHI FURUKAWA",
            "display_name": "古川　敏",
            "team": "T033D70RR6H",
            "name": "jpfreebirds",
            "is_restricted": false,
            "is_ultra_restricted": false
        },
        "thread_ts": "1745626652.223309",
        "reply_count": 6,
        "reply_users_count": 6,
        "latest_reply": "1746168401.218369",
        "reply_users": [
            "U0606SPN4BW",
            "U0331FZTHEK",
            "U0840UVFVA8",
            "U0331FWGQRM",
            "U08L89G6JSG",
            "U066P20UQH1"
        ],
        "replies": [
            {
                "user": "U0606SPN4BW",
                "ts": "1745626673.736769"
            },
            {
                "user": "U0331FZTHEK",
                "ts": "1745627294.056649"
            },
            {
                "user": "U0840UVFVA8",
                "ts": "1745889838.321099"
            },
            {
                "user": "U0331FWGQRM",
                "ts": "1746062015.735889"
            },
            {
                "user": "U08L89G6JSG",
                "ts": "1746166899.340969"
            },
            {
                "user": "U066P20UQH1",
                "ts": "1746168401.218369"
            }
        ],
        "is_locked": false,
        "subscribed": true,
        "last_read": "1746168401.218369",
        "blocks": [
            {
                "type": "rich_text",
                "block_id": "BGoak",
                "elements": [
                    {
                        "type": "rich_text_section",
                        "elements": [
                            {
                                "type": "usergroup",
                                "usergroup_id": "S073HEMKWV7"
                            },
                            {
                                "type": "text",
                                "text": " cc "
                            },
                            {
                                "type": "usergroup",
                                "usergroup_id": "S072Q871SF9"
                            },
                            {
                                "type": "text",
                                "text": "\n"
                            },
                            {
                                "type": "emoji",
                                "name": "flag-mx",
                                "unicode": "1f1f2-1f1fd"
                            },
                            {
                                "type": "text",
                                "text": "メキシコ Momu Montserrat Gutierrez Lopez様からサンプル注文を頂きました。\n"
                            },
                            {
                                "type": "text",
                                "text": "TSE-MGL-SPL-001-25  ",
                                "style": {
                                    "bold": true
                                }
                            }
                        ]
                    }
                ]
            }
        ]
    },
    {
        "user": "U0606SPN4BW",
        "type": "message",
        "ts": "1745626673.736769",
        "client_msg_id": "bc7d8e6c-6e4e-4643-9b9d-ac34e737fcae",
        "text": "下記へ発送手続き、および発送日のお知らせをお願いします！\n\n\n<@U0331FZTHEK> 入金確認済 (PayPal), 回収処理をお願いします！\n\n\n▼サンプル内容 (計 10点)\n&lt;各20g&gt;\nNon-organic Matcha Upper - 1 (出雲精茶G)\nNon-organic Matcha Upper - 2 (出雲精茶R)\nNon-organic Matcha Middle - 1 (出雲精茶T)\nNon-organic Matcha Middle - 2 (出雲精茶N)\nNon-organic Matcha Regular - 1 (出雲精茶F)\nNon-organic Matcha Regular - 2 (出雲精茶W)\nNon-organic Matcha Izumo Hojicha powder  (出雲精茶 出雲ほうじ茶Powder)\nNon-organic Matcha Izumo stem Hojicha powder (出雲精茶 茎ほうじPowder)\nNon-organic Matcha Uji Hojicha powder  (香岳園\tほうじ茶パウダー)\nNon-organic Matcha Genmaicha powder (51% 鹿児島製茶 有機煎茶1B, 49% 丸菱 オーガニック玄米（国産）17kg)\n\n\n袋指定なし、\nエージレス無し、\n品名ラベル貼り\n価格表示：なし\n\n\n発送:DHL\n箱：ボタニカル\n\n\n--------------------------------\nBrand name: Momu\nName: Montserrat Gutierrez Lopez\nAddress: Alberto Garcia Guzman 1061 etapa 1, int 7. Pedregal de la Huasteca. Santa Catarina, Nuevo León\nCountry: Mexico\nPostal code: 66354\nPhone: 4494464695\nEmail: <mailto:montserrat.gl1797@gmail.com|montserrat.gl1797@gmail.com>\n--------------------------------",
        "team": "T033D70RR6H",
        "user_team": "T033D70RR6H",
        "source_team": "T033D70RR6H",
        "user_profile": {
            "avatar_hash": "823d8545f678",
            "image_72": "https:\/\/avatars.slack-edge.com\/2024-04-12\/6946592133062_823d8545f678615a3e0a_72.jpg",
            "first_name": "SATOSHI",
            "real_name": "SATOSHI FURUKAWA",
            "display_name": "古川　敏",
            "team": "T033D70RR6H",
            "name": "jpfreebirds",
            "is_restricted": false,
            "is_ultra_restricted": false
        },
        "thread_ts": "1745626652.223309",
        "parent_user_id": "U0606SPN4BW",
        "blocks": [
            {
                "type": "rich_text",
                "block_id": "CPtoI",
                "elements": [
                    {
                        "type": "rich_text_section",
                        "elements": [
                            {
                                "type": "text",
                                "text": "下記へ発送手続き、および発送日のお知らせをお願いします！\n\n\n"
                            },
                            {
                                "type": "user",
                                "user_id": "U0331FZTHEK"
                            },
                            {
                                "type": "text",
                                "text": " 入金確認済 (PayPal), 回収処理をお願いします！\n\n\n▼サンプル内容 (計 10点)\n<各20g>\nNon-organic Matcha Upper - 1 (出雲精茶G)\nNon-organic Matcha Upper - 2 (出雲精茶R)\nNon-organic Matcha Middle - 1 (出雲精茶T)\nNon-organic Matcha Middle - 2 (出雲精茶N)\nNon-organic Matcha Regular - 1 (出雲精茶F)\nNon-organic Matcha Regular - 2 (出雲精茶W)\nNon-organic Matcha Izumo Hojicha powder  (出雲精茶 出雲ほうじ茶Powder)\nNon-organic Matcha Izumo stem Hojicha powder (出雲精茶 茎ほうじPowder)\nNon-organic Matcha Uji Hojicha powder  (香岳園\tほうじ茶パウダー)\nNon-organic Matcha Genmaicha powder (51% 鹿児島製茶 有機煎茶1B, 49% 丸菱 オーガニック玄米（国産）17kg)\n\n\n袋指定なし、\nエージレス無し、\n品名ラベル貼り\n価格表示：なし\n\n\n発送:DHL\n箱：ボタニカル\n\n\n--------------------------------\nBrand name: Momu\nName: Montserrat Gutierrez Lopez\nAddress: Alberto Garcia Guzman 1061 etapa 1, int 7. Pedregal de la Huasteca. Santa Catarina, Nuevo León\nCountry: Mexico\nPostal code: 66354\nPhone: 4494464695\nEmail: "
                            },
                            {
                                "type": "link",
                                "url": "mailto:montserrat.gl1797@gmail.com",
                                "text": "montserrat.gl1797@gmail.com"
                            },
                            {
                                "type": "text",
                                "text": "\n--------------------------------"
                            }
                        ]
                    }
                ]
            }
        ],
        "reactions": [
            {
                "name": "d130b000eb8d6784",
                "users": [
                    "U0331FZTHEK"
                ],
                "count": 1
            },
            {
                "name": "7e6ac2088523a821",
                "users": [
                    "U0331FZTHEK"
                ],
                "count": 1
            }
        ]
    },
    {
        "user": "U0331FZTHEK",
        "type": "message",
        "ts": "1745627294.056649",
        "client_msg_id": "eb8c3580-6788-4131-aeae-fd93c03ed905",
        "text": "<@U0606SPN4BW>\n <!subteam^S073HEMKWV7|@hirakawa-adachi-yamamoto-fuse>\nご入金を確認致しました。\n・4\/25 [PayPal]\n・50 USD\n回収（入金）処理致します。\nよろしくお願いします。",
        "team": "T033D70RR6H",
        "user_team": "T033D70RR6H",
        "source_team": "T033D70RR6H",
        "user_profile": {
            "avatar_hash": "21cdbd6a05f9",
            "image_72": "https:\/\/avatars.slack-edge.com\/2022-02-16\/3115258488741_21cdbd6a05f9a69110f7_72.png",
            "first_name": "Mitsunobu",
            "real_name": "Mitsunobu Katayose",
            "display_name": "片寄",
            "team": "T033D70RR6H",
            "name": "tousuien03",
            "is_restricted": false,
            "is_ultra_restricted": false
        },
        "thread_ts": "1745626652.223309",
        "parent_user_id": "U0606SPN4BW",
        "blocks": [
            {
                "type": "rich_text",
                "block_id": "3HhKw",
                "elements": [
                    {
                        "type": "rich_text_section",
                        "elements": [
                            {
                                "type": "user",
                                "user_id": "U0606SPN4BW"
                            },
                            {
                                "type": "text",
                                "text": "\n "
                            },
                            {
                                "type": "usergroup",
                                "usergroup_id": "S073HEMKWV7"
                            },
                            {
                                "type": "text",
                                "text": "\nご入金を確認致しました。\n・4\/25 [PayPal]\n・50 USD\n回収（入金）処理致します。\nよろしくお願いします。"
                            }
                        ]
                    }
                ]
            }
        ]
    },
    {
        "user": "U08N3SKSL75",
        "type": "message",
        "ts": "1745629723.629449",
        "client_msg_id": "db133614-cb2c-486f-9e19-5b6126be8c9a",
        "text": "<!subteam^S073HEMKWV7|@hirakawa-adachi-yamamoto-fuse> cc <!subteam^S072Q871SF9|@oka-matsui-furukawa-hayashi-kimura-hasegawa-kawatani>\n:de:ドイツ YSF-Youssef Fares(Alibaba)様からサンプル注文を頂きました。\n*TSE-YSF-SPL-001-25*",
        "team": "T033D70RR6H",
        "user_team": "T033D70RR6H",
        "source_team": "T033D70RR6H",
        "user_profile": {
            "avatar_hash": "g385a5ea1fc7",
            "image_72": "https:\/\/secure.gravatar.com\/avatar\/385a5ea1fc7db8f0b42ecd922f43af6c.jpg?s=72&d=https%3A%2F%2Fa.slack-edge.com%2Fdf10d%2Fimg%2Favatars%2Fava_0013-72.png",
            "first_name": "Kimura",
            "real_name": "Kimura",
            "display_name": "Kimura",
            "team": "T033D70RR6H",
            "name": "tousuien.kimura",
            "is_restricted": false,
            "is_ultra_restricted": false
        },
        "thread_ts": "1745629723.629449",
        "reply_count": 4,
        "reply_users_count": 4,
        "latest_reply": "1746165326.747369",
        "reply_users": [
            "U08N3SKSL75",
            "U0331FZTHEK",
            "U0840UVFVA8",
            "U08L89G6JSG"
        ],
        "replies": [
            {
                "user": "U08N3SKSL75",
                "ts": "1745629807.596729"
            },
            {
                "user": "U0331FZTHEK",
                "ts": "1745630000.267019"
            },
            {
                "user": "U0840UVFVA8",
                "ts": "1745889581.711809"
            },
            {
                "user": "U08L89G6JSG",
                "ts": "1746165326.747369"
            }
        ],
        "is_locked": false,
        "subscribed": true,
        "last_read": "1746165326.747369",
        "blocks": [
            {
                "type": "rich_text",
                "block_id": "7+3FM",
                "elements": [
                    {
                        "type": "rich_text_section",
                        "elements": [
                            {
                                "type": "usergroup",
                                "usergroup_id": "S073HEMKWV7"
                            },
                            {
                                "type": "text",
                                "text": " cc "
                            },
                            {
                                "type": "usergroup",
                                "usergroup_id": "S072Q871SF9"
                            },
                            {
                                "type": "text",
                                "text": "\n"
                            },
                            {
                                "type": "emoji",
                                "name": "de",
                                "unicode": "1f1e9-1f1ea"
                            },
                            {
                                "type": "text",
                                "text": "ドイツ YSF-Youssef Fares(Alibaba)様からサンプル注文を頂きました。\n"
                            },
                            {
                                "type": "text",
                                "text": "TSE-YSF-SPL-001-25",
                                "style": {
                                    "bold": true
                                }
                            }
                        ]
                    }
                ]
            }
        ]
    },
    {
        "user": "U08N3SKSL75",
        "type": "message",
        "ts": "1745629807.596729",
        "client_msg_id": "8a9b2482-adad-4770-aae2-e5de77488438",
        "text": "<https:\/\/grp-ssm9297.slack.com\/admin\/user_groups|@hirakawa-adachi-yokoi-yamamoto> <https:\/\/grp-ssm9297.slack.com\/admin\/user_groups|@oka-matsui-furukawa-hayashi-kimura>\n下記へ発送手続き、および発送日のお知らせをお願いします。\n\n▼サンプル内容 (計 6点)\n&lt;各20g&gt;\nOrganic Matcha Upper - 1\t鹿児島A\nOrganic Matcha Upper - 2\t鹿児島1A\nOrganic Matcha Middle - 1\t鹿児島B\nNon-organic Matcha Upper - 1\t出雲精茶G\nNon-organic Matcha Upper - 2\t出雲精茶R\nNon-organic Matcha Middle - 1\t出雲精茶T\n\n包材ラベル他通常サンプルと同様です。\n箱：ボタニカルx１\n発送：DHL\n決済：PayPal\n\n<https:\/\/grp-ssm9297.slack.com\/admin\/user_groups|@katayose-kamiya>\n入金確認済みです。回収処理をお願いいたします。",
        "team": "T033D70RR6H",
        "user_team": "T033D70RR6H",
        "source_team": "T033D70RR6H",
        "user_profile": {
            "avatar_hash": "g385a5ea1fc7",
            "image_72": "https:\/\/secure.gravatar.com\/avatar\/385a5ea1fc7db8f0b42ecd922f43af6c.jpg?s=72&d=https%3A%2F%2Fa.slack-edge.com%2Fdf10d%2Fimg%2Favatars%2Fava_0013-72.png",
            "first_name": "Kimura",
            "real_name": "Kimura",
            "display_name": "Kimura",
            "team": "T033D70RR6H",
            "name": "tousuien.kimura",
            "is_restricted": false,
            "is_ultra_restricted": false
        },
        "thread_ts": "1745629723.629449",
        "parent_user_id": "U08N3SKSL75",
        "blocks": [
            {
                "type": "rich_text",
                "block_id": "2JgBi",
                "elements": [
                    {
                        "type": "rich_text_section",
                        "elements": [
                            {
                                "type": "link",
                                "url": "https:\/\/grp-ssm9297.slack.com\/admin\/user_groups",
                                "text": "@hirakawa-adachi-yokoi-yamamoto"
                            },
                            {
                                "type": "text",
                                "text": " "
                            },
                            {
                                "type": "link",
                                "url": "https:\/\/grp-ssm9297.slack.com\/admin\/user_groups",
                                "text": "@oka-matsui-furukawa-hayashi-kimura"
                            },
                            {
                                "type": "text",
                                "text": "\n下記へ発送手続き、および発送日のお知らせをお願いします。\n\n▼サンプル内容 (計 6点)\n<各20g>\nOrganic Matcha Upper - 1\t鹿児島A\nOrganic Matcha Upper - 2\t鹿児島1A\nOrganic Matcha Middle - 1\t鹿児島B\nNon-organic Matcha Upper - 1\t出雲精茶G\nNon-organic Matcha Upper - 2\t出雲精茶R\nNon-organic Matcha Middle - 1\t出雲精茶T\n\n包材ラベル他通常サンプルと同様です。\n箱：ボタニカルx１\n発送：DHL\n決済：PayPal\n\n"
                            },
                            {
                                "type": "link",
                                "url": "https:\/\/grp-ssm9297.slack.com\/admin\/user_groups",
                                "text": "@katayose-kamiya"
                            },
                            {
                                "type": "text",
                                "text": "\n入金確認済みです。回収処理をお願いいたします。"
                            }
                        ]
                    }
                ]
            }
        ],
        "reactions": [
            {
                "name": "d130b000eb8d6784",
                "users": [
                    "U0331FZTHEK"
                ],
                "count": 1
            },
            {
                "name": "7e6ac2088523a821",
                "users": [
                    "U0331FZTHEK"
                ],
                "count": 1
            }
        ]
    },
    {
        "user": "U0331FZTHEK",
        "type": "message",
        "ts": "1745630000.267019",
        "client_msg_id": "8f76f36d-f41a-4861-82e1-fa531fddfdbd",
        "text": "<@U08N3SKSL75>\n <!subteam^S073HEMKWV7|@hirakawa-adachi-yamamoto-fuse>\nご入金を確認致しました。\n・4\/26 [PayPal]\n・30 USD\n回収（入金）処理致します。\nよろしくお願いします。",
        "team": "T033D70RR6H",
        "user_team": "T033D70RR6H",
        "source_team": "T033D70RR6H",
        "user_profile": {
            "avatar_hash": "21cdbd6a05f9",
            "image_72": "https:\/\/avatars.slack-edge.com\/2022-02-16\/3115258488741_21cdbd6a05f9a69110f7_72.png",
            "first_name": "Mitsunobu",
            "real_name": "Mitsunobu Katayose",
            "display_name": "片寄",
            "team": "T033D70RR6H",
            "name": "tousuien03",
            "is_restricted": false,
            "is_ultra_restricted": false
        },
        "thread_ts": "1745629723.629449",
        "parent_user_id": "U08N3SKSL75",
        "blocks": [
            {
                "type": "rich_text",
                "block_id": "oSaZ\/",
                "elements": [
                    {
                        "type": "rich_text_section",
                        "elements": [
                            {
                                "type": "user",
                                "user_id": "U08N3SKSL75"
                            },
                            {
                                "type": "text",
                                "text": "\n "
                            },
                            {
                                "type": "usergroup",
                                "usergroup_id": "S073HEMKWV7"
                            },
                            {
                                "type": "text",
                                "text": "\nご入金を確認致しました。\n・4\/26 [PayPal]\n・30 USD\n回収（入金）処理致します。\nよろしくお願いします。"
                            }
                        ]
                    }
                ]
            }
        ],
        "reactions": [
            {
                "name": "d130b000eb8d6784",
                "users": [
                    "U08N3SKSL75"
                ],
                "count": 1
            },
            {
                "name": "入金完了",
                "users": [
                    "U0331FZTHEK"
                ],
                "count": 1
            }
        ]
    },
    {
        "user": "U08N3SKSL75",
        "type": "message",
        "ts": "1745639190.275829",
        "client_msg_id": "c5f7ada1-3e5c-4204-9c00-f088b014db8b",
        "text": "<!subteam^S073HEMKWV7|@hirakawa-adachi-yamamoto-fuse>\nお客さんから発送日の問い合わせが来ております。分りましたら教えてください:pray:",
        "team": "T033D70RR6H",
        "user_team": "T033D70RR6H",
        "source_team": "T033D70RR6H",
        "user_profile": {
            "avatar_hash": "g385a5ea1fc7",
            "image_72": "https:\/\/secure.gravatar.com\/avatar\/385a5ea1fc7db8f0b42ecd922f43af6c.jpg?s=72&d=https%3A%2F%2Fa.slack-edge.com%2Fdf10d%2Fimg%2Favatars%2Fava_0013-72.png",
            "first_name": "Kimura",
            "real_name": "Kimura",
            "display_name": "Kimura",
            "team": "T033D70RR6H",
            "name": "tousuien.kimura",
            "is_restricted": false,
            "is_ultra_restricted": false
        },
        "thread_ts": "1745382714.403149",
        "parent_user_id": "U066P20UQH1",
        "blocks": [
            {
                "type": "rich_text",
                "block_id": "fpAPn",
                "elements": [
                    {
                        "type": "rich_text_section",
                        "elements": [
                            {
                                "type": "usergroup",
                                "usergroup_id": "S073HEMKWV7"
                            },
                            {
                                "type": "text",
                                "text": "\nお客さんから発送日の問い合わせが来ております。分りましたら教えてください"
                            },
                            {
                                "type": "emoji",
                                "name": "pray",
                                "unicode": "1f64f"
                            }
                        ]
                    }
                ]
            }
        ]
    },
    {
        "user": "U08N3SKSL75",
        "type": "message",
        "ts": "1745646930.063899",
        "client_msg_id": "e85c96e7-4a3e-42ea-a1ba-5de4fc26caca",
        "text": "<!subteam^S073HEMKWV7|@hirakawa-adachi-yamamoto-fuse> cc <!subteam^S072Q871SF9|@oka-matsui-furukawa-hayashi-kimura-hasegawa-kawatani>\n:flag-be:ベルギー MCH-Mohamed Elhannafi(Alibaba)様からサンプル注文を頂きました。\n*TSE-MCH-SPL-001-26*",
        "team": "T033D70RR6H",
        "user_team": "T033D70RR6H",
        "source_team": "T033D70RR6H",
        "user_profile": {
            "avatar_hash": "g385a5ea1fc7",
            "image_72": "https:\/\/secure.gravatar.com\/avatar\/385a5ea1fc7db8f0b42ecd922f43af6c.jpg?s=72&d=https%3A%2F%2Fa.slack-edge.com%2Fdf10d%2Fimg%2Favatars%2Fava_0013-72.png",
            "first_name": "Kimura",
            "real_name": "Kimura",
            "display_name": "Kimura",
            "team": "T033D70RR6H",
            "name": "tousuien.kimura",
            "is_restricted": false,
            "is_ultra_restricted": false
        },
        "thread_ts": "1745646930.063899",
        "reply_count": 4,
        "reply_users_count": 4,
        "latest_reply": "1746099634.734039",
        "reply_users": [
            "U08N3SKSL75",
            "U0331FZTHEK",
            "U0840UVFVA8",
            "U041RJKV5JA"
        ],
        "replies": [
            {
                "user": "U08N3SKSL75",
                "ts": "1745647091.206019"
            },
            {
                "user": "U0331FZTHEK",
                "ts": "1745647705.078509"
            },
            {
                "user": "U0840UVFVA8",
                "ts": "1745887034.824149"
            },
            {
                "user": "U041RJKV5JA",
                "ts": "1746099634.734039"
            }
        ],
        "is_locked": false,
        "subscribed": true,
        "last_read": "1746099634.734039",
        "blocks": [
            {
                "type": "rich_text",
                "block_id": "QU7sl",
                "elements": [
                    {
                        "type": "rich_text_section",
                        "elements": [
                            {
                                "type": "usergroup",
                                "usergroup_id": "S073HEMKWV7"
                            },
                            {
                                "type": "text",
                                "text": " cc "
                            },
                            {
                                "type": "usergroup",
                                "usergroup_id": "S072Q871SF9"
                            },
                            {
                                "type": "text",
                                "text": "\n"
                            },
                            {
                                "type": "emoji",
                                "name": "flag-be",
                                "unicode": "1f1e7-1f1ea"
                            },
                            {
                                "type": "text",
                                "text": "ベルギー MCH-Mohamed Elhannafi(Alibaba)様からサンプル注文を頂きました。\n"
                            },
                            {
                                "type": "text",
                                "text": "TSE-MCH-SPL-001-26",
                                "style": {
                                    "bold": true
                                }
                            }
                        ]
                    }
                ]
            }
        ]
    },
    {
        "user": "U08N3SKSL75",
        "type": "message",
        "ts": "1745647091.206019",
        "client_msg_id": "9cef59c9-220a-4e17-bd84-66723ad5a45e",
        "text": "<https:\/\/grp-ssm9297.slack.com\/admin\/user_groups|@hirakawa-adachi-yokoi-yamamoto> <https:\/\/grp-ssm9297.slack.com\/admin\/user_groups|@oka-matsui-furukawa-hayashi-kimura>\n下記へ発送手続き、および発送日のお知らせをお願いします。\n\n▼サンプル内容 (計 4点)\n&lt;各20g&gt;\nOrganic Matcha Upper - 1\t鹿児島A\nOrganic Matcha Upper - 2\t鹿児島1A\nOrganic Matcha Middle - 1\t鹿児島B\nOrganic Matcha Middle - 2\t鹿児島C\n\n包材ラベル他通常サンプルと同様です。\n箱：ボタニカルx１\n発送：DHL\n決済：PayPal\n\n<https:\/\/grp-ssm9297.slack.com\/admin\/user_groups|@katayose-kamiya>\n入金確認済みです。回収処理をお願いいたします。",
        "team": "T033D70RR6H",
        "user_team": "T033D70RR6H",
        "source_team": "T033D70RR6H",
        "user_profile": {
            "avatar_hash": "g385a5ea1fc7",
            "image_72": "https:\/\/secure.gravatar.com\/avatar\/385a5ea1fc7db8f0b42ecd922f43af6c.jpg?s=72&d=https%3A%2F%2Fa.slack-edge.com%2Fdf10d%2Fimg%2Favatars%2Fava_0013-72.png",
            "first_name": "Kimura",
            "real_name": "Kimura",
            "display_name": "Kimura",
            "team": "T033D70RR6H",
            "name": "tousuien.kimura",
            "is_restricted": false,
            "is_ultra_restricted": false
        },
        "thread_ts": "1745646930.063899",
        "parent_user_id": "U08N3SKSL75",
        "blocks": [
            {
                "type": "rich_text",
                "block_id": "ojZML",
                "elements": [
                    {
                        "type": "rich_text_section",
                        "elements": [
                            {
                                "type": "link",
                                "url": "https:\/\/grp-ssm9297.slack.com\/admin\/user_groups",
                                "text": "@hirakawa-adachi-yokoi-yamamoto"
                            },
                            {
                                "type": "text",
                                "text": " "
                            },
                            {
                                "type": "link",
                                "url": "https:\/\/grp-ssm9297.slack.com\/admin\/user_groups",
                                "text": "@oka-matsui-furukawa-hayashi-kimura"
                            },
                            {
                                "type": "text",
                                "text": "\n下記へ発送手続き、および発送日のお知らせをお願いします。\n\n▼サンプル内容 (計 4点)\n<各20g>\nOrganic Matcha Upper - 1\t鹿児島A\nOrganic Matcha Upper - 2\t鹿児島1A\nOrganic Matcha Middle - 1\t鹿児島B\nOrganic Matcha Middle - 2\t鹿児島C\n\n包材ラベル他通常サンプルと同様です。\n箱：ボタニカルx１\n発送：DHL\n決済：PayPal\n\n"
                            },
                            {
                                "type": "link",
                                "url": "https:\/\/grp-ssm9297.slack.com\/admin\/user_groups",
                                "text": "@katayose-kamiya"
                            },
                            {
                                "type": "text",
                                "text": "\n入金確認済みです。回収処理をお願いいたします。"
                            }
                        ]
                    }
                ]
            }
        ],
        "reactions": [
            {
                "name": "d130b000eb8d6784",
                "users": [
                    "U0331FZTHEK"
                ],
                "count": 1
            },
            {
                "name": "7e6ac2088523a821",
                "users": [
                    "U0331FZTHEK"
                ],
                "count": 1
            }
        ]
    },
    {
        "user": "U0331FZTHEK",
        "type": "message",
        "ts": "1745647705.078509",
        "client_msg_id": "8264458c-45c8-4df1-bc31-369c4fd0366c",
        "text": "<@U08N3SKSL75>\n <!subteam^S073HEMKWV7|@hirakawa-adachi-yamamoto-fuse>\nご入金を確認致しました。\n・4\/26 [PayPal]\n・30 USD\n回収（入金）処理致します。\nよろしくお願いします。",
        "team": "T033D70RR6H",
        "user_team": "T033D70RR6H",
        "source_team": "T033D70RR6H",
        "user_profile": {
            "avatar_hash": "21cdbd6a05f9",
            "image_72": "https:\/\/avatars.slack-edge.com\/2022-02-16\/3115258488741_21cdbd6a05f9a69110f7_72.png",
            "first_name": "Mitsunobu",
            "real_name": "Mitsunobu Katayose",
            "display_name": "片寄",
            "team": "T033D70RR6H",
            "name": "tousuien03",
            "is_restricted": false,
            "is_ultra_restricted": false
        },
        "thread_ts": "1745646930.063899",
        "parent_user_id": "U08N3SKSL75",
        "blocks": [
            {
                "type": "rich_text",
                "block_id": "oSaZ\/",
                "elements": [
                    {
                        "type": "rich_text_section",
                        "elements": [
                            {
                                "type": "user",
                                "user_id": "U08N3SKSL75"
                            },
                            {
                                "type": "text",
                                "text": "\n "
                            },
                            {
                                "type": "usergroup",
                                "usergroup_id": "S073HEMKWV7"
                            },
                            {
                                "type": "text",
                                "text": "\nご入金を確認致しました。\n・4\/26 [PayPal]\n・30 USD\n回収（入金）処理致します。\nよろしくお願いします。"
                            }
                        ]
                    }
                ]
            }
        ],
        "reactions": [
            {
                "name": "d130b000eb8d6784",
                "users": [
                    "U08N3SKSL75"
                ],
                "count": 1
            },
            {
                "name": "入金完了",
                "users": [
                    "U0331FZTHEK"
                ],
                "count": 1
            }
        ]
    },
    {
        "user": "U0606SPN4BW",
        "type": "message",
        "ts": "1745647790.534869",
        "client_msg_id": "5cc94463-2aee-401e-bcf9-07c12202be3f",
        "text": "<!subteam^S073HEMKWV7|@hirakawa-adachi-yamamoto-fuse> cc <!subteam^S072Q871SF9|@oka-matsui-furukawa-hayashi-kimura-hasegawa-kawatani>\n:flag-mx:メキシコ María Fernanda Cordova Pérez様からサンプル注文を頂きました。\n*TSE-FER-SPL-001-25*  ",
        "team": "T033D70RR6H",
        "user_team": "T033D70RR6H",
        "source_team": "T033D70RR6H",
        "user_profile": {
            "avatar_hash": "823d8545f678",
            "image_72": "https:\/\/avatars.slack-edge.com\/2024-04-12\/6946592133062_823d8545f678615a3e0a_72.jpg",
            "first_name": "SATOSHI",
            "real_name": "SATOSHI FURUKAWA",
            "display_name": "古川　敏",
            "team": "T033D70RR6H",
            "name": "jpfreebirds",
            "is_restricted": false,
            "is_ultra_restricted": false
        },
        "thread_ts": "1745647790.534869",
        "reply_count": 8,
        "reply_users_count": 6,
        "latest_reply": "1748505677.518079",
        "reply_users": [
            "U0606SPN4BW",
            "U0331FZTHEK",
            "U0840UVFVA8",
            "U08L89G6JSG",
            "U066P20UQH1",
            "U041RJKV5JA"
        ],
        "replies": [
            {
                "user": "U0606SPN4BW",
                "ts": "1745647864.085869"
            },
            {
                "user": "U0331FZTHEK",
                "ts": "1745648293.065169"
            },
            {
                "user": "U0840UVFVA8",
                "ts": "1746080599.217229"
            },
            {
                "user": "U08L89G6JSG",
                "ts": "1746165820.000809"
            },
            {
                "user": "U066P20UQH1",
                "ts": "1746165963.833099"
            },
            {
                "user": "U041RJKV5JA",
                "ts": "1747985700.510409"
            },
            {
                "user": "U066P20UQH1",
                "ts": "1748395188.927359"
            },
            {
                "user": "U041RJKV5JA",
                "ts": "1748505677.518079"
            }
        ],
        "is_locked": false,
        "subscribed": true,
        "last_read": "1748505677.518079",
        "blocks": [
            {
                "type": "rich_text",
                "block_id": "6XIXv",
                "elements": [
                    {
                        "type": "rich_text_section",
                        "elements": [
                            {
                                "type": "usergroup",
                                "usergroup_id": "S073HEMKWV7"
                            },
                            {
                                "type": "text",
                                "text": " cc "
                            },
                            {
                                "type": "usergroup",
                                "usergroup_id": "S072Q871SF9"
                            },
                            {
                                "type": "text",
                                "text": "\n"
                            },
                            {
                                "type": "emoji",
                                "name": "flag-mx",
                                "unicode": "1f1f2-1f1fd"
                            },
                            {
                                "type": "text",
                                "text": "メキシコ María Fernanda Cordova Pérez様からサンプル注文を頂きました。\n"
                            },
                            {
                                "type": "text",
                                "text": "TSE-FER-SPL-001-25  ",
                                "style": {
                                    "bold": true
                                }
                            }
                        ]
                    }
                ]
            }
        ]
    },
    {
        "user": "U0606SPN4BW",
        "type": "message",
        "ts": "1745647864.085869",
        "client_msg_id": "42a2c7a0-60f9-4f5b-afd6-bfbff5c11071",
        "text": "下記へ発送手続き、および発送日のお知らせをお願いします！\n\n<@U0331FZTHEK> 入金確認ありがとうございました、 PayPalの回収処理をお願いします！\n\n▼サンプル内容 (計 2点)\n&lt;各20g&gt;\nOrganic Matcha Top - 1 碧翠園 (16000京都)\nOrganic Matcha Top - 2 碧翠園 (12000京都)\n\n\n袋指定なし、\nエージレス無し、\n品名ラベル貼り\n\n\n箱：ボタニカル\n発送:DHL\n\n\n--------------------------------\nName: María Fernanda Cordova Pérez\nAddress: Jacaranda center 4103-15A, Cedar fifth Urbi, Tijuana, B.C.\nCountry: Mexico\nPostal code: 22564\nPhone: <tel:+5216645180701|+5216645180701>\nEmail: <mailto:Aztecadiosa32@gmail.com|Aztecadiosa32@gmail.com>\n--------------------------------",
        "team": "T033D70RR6H",
        "user_team": "T033D70RR6H",
        "source_team": "T033D70RR6H",
        "user_profile": {
            "avatar_hash": "823d8545f678",
            "image_72": "https:\/\/avatars.slack-edge.com\/2024-04-12\/6946592133062_823d8545f678615a3e0a_72.jpg",
            "first_name": "SATOSHI",
            "real_name": "SATOSHI FURUKAWA",
            "display_name": "古川　敏",
            "team": "T033D70RR6H",
            "name": "jpfreebirds",
            "is_restricted": false,
            "is_ultra_restricted": false
        },
        "thread_ts": "1745647790.534869",
        "parent_user_id": "U0606SPN4BW",
        "blocks": [
            {
                "type": "rich_text",
                "block_id": "GDpq6",
                "elements": [
                    {
                        "type": "rich_text_section",
                        "elements": [
                            {
                                "type": "text",
                                "text": "下記へ発送手続き、および発送日のお知らせをお願いします！\n\n"
                            },
                            {
                                "type": "user",
                                "user_id": "U0331FZTHEK"
                            },
                            {
                                "type": "text",
                                "text": " 入金確認ありがとうございました、 PayPalの回収処理をお願いします！\n\n▼サンプル内容 (計 2点)\n<各20g>\nOrganic Matcha Top - 1 碧翠園 (16000京都)\nOrganic Matcha Top - 2 碧翠園 (12000京都)\n\n\n袋指定なし、\nエージレス無し、\n品名ラベル貼り\n\n\n箱：ボタニカル\n発送:DHL\n\n\n--------------------------------\nName: María Fernanda Cordova Pérez\nAddress: Jacaranda center 4103-15A, Cedar fifth Urbi, Tijuana, B.C.\nCountry: Mexico\nPostal code: 22564\nPhone: "
                            },
                            {
                                "type": "link",
                                "url": "tel:+5216645180701",
                                "text": "+5216645180701"
                            },
                            {
                                "type": "text",
                                "text": "\nEmail: "
                            },
                            {
                                "type": "link",
                                "url": "mailto:Aztecadiosa32@gmail.com",
                                "text": "Aztecadiosa32@gmail.com"
                            },
                            {
                                "type": "text",
                                "text": "\n--------------------------------"
                            }
                        ]
                    }
                ]
            }
        ],
        "reactions": [
            {
                "name": "d130b000eb8d6784",
                "users": [
                    "U0331FZTHEK"
                ],
                "count": 1
            },
            {
                "name": "7e6ac2088523a821",
                "users": [
                    "U0331FZTHEK"
                ],
                "count": 1
            }
        ]
    },
    {
        "user": "U0331FZTHEK",
        "type": "message",
        "ts": "1745648293.065169",
        "client_msg_id": "9da96040-a742-4eb0-921c-7044b9ea2d4e",
        "text": "<@U0606SPN4BW>\n <!subteam^S073HEMKWV7|@hirakawa-adachi-yamamoto-fuse>\nご入金を確認致しました。\n・4\/26 [PayPal]\n・30 USD\n回収（入金）処理致します。\nよろしくお願いします。",
        "team": "T033D70RR6H",
        "user_team": "T033D70RR6H",
        "source_team": "T033D70RR6H",
        "user_profile": {
            "avatar_hash": "21cdbd6a05f9",
            "image_72": "https:\/\/avatars.slack-edge.com\/2022-02-16\/3115258488741_21cdbd6a05f9a69110f7_72.png",
            "first_name": "Mitsunobu",
            "real_name": "Mitsunobu Katayose",
            "display_name": "片寄",
            "team": "T033D70RR6H",
            "name": "tousuien03",
            "is_restricted": false,
            "is_ultra_restricted": false
        },
        "thread_ts": "1745647790.534869",
        "parent_user_id": "U0606SPN4BW",
        "blocks": [
            {
                "type": "rich_text",
                "block_id": "DEUi5",
                "elements": [
                    {
                        "type": "rich_text_section",
                        "elements": [
                            {
                                "type": "user",
                                "user_id": "U0606SPN4BW"
                            },
                            {
                                "type": "text",
                                "text": "\n "
                            },
                            {
                                "type": "usergroup",
                                "usergroup_id": "S073HEMKWV7"
                            },
                            {
                                "type": "text",
                                "text": "\nご入金を確認致しました。\n・4\/26 [PayPal]\n・30 USD\n回収（入金）処理致します。\nよろしくお願いします。"
                            }
                        ]
                    }
                ]
            }
        ],
        "reactions": [
            {
                "name": "d130b000eb8d6784",
                "users": [
                    "U0606SPN4BW"
                ],
                "count": 1
            },
            {
                "name": "入金完了",
                "users": [
                    "U0331FZTHEK"
                ],
                "count": 1
            }
        ]
    }
]