[
    {
        "user": "U0606SPN4BW",
        "type": "message",
        "ts": "1736092684.189649",
        "edited": {
            "user": "U0606SPN4BW",
            "ts": "1736092901.000000"
        },
        "client_msg_id": "f6ccec22-b96f-4b75-84ab-03724c20d5ce",
        "text": "<!subteam^S073HEMKWV7|@hirakawa-adachi-yamamoto-fuse> cc <!subteam^S072Q871SF9|@oka-matsui-furukawa-hayashi-kimura-hasegawa-kawatani>\n:flag-sa:サウジアラビア TAI-Taif Almutairi様(alibaba, 国旗はオーストラリア)からサンプル注文を頂きました。\n*TSE-TAI-SPL-001-25*  ",
        "team": "T033D70RR6H",
        "user_team": "T033D70RR6H",
        "source_team": "T033D70RR6H",
        "user_profile": {
            "avatar_hash": "823d8545f678",
            "image_72": "https:\/\/avatars.slack-edge.com\/2024-04-12\/6946592133062_823d8545f678615a3e0a_72.jpg",
            "first_name": "SATOSHI",
            "real_name": "SATOSHI FURUKAWA",
            "display_name": "古川　敏",
            "team": "T033D70RR6H",
            "name": "jpfreebirds",
            "is_restricted": false,
            "is_ultra_restricted": false
        },
        "thread_ts": "1736092684.189649",
        "reply_count": 4,
        "reply_users_count": 3,
        "latest_reply": "1737068266.437959",
        "reply_users": [
            "U0606SPN4BW",
            "U0331FZTHEK",
            "U05KGS6HN9H"
        ],
        "replies": [
            {
                "user": "U0606SPN4BW",
                "ts": "1736092711.855679"
            },
            {
                "user": "U0331FZTHEK",
                "ts": "1736120173.126169"
            },
            {
                "user": "U05KGS6HN9H",
                "ts": "1736839683.806849"
            },
            {
                "user": "U05KGS6HN9H",
                "ts": "1737068266.437959"
            }
        ],
        "is_locked": false,
        "subscribed": true,
        "last_read": "1737068266.437959",
        "blocks": [
            {
                "type": "rich_text",
                "block_id": "OFikV",
                "elements": [
                    {
                        "type": "rich_text_section",
                        "elements": [
                            {
                                "type": "usergroup",
                                "usergroup_id": "S073HEMKWV7"
                            },
                            {
                                "type": "text",
                                "text": " cc "
                            },
                            {
                                "type": "usergroup",
                                "usergroup_id": "S072Q871SF9"
                            },
                            {
                                "type": "text",
                                "text": "\n"
                            },
                            {
                                "type": "emoji",
                                "name": "flag-sa",
                                "unicode": "1f1f8-1f1e6"
                            },
                            {
                                "type": "text",
                                "text": "サウジアラビア TAI-Taif Almutairi様(alibaba, 国旗はオーストラリア)からサンプル注文を頂きました。\n"
                            },
                            {
                                "type": "text",
                                "text": "TSE-TAI-SPL-001-25  ",
                                "style": {
                                    "bold": true
                                }
                            }
                        ]
                    }
                ]
            }
        ],
        "reactions": [
            {
                "name": "承知_致しました",
                "users": [
                    "U05KGS6HN9H",
                    "U041RJKV5JA"
                ],
                "count": 2
            }
        ]
    },
    {
        "user": "U0606SPN4BW",
        "type": "message",
        "ts": "1736092711.855679",
        "client_msg_id": "ab65f90d-f204-4a4b-bcbc-c29d3433fc1e",
        "text": "下記へ発送手続き、および発送日のお知らせをお願いします！\n\n\n<@U0331FZTHEK> 入金確認済（PayPal）、回収処理をお願いします！\n\n\n▼サンプル内容（計 5点）\n&lt;各20g&gt;\n・ Organic Matcha Upper grade 1（鹿児島製茶 鹿児島A）\n・ Original Matcha Middle grade 1（出雲精茶T）\n\n・Turmeric Matcha（鹿児島製茶 鹿児島B, キタマ 有機ターメリックパウダー）\n・Vanilla Matcha （鹿児島製茶 鹿児島B, キタマ バニラパウダーB7355）\n・Cinnamon Matcha（鹿児島製茶 鹿児島B, キタマ 有機シナモンパウダー）\n\n\n袋指定なし、\nエージレス無し、\n品名ラベル貼り。\n価格印字：なし\n\n\n発送: DHL\n\n\n------------------------\nName: Taif Almutairi\nAddress: 201 B Qurrayah Street, Gharb Al Dhahran, Dhahran\nPostal code: 34472\nCountry: Saudi Arabia\nPhone number: <tel:+966501394362|+966501394362>\ne-mail address: <mailto:Taifhkhalid@gmail.com|Taifhkhalid@gmail.com>\n------------------------",
        "team": "T033D70RR6H",
        "user_team": "T033D70RR6H",
        "source_team": "T033D70RR6H",
        "user_profile": {
            "avatar_hash": "823d8545f678",
            "image_72": "https:\/\/avatars.slack-edge.com\/2024-04-12\/6946592133062_823d8545f678615a3e0a_72.jpg",
            "first_name": "SATOSHI",
            "real_name": "SATOSHI FURUKAWA",
            "display_name": "古川　敏",
            "team": "T033D70RR6H",
            "name": "jpfreebirds",
            "is_restricted": false,
            "is_ultra_restricted": false
        },
        "thread_ts": "1736092684.189649",
        "parent_user_id": "U0606SPN4BW",
        "blocks": [
            {
                "type": "rich_text",
                "block_id": "503nR",
                "elements": [
                    {
                        "type": "rich_text_section",
                        "elements": [
                            {
                                "type": "text",
                                "text": "下記へ発送手続き、および発送日のお知らせをお願いします！\n\n\n"
                            },
                            {
                                "type": "user",
                                "user_id": "U0331FZTHEK"
                            },
                            {
                                "type": "text",
                                "text": " 入金確認済（PayPal）、回収処理をお願いします！\n\n\n▼サンプル内容（計 5点）\n<各20g>\n・ Organic Matcha Upper grade 1（鹿児島製茶 鹿児島A）\n・ Original Matcha Middle grade 1（出雲精茶T）\n\n・Turmeric Matcha（鹿児島製茶 鹿児島B, キタマ 有機ターメリックパウダー）\n・Vanilla Matcha （鹿児島製茶 鹿児島B, キタマ バニラパウダーB7355）\n・Cinnamon Matcha（鹿児島製茶 鹿児島B, キタマ 有機シナモンパウダー）\n\n\n袋指定なし、\nエージレス無し、\n品名ラベル貼り。\n価格印字：なし\n\n\n発送: DHL\n\n\n------------------------\nName: Taif Almutairi\nAddress: 201 B Qurrayah Street, Gharb Al Dhahran, Dhahran\nPostal code: 34472\nCountry: Saudi Arabia\nPhone number: "
                            },
                            {
                                "type": "link",
                                "url": "tel:+966501394362",
                                "text": "+966501394362"
                            },
                            {
                                "type": "text",
                                "text": "\ne-mail address: "
                            },
                            {
                                "type": "link",
                                "url": "mailto:Taifhkhalid@gmail.com",
                                "text": "Taifhkhalid@gmail.com"
                            },
                            {
                                "type": "text",
                                "text": "\n------------------------"
                            }
                        ]
                    }
                ]
            }
        ],
        "reactions": [
            {
                "name": "d130b000eb8d6784",
                "users": [
                    "U0331FZTHEK"
                ],
                "count": 1
            },
            {
                "name": "7e6ac2088523a821",
                "users": [
                    "U0331FZTHEK"
                ],
                "count": 1
            }
        ]
    },
    {
        "user": "U0331FZTHEK",
        "type": "message",
        "ts": "1736119323.374809",
        "client_msg_id": "571f96e9-5ba4-4d42-b291-07c21ada8493",
        "text": "<@U0606SPN4BW>\n <!subteam^S073HEMKWV7|@hirakawa-adachi-yamamoto-fuse>\n・12\/28 [PayPal]\n・30 USD\nご確認お願いします。\nよろしくお願いします。",
        "team": "T033D70RR6H",
        "user_team": "T033D70RR6H",
        "source_team": "T033D70RR6H",
        "user_profile": {
            "avatar_hash": "21cdbd6a05f9",
            "image_72": "https:\/\/avatars.slack-edge.com\/2022-02-16\/3115258488741_21cdbd6a05f9a69110f7_72.png",
            "first_name": "Mitsunobu",
            "real_name": "Mitsunobu Katayose",
            "display_name": "片寄",
            "team": "T033D70RR6H",
            "name": "tousuien03",
            "is_restricted": false,
            "is_ultra_restricted": false
        },
        "thread_ts": "1735492482.088689",
        "parent_user_id": "U0606SPN4BW",
        "blocks": [
            {
                "type": "rich_text",
                "block_id": "r71ja",
                "elements": [
                    {
                        "type": "rich_text_section",
                        "elements": [
                            {
                                "type": "user",
                                "user_id": "U0606SPN4BW"
                            },
                            {
                                "type": "text",
                                "text": "\n "
                            },
                            {
                                "type": "usergroup",
                                "usergroup_id": "S073HEMKWV7"
                            },
                            {
                                "type": "text",
                                "text": "\n・12\/28 [PayPal]\n・30 USD\nご確認お願いします。\nよろしくお願いします。"
                            }
                        ]
                    }
                ]
            }
        ],
        "reactions": [
            {
                "name": "d130b000eb8d6784",
                "users": [
                    "U0606SPN4BW"
                ],
                "count": 1
            }
        ]
    },
    {
        "user": "U0331FZTHEK",
        "type": "message",
        "ts": "1736120173.126169",
        "client_msg_id": "4b4779a6-d4a2-4345-b80f-ae790d01bf71",
        "text": "<@U0606SPN4BW>\n <!subteam^S073HEMKWV7|@hirakawa-adachi-yamamoto-fuse>\nご入金を確認致しました。\n・1\/4 [PayPal]\n・30 USD\n回収（入金）処理致します。\nよろしくお願いします。",
        "team": "T033D70RR6H",
        "user_team": "T033D70RR6H",
        "source_team": "T033D70RR6H",
        "user_profile": {
            "avatar_hash": "21cdbd6a05f9",
            "image_72": "https:\/\/avatars.slack-edge.com\/2022-02-16\/3115258488741_21cdbd6a05f9a69110f7_72.png",
            "first_name": "Mitsunobu",
            "real_name": "Mitsunobu Katayose",
            "display_name": "片寄",
            "team": "T033D70RR6H",
            "name": "tousuien03",
            "is_restricted": false,
            "is_ultra_restricted": false
        },
        "thread_ts": "1736092684.189649",
        "parent_user_id": "U0606SPN4BW",
        "blocks": [
            {
                "type": "rich_text",
                "block_id": "CjFf8",
                "elements": [
                    {
                        "type": "rich_text_section",
                        "elements": [
                            {
                                "type": "user",
                                "user_id": "U0606SPN4BW"
                            },
                            {
                                "type": "text",
                                "text": "\n "
                            },
                            {
                                "type": "usergroup",
                                "usergroup_id": "S073HEMKWV7"
                            },
                            {
                                "type": "text",
                                "text": "\nご入金を確認致しました。\n・1\/4 [PayPal]\n・30 USD\n回収（入金）処理致します。\nよろしくお願いします。"
                            }
                        ]
                    }
                ]
            }
        ],
        "reactions": [
            {
                "name": "d130b000eb8d6784",
                "users": [
                    "U0606SPN4BW"
                ],
                "count": 1
            },
            {
                "name": "入金完了",
                "users": [
                    "U0331FZTHEK"
                ],
                "count": 1
            }
        ]
    },
    {
        "user": "U066P20UQH1",
        "type": "message",
        "ts": "1736137021.606369",
        "client_msg_id": "359a31ba-0a5f-4820-8952-b11600e96d70",
        "text": "<!subteam^S073HEMKWV7|@hirakawa-adachi-yamamoto-fuse> <!subteam^S072Q871SF9|@oka-matsui-furukawa-hayashi-kimura-hasegawa-kawatani>\n*TSE-JOS-SPL-001-24*\n:us:アメリカ：JOS-Jose Gutierrez(alibaba)様からサンプル注文をいただきました。",
        "team": "T033D70RR6H",
        "user_team": "T033D70RR6H",
        "source_team": "T033D70RR6H",
        "user_profile": {
            "avatar_hash": "179323cb3551",
            "image_72": "https:\/\/avatars.slack-edge.com\/2024-04-12\/6955353714228_179323cb3551f7c8ecfe_72.png",
            "first_name": "Haruka",
            "real_name": "Haruka Hayashi",
            "display_name": "林遥香",
            "team": "T033D70RR6H",
            "name": "haru.nboc",
            "is_restricted": false,
            "is_ultra_restricted": false
        },
        "thread_ts": "1736137021.606369",
        "reply_count": 4,
        "reply_users_count": 3,
        "latest_reply": "1736405023.137249",
        "reply_users": [
            "U066P20UQH1",
            "U0331FZTHEK",
            "U041RJKV5JA"
        ],
        "replies": [
            {
                "user": "U066P20UQH1",
                "ts": "1736137158.717439"
            },
            {
                "user": "U0331FZTHEK",
                "ts": "1736137572.036529"
            },
            {
                "user": "U041RJKV5JA",
                "ts": "1736332237.704169"
            },
            {
                "user": "U041RJKV5JA",
                "ts": "1736405023.137249"
            }
        ],
        "is_locked": false,
        "subscribed": true,
        "last_read": "1736405023.137249",
        "blocks": [
            {
                "type": "rich_text",
                "block_id": "+MJMz",
                "elements": [
                    {
                        "type": "rich_text_section",
                        "elements": [
                            {
                                "type": "usergroup",
                                "usergroup_id": "S073HEMKWV7"
                            },
                            {
                                "type": "text",
                                "text": " "
                            },
                            {
                                "type": "usergroup",
                                "usergroup_id": "S072Q871SF9"
                            },
                            {
                                "type": "text",
                                "text": "\n"
                            },
                            {
                                "type": "text",
                                "text": "TSE-JOS-SPL-001-24",
                                "style": {
                                    "bold": true
                                }
                            },
                            {
                                "type": "text",
                                "text": "\n"
                            },
                            {
                                "type": "emoji",
                                "name": "us",
                                "unicode": "1f1fa-1f1f8"
                            },
                            {
                                "type": "text",
                                "text": "アメリカ：JOS-Jose Gutierrez(alibaba)様からサンプル注文をいただきました。"
                            }
                        ]
                    }
                ]
            }
        ],
        "reactions": [
            {
                "name": "承知_致しました",
                "users": [
                    "U05KGS6HN9H"
                ],
                "count": 1
            }
        ]
    },
    {
        "user": "U066P20UQH1",
        "type": "message",
        "ts": "1736137158.717439",
        "client_msg_id": "e1632a79-2de3-4c4e-b0b1-caded48d4cb6",
        "text": "<!subteam^S073HEMKWV7|@hirakawa-adachi-yamamoto-fuse>\n出荷可能日を教えてください。:woman-bowing:\n原料は添付をご確認ください。\nラベル表記指定なしです。\n\n<@U0331FZTHEK>\n入金確認済みですので、回収処理をお願いいたします:woman-bowing:",
        "team": "T033D70RR6H",
        "user_team": "T033D70RR6H",
        "source_team": "T033D70RR6H",
        "user_profile": {
            "avatar_hash": "179323cb3551",
            "image_72": "https:\/\/avatars.slack-edge.com\/2024-04-12\/6955353714228_179323cb3551f7c8ecfe_72.png",
            "first_name": "Haruka",
            "real_name": "Haruka Hayashi",
            "display_name": "林遥香",
            "team": "T033D70RR6H",
            "name": "haru.nboc",
            "is_restricted": false,
            "is_ultra_restricted": false
        },
        "thread_ts": "1736137021.606369",
        "parent_user_id": "U066P20UQH1",
        "blocks": [
            {
                "type": "rich_text",
                "block_id": "VhjnO",
                "elements": [
                    {
                        "type": "rich_text_section",
                        "elements": [
                            {
                                "type": "usergroup",
                                "usergroup_id": "S073HEMKWV7"
                            },
                            {
                                "type": "text",
                                "text": "\n出荷可能日を教えてください。"
                            },
                            {
                                "type": "emoji",
                                "name": "woman-bowing",
                                "unicode": "1f647-200d-2640-fe0f"
                            },
                            {
                                "type": "text",
                                "text": "\n原料は添付をご確認ください。\nラベル表記指定なしです。\n\n"
                            },
                            {
                                "type": "user",
                                "user_id": "U0331FZTHEK"
                            },
                            {
                                "type": "text",
                                "text": "\n入金確認済みですので、回収処理をお願いいたします"
                            },
                            {
                                "type": "emoji",
                                "name": "woman-bowing",
                                "unicode": "1f647-200d-2640-fe0f"
                            }
                        ]
                    }
                ]
            }
        ],
        "reactions": [
            {
                "name": "d130b000eb8d6784",
                "users": [
                    "U0331FZTHEK"
                ],
                "count": 1
            },
            {
                "name": "7e6ac2088523a821",
                "users": [
                    "U0331FZTHEK"
                ],
                "count": 1
            }
        ]
    },
    {
        "user": "U0331FZTHEK",
        "type": "message",
        "ts": "1736137572.036529",
        "client_msg_id": "2bd25566-e6d9-4344-a0b4-c89a061b3605",
        "text": "<@U066P20UQH1>\n <!subteam^S073HEMKWV7|@hirakawa-adachi-yamamoto-fuse>\nご入金を確認致しました。\n・1\/6 [PayPal]\n・40 USD\n回収（入金）処理致します。\nよろしくお願いします。",
        "team": "T033D70RR6H",
        "user_team": "T033D70RR6H",
        "source_team": "T033D70RR6H",
        "user_profile": {
            "avatar_hash": "21cdbd6a05f9",
            "image_72": "https:\/\/avatars.slack-edge.com\/2022-02-16\/3115258488741_21cdbd6a05f9a69110f7_72.png",
            "first_name": "Mitsunobu",
            "real_name": "Mitsunobu Katayose",
            "display_name": "片寄",
            "team": "T033D70RR6H",
            "name": "tousuien03",
            "is_restricted": false,
            "is_ultra_restricted": false
        },
        "thread_ts": "1736137021.606369",
        "parent_user_id": "U066P20UQH1",
        "blocks": [
            {
                "type": "rich_text",
                "block_id": "mL5Ld",
                "elements": [
                    {
                        "type": "rich_text_section",
                        "elements": [
                            {
                                "type": "user",
                                "user_id": "U066P20UQH1"
                            },
                            {
                                "type": "text",
                                "text": "\n "
                            },
                            {
                                "type": "usergroup",
                                "usergroup_id": "S073HEMKWV7"
                            },
                            {
                                "type": "text",
                                "text": "\nご入金を確認致しました。\n・1\/6 [PayPal]\n・40 USD\n回収（入金）処理致します。\nよろしくお願いします。"
                            }
                        ]
                    }
                ]
            }
        ]
    }
]