[
    {
        "user": "U0606SPN4BW",
        "type": "message",
        "ts": "1739007399.619519",
        "client_msg_id": "a9aa3d8b-9bf6-4822-9397-5288b5f41097",
        "text": "<@U05KGS6HN9H>\nはい、それで大丈夫です！\n今後の参考として、店舗販売兼用のものと、そうでない物の違いがあれば教えて頂くことは可能でしょうか？(箱なしとか?)\nよろしくお願いします！",
        "team": "T033D70RR6H",
        "user_team": "T033D70RR6H",
        "source_team": "T033D70RR6H",
        "user_profile": {
            "avatar_hash": "823d8545f678",
            "image_72": "https:\/\/avatars.slack-edge.com\/2024-04-12\/6946592133062_823d8545f678615a3e0a_72.jpg",
            "first_name": "SATOSHI",
            "real_name": "SATOSHI FURUKAWA",
            "display_name": "古川　敏",
            "team": "T033D70RR6H",
            "name": "jpfreebirds",
            "is_restricted": false,
            "is_ultra_restricted": false
        },
        "thread_ts": "1738778833.660869",
        "parent_user_id": "U0606SPN4BW",
        "blocks": [
            {
                "type": "rich_text",
                "block_id": "TvtkS",
                "elements": [
                    {
                        "type": "rich_text_section",
                        "elements": [
                            {
                                "type": "user",
                                "user_id": "U05KGS6HN9H"
                            },
                            {
                                "type": "text",
                                "text": "\nはい、それで大丈夫です！\n今後の参考として、店舗販売兼用のものと、そうでない物の違いがあれば教えて頂くことは可能でしょうか？(箱なしとか?)\nよろしくお願いします！"
                            }
                        ]
                    }
                ]
            }
        ]
    },
    {
        "user": "U05KGS6HN9H",
        "type": "message",
        "ts": "1739011033.572739",
        "client_msg_id": "47b978f5-4dbb-4c6f-a117-58349c75d71a",
        "text": "<@U0606SPN4BW>\n<!subteam^S073HEMKWV7|@hirakawa-adachi-yamamoto-fuse> <!subteam^S088LEJ1U5T|@kanayama-fukui-miyoshi-yokoi-takuwa-hara-imaoka-agou>\n本日2\/8のDHLで発送しました。\nAWB No 8229044541\n宜しくお願い致します。",
        "team": "T033D70RR6H",
        "user_team": "T033D70RR6H",
        "source_team": "T033D70RR6H",
        "user_profile": {
            "avatar_hash": "gc4e7258333f",
            "image_72": "https:\/\/secure.gravatar.com\/avatar\/c4e7258333f2958f831d063db85b4542.jpg?s=72&d=https%3A%2F%2Fa.slack-edge.com%2Fdf10d%2Fimg%2Favatars%2Fava_0005-72.png",
            "first_name": "Adachi",
            "real_name": "Adachi",
            "display_name": "足立",
            "team": "T033D70RR6H",
            "name": "tousuien05",
            "is_restricted": false,
            "is_ultra_restricted": false
        },
        "thread_ts": "1738408491.310469",
        "parent_user_id": "U0606SPN4BW",
        "blocks": [
            {
                "type": "rich_text",
                "block_id": "ue3kx",
                "elements": [
                    {
                        "type": "rich_text_section",
                        "elements": [
                            {
                                "type": "user",
                                "user_id": "U0606SPN4BW"
                            },
                            {
                                "type": "text",
                                "text": "\n"
                            },
                            {
                                "type": "usergroup",
                                "usergroup_id": "S073HEMKWV7"
                            },
                            {
                                "type": "text",
                                "text": " "
                            },
                            {
                                "type": "usergroup",
                                "usergroup_id": "S088LEJ1U5T"
                            },
                            {
                                "type": "text",
                                "text": "\n本日2\/8のDHLで発送しました。\nAWB No 8229044541\n宜しくお願い致します。"
                            }
                        ]
                    }
                ]
            }
        ],
        "reactions": [
            {
                "name": "d130b000eb8d6784",
                "users": [
                    "U0606SPN4BW"
                ],
                "count": 1
            },
            {
                "name": "連絡完了",
                "users": [
                    "U0606SPN4BW"
                ],
                "count": 1
            }
        ]
    },
    {
        "user": "U05KGS6HN9H",
        "type": "message",
        "ts": "1739011134.828479",
        "client_msg_id": "b10ea76c-8aa1-443e-b9c4-d80f58db6a6d",
        "text": "<@U0606SPN4BW>\n<!subteam^S073HEMKWV7|@hirakawa-adachi-yamamoto-fuse> <!subteam^S088LEJ1U5T|@kanayama-fukui-miyoshi-yokoi-takuwa-hara-imaoka-agou>\n本日2\/8のUPSで発送しました。\nAWB No 1Z219Y8R0411092286\nThanks Cardは4種各15枚を入れております。\n宜しくお願い致します。",
        "team": "T033D70RR6H",
        "user_team": "T033D70RR6H",
        "source_team": "T033D70RR6H",
        "user_profile": {
            "avatar_hash": "gc4e7258333f",
            "image_72": "https:\/\/secure.gravatar.com\/avatar\/c4e7258333f2958f831d063db85b4542.jpg?s=72&d=https%3A%2F%2Fa.slack-edge.com%2Fdf10d%2Fimg%2Favatars%2Fava_0005-72.png",
            "first_name": "Adachi",
            "real_name": "Adachi",
            "display_name": "足立",
            "team": "T033D70RR6H",
            "name": "tousuien05",
            "is_restricted": false,
            "is_ultra_restricted": false
        },
        "thread_ts": "1738441290.215239",
        "parent_user_id": "U0606SPN4BW",
        "blocks": [
            {
                "type": "rich_text",
                "block_id": "Y8Pqi",
                "elements": [
                    {
                        "type": "rich_text_section",
                        "elements": [
                            {
                                "type": "user",
                                "user_id": "U0606SPN4BW"
                            },
                            {
                                "type": "text",
                                "text": "\n"
                            },
                            {
                                "type": "usergroup",
                                "usergroup_id": "S073HEMKWV7"
                            },
                            {
                                "type": "text",
                                "text": " "
                            },
                            {
                                "type": "usergroup",
                                "usergroup_id": "S088LEJ1U5T"
                            },
                            {
                                "type": "text",
                                "text": "\n本日2\/8のUPSで発送しました。\nAWB No 1Z219Y8R0411092286\nThanks Cardは4種各15枚を入れております。\n宜しくお願い致します。"
                            }
                        ]
                    }
                ]
            }
        ],
        "reactions": [
            {
                "name": "d130b000eb8d6784",
                "users": [
                    "U0606SPN4BW"
                ],
                "count": 1
            },
            {
                "name": "承知-1",
                "users": [
                    "U0606SPN4BW"
                ],
                "count": 1
            }
        ]
    },
    {
        "subtype": "tombstone",
        "text": "This message was deleted.",
        "user": "USLACKBOT",
        "hidden": true,
        "type": "message",
        "ts": "1739023999.140709",
        "thread_ts": "1739023999.140709",
        "parent_user_id": "USLACKBOT",
        "reply_count": 3,
        "reply_users_count": 1,
        "latest_reply": "1739381127.728829",
        "reply_users": [
            "U0331FWGQRM"
        ],
        "replies": [
            {
                "user": "U0331FWGQRM",
                "ts": "1739024418.326929"
            },
            {
                "user": "U0331FWGQRM",
                "ts": "1739024437.825949"
            },
            {
                "user": "U0331FWGQRM",
                "ts": "1739381127.728829"
            }
        ],
        "is_locked": false,
        "subscribed": true,
        "last_read": "1739381127.728829",
        "reactions": [
            {
                "name": "承知_致しました",
                "users": [
                    "U041RJKV5JA",
                    "U05KGS6HN9H"
                ],
                "count": 2
            }
        ]
    },
    {
        "user": "U0331FWGQRM",
        "type": "message",
        "ts": "1739024418.326929",
        "client_msg_id": "9877f3a7-9160-4c85-bc59-489434bc9349",
        "text": "非有機Non organic\n下記5種類各20g発送願います。\nUpp-1（出雲抹茶G）\nUpp-2（出雲抹茶R）\nMid-1（出雲抹茶T）\nMid-2（出雲抹茶N）\nReg-1（出雲抹茶F）",
        "team": "T033D70RR6H",
        "user_team": "T033D70RR6H",
        "source_team": "T033D70RR6H",
        "user_profile": {
            "avatar_hash": "gf9d05f2cae1",
            "image_72": "https:\/\/secure.gravatar.com\/avatar\/f9d05f2cae161f657bb1248fc85b5235.jpg?s=72&d=https%3A%2F%2Fa.slack-edge.com%2Fdf10d%2Fimg%2Favatars%2Fava_0008-72.png",
            "first_name": "matsui",
            "real_name": "matsui",
            "display_name": "松井",
            "team": "T033D70RR6H",
            "name": "tousuien.matsui",
            "is_restricted": false,
            "is_ultra_restricted": false
        },
        "thread_ts": "1739023999.140709",
        "parent_user_id": "USLACKBOT",
        "blocks": [
            {
                "type": "rich_text",
                "block_id": "i8IqQ",
                "elements": [
                    {
                        "type": "rich_text_section",
                        "elements": [
                            {
                                "type": "text",
                                "text": "非有機Non organic\n下記5種類各20g発送願います。\nUpp-1（出雲抹茶G）\nUpp-2（出雲抹茶R）\nMid-1（出雲抹茶T）\nMid-2（出雲抹茶N）\nReg-1（出雲抹茶F）"
                            }
                        ]
                    }
                ]
            }
        ]
    },
    {
        "user": "U0331FWGQRM",
        "type": "message",
        "ts": "1739024437.825949",
        "client_msg_id": "d88e284f-3feb-4ffc-9e79-b5523865c88b",
        "text": "・Company name（brand name）：JAPAN PANTRY\n・Your name：Chiyu Hayashi\n・Shipping Address：#08-27 Rochester Resideces, 33 Rochester Drive, Singapore 138638\n・Billig address*no need if same as above\n ・Postal code（Zip code）:  138638\n・Phone number: <tel:+6588113246|+65 88113246>\n・email address: <mailto:alldaymatchaclub@gmail.com|alldaymatchaclub@gmail.com>",
        "team": "T033D70RR6H",
        "user_team": "T033D70RR6H",
        "source_team": "T033D70RR6H",
        "user_profile": {
            "avatar_hash": "gf9d05f2cae1",
            "image_72": "https:\/\/secure.gravatar.com\/avatar\/f9d05f2cae161f657bb1248fc85b5235.jpg?s=72&d=https%3A%2F%2Fa.slack-edge.com%2Fdf10d%2Fimg%2Favatars%2Fava_0008-72.png",
            "first_name": "matsui",
            "real_name": "matsui",
            "display_name": "松井",
            "team": "T033D70RR6H",
            "name": "tousuien.matsui",
            "is_restricted": false,
            "is_ultra_restricted": false
        },
        "thread_ts": "1739023999.140709",
        "parent_user_id": "USLACKBOT",
        "blocks": [
            {
                "type": "rich_text",
                "block_id": "vbH6X",
                "elements": [
                    {
                        "type": "rich_text_section",
                        "elements": [
                            {
                                "type": "text",
                                "text": "・Company name（brand name）：JAPAN PANTRY\n・Your name：Chiyu Hayashi\n・Shipping Address：#08-27 Rochester Resideces, 33 Rochester Drive, Singapore 138638\n・Billig address*no need if same as above\n ・Postal code（Zip code）:  138638\n・Phone number: "
                            },
                            {
                                "type": "link",
                                "url": "tel:+6588113246",
                                "text": "+65 88113246"
                            },
                            {
                                "type": "text",
                                "text": "\n・email address: "
                            },
                            {
                                "type": "link",
                                "url": "mailto:alldaymatchaclub@gmail.com",
                                "text": "alldaymatchaclub@gmail.com"
                            }
                        ]
                    }
                ]
            }
        ]
    },
    {
        "user": "U0606SPN4BW",
        "type": "message",
        "ts": "1739042648.366989",
        "client_msg_id": "bace9e04-b84e-4095-82df-680fd5654a4d",
        "text": "<!subteam^S073HEMKWV7|@hirakawa-adachi-yamamoto-fuse> cc <!subteam^S072Q871SF9|@oka-matsui-furukawa-hayashi-kimura-hasegawa-kawatani>\n:flag-qa:カタール Shahad Hashim様からサンプル注文を頂きました。\n*TSE-SHA-SPL-001-25*  ",
        "team": "T033D70RR6H",
        "user_team": "T033D70RR6H",
        "source_team": "T033D70RR6H",
        "user_profile": {
            "avatar_hash": "823d8545f678",
            "image_72": "https:\/\/avatars.slack-edge.com\/2024-04-12\/6946592133062_823d8545f678615a3e0a_72.jpg",
            "first_name": "SATOSHI",
            "real_name": "SATOSHI FURUKAWA",
            "display_name": "古川　敏",
            "team": "T033D70RR6H",
            "name": "jpfreebirds",
            "is_restricted": false,
            "is_ultra_restricted": false
        },
        "thread_ts": "1739042648.366989",
        "reply_count": 7,
        "reply_users_count": 3,
        "latest_reply": "1739867664.875549",
        "reply_users": [
            "U0606SPN4BW",
            "U0331FZTHEK",
            "U05KGS6HN9H"
        ],
        "replies": [
            {
                "user": "U0606SPN4BW",
                "ts": "1739042791.214839"
            },
            {
                "user": "U0331FZTHEK",
                "ts": "1739142115.521459"
            },
            {
                "user": "U05KGS6HN9H",
                "ts": "1739526379.005009"
            },
            {
                "user": "U05KGS6HN9H",
                "ts": "1739604597.021049"
            },
            {
                "user": "U0606SPN4BW",
                "ts": "1739606848.522739"
            },
            {
                "user": "U05KGS6HN9H",
                "ts": "1739609295.893979"
            },
            {
                "user": "U05KGS6HN9H",
                "ts": "1739867664.875549"
            }
        ],
        "is_locked": false,
        "subscribed": true,
        "last_read": "1739867664.875549",
        "blocks": [
            {
                "type": "rich_text",
                "block_id": "MkK0l",
                "elements": [
                    {
                        "type": "rich_text_section",
                        "elements": [
                            {
                                "type": "usergroup",
                                "usergroup_id": "S073HEMKWV7"
                            },
                            {
                                "type": "text",
                                "text": " cc "
                            },
                            {
                                "type": "usergroup",
                                "usergroup_id": "S072Q871SF9"
                            },
                            {
                                "type": "text",
                                "text": "\n"
                            },
                            {
                                "type": "emoji",
                                "name": "flag-qa",
                                "unicode": "1f1f6-1f1e6"
                            },
                            {
                                "type": "text",
                                "text": "カタール Shahad Hashim様からサンプル注文を頂きました。\n"
                            },
                            {
                                "type": "text",
                                "text": "TSE-SHA-SPL-001-25  ",
                                "style": {
                                    "bold": true
                                }
                            }
                        ]
                    }
                ]
            }
        ],
        "reactions": [
            {
                "name": "承知_致しました",
                "users": [
                    "U041RJKV5JA",
                    "U05KGS6HN9H"
                ],
                "count": 2
            },
            {
                "name": "済",
                "users": [
                    "U066P20UQH1"
                ],
                "count": 1
            }
        ]
    },
    {
        "user": "U0606SPN4BW",
        "type": "message",
        "ts": "1739042791.214839",
        "edited": {
            "user": "U0606SPN4BW",
            "ts": "1739606609.000000"
        },
        "client_msg_id": "a11de48c-da73-4fcb-98a2-cf722ba3b17f",
        "text": "下記へ発送手続き、および発送日のお知らせをお願いします！\n\n\n<@U0331FZTHEK> 入金確認済 (PayPal), 回収処理をお願いします！\n\n\n▼サンプル内容 (計 4点)\n<各20g>\nOrganic Matcha Upper - 1 鹿児島製茶 (鹿児島 A)\nOrganic Matcha Upper - 2 鹿児島製茶 (鹿児島 1A)\nNon organic Matcha Upper - 1 出雲精茶G\nNon organic Matcha Upper - 2 出雲精茶R\n\n\n袋指定なし、\nエージレス無し、\n品名ラベル貼り\n価格表示：なし\n\n\n発送:DHL\n\n\n--------------------\nName :\tShahad Hashim\nAddress ：AlMugheera Bin Hareth Street, House 9, Doha\nCountry :Qatar\nPostal code :\tなし\nPhone：\t+974 60007411\nEmail :\t<mailto:casamatchateam@gmail.com|casamatchateam@gmail.com>\n--------------------",
        "team": "T033D70RR6H",
        "user_team": "T033D70RR6H",
        "source_team": "T033D70RR6H",
        "user_profile": {
            "avatar_hash": "823d8545f678",
            "image_72": "https:\/\/avatars.slack-edge.com\/2024-04-12\/6946592133062_823d8545f678615a3e0a_72.jpg",
            "first_name": "SATOSHI",
            "real_name": "SATOSHI FURUKAWA",
            "display_name": "古川　敏",
            "team": "T033D70RR6H",
            "name": "jpfreebirds",
            "is_restricted": false,
            "is_ultra_restricted": false
        },
        "thread_ts": "1739042648.366989",
        "parent_user_id": "U0606SPN4BW",
        "blocks": [
            {
                "type": "rich_text",
                "block_id": "P\/7po",
                "elements": [
                    {
                        "type": "rich_text_section",
                        "elements": [
                            {
                                "type": "text",
                                "text": "下記へ発送手続き、および発送日のお知らせをお願いします！\n\n\n"
                            },
                            {
                                "type": "user",
                                "user_id": "U0331FZTHEK"
                            },
                            {
                                "type": "text",
                                "text": " 入金確認済 (PayPal), 回収処理をお願いします！\n\n\n▼サンプル内容 (計 4点)\n<各20g>\nOrganic Matcha Upper - 1 鹿児島製茶 (鹿児島 A)\nOrganic Matcha Upper - 2 鹿児島製茶 (鹿児島 1A)\nNon organic Matcha Upper - 1 出雲精茶G\nNon organic Matcha Upper - 2 出雲精茶R\n\n\n袋指定なし、\nエージレス無し、\n品名ラベル貼り\n価格表示：なし\n\n\n発送:DHL\n\n\n--------------------\nName :\tShahad Hashim\nAddress ：AlMugheera Bin Hareth Street, House 9, Doha\nCountry :Qatar\nPostal code :\tなし\nPhone：\t+974 60007411\nEmail :\t"
                            },
                            {
                                "type": "link",
                                "url": "mailto:casamatchateam@gmail.com",
                                "text": "casamatchateam@gmail.com"
                            },
                            {
                                "type": "text",
                                "text": "\n--------------------"
                            }
                        ]
                    }
                ]
            }
        ],
        "reactions": [
            {
                "name": "d130b000eb8d6784",
                "users": [
                    "U0331FZTHEK"
                ],
                "count": 1
            },
            {
                "name": "承知_致しました",
                "users": [
                    "U0331FZTHEK"
                ],
                "count": 1
            }
        ]
    }
]