[
    {
        "user": "U0606SPN4BW",
        "type": "message",
        "ts": "1752488981.506029",
        "client_msg_id": "acefa8f8-cafe-47bc-a498-bf2ba1b4fd11",
        "text": "<!subteam^S073HEMKWV7|@hirakawa-adachi-yamamoto-fuse>\n1316 :fr:フランス, ALX-Allexandre SALHI様(Whats)からサンプル注文をいただきました。\n*TSE-ALX-SPL-001-25*",
        "team": "T033D70RR6H",
        "user_team": "T033D70RR6H",
        "source_team": "T033D70RR6H",
        "user_profile": {
            "avatar_hash": "823d8545f678",
            "image_72": "https:\/\/avatars.slack-edge.com\/2024-04-12\/6946592133062_823d8545f678615a3e0a_72.jpg",
            "first_name": "SATOSHI",
            "real_name": "SATOSHI FURUKAWA",
            "display_name": "古川　敏",
            "team": "T033D70RR6H",
            "name": "jpfreebirds",
            "is_restricted": false,
            "is_ultra_restricted": false
        },
        "thread_ts": "1752488981.506029",
        "reply_count": 6,
        "reply_users_count": 4,
        "latest_reply": "1755586242.628229",
        "reply_users": [
            "U0606SPN4BW",
            "U0331FZTHEK",
            "U041RJKV5JA",
            "U033G4KN4TD"
        ],
        "replies": [
            {
                "user": "U0606SPN4BW",
                "ts": "1752489057.552249"
            },
            {
                "user": "U0606SPN4BW",
                "ts": "1752489156.536119"
            },
            {
                "user": "U0331FZTHEK",
                "ts": "1752534052.912079"
            },
            {
                "user": "U041RJKV5JA",
                "ts": "1752568605.828369"
            },
            {
                "user": "U033G4KN4TD",
                "ts": "1754115713.006089"
            },
            {
                "user": "U041RJKV5JA",
                "ts": "1755586242.628229"
            }
        ],
        "is_locked": false,
        "subscribed": false,
        "blocks": [
            {
                "type": "rich_text",
                "block_id": "jD7oh",
                "elements": [
                    {
                        "type": "rich_text_section",
                        "elements": [
                            {
                                "type": "usergroup",
                                "usergroup_id": "S073HEMKWV7"
                            },
                            {
                                "type": "text",
                                "text": "\n1316 "
                            },
                            {
                                "type": "emoji",
                                "name": "fr",
                                "unicode": "1f1eb-1f1f7"
                            },
                            {
                                "type": "text",
                                "text": "フランス, ALX-Allexandre SALHI様(Whats)からサンプル注文をいただきました。\n"
                            },
                            {
                                "type": "text",
                                "text": "TSE-ALX-SPL-001-25",
                                "style": {
                                    "bold": true
                                }
                            }
                        ]
                    }
                ]
            }
        ]
    },
    {
        "user": "U0606SPN4BW",
        "type": "message",
        "ts": "1752489057.552249",
        "client_msg_id": "ddab106e-8c64-4d54-8e2a-ccd13d2b2d7e",
        "text": "発送予定日のお知らせをお願いします！\n\n\n<!subteam^S08NN8M4LAZ|@katayose-kamiya>　\n入金確認済みです(PayPal), 回収処理をお願いいたします！\n\n\n▼注文内容 (計 5点)\n&lt; 標準サンプル, 各10g&gt;\n```・Organic Matcha Upper grade - 1, 鹿児島製茶 [鹿児島A 90%：鹿児島B 10%]\n\n\n・Organic Matcha Upper grade - 2, 鹿児島製茶 [鹿児島A 50%：鹿児島B 50%]\n\n\n・Organic Matcha Middle grade - 1, 鹿児島製茶 鹿児島B\n\n\n・Organic Matcha Middle grade - 2, 鹿児島製茶 鹿児島C\n\t\n\n・10g zip bag, custom label (空でOK, 社内印刷のテストラベルを貼付)\t```\n\n箱：ボタニカル\n発送：DHL",
        "team": "T033D70RR6H",
        "user_team": "T033D70RR6H",
        "source_team": "T033D70RR6H",
        "user_profile": {
            "avatar_hash": "823d8545f678",
            "image_72": "https:\/\/avatars.slack-edge.com\/2024-04-12\/6946592133062_823d8545f678615a3e0a_72.jpg",
            "first_name": "SATOSHI",
            "real_name": "SATOSHI FURUKAWA",
            "display_name": "古川　敏",
            "team": "T033D70RR6H",
            "name": "jpfreebirds",
            "is_restricted": false,
            "is_ultra_restricted": false
        },
        "thread_ts": "1752488981.506029",
        "parent_user_id": "U0606SPN4BW",
        "blocks": [
            {
                "type": "rich_text",
                "block_id": "KEQ6w",
                "elements": [
                    {
                        "type": "rich_text_section",
                        "elements": [
                            {
                                "type": "text",
                                "text": "発送予定日のお知らせをお願いします！\n\n\n"
                            },
                            {
                                "type": "usergroup",
                                "usergroup_id": "S08NN8M4LAZ"
                            },
                            {
                                "type": "text",
                                "text": "　\n入金確認済みです(PayPal), 回収処理をお願いいたします！\n\n\n▼注文内容 (計 5点)\n< 標準サンプル, 各10g>\n"
                            }
                        ]
                    },
                    {
                        "type": "rich_text_preformatted",
                        "elements": [
                            {
                                "type": "text",
                                "text": "・Organic Matcha Upper grade - 1, 鹿児島製茶 [鹿児島A 90%：鹿児島B 10%]\n\n\n・Organic Matcha Upper grade - 2, 鹿児島製茶 [鹿児島A 50%：鹿児島B 50%]\n\n\n・Organic Matcha Middle grade - 1, 鹿児島製茶 鹿児島B\n\n\n・Organic Matcha Middle grade - 2, 鹿児島製茶 鹿児島C\n\t\n\n・10g zip bag, custom label (空でOK, 社内印刷のテストラベルを貼付)\t"
                            }
                        ],
                        "border": 0
                    },
                    {
                        "type": "rich_text_section",
                        "elements": [
                            {
                                "type": "text",
                                "text": "\n\n箱：ボタニカル\n発送：DHL"
                            }
                        ]
                    }
                ]
            }
        ],
        "reactions": [
            {
                "name": "承知_致しました",
                "users": [
                    "U0331FZTHEK"
                ],
                "count": 1
            }
        ]
    },
    {
        "text": "<!subteam^S073HEMKWV7|@hirakawa-adachi-yamamoto-fuse>\n*&lt; 空のサンプルバッグについて &gt;*\n先日、作成・撮影いただいた、こちらの zip bag はまだありますでしょうか？\n残っている場合は、そのまま同梱をお願いします！\n\n既に破棄されている場合：\n社内プリンターでラベル印刷・貼付の上、同梱をお願いします。\nもし再度 10g zip bag (清和 50667)のサンプル取り寄せが必要な場合はサンプル発注しますのでお知らせください。＾＾\n\n\nよろしくお願いいたします！\n\n\n関連スレッド：\n<https:\/\/grp-ssm9297.slack.com\/archives\/C033G42K9DG\/p1751267198778629?thread_ts=1747747726.036629&amp;cid=C033G42K9DG>",
        "files": [
            {
                "id": "F095Q89SFGU",
                "mode": "tombstone"
            }
        ],
        "upload": false,
        "user": "U0606SPN4BW",
        "display_as_bot": false,
        "blocks": [
            {
                "type": "rich_text",
                "block_id": "e00lt",
                "elements": [
                    {
                        "type": "rich_text_section",
                        "elements": [
                            {
                                "type": "usergroup",
                                "usergroup_id": "S073HEMKWV7"
                            },
                            {
                                "type": "text",
                                "text": "\n"
                            },
                            {
                                "type": "text",
                                "text": "< 空のサンプルバッグについて >",
                                "style": {
                                    "bold": true
                                }
                            },
                            {
                                "type": "text",
                                "text": "\n先日、作成・撮影いただいた、こちらの zip bag はまだありますでしょうか？\n残っている場合は、そのまま同梱をお願いします！\n\n既に破棄されている場合：\n社内プリンターでラベル印刷・貼付の上、同梱をお願いします。\nもし再度 10g zip bag (清和 50667)のサンプル取り寄せが必要な場合はサンプル発注しますのでお知らせください。＾＾\n\n\nよろしくお願いいたします！\n\n\n関連スレッド：\n"
                            },
                            {
                                "type": "link",
                                "url": "https:\/\/grp-ssm9297.slack.com\/archives\/C033G42K9DG\/p1751267198778629?thread_ts=1747747726.036629&cid=C033G42K9DG"
                            }
                        ]
                    }
                ]
            }
        ],
        "type": "message",
        "ts": "1752489156.536119",
        "client_msg_id": "df156aac-af76-4b68-b8d5-14db70c696b3",
        "thread_ts": "1752488981.506029",
        "parent_user_id": "U0606SPN4BW",
        "attachments": [
            {
                "from_url": "https:\/\/grp-ssm9297.slack.com\/archives\/C033G42K9DG\/p1751267198778629?thread_ts=1747747726.036629&amp;cid=C033G42K9DG",
                "ts": "1751267198.778629",
                "author_id": "U041RJKV5JA",
                "channel_id": "C033G42K9DG",
                "channel_team": "T033D70RR6H",
                "is_msg_unfurl": true,
                "is_reply_unfurl": true,
                "message_blocks": [
                    {
                        "team": "T033D70RR6H",
                        "channel": "C033G42K9DG",
                        "ts": "1751267198.778629",
                        "message": {
                            "blocks": [
                                {
                                    "type": "rich_text",
                                    "block_id": "eHJ9y",
                                    "elements": [
                                        {
                                            "type": "rich_text_section",
                                            "elements": [
                                                {
                                                    "type": "user",
                                                    "user_id": "U0606SPN4BW"
                                                },
                                                {
                                                    "type": "text",
                                                    "text": "\n "
                                                },
                                                {
                                                    "type": "usergroup",
                                                    "usergroup_id": "S073HEMKWV7"
                                                },
                                                {
                                                    "type": "text",
                                                    "text": "\nサンプル袋にラベルを貼付しました。\nご確認お願いいたします。"
                                                }
                                            ]
                                        }
                                    ]
                                }
                            ]
                        }
                    }
                ],
                "files": [
                    {
                        "id": "F093MCVG1R8",
                        "created": 1751267192,
                        "timestamp": 1751267192,
                        "name": "S__737283.jpg",
                        "title": "S__737283.jpg",
                        "mimetype": "image\/jpeg",
                        "filetype": "jpg",
                        "pretty_type": "JPEG",
                        "user": "U041RJKV5JA",
                        "user_team": "T033D70RR6H",
                        "editable": false,
                        "size": 461130,
                        "mode": "hosted",
                        "is_external": false,
                        "external_type": "",
                        "is_public": true,
                        "public_url_shared": false,
                        "display_as_bot": false,
                        "username": "",
                        "url_private": "https:\/\/files.slack.com\/files-pri\/T033D70RR6H-F093MCVG1R8\/s__737283.jpg?token=xoxe-3115238875221-9710624591398-9697214945543-aa82359f925d11baadb4ddc07b089467",
                        "url_private_download": "https:\/\/files.slack.com\/files-pri\/T033D70RR6H-F093MCVG1R8\/download\/s__737283.jpg?token=xoxe-3115238875221-9710624591398-9697214945543-aa82359f925d11baadb4ddc07b089467",
                        "media_display_type": "unknown",
                        "thumb_64": "https:\/\/files.slack.com\/files-tmb\/T033D70RR6H-F093MCVG1R8-9655e1f4bb\/s__737283_64.jpg?t=xoxe-3115238875221-9710624591398-9697214945543-aa82359f925d11baadb4ddc07b089467",
                        "thumb_80": "https:\/\/files.slack.com\/files-tmb\/T033D70RR6H-F093MCVG1R8-9655e1f4bb\/s__737283_80.jpg?t=xoxe-3115238875221-9710624591398-9697214945543-aa82359f925d11baadb4ddc07b089467",
                        "thumb_360": "https:\/\/files.slack.com\/files-tmb\/T033D70RR6H-F093MCVG1R8-9655e1f4bb\/s__737283_360.jpg?t=xoxe-3115238875221-9710624591398-9697214945543-aa82359f925d11baadb4ddc07b089467",
                        "thumb_360_w": 360,
                        "thumb_360_h": 270,
                        "thumb_480": "https:\/\/files.slack.com\/files-tmb\/T033D70RR6H-F093MCVG1R8-9655e1f4bb\/s__737283_480.jpg?t=xoxe-3115238875221-9710624591398-9697214945543-aa82359f925d11baadb4ddc07b089467",
                        "thumb_480_w": 480,
                        "thumb_480_h": 360,
                        "thumb_160": "https:\/\/files.slack.com\/files-tmb\/T033D70RR6H-F093MCVG1R8-9655e1f4bb\/s__737283_160.jpg?t=xoxe-3115238875221-9710624591398-9697214945543-aa82359f925d11baadb4ddc07b089467",
                        "thumb_720": "https:\/\/files.slack.com\/files-tmb\/T033D70RR6H-F093MCVG1R8-9655e1f4bb\/s__737283_720.jpg?t=xoxe-3115238875221-9710624591398-9697214945543-aa82359f925d11baadb4ddc07b089467",
                        "thumb_720_w": 720,
                        "thumb_720_h": 540,
                        "thumb_800": "https:\/\/files.slack.com\/files-tmb\/T033D70RR6H-F093MCVG1R8-9655e1f4bb\/s__737283_800.jpg?t=xoxe-3115238875221-9710624591398-9697214945543-aa82359f925d11baadb4ddc07b089467",
                        "thumb_800_w": 800,
                        "thumb_800_h": 600,
                        "thumb_960": "https:\/\/files.slack.com\/files-tmb\/T033D70RR6H-F093MCVG1R8-9655e1f4bb\/s__737283_960.jpg?t=xoxe-3115238875221-9710624591398-9697214945543-aa82359f925d11baadb4ddc07b089467",
                        "thumb_960_w": 960,
                        "thumb_960_h": 720,
                        "thumb_1024": "https:\/\/files.slack.com\/files-tmb\/T033D70RR6H-F093MCVG1R8-9655e1f4bb\/s__737283_1024.jpg?t=xoxe-3115238875221-9710624591398-9697214945543-aa82359f925d11baadb4ddc07b089467",
                        "thumb_1024_w": 1024,
                        "thumb_1024_h": 768,
                        "original_w": 1477,
                        "original_h": 1108,
                        "thumb_tiny": "AwAkADCkgBYA9M1f8iL+4Kop94fWtPDHvSY0Q\/Z4v7gpfs0X9wVLhvU0oU4+9j8KLMNCncwxxxAoMHPrVWr18CIQCc8iqNNCFX7w+taqk9KyV+8PrWpkZ5JH4UgHZb1oBbrmjcn+RRuT0\/SmKzK96T5PPXdVCr96Q0PHqKz6Bjl+8KlN1L6j8qiXrTW60AS\/apfUflSrcSE9R+VQU5etFgLO9nGGORVcAbyKmSoh\/rDQB\/\/Z",
                        "permalink": "https:\/\/grp-ssm9297.slack.com\/files\/U0331FWGQRM\/F093MCVG1R8\/s__737283.jpg",
                        "permalink_public": "https:\/\/slack-files.com\/T033D70RR6H-F093MCVG1R8-aec2699c8b",
                        "comments_count": 0,
                        "is_starred": false,
                        "skipped_shares": true,
                        "has_rich_preview": false,
                        "file_access": "visible"
                    }
                ],
                "id": 1,
                "original_url": "https:\/\/grp-ssm9297.slack.com\/archives\/C033G42K9DG\/p1751267198778629?thread_ts=1747747726.036629&amp;cid=C033G42K9DG",
                "fallback": "[June 30th, 2025 12:06 AM] tousuien.s006: <@U0606SPN4BW>\n <!subteam^S073HEMKWV7>\nサンプル袋にラベルを貼付しました。\nご確認お願いいたします。",
                "text": "<@U0606SPN4BW>\n <!subteam^S073HEMKWV7>\nサンプル袋にラベルを貼付しました。\nご確認お願いいたします。",
                "author_name": "Hirakawa",
                "author_link": "https:\/\/grp-ssm9297.slack.com\/team\/U041RJKV5JA",
                "author_icon": "https:\/\/avatars.slack-edge.com\/2022-09-11\/4078874890257_aed9eafd9eee277ba076_48.png",
                "author_subname": "Hirakawa",
                "mrkdwn_in": [
                    "text"
                ],
                "footer": "Slack の会話内のスレッド"
            }
        ]
    },
    {
        "user": "U0606SPN4BW",
        "type": "message",
        "ts": "1752513749.665029",
        "client_msg_id": "e5acdd72-be35-4336-8802-f4400f77359d",
        "text": "<!subteam^S073HEMKWV7|@hirakawa-adachi-yamamoto-fuse>\n&lt; 名前を変更しました &gt;\n先方からのご依頼により、担当者名を以下に変更しました。(IV\/PL, 顧客管理表, 修正済み)\n\n\n*・変更前：Jirka → 変更後：Jiří*\n\n\n以上、よろしくお願いいたします！",
        "team": "T033D70RR6H",
        "user_team": "T033D70RR6H",
        "source_team": "T033D70RR6H",
        "user_profile": {
            "avatar_hash": "823d8545f678",
            "image_72": "https:\/\/avatars.slack-edge.com\/2024-04-12\/6946592133062_823d8545f678615a3e0a_72.jpg",
            "first_name": "SATOSHI",
            "real_name": "SATOSHI FURUKAWA",
            "display_name": "古川　敏",
            "team": "T033D70RR6H",
            "name": "jpfreebirds",
            "is_restricted": false,
            "is_ultra_restricted": false
        },
        "thread_ts": "1752325141.909109",
        "parent_user_id": "U0606SPN4BW",
        "blocks": [
            {
                "type": "rich_text",
                "block_id": "6JeWb",
                "elements": [
                    {
                        "type": "rich_text_section",
                        "elements": [
                            {
                                "type": "usergroup",
                                "usergroup_id": "S073HEMKWV7"
                            },
                            {
                                "type": "text",
                                "text": "\n< 名前を変更しました >\n先方からのご依頼により、担当者名を以下に変更しました。(IV\/PL, 顧客管理表, 修正済み)\n\n\n"
                            },
                            {
                                "type": "text",
                                "text": "・変更前：Jirka → 変更後：Jiří",
                                "style": {
                                    "bold": true
                                }
                            },
                            {
                                "type": "text",
                                "text": "\n\n\n以上、よろしくお願いいたします！"
                            }
                        ]
                    }
                ]
            }
        ]
    },
    {
        "user": "U05KGS6HN9H",
        "type": "message",
        "ts": "1752533406.065779",
        "client_msg_id": "7d90a172-69cc-4b7f-90de-20b003baab4b",
        "text": "<@U08RVRNBY00>\n<!subteam^S073HEMKWV7|@hirakawa-adachi-yamamoto-fuse> <!subteam^S088LEJ1U5T|@kanayama-fukui-miyoshi-yokoi-takuwa-hara-imaoka-agou>\n```Organic Matcha Upper grade - 1  ：有機抹茶A ```\n原料は鹿児島A 90%+鹿児島B 10%の認識で宜しいでしょうか？",
        "team": "T033D70RR6H",
        "user_team": "T033D70RR6H",
        "source_team": "T033D70RR6H",
        "user_profile": {
            "avatar_hash": "gc4e7258333f",
            "image_72": "https:\/\/secure.gravatar.com\/avatar\/c4e7258333f2958f831d063db85b4542.jpg?s=72&d=https%3A%2F%2Fa.slack-edge.com%2Fdf10d%2Fimg%2Favatars%2Fava_0005-72.png",
            "first_name": "Adachi",
            "real_name": "Adachi",
            "display_name": "足立",
            "team": "T033D70RR6H",
            "name": "tousuien05",
            "is_restricted": false,
            "is_ultra_restricted": false
        },
        "thread_ts": "1752278682.138119",
        "parent_user_id": "U08RVRNBY00",
        "blocks": [
            {
                "type": "rich_text",
                "block_id": "zFTVW",
                "elements": [
                    {
                        "type": "rich_text_section",
                        "elements": [
                            {
                                "type": "user",
                                "user_id": "U08RVRNBY00"
                            },
                            {
                                "type": "text",
                                "text": "\n"
                            },
                            {
                                "type": "usergroup",
                                "usergroup_id": "S073HEMKWV7"
                            },
                            {
                                "type": "text",
                                "text": " "
                            },
                            {
                                "type": "usergroup",
                                "usergroup_id": "S088LEJ1U5T"
                            },
                            {
                                "type": "text",
                                "text": "\n"
                            }
                        ]
                    },
                    {
                        "type": "rich_text_preformatted",
                        "elements": [
                            {
                                "type": "text",
                                "text": "Organic Matcha Upper grade - 1  ：有機抹茶A "
                            }
                        ],
                        "border": 0
                    },
                    {
                        "type": "rich_text_section",
                        "elements": [
                            {
                                "type": "text",
                                "text": "原料は鹿児島A 90%+鹿児島B 10%の認識で宜しいでしょうか？"
                            }
                        ]
                    }
                ]
            }
        ]
    },
    {
        "user": "U08RVRNBY00",
        "type": "message",
        "ts": "1752533592.238269",
        "client_msg_id": "6AD1CEC8-F914-4BAA-8B1F-3253736E9AEB",
        "text": "<@U05KGS6HN9H> \nご確認ありがとうございます。問題ございません。よろしくお願いします:man-bowing:",
        "team": "T033D70RR6H",
        "user_team": "T033D70RR6H",
        "source_team": "T033D70RR6H",
        "user_profile": {
            "avatar_hash": "g347f3e803ab",
            "image_72": "https:\/\/secure.gravatar.com\/avatar\/347f3e803abca8b6a7b724895864d138.jpg?s=72&d=https%3A%2F%2Fa.slack-edge.com%2Fdf10d%2Fimg%2Favatars%2Fava_0001-72.png",
            "first_name": "Hikako",
            "real_name": "Hikako Hasegawa",
            "display_name": "Hikako Hasegawa",
            "team": "T033D70RR6H",
            "name": "tousuien.hasegawa",
            "is_restricted": false,
            "is_ultra_restricted": false
        },
        "thread_ts": "1752278682.138119",
        "parent_user_id": "U08RVRNBY00",
        "blocks": [
            {
                "type": "rich_text",
                "block_id": "x6Teg",
                "elements": [
                    {
                        "type": "rich_text_section",
                        "elements": [
                            {
                                "type": "user",
                                "user_id": "U05KGS6HN9H"
                            },
                            {
                                "type": "text",
                                "text": " \nご確認ありがとうございます。問題ございません。よろしくお願いします"
                            },
                            {
                                "type": "emoji",
                                "name": "man-bowing",
                                "unicode": "1f647-200d-2642-fe0f"
                            }
                        ]
                    }
                ]
            }
        ]
    },
    {
        "user": "U0331FZTHEK",
        "type": "message",
        "ts": "1752534052.912079",
        "client_msg_id": "6c5da213-c6ec-44e4-879a-05825572e9ca",
        "text": "<@U0606SPN4BW>\n <!subteam^S073HEMKWV7|@hirakawa-adachi-yamamoto-fuse>\nご入金を確認致しました。\n・7\/14 [PayPal]\n・50 USD\n回収（入金）処理致します。\nよろしくお願いします。",
        "team": "T033D70RR6H",
        "user_team": "T033D70RR6H",
        "source_team": "T033D70RR6H",
        "user_profile": {
            "avatar_hash": "21cdbd6a05f9",
            "image_72": "https:\/\/avatars.slack-edge.com\/2022-02-16\/3115258488741_21cdbd6a05f9a69110f7_72.png",
            "first_name": "Mitsunobu",
            "real_name": "Mitsunobu Katayose",
            "display_name": "片寄",
            "team": "T033D70RR6H",
            "name": "tousuien03",
            "is_restricted": false,
            "is_ultra_restricted": false
        },
        "thread_ts": "1752488981.506029",
        "parent_user_id": "U0606SPN4BW",
        "blocks": [
            {
                "type": "rich_text",
                "block_id": "D9uZZ",
                "elements": [
                    {
                        "type": "rich_text_section",
                        "elements": [
                            {
                                "type": "user",
                                "user_id": "U0606SPN4BW"
                            },
                            {
                                "type": "text",
                                "text": "\n "
                            },
                            {
                                "type": "usergroup",
                                "usergroup_id": "S073HEMKWV7"
                            },
                            {
                                "type": "text",
                                "text": "\nご入金を確認致しました。\n・7\/14 [PayPal]\n・50 USD\n回収（入金）処理致します。\nよろしくお願いします。"
                            }
                        ]
                    }
                ]
            }
        ],
        "reactions": [
            {
                "name": "d130b000eb8d6784",
                "users": [
                    "U0606SPN4BW"
                ],
                "count": 1
            },
            {
                "name": "入金完了",
                "users": [
                    "U0331FZTHEK"
                ],
                "count": 1
            }
        ]
    },
    {
        "user": "U066P20UQH1",
        "type": "message",
        "ts": "1752546999.824169",
        "client_msg_id": "73dfc396-8102-47d3-ace9-f0f5bd71ade0",
        "text": "<!subteam^S073HEMKWV7|@hirakawa-adachi-yamamoto-fuse> <!subteam^S088LEJ1U5T|@kanayama-fukui-miyoshi-yokoi-takuwa-hara-imaoka-agou>\n*TSE-BGV-SPL-001-25*\n:flag-ph:フィリピン：BGV-Sahara Casteel (alibaba名 Brigitte Ventures)様からサンプル注文をいただきました。",
        "team": "T033D70RR6H",
        "user_team": "T033D70RR6H",
        "source_team": "T033D70RR6H",
        "user_profile": {
            "avatar_hash": "179323cb3551",
            "image_72": "https:\/\/avatars.slack-edge.com\/2024-04-12\/6955353714228_179323cb3551f7c8ecfe_72.png",
            "first_name": "Haruka",
            "real_name": "Haruka Hayashi",
            "display_name": "林遥香",
            "team": "T033D70RR6H",
            "name": "haru.nboc",
            "is_restricted": false,
            "is_ultra_restricted": false
        },
        "thread_ts": "1752546999.824169",
        "reply_count": 3,
        "reply_users_count": 2,
        "latest_reply": "1753766675.810989",
        "reply_users": [
            "U066P20UQH1",
            "U08NVD403GV"
        ],
        "replies": [
            {
                "user": "U066P20UQH1",
                "ts": "1752547982.598789"
            },
            {
                "user": "U08NVD403GV",
                "ts": "1753764616.504649"
            },
            {
                "user": "U066P20UQH1",
                "ts": "1753766675.810989"
            }
        ],
        "is_locked": false,
        "subscribed": false,
        "blocks": [
            {
                "type": "rich_text",
                "block_id": "V8Y7d",
                "elements": [
                    {
                        "type": "rich_text_section",
                        "elements": [
                            {
                                "type": "usergroup",
                                "usergroup_id": "S073HEMKWV7"
                            },
                            {
                                "type": "text",
                                "text": " "
                            },
                            {
                                "type": "usergroup",
                                "usergroup_id": "S088LEJ1U5T"
                            },
                            {
                                "type": "text",
                                "text": "\n"
                            },
                            {
                                "type": "text",
                                "text": "TSE-BGV-SPL-001-25",
                                "style": {
                                    "bold": true
                                }
                            },
                            {
                                "type": "text",
                                "text": "\n"
                            },
                            {
                                "type": "emoji",
                                "name": "flag-ph",
                                "unicode": "1f1f5-1f1ed"
                            },
                            {
                                "type": "text",
                                "text": "フィリピン：BGV-Sahara Casteel (alibaba名 Brigitte Ventures)様からサンプル注文をいただきました。"
                            }
                        ]
                    }
                ]
            }
        ]
    },
    {
        "user": "U066P20UQH1",
        "type": "message",
        "ts": "1752547982.598789",
        "client_msg_id": "03203f1a-b53d-4004-80cd-112c6713a22f",
        "text": "<!subteam^S073HEMKWV7|@hirakawa-adachi-yamamoto-fuse> <!subteam^S088LEJ1U5T|@kanayama-fukui-miyoshi-yokoi-takuwa-hara-imaoka-agou>\n発送可能日わかり次第共有お願いいたします:woman-bowing:\n\n▼注文内容（計---種）\n現段階で以下5種類注文予定ですが、*宇治単一のサンプルが追加になる可能性があります。*\n```Organic Matcha Upper grade - 1 (鹿児島A 90% x 鹿児島B 10%）\nOrganic Matcha Upper grade - 2 (鹿児島A 50% x 鹿児島B 50%）\nNon-organic Matcha Upper grade - 1　（出雲G）\nNon-organic Matcha Upper grade - 2　（出雲R）\nNon-organic Uji Matcha grade T (50g zip bag)　（香岳園　宇治抹茶 K12000 つゆひかり（滋賀県産）→MIXになったのは合意済み```\n<!subteam^S08NN8M4LAZ|@katayose-kamiya>\n無償提供になります。:pray:",
        "team": "T033D70RR6H",
        "user_team": "T033D70RR6H",
        "source_team": "T033D70RR6H",
        "user_profile": {
            "avatar_hash": "179323cb3551",
            "image_72": "https:\/\/avatars.slack-edge.com\/2024-04-12\/6955353714228_179323cb3551f7c8ecfe_72.png",
            "first_name": "Haruka",
            "real_name": "Haruka Hayashi",
            "display_name": "林遥香",
            "team": "T033D70RR6H",
            "name": "haru.nboc",
            "is_restricted": false,
            "is_ultra_restricted": false
        },
        "thread_ts": "1752546999.824169",
        "parent_user_id": "U066P20UQH1",
        "blocks": [
            {
                "type": "rich_text",
                "block_id": "yBeIX",
                "elements": [
                    {
                        "type": "rich_text_section",
                        "elements": [
                            {
                                "type": "usergroup",
                                "usergroup_id": "S073HEMKWV7"
                            },
                            {
                                "type": "text",
                                "text": " "
                            },
                            {
                                "type": "usergroup",
                                "usergroup_id": "S088LEJ1U5T"
                            },
                            {
                                "type": "text",
                                "text": "\n発送可能日わかり次第共有お願いいたします"
                            },
                            {
                                "type": "emoji",
                                "name": "woman-bowing",
                                "unicode": "1f647-200d-2640-fe0f"
                            },
                            {
                                "type": "text",
                                "text": "\n\n▼注文内容（計---種）\n現段階で以下5種類注文予定ですが、"
                            },
                            {
                                "type": "text",
                                "text": "宇治単一のサンプルが追加になる可能性があります。",
                                "style": {
                                    "bold": true
                                }
                            },
                            {
                                "type": "text",
                                "text": "\n"
                            }
                        ]
                    },
                    {
                        "type": "rich_text_preformatted",
                        "elements": [
                            {
                                "type": "text",
                                "text": "Organic Matcha Upper grade - 1 (鹿児島A 90% x 鹿児島B 10%）\nOrganic Matcha Upper grade - 2 (鹿児島A 50% x 鹿児島B 50%）\nNon-organic Matcha Upper grade - 1　（出雲G）\nNon-organic Matcha Upper grade - 2　（出雲R）\nNon-organic Uji Matcha grade T (50g zip bag)　（香岳園　宇治抹茶 K12000 つゆひかり（滋賀県産）→MIXになったのは合意済み"
                            }
                        ],
                        "border": 0
                    },
                    {
                        "type": "rich_text_section",
                        "elements": [
                            {
                                "type": "usergroup",
                                "usergroup_id": "S08NN8M4LAZ"
                            },
                            {
                                "type": "text",
                                "text": "\n無償提供になります。"
                            },
                            {
                                "type": "emoji",
                                "name": "pray",
                                "unicode": "1f64f"
                            }
                        ]
                    }
                ]
            }
        ],
        "reactions": [
            {
                "name": "承知_致しました",
                "users": [
                    "U0331FZTHEK"
                ],
                "count": 1
            }
        ]
    },
    {
        "user": "U08N3SKSL75",
        "type": "message",
        "ts": "1752561190.912279",
        "client_msg_id": "6659ead6-72d3-47b2-b8fc-163a13d15010",
        "text": "<!subteam^S073HEMKWV7|@hirakawa-adachi-yamamoto-fuse>\nInvoiceの原料が旧情報になっていたので、修正しました。\nお手数おかけしますが、小分け指示書の内容の修正をお願いいたします。:bow:",
        "team": "T033D70RR6H",
        "user_team": "T033D70RR6H",
        "source_team": "T033D70RR6H",
        "user_profile": {
            "avatar_hash": "g385a5ea1fc7",
            "image_72": "https:\/\/secure.gravatar.com\/avatar\/385a5ea1fc7db8f0b42ecd922f43af6c.jpg?s=72&d=https%3A%2F%2Fa.slack-edge.com%2Fdf10d%2Fimg%2Favatars%2Fava_0013-72.png",
            "first_name": "Kimura",
            "real_name": "Kimura",
            "display_name": "Kimura",
            "team": "T033D70RR6H",
            "name": "tousuien.kimura",
            "is_restricted": false,
            "is_ultra_restricted": false
        },
        "thread_ts": "1752295119.211649",
        "parent_user_id": "U08N3SKSL75",
        "blocks": [
            {
                "type": "rich_text",
                "block_id": "nr8qO",
                "elements": [
                    {
                        "type": "rich_text_section",
                        "elements": [
                            {
                                "type": "usergroup",
                                "usergroup_id": "S073HEMKWV7"
                            },
                            {
                                "type": "text",
                                "text": "\nInvoiceの原料が旧情報になっていたので、修正しました。\nお手数おかけしますが、小分け指示書の内容の修正をお願いいたします。"
                            },
                            {
                                "type": "emoji",
                                "name": "bow",
                                "unicode": "1f647"
                            }
                        ]
                    }
                ]
            }
        ]
    },
    {
        "user": "U08N3SKSL75",
        "type": "message",
        "ts": "1752561402.921059",
        "client_msg_id": "3278e4c1-f801-412d-aebd-3c64aae691e1",
        "text": "<!subteam^S073HEMKWV7|@hirakawa-adachi-yamamoto-fuse>\nInvoiceの原料が旧情報になっていたので、修正しました。\nお手数おかけしますが、小分け指示書の内容の修正をお願いいたします。:bow:",
        "team": "T033D70RR6H",
        "user_team": "T033D70RR6H",
        "source_team": "T033D70RR6H",
        "user_profile": {
            "avatar_hash": "g385a5ea1fc7",
            "image_72": "https:\/\/secure.gravatar.com\/avatar\/385a5ea1fc7db8f0b42ecd922f43af6c.jpg?s=72&d=https%3A%2F%2Fa.slack-edge.com%2Fdf10d%2Fimg%2Favatars%2Fava_0013-72.png",
            "first_name": "Kimura",
            "real_name": "Kimura",
            "display_name": "Kimura",
            "team": "T033D70RR6H",
            "name": "tousuien.kimura",
            "is_restricted": false,
            "is_ultra_restricted": false
        },
        "thread_ts": "1752307486.699969",
        "parent_user_id": "U08N3SKSL75",
        "blocks": [
            {
                "type": "rich_text",
                "block_id": "nr8qO",
                "elements": [
                    {
                        "type": "rich_text_section",
                        "elements": [
                            {
                                "type": "usergroup",
                                "usergroup_id": "S073HEMKWV7"
                            },
                            {
                                "type": "text",
                                "text": "\nInvoiceの原料が旧情報になっていたので、修正しました。\nお手数おかけしますが、小分け指示書の内容の修正をお願いいたします。"
                            },
                            {
                                "type": "emoji",
                                "name": "bow",
                                "unicode": "1f647"
                            }
                        ]
                    }
                ]
            }
        ],
        "reactions": [
            {
                "name": "承知_致しました",
                "users": [
                    "U041RJKV5JA"
                ],
                "count": 1
            }
        ]
    },
    {
        "user": "U066P20UQH1",
        "type": "message",
        "ts": "1752562351.037309",
        "client_msg_id": "96d70f16-9051-4dee-b070-e6da42474364",
        "text": "<!subteam^S073HEMKWV7|@hirakawa-adachi-yamamoto-fuse> <!subteam^S088LEJ1U5T|@kanayama-fukui-miyoshi-yokoi-takuwa-hara-imaoka-agou>\n*TSE-PRI-SPL-002-25*\n:flag-id:インドネシア：PRI-Primavera, Kirei Wagashi &amp; Matcha Bar, Andrew King(アリババ名Regina Olivia) (alibaba→Whatsapp)様からサンプル注文をいただきました。",
        "team": "T033D70RR6H",
        "user_team": "T033D70RR6H",
        "source_team": "T033D70RR6H",
        "user_profile": {
            "avatar_hash": "179323cb3551",
            "image_72": "https:\/\/avatars.slack-edge.com\/2024-04-12\/6955353714228_179323cb3551f7c8ecfe_72.png",
            "first_name": "Haruka",
            "real_name": "Haruka Hayashi",
            "display_name": "林遥香",
            "team": "T033D70RR6H",
            "name": "haru.nboc",
            "is_restricted": false,
            "is_ultra_restricted": false
        },
        "thread_ts": "1752562351.037309",
        "reply_count": 4,
        "reply_users_count": 3,
        "latest_reply": "1755586287.808689",
        "reply_users": [
            "U066P20UQH1",
            "U033G4KN4TD",
            "U041RJKV5JA"
        ],
        "replies": [
            {
                "user": "U066P20UQH1",
                "ts": "1752562412.831139"
            },
            {
                "user": "U066P20UQH1",
                "ts": "1752568054.982809"
            },
            {
                "user": "U033G4KN4TD",
                "ts": "1754115737.210599"
            },
            {
                "user": "U041RJKV5JA",
                "ts": "1755586287.808689"
            }
        ],
        "is_locked": false,
        "subscribed": false,
        "blocks": [
            {
                "type": "rich_text",
                "block_id": "2z4+C",
                "elements": [
                    {
                        "type": "rich_text_section",
                        "elements": [
                            {
                                "type": "usergroup",
                                "usergroup_id": "S073HEMKWV7"
                            },
                            {
                                "type": "text",
                                "text": " "
                            },
                            {
                                "type": "usergroup",
                                "usergroup_id": "S088LEJ1U5T"
                            },
                            {
                                "type": "text",
                                "text": "\n"
                            },
                            {
                                "type": "text",
                                "text": "TSE-PRI-SPL-002-25",
                                "style": {
                                    "bold": true
                                }
                            },
                            {
                                "type": "text",
                                "text": "\n"
                            },
                            {
                                "type": "emoji",
                                "name": "flag-id",
                                "unicode": "1f1ee-1f1e9"
                            },
                            {
                                "type": "text",
                                "text": "インドネシア：PRI-Primavera, Kirei Wagashi & Matcha Bar, Andrew King(アリババ名Regina Olivia) (alibaba→Whatsapp)様からサンプル注文をいただきました。"
                            }
                        ]
                    }
                ]
            }
        ]
    },
    {
        "user": "U066P20UQH1",
        "type": "message",
        "ts": "1752562412.831139",
        "client_msg_id": "48057272-e717-459d-9bee-aa544e907402",
        "text": "<!subteam^S073HEMKWV7|@hirakawa-adachi-yamamoto-fuse>\n<!subteam^S088LEJ1U5T|@kanayama-fukui-miyoshi-yokoi-takuwa-hara-imaoka-agou>\n宛先確認中です。\n発送可能日わかり次第共有お願いいたします:woman-bowing:\n\n▼注文内容（計12種）\n```有機Upper1~Regular2 6種\n非有機Upper1~Regular2 6種```\n<!subteam^S08NN8M4LAZ|@katayose-kamiya>\n無償提供となります:bow:",
        "team": "T033D70RR6H",
        "user_team": "T033D70RR6H",
        "source_team": "T033D70RR6H",
        "user_profile": {
            "avatar_hash": "179323cb3551",
            "image_72": "https:\/\/avatars.slack-edge.com\/2024-04-12\/6955353714228_179323cb3551f7c8ecfe_72.png",
            "first_name": "Haruka",
            "real_name": "Haruka Hayashi",
            "display_name": "林遥香",
            "team": "T033D70RR6H",
            "name": "haru.nboc",
            "is_restricted": false,
            "is_ultra_restricted": false
        },
        "thread_ts": "1752562351.037309",
        "parent_user_id": "U066P20UQH1",
        "blocks": [
            {
                "type": "rich_text",
                "block_id": "e8qYO",
                "elements": [
                    {
                        "type": "rich_text_section",
                        "elements": [
                            {
                                "type": "usergroup",
                                "usergroup_id": "S073HEMKWV7"
                            },
                            {
                                "type": "text",
                                "text": "\n"
                            },
                            {
                                "type": "usergroup",
                                "usergroup_id": "S088LEJ1U5T"
                            },
                            {
                                "type": "text",
                                "text": "\n宛先確認中です。\n発送可能日わかり次第共有お願いいたします"
                            },
                            {
                                "type": "emoji",
                                "name": "woman-bowing",
                                "unicode": "1f647-200d-2640-fe0f"
                            },
                            {
                                "type": "text",
                                "text": "\n\n▼注文内容（計12種）\n"
                            }
                        ]
                    },
                    {
                        "type": "rich_text_preformatted",
                        "elements": [
                            {
                                "type": "text",
                                "text": "有機Upper1~Regular2 6種\n非有機Upper1~Regular2 6種"
                            }
                        ],
                        "border": 0
                    },
                    {
                        "type": "rich_text_section",
                        "elements": [
                            {
                                "type": "text",
                                "text": "\n"
                            },
                            {
                                "type": "usergroup",
                                "usergroup_id": "S08NN8M4LAZ"
                            },
                            {
                                "type": "text",
                                "text": "\n無償提供となります"
                            },
                            {
                                "type": "emoji",
                                "name": "bow",
                                "unicode": "1f647"
                            }
                        ]
                    }
                ]
            }
        ],
        "reactions": [
            {
                "name": "承知_致しました",
                "users": [
                    "U0331FZTHEK"
                ],
                "count": 1
            }
        ]
    }
]