[
    {
        "user": "U0606SPN4BW",
        "type": "message",
        "ts": "1752843413.158659",
        "client_msg_id": "f60876fb-1786-458d-a0f7-c4a4cbd44fb1",
        "text": "<!subteam^S073HEMKWV7|@hirakawa-adachi-yamamoto-fuse> <!subteam^S088LEJ1U5T|@kanayama-fukui-miyoshi-yokoi-takuwa-hara-imaoka-agou>\n*&lt; サンプル 1点追加のお願いです &gt;*\n先方からのご依頼により、下記1点が追加となりました。\nお手数ですが同梱をよろしくお願いいたします！ (スレッド内、追記済。 IV\/PL修正します)\n\n```Non-organic Matcha Upper grade - 1, 出雲抹茶G ```\n",
        "team": "T033D70RR6H",
        "user_team": "T033D70RR6H",
        "source_team": "T033D70RR6H",
        "user_profile": {
            "avatar_hash": "823d8545f678",
            "image_72": "https:\/\/avatars.slack-edge.com\/2024-04-12\/6946592133062_823d8545f678615a3e0a_72.jpg",
            "first_name": "SATOSHI",
            "real_name": "SATOSHI FURUKAWA",
            "display_name": "古川　敏",
            "team": "T033D70RR6H",
            "name": "jpfreebirds",
            "is_restricted": false,
            "is_ultra_restricted": false
        },
        "thread_ts": "1752763015.347569",
        "parent_user_id": "U0606SPN4BW",
        "blocks": [
            {
                "type": "rich_text",
                "block_id": "gac6\/",
                "elements": [
                    {
                        "type": "rich_text_section",
                        "elements": [
                            {
                                "type": "usergroup",
                                "usergroup_id": "S073HEMKWV7"
                            },
                            {
                                "type": "text",
                                "text": " "
                            },
                            {
                                "type": "usergroup",
                                "usergroup_id": "S088LEJ1U5T"
                            },
                            {
                                "type": "text",
                                "text": "\n"
                            },
                            {
                                "type": "text",
                                "text": "< サンプル 1点追加のお願いです >",
                                "style": {
                                    "bold": true
                                }
                            },
                            {
                                "type": "text",
                                "text": "\n先方からのご依頼により、下記1点が追加となりました。\nお手数ですが同梱をよろしくお願いいたします！ (スレッド内、追記済。 IV\/PL修正します)\n\n"
                            }
                        ]
                    },
                    {
                        "type": "rich_text_preformatted",
                        "elements": [
                            {
                                "type": "text",
                                "text": "Non-organic Matcha Upper grade - 1, 出雲抹茶G "
                            }
                        ],
                        "border": 0
                    },
                    {
                        "type": "rich_text_section",
                        "elements": []
                    }
                ]
            }
        ],
        "reactions": [
            {
                "name": "承知_致しました",
                "users": [
                    "U041RJKV5JA"
                ],
                "count": 1
            }
        ]
    },
    {
        "user": "U0606SPN4BW",
        "type": "message",
        "ts": "1752864897.345069",
        "edited": {
            "user": "U0606SPN4BW",
            "ts": "1752865115.000000"
        },
        "client_msg_id": "3e5a1ffb-af57-4a95-9d69-2eb4b29fbae7",
        "text": "<!subteam^S073HEMKWV7|@hirakawa-adachi-yamamoto-fuse> <!subteam^S088LEJ1U5T|@kanayama-fukui-miyoshi-yokoi-takuwa-hara-imaoka-agou>\n1341 :flag-cz:チェコ ILJ-Ilja Fajbisovič様(メール)からサンプル注文を頂きました。\n*TSE-ILJ-SPL-002-25*",
        "team": "T033D70RR6H",
        "user_team": "T033D70RR6H",
        "source_team": "T033D70RR6H",
        "user_profile": {
            "avatar_hash": "823d8545f678",
            "image_72": "https:\/\/avatars.slack-edge.com\/2024-04-12\/6946592133062_823d8545f678615a3e0a_72.jpg",
            "first_name": "SATOSHI",
            "real_name": "SATOSHI FURUKAWA",
            "display_name": "古川　敏",
            "team": "T033D70RR6H",
            "name": "jpfreebirds",
            "is_restricted": false,
            "is_ultra_restricted": false
        },
        "thread_ts": "1752864897.345069",
        "reply_count": 4,
        "reply_users_count": 3,
        "latest_reply": "1755929730.535439",
        "reply_users": [
            "U0606SPN4BW",
            "U033G4KN4TD",
            "U041RJKV5JA"
        ],
        "replies": [
            {
                "user": "U0606SPN4BW",
                "ts": "1752865067.494799"
            },
            {
                "user": "U0606SPN4BW",
                "ts": "1754993037.409969"
            },
            {
                "user": "U033G4KN4TD",
                "ts": "1755053488.237949"
            },
            {
                "user": "U041RJKV5JA",
                "ts": "1755929730.535439"
            }
        ],
        "is_locked": false,
        "subscribed": false,
        "blocks": [
            {
                "type": "rich_text",
                "block_id": "CNC2V",
                "elements": [
                    {
                        "type": "rich_text_section",
                        "elements": [
                            {
                                "type": "usergroup",
                                "usergroup_id": "S073HEMKWV7"
                            },
                            {
                                "type": "text",
                                "text": " "
                            },
                            {
                                "type": "usergroup",
                                "usergroup_id": "S088LEJ1U5T"
                            },
                            {
                                "type": "text",
                                "text": "\n1341 "
                            },
                            {
                                "type": "emoji",
                                "name": "flag-cz",
                                "unicode": "1f1e8-1f1ff"
                            },
                            {
                                "type": "text",
                                "text": "チェコ ILJ-Ilja Fajbisovič様(メール)からサンプル注文を頂きました。\n"
                            },
                            {
                                "type": "text",
                                "text": "TSE-ILJ-SPL-002-25",
                                "style": {
                                    "bold": true
                                }
                            }
                        ]
                    }
                ]
            }
        ]
    },
    {
        "user": "U0606SPN4BW",
        "type": "message",
        "ts": "1752865067.494799",
        "client_msg_id": "4faa782e-dc30-4b4b-8805-deee1f726ab6",
        "text": "発送予定日のお知らせをお願いします！\n\n\n<!subteam^S08NN8M4LAZ|@katayose-kamiya>　\n無償提供です。よろしくお願いいたします！\n\n\n▼注文内容 (計 7点)\n&lt; 標準サンプル, 各10g&gt;\n```・Organic Matcha Lower grade - 2, まるゑい MEA (1C)\n・Non-organic Matcha Regular grade 1, 出雲抹茶F\n・Non-organic Matcha Lower grade 2, 出雲抹茶P\n・Non-Organic Matcha Lower grade 3, 出雲抹茶A\n・Non organic Matcha Sugar Blend 50\/50, 出雲抹茶P 50% + 明石屋ビートグラニュー糖BGF 50%\n・Non-organic Vanilla matcha, Coconut sugar, 出雲抹茶P 40% + キタマ有機ココナッツシュガー 50% + キタマ バニラパウダーB7355 10%\n・Non-organic Chocolate matcha, Coconut sugar, 出雲抹茶P 40% + キタマ有機ココナッツシュガー 50% + キタマ チョコレートパウダー 10%```\n\n箱：ボタニカル\n発送：DHL",
        "team": "T033D70RR6H",
        "user_team": "T033D70RR6H",
        "source_team": "T033D70RR6H",
        "user_profile": {
            "avatar_hash": "823d8545f678",
            "image_72": "https:\/\/avatars.slack-edge.com\/2024-04-12\/6946592133062_823d8545f678615a3e0a_72.jpg",
            "first_name": "SATOSHI",
            "real_name": "SATOSHI FURUKAWA",
            "display_name": "古川　敏",
            "team": "T033D70RR6H",
            "name": "jpfreebirds",
            "is_restricted": false,
            "is_ultra_restricted": false
        },
        "thread_ts": "1752864897.345069",
        "parent_user_id": "U0606SPN4BW",
        "blocks": [
            {
                "type": "rich_text",
                "block_id": "1Xg2r",
                "elements": [
                    {
                        "type": "rich_text_section",
                        "elements": [
                            {
                                "type": "text",
                                "text": "発送予定日のお知らせをお願いします！\n\n\n"
                            },
                            {
                                "type": "usergroup",
                                "usergroup_id": "S08NN8M4LAZ"
                            },
                            {
                                "type": "text",
                                "text": "　\n無償提供です。よろしくお願いいたします！\n\n\n▼注文内容 (計 7点)\n< 標準サンプル, 各10g>\n"
                            }
                        ]
                    },
                    {
                        "type": "rich_text_preformatted",
                        "elements": [
                            {
                                "type": "text",
                                "text": "・Organic Matcha Lower grade - 2, まるゑい MEA (1C)\n・Non-organic Matcha Regular grade 1, 出雲抹茶F\n・Non-organic Matcha Lower grade 2, 出雲抹茶P\n・Non-Organic Matcha Lower grade 3, 出雲抹茶A\n・Non organic Matcha Sugar Blend 50\/50, 出雲抹茶P 50% + 明石屋ビートグラニュー糖BGF 50%\n・Non-organic Vanilla matcha, Coconut sugar, 出雲抹茶P 40% + キタマ有機ココナッツシュガー 50% + キタマ バニラパウダーB7355 10%\n・Non-organic Chocolate matcha, Coconut sugar, 出雲抹茶P 40% + キタマ有機ココナッツシュガー 50% + キタマ チョコレートパウダー 10%"
                            }
                        ],
                        "border": 0
                    },
                    {
                        "type": "rich_text_section",
                        "elements": [
                            {
                                "type": "text",
                                "text": "\n\n箱：ボタニカル\n発送：DHL"
                            }
                        ]
                    }
                ]
            }
        ],
        "reactions": [
            {
                "name": "承知_致しました",
                "users": [
                    "U0331FZTHEK"
                ],
                "count": 1
            }
        ]
    },
    {
        "user": "U08RVRNBY00",
        "type": "message",
        "ts": "1752906184.347749",
        "client_msg_id": "6eab09c6-d668-49ae-92e3-032ee6b673c6",
        "text": "<!subteam^S073HEMKWV7|@hirakawa-adachi-yamamoto-fuse> <!subteam^S088LEJ1U5T|@kanayama-fukui-miyoshi-yokoi-takuwa-hara-imaoka-agou>\n1347:flag-ph: フィリピン AJAーMatcha2425　Nell様からサンプル注文いただきました。\n*TSE-AJA-SPL -002-25*",
        "team": "T033D70RR6H",
        "user_team": "T033D70RR6H",
        "source_team": "T033D70RR6H",
        "user_profile": {
            "avatar_hash": "g347f3e803ab",
            "image_72": "https:\/\/secure.gravatar.com\/avatar\/347f3e803abca8b6a7b724895864d138.jpg?s=72&d=https%3A%2F%2Fa.slack-edge.com%2Fdf10d%2Fimg%2Favatars%2Fava_0001-72.png",
            "first_name": "Hikako",
            "real_name": "Hikako Hasegawa",
            "display_name": "Hikako Hasegawa",
            "team": "T033D70RR6H",
            "name": "tousuien.hasegawa",
            "is_restricted": false,
            "is_ultra_restricted": false
        },
        "thread_ts": "1752906184.347749",
        "reply_count": 1,
        "reply_users_count": 1,
        "latest_reply": "1752906476.516429",
        "reply_users": [
            "U08RVRNBY00"
        ],
        "replies": [
            {
                "user": "U08RVRNBY00",
                "ts": "1752906476.516429"
            }
        ],
        "is_locked": false,
        "subscribed": false,
        "blocks": [
            {
                "type": "rich_text",
                "block_id": "fjeEQ",
                "elements": [
                    {
                        "type": "rich_text_section",
                        "elements": [
                            {
                                "type": "usergroup",
                                "usergroup_id": "S073HEMKWV7"
                            },
                            {
                                "type": "text",
                                "text": " "
                            },
                            {
                                "type": "usergroup",
                                "usergroup_id": "S088LEJ1U5T"
                            },
                            {
                                "type": "text",
                                "text": "\n1347"
                            },
                            {
                                "type": "emoji",
                                "name": "flag-ph",
                                "unicode": "1f1f5-1f1ed"
                            },
                            {
                                "type": "text",
                                "text": " フィリピン AJAーMatcha2425　Nell様からサンプル注文いただきました。\n"
                            },
                            {
                                "type": "text",
                                "text": "TSE-AJA-SPL -002-25",
                                "style": {
                                    "bold": true
                                }
                            }
                        ]
                    }
                ]
            }
        ]
    },
    {
        "user": "U08RVRNBY00",
        "type": "message",
        "ts": "1752906476.516429",
        "client_msg_id": "f58d4321-3eec-40f6-8da8-488e1ad16913",
        "text": "<!subteam^S073HEMKWV7|@hirakawa-adachi-yamamoto-fuse>\n<!subteam^S088LEJ1U5T|@kanayama-fukui-miyoshi-yokoi-takuwa-hara-imaoka-agou>\n発送可能日わかり次第共有お願いいたします:woman-bowing:\n\n<!subteam^S08NN8M4LAZ|@katayose-kamiya>　\n無償提供です。よろしくお願いいたします!\n\n*▼注文内容 (合計6点)*\n&lt; サンプル, 各10g&gt;\n```１）Non-organic Matcha Upper grade - 1, 出雲抹茶G \n\n２）Non-organic Matcha Upper grade - 2, 出雲抹茶R\n\n３）Non-organic Matcha Middle grade - 1, 出雲抹茶T\n\n４）Non-organic Matcha Middle grade - 2, 出雲抹茶N\n\n５）SAMPLE: Non organic Uji Matcha Lower grade - 1(10g), 香岳園 K2500（KGM16)\n\n６）SAMPLE: Non organic Uji Matcha Lower grade - 2(10g), 香岳園 K2000（KGM17)```\n箱：ボタニカル\n発送：佐川 （国内発送）",
        "team": "T033D70RR6H",
        "user_team": "T033D70RR6H",
        "source_team": "T033D70RR6H",
        "user_profile": {
            "avatar_hash": "g347f3e803ab",
            "image_72": "https:\/\/secure.gravatar.com\/avatar\/347f3e803abca8b6a7b724895864d138.jpg?s=72&d=https%3A%2F%2Fa.slack-edge.com%2Fdf10d%2Fimg%2Favatars%2Fava_0001-72.png",
            "first_name": "Hikako",
            "real_name": "Hikako Hasegawa",
            "display_name": "Hikako Hasegawa",
            "team": "T033D70RR6H",
            "name": "tousuien.hasegawa",
            "is_restricted": false,
            "is_ultra_restricted": false
        },
        "thread_ts": "1752906184.347749",
        "parent_user_id": "U08RVRNBY00",
        "blocks": [
            {
                "type": "rich_text",
                "block_id": "0j4Vn",
                "elements": [
                    {
                        "type": "rich_text_section",
                        "elements": [
                            {
                                "type": "usergroup",
                                "usergroup_id": "S073HEMKWV7"
                            },
                            {
                                "type": "text",
                                "text": "\n"
                            },
                            {
                                "type": "usergroup",
                                "usergroup_id": "S088LEJ1U5T"
                            },
                            {
                                "type": "text",
                                "text": "\n発送可能日わかり次第共有お願いいたします"
                            },
                            {
                                "type": "emoji",
                                "name": "woman-bowing",
                                "unicode": "1f647-200d-2640-fe0f"
                            },
                            {
                                "type": "text",
                                "text": "\n\n"
                            },
                            {
                                "type": "usergroup",
                                "usergroup_id": "S08NN8M4LAZ"
                            },
                            {
                                "type": "text",
                                "text": "　\n無償提供です。よろしくお願いいたします!\n\n"
                            },
                            {
                                "type": "text",
                                "text": "▼注文内容 (合計6点)",
                                "style": {
                                    "bold": true
                                }
                            },
                            {
                                "type": "text",
                                "text": "\n< サンプル, 各10g>\n"
                            }
                        ]
                    },
                    {
                        "type": "rich_text_preformatted",
                        "elements": [
                            {
                                "type": "text",
                                "text": "１）Non-organic Matcha Upper grade - 1, 出雲抹茶G \n\n２）Non-organic Matcha Upper grade - 2, 出雲抹茶R\n\n３）Non-organic Matcha Middle grade - 1, 出雲抹茶T\n\n４）Non-organic Matcha Middle grade - 2, 出雲抹茶N\n\n５）SAMPLE: Non organic Uji Matcha Lower grade - 1(10g), 香岳園 K2500（KGM16)\n\n６）SAMPLE: Non organic Uji Matcha Lower grade - 2(10g), 香岳園 K2000（KGM17)"
                            }
                        ],
                        "border": 0
                    },
                    {
                        "type": "rich_text_section",
                        "elements": [
                            {
                                "type": "text",
                                "text": "\n箱：ボタニカル\n発送：佐川 （国内発送）"
                            }
                        ]
                    }
                ]
            }
        ],
        "reactions": [
            {
                "name": "承知_致しました",
                "users": [
                    "U0331FZTHEK"
                ],
                "count": 1
            }
        ]
    }
]