[
    {
        "user": "U08RVRNBY00",
        "type": "message",
        "ts": "1752911565.978899",
        "client_msg_id": "ea035321-af0d-45b1-9495-f22318ca26ce",
        "text": "<!subteam^S073HEMKWV7|@hirakawa-adachi-yamamoto-fuse> <!subteam^S088LEJ1U5T|@kanayama-fukui-miyoshi-yokoi-takuwa-hara-imaoka-agou>\n1348 :flag-th: タイNDH-Nadhaya様からサンプル注文いただきました。\n*TSE-NDH-SPL -002-25*",
        "team": "T033D70RR6H",
        "user_team": "T033D70RR6H",
        "source_team": "T033D70RR6H",
        "user_profile": {
            "avatar_hash": "g347f3e803ab",
            "image_72": "https:\/\/secure.gravatar.com\/avatar\/347f3e803abca8b6a7b724895864d138.jpg?s=72&d=https%3A%2F%2Fa.slack-edge.com%2Fdf10d%2Fimg%2Favatars%2Fava_0001-72.png",
            "first_name": "Hikako",
            "real_name": "Hikako Hasegawa",
            "display_name": "Hikako Hasegawa",
            "team": "T033D70RR6H",
            "name": "tousuien.hasegawa",
            "is_restricted": false,
            "is_ultra_restricted": false
        },
        "thread_ts": "1752911565.978899",
        "reply_count": 10,
        "reply_users_count": 5,
        "latest_reply": "1757492531.088949",
        "reply_users": [
            "U08RVRNBY00",
            "U033G4KN4TD",
            "U0331FZS7JT",
            "U08NVD403GV",
            "U041RJKV5JA"
        ],
        "replies": [
            {
                "user": "U08RVRNBY00",
                "ts": "1752912549.153709"
            },
            {
                "user": "U08RVRNBY00",
                "ts": "1755682712.840189"
            },
            {
                "user": "U08RVRNBY00",
                "ts": "1755828370.075469"
            },
            {
                "user": "U033G4KN4TD",
                "ts": "1756427287.108999"
            },
            {
                "user": "U0331FZS7JT",
                "ts": "1756438979.656629"
            },
            {
                "user": "U033G4KN4TD",
                "ts": "1757301672.317189"
            },
            {
                "user": "U08RVRNBY00",
                "ts": "1757303733.877519"
            },
            {
                "user": "U08NVD403GV",
                "ts": "1757304845.684369"
            },
            {
                "user": "U08RVRNBY00",
                "ts": "1757304996.644499"
            },
            {
                "user": "U041RJKV5JA",
                "ts": "1757492531.088949"
            }
        ],
        "is_locked": false,
        "subscribed": false,
        "blocks": [
            {
                "type": "rich_text",
                "block_id": "oSizi",
                "elements": [
                    {
                        "type": "rich_text_section",
                        "elements": [
                            {
                                "type": "usergroup",
                                "usergroup_id": "S073HEMKWV7"
                            },
                            {
                                "type": "text",
                                "text": " "
                            },
                            {
                                "type": "usergroup",
                                "usergroup_id": "S088LEJ1U5T"
                            },
                            {
                                "type": "text",
                                "text": "\n1348 "
                            },
                            {
                                "type": "emoji",
                                "name": "flag-th",
                                "unicode": "1f1f9-1f1ed"
                            },
                            {
                                "type": "text",
                                "text": " タイNDH-Nadhaya様からサンプル注文いただきました。\n"
                            },
                            {
                                "type": "text",
                                "text": "TSE-NDH-SPL -002-25",
                                "style": {
                                    "bold": true
                                }
                            }
                        ]
                    }
                ]
            }
        ]
    },
    {
        "text": "<!subteam^S073HEMKWV7|@hirakawa-adachi-yamamoto-fuse>\n<!subteam^S088LEJ1U5T|@kanayama-fukui-miyoshi-yokoi-takuwa-hara-imaoka-agou>\n発送可能日わかり次第共有お願いいたします:woman-bowing:\n*イレギュラーラインナップのため、さらに時間いただく旨お伝え済。\n\n<!subteam^S08NN8M4LAZ|@katayose-kamiya>　\n無償提供です。よろしくお願いいたします。\n\n*▼注文内容 (合計20点)*\n&lt; サンプル, 各10g&gt;\n```1） Uji matcha grade A \n2） Uji matcha grade B \n3） Uji matcha grade C \n4） Uji matcha grade D \n5） Uji matcha grade E\n6） Uji matcha grade F\n7） Uji matcha grade G \n8） Uji matcha grade H \n9） Uji matcha grade I\n10）Uji matcha grade J \n11）Uji matcha grade K \n12）Yame matcha grade A\n13）Yame matcha grade B \n14）Yame matcha grade C \n15）Yame matcha grade D \n16）Yame matcha grade E\n17）Yame matcha grade F'\n18）Nishio matcha grade A \n19）Nishio matcha grade B\n20）Nishio matcha grade C ```\n発送：佐川 （国内発送）",
        "files": [
            {
                "id": "F096K5KNGCS",
                "created": 1752912536,
                "timestamp": 1752912536,
                "name": "NDH -SPL -002-25.rtf",
                "title": "NDH -SPL -002-25.rtf",
                "mimetype": "text\/rtf",
                "filetype": "rtf",
                "pretty_type": "Rich Text File",
                "user": "U08RVRNBY00",
                "user_team": "T033D70RR6H",
                "editable": false,
                "size": 32118,
                "mode": "hosted",
                "is_external": false,
                "external_type": "",
                "is_public": true,
                "public_url_shared": false,
                "display_as_bot": false,
                "username": "",
                "url_private": "https:\/\/files.slack.com\/files-pri\/T033D70RR6H-F096K5KNGCS\/ndh_-spl_-002-25.rtf?token=xoxe-3115238875221-9710624591398-9697214945543-aa82359f925d11baadb4ddc07b089467",
                "url_private_download": "https:\/\/files.slack.com\/files-pri\/T033D70RR6H-F096K5KNGCS\/download\/ndh_-spl_-002-25.rtf?token=xoxe-3115238875221-9710624591398-9697214945543-aa82359f925d11baadb4ddc07b089467",
                "media_display_type": "unknown",
                "permalink": "https:\/\/grp-ssm9297.slack.com\/files\/U0331FWGQRM\/F096K5KNGCS\/ndh_-spl_-002-25.rtf",
                "permalink_public": "https:\/\/slack-files.com\/T033D70RR6H-F096K5KNGCS-9617e3304d",
                "is_starred": false,
                "skipped_shares": true,
                "has_rich_preview": false,
                "file_access": "visible"
            }
        ],
        "upload": false,
        "user": "U08RVRNBY00",
        "display_as_bot": false,
        "blocks": [
            {
                "type": "rich_text",
                "block_id": "rRZYm",
                "elements": [
                    {
                        "type": "rich_text_section",
                        "elements": [
                            {
                                "type": "usergroup",
                                "usergroup_id": "S073HEMKWV7"
                            },
                            {
                                "type": "text",
                                "text": "\n"
                            },
                            {
                                "type": "usergroup",
                                "usergroup_id": "S088LEJ1U5T"
                            },
                            {
                                "type": "text",
                                "text": "\n発送可能日わかり次第共有お願いいたします"
                            },
                            {
                                "type": "emoji",
                                "name": "woman-bowing",
                                "unicode": "1f647-200d-2640-fe0f"
                            },
                            {
                                "type": "text",
                                "text": "\n*イレギュラーラインナップのため、さらに時間いただく旨お伝え済。\n\n"
                            },
                            {
                                "type": "usergroup",
                                "usergroup_id": "S08NN8M4LAZ"
                            },
                            {
                                "type": "text",
                                "text": "　\n無償提供です。よろしくお願いいたします。\n\n"
                            },
                            {
                                "type": "text",
                                "text": "▼注文内容 (合計20点)",
                                "style": {
                                    "bold": true
                                }
                            },
                            {
                                "type": "text",
                                "text": "\n< サンプル, 各10g>\n"
                            }
                        ]
                    },
                    {
                        "type": "rich_text_preformatted",
                        "elements": [
                            {
                                "type": "text",
                                "text": "1） Uji matcha grade A \n2） Uji matcha grade B \n3） Uji matcha grade C \n4） Uji matcha grade D \n5） Uji matcha grade E\n6） Uji matcha grade F\n7） Uji matcha grade G \n8） Uji matcha grade H \n9） Uji matcha grade I\n10）Uji matcha grade J \n11）Uji matcha grade K \n12）Yame matcha grade A\n13）Yame matcha grade B \n14）Yame matcha grade C \n15）Yame matcha grade D \n16）Yame matcha grade E\n17）Yame matcha grade F'\n18）Nishio matcha grade A \n19）Nishio matcha grade B\n20）Nishio matcha grade C "
                            }
                        ],
                        "border": 0
                    },
                    {
                        "type": "rich_text_section",
                        "elements": [
                            {
                                "type": "text",
                                "text": "\n発送：佐川 （国内発送）"
                            }
                        ]
                    }
                ]
            }
        ],
        "type": "message",
        "ts": "1752912549.153709",
        "client_msg_id": "41fde5cf-de21-49f8-8132-bd6aa05461b6",
        "thread_ts": "1752911565.978899",
        "parent_user_id": "U08RVRNBY00",
        "reactions": [
            {
                "name": "承知_致しました",
                "users": [
                    "U0331FZTHEK"
                ],
                "count": 1
            }
        ]
    },
    {
        "user": "U0606SPN4BW",
        "type": "message",
        "ts": "1752929278.535079",
        "edited": {
            "user": "U0606SPN4BW",
            "ts": "1755673920.000000"
        },
        "client_msg_id": "b763b294-a205-40d5-81f3-1f1ef3d31c93",
        "text": "<!subteam^S073HEMKWV7|@hirakawa-adachi-yamamoto-fuse> <!subteam^S088LEJ1U5T|@kanayama-fukui-miyoshi-yokoi-takuwa-hara-imaoka-agou>\n1338 :flag-pe:ペルー, EYL-Erika Yaska Amao様(アリババ→Whats)からサンプル注文をいただきました。\n*TSE-EYL-SPL-001-25*",
        "team": "T033D70RR6H",
        "user_team": "T033D70RR6H",
        "source_team": "T033D70RR6H",
        "user_profile": {
            "avatar_hash": "823d8545f678",
            "image_72": "https:\/\/avatars.slack-edge.com\/2024-04-12\/6946592133062_823d8545f678615a3e0a_72.jpg",
            "first_name": "SATOSHI",
            "real_name": "SATOSHI FURUKAWA",
            "display_name": "古川　敏",
            "team": "T033D70RR6H",
            "name": "jpfreebirds",
            "is_restricted": false,
            "is_ultra_restricted": false
        },
        "thread_ts": "1752929278.535079",
        "reply_count": 4,
        "reply_users_count": 4,
        "latest_reply": "1755672507.360159",
        "reply_users": [
            "U0606SPN4BW",
            "U0331FZTHEK",
            "U033G4KN4TD",
            "U08NVD403GV"
        ],
        "replies": [
            {
                "user": "U0606SPN4BW",
                "ts": "1752929341.260799"
            },
            {
                "user": "U0331FZTHEK",
                "ts": "1753138298.422469"
            },
            {
                "user": "U033G4KN4TD",
                "ts": "1754630916.996609"
            },
            {
                "user": "U08NVD403GV",
                "ts": "1755672507.360159"
            }
        ],
        "is_locked": false,
        "subscribed": false,
        "blocks": [
            {
                "type": "rich_text",
                "block_id": "B6mVB",
                "elements": [
                    {
                        "type": "rich_text_section",
                        "elements": [
                            {
                                "type": "usergroup",
                                "usergroup_id": "S073HEMKWV7"
                            },
                            {
                                "type": "text",
                                "text": " "
                            },
                            {
                                "type": "usergroup",
                                "usergroup_id": "S088LEJ1U5T"
                            },
                            {
                                "type": "text",
                                "text": "\n1338 "
                            },
                            {
                                "type": "emoji",
                                "name": "flag-pe",
                                "unicode": "1f1f5-1f1ea"
                            },
                            {
                                "type": "text",
                                "text": "ペルー, EYL-Erika Yaska Amao様(アリババ→Whats)からサンプル注文をいただきました。\n"
                            },
                            {
                                "type": "text",
                                "text": "TSE-EYL-SPL-001-25",
                                "style": {
                                    "bold": true
                                }
                            }
                        ]
                    }
                ]
            }
        ],
        "reactions": [
            {
                "name": "d130b000eb8d6784",
                "users": [
                    "U066P20UQH1"
                ],
                "count": 1
            }
        ]
    },
    {
        "user": "U0606SPN4BW",
        "type": "message",
        "ts": "1752929341.260799",
        "client_msg_id": "c1e4ad58-8b0b-45f4-93b7-a2c8035d6e90",
        "text": "発送予定日のお知らせをお願いします！\n<!subteam^S08NN8M4LAZ|@katayose-kamiya>　\n入金前です(PayPal), 入金確認後に回収処理をお願いいたします！\n\n\n&lt; 粉砕時間の指定について &gt;\n下記 ①, ②, ③ については粉砕時間を48時間でお願いします。\n\n\n▼注文内容 (計 7点)\n&lt; 標準サンプル, 各10g&gt;\n①Non-organic Matcha Upper grade - 1, 出雲抹茶G (粉砕時間 48hrs)\n\n\n②Non-organic Matcha Upper grade - 2, 出雲抹茶R (粉砕時間 48hrs)\n\n\n③Non-organic Matcha Middle grade - 1, 出雲抹茶T (粉砕時間 48hrs)\n\n\n④Non-organic Matcha Lower grade - 1, 出雲抹茶H\n\n\n⑤Non-organic Matcha Lower grade - 2, 出雲抹茶P\n\n\n⑥Non-organic Izumo Hojicha Powder, 出雲ほうじ茶Powder\n\n\n⑦Non-organic Uji Hojicha Powder, 香岳園 ほうじ茶パウダー\n\n\n箱：ボタニカル\n発送：DHL",
        "team": "T033D70RR6H",
        "user_team": "T033D70RR6H",
        "source_team": "T033D70RR6H",
        "user_profile": {
            "avatar_hash": "823d8545f678",
            "image_72": "https:\/\/avatars.slack-edge.com\/2024-04-12\/6946592133062_823d8545f678615a3e0a_72.jpg",
            "first_name": "SATOSHI",
            "real_name": "SATOSHI FURUKAWA",
            "display_name": "古川　敏",
            "team": "T033D70RR6H",
            "name": "jpfreebirds",
            "is_restricted": false,
            "is_ultra_restricted": false
        },
        "thread_ts": "1752929278.535079",
        "parent_user_id": "U0606SPN4BW",
        "blocks": [
            {
                "type": "rich_text",
                "block_id": "O5IK7",
                "elements": [
                    {
                        "type": "rich_text_section",
                        "elements": [
                            {
                                "type": "text",
                                "text": "発送予定日のお知らせをお願いします！\n"
                            },
                            {
                                "type": "usergroup",
                                "usergroup_id": "S08NN8M4LAZ"
                            },
                            {
                                "type": "text",
                                "text": "　\n入金前です(PayPal), 入金確認後に回収処理をお願いいたします！\n\n\n< 粉砕時間の指定について >\n下記 ①, ②, ③ については粉砕時間を48時間でお願いします。\n\n\n▼注文内容 (計 7点)\n< 標準サンプル, 各10g>\n①Non-organic Matcha Upper grade - 1, 出雲抹茶G (粉砕時間 48hrs)\n\n\n②Non-organic Matcha Upper grade - 2, 出雲抹茶R (粉砕時間 48hrs)\n\n\n③Non-organic Matcha Middle grade - 1, 出雲抹茶T (粉砕時間 48hrs)\n\n\n④Non-organic Matcha Lower grade - 1, 出雲抹茶H\n\n\n⑤Non-organic Matcha Lower grade - 2, 出雲抹茶P\n\n\n⑥Non-organic Izumo Hojicha Powder, 出雲ほうじ茶Powder\n\n\n⑦Non-organic Uji Hojicha Powder, 香岳園 ほうじ茶パウダー\n\n\n箱：ボタニカル\n発送：DHL"
                            }
                        ]
                    }
                ]
            }
        ],
        "reactions": [
            {
                "name": "承知_致しました",
                "users": [
                    "U0331FZTHEK"
                ],
                "count": 1
            }
        ]
    },
    {
        "user": "U0606SPN4BW",
        "type": "message",
        "ts": "1752933415.335759",
        "client_msg_id": "981a3be6-7e2f-42dc-a712-86e59fb120a8",
        "text": "<!subteam^S073HEMKWV7|@hirakawa-adachi-yamamoto-fuse> <!subteam^S088LEJ1U5T|@kanayama-fukui-miyoshi-yokoi-takuwa-hara-imaoka-agou>\n1351 :flag-ch:スイス CTP-Audrey Rieder様からサンプル注文を頂きました。\n*TSE-CTP-SPL-001-25*",
        "team": "T033D70RR6H",
        "user_team": "T033D70RR6H",
        "source_team": "T033D70RR6H",
        "user_profile": {
            "avatar_hash": "823d8545f678",
            "image_72": "https:\/\/avatars.slack-edge.com\/2024-04-12\/6946592133062_823d8545f678615a3e0a_72.jpg",
            "first_name": "SATOSHI",
            "real_name": "SATOSHI FURUKAWA",
            "display_name": "古川　敏",
            "team": "T033D70RR6H",
            "name": "jpfreebirds",
            "is_restricted": false,
            "is_ultra_restricted": false
        },
        "thread_ts": "1752933415.335759",
        "reply_count": 2,
        "reply_users_count": 1,
        "latest_reply": "1753364463.827949",
        "reply_users": [
            "U0606SPN4BW"
        ],
        "replies": [
            {
                "user": "U0606SPN4BW",
                "ts": "1752933507.346799"
            },
            {
                "user": "U0606SPN4BW",
                "ts": "1753364463.827949"
            }
        ],
        "is_locked": false,
        "subscribed": false,
        "blocks": [
            {
                "type": "rich_text",
                "block_id": "fn3k0",
                "elements": [
                    {
                        "type": "rich_text_section",
                        "elements": [
                            {
                                "type": "usergroup",
                                "usergroup_id": "S073HEMKWV7"
                            },
                            {
                                "type": "text",
                                "text": " "
                            },
                            {
                                "type": "usergroup",
                                "usergroup_id": "S088LEJ1U5T"
                            },
                            {
                                "type": "text",
                                "text": "\n1351 "
                            },
                            {
                                "type": "emoji",
                                "name": "flag-ch",
                                "unicode": "1f1e8-1f1ed"
                            },
                            {
                                "type": "text",
                                "text": "スイス CTP-Audrey Rieder様からサンプル注文を頂きました。\n"
                            },
                            {
                                "type": "text",
                                "text": "TSE-CTP-SPL-001-25",
                                "style": {
                                    "bold": true
                                }
                            }
                        ]
                    }
                ]
            }
        ]
    },
    {
        "user": "U0606SPN4BW",
        "type": "message",
        "ts": "1752933507.346799",
        "edited": {
            "user": "U0606SPN4BW",
            "ts": "1752933548.000000"
        },
        "client_msg_id": "06604e00-6bb6-4187-bbea-40c026d42825",
        "text": "発送予定日のお知らせをお願いします！\n\n\n<!subteam^S08NN8M4LAZ|@katayose-kamiya>　\n無償提供です。よろしくお願いいたします！\n\n\n▼注文内容 (計 6点)\n< 各10g>\n*① Organic Matcha Upper grade - 1,* \n```鹿児島製茶 有機抹茶A 90.00% + 有機抹茶B 10.00%```\n\t\n*② Organic Matcha Regular grade - 1,* \n```鹿児島製茶 有機抹茶D```\n\t\n*③ Organic Lemongrass Matcha,* \n```鹿児島製茶 有機抹茶B 80% + しまね有機ファーム 有機レモングラスK-D#7 20%```\n\n*④ Non-organic Vanilla Matcha,* \n```まるゑい 有機抹茶＃60 90% + キタマ バニラパウダーB7355 10%```\n\n*⑤ Non-organic Cinnamon Matcha,* \n```まるゑい 有機抹茶＃60 85% + キタマ 有機シナモンパウダー 15%```\n\n*⑥ Non-organic Mango Matcha,*\n```まるゑい 有機抹茶＃60 90% + 曽田香料\tマンゴー　フレーバー　BT-28887 10%```\n\t\n\n箱：ボタニカル\n発送：DHL",
        "team": "T033D70RR6H",
        "user_team": "T033D70RR6H",
        "source_team": "T033D70RR6H",
        "user_profile": {
            "avatar_hash": "823d8545f678",
            "image_72": "https:\/\/avatars.slack-edge.com\/2024-04-12\/6946592133062_823d8545f678615a3e0a_72.jpg",
            "first_name": "SATOSHI",
            "real_name": "SATOSHI FURUKAWA",
            "display_name": "古川　敏",
            "team": "T033D70RR6H",
            "name": "jpfreebirds",
            "is_restricted": false,
            "is_ultra_restricted": false
        },
        "thread_ts": "1752933415.335759",
        "parent_user_id": "U0606SPN4BW",
        "blocks": [
            {
                "type": "rich_text",
                "block_id": "xmfwC",
                "elements": [
                    {
                        "type": "rich_text_section",
                        "elements": [
                            {
                                "type": "text",
                                "text": "発送予定日のお知らせをお願いします！\n\n\n"
                            },
                            {
                                "type": "usergroup",
                                "usergroup_id": "S08NN8M4LAZ"
                            },
                            {
                                "type": "text",
                                "text": "　\n無償提供です。よろしくお願いいたします！\n\n\n▼注文内容 (計 6点)\n< 各10g>\n"
                            },
                            {
                                "type": "text",
                                "text": "① Organic Matcha Upper grade - 1, ",
                                "style": {
                                    "bold": true
                                }
                            },
                            {
                                "type": "text",
                                "text": "\n"
                            }
                        ]
                    },
                    {
                        "type": "rich_text_preformatted",
                        "elements": [
                            {
                                "type": "text",
                                "text": "鹿児島製茶 有機抹茶A 90.00% + 有機抹茶B 10.00%"
                            }
                        ],
                        "border": 0
                    },
                    {
                        "type": "rich_text_section",
                        "elements": [
                            {
                                "type": "text",
                                "text": "\n\t\n"
                            },
                            {
                                "type": "text",
                                "text": "② Organic Matcha Regular grade - 1, ",
                                "style": {
                                    "bold": true
                                }
                            },
                            {
                                "type": "text",
                                "text": "\n"
                            }
                        ]
                    },
                    {
                        "type": "rich_text_preformatted",
                        "elements": [
                            {
                                "type": "text",
                                "text": "鹿児島製茶 有機抹茶D"
                            }
                        ],
                        "border": 0
                    },
                    {
                        "type": "rich_text_section",
                        "elements": [
                            {
                                "type": "text",
                                "text": "\n\t\n"
                            },
                            {
                                "type": "text",
                                "text": "③ Organic Lemongrass Matcha, ",
                                "style": {
                                    "bold": true
                                }
                            },
                            {
                                "type": "text",
                                "text": "\n"
                            }
                        ]
                    },
                    {
                        "type": "rich_text_preformatted",
                        "elements": [
                            {
                                "type": "text",
                                "text": "鹿児島製茶 有機抹茶B 80% + しまね有機ファーム 有機レモングラスK-D#7 20%"
                            }
                        ],
                        "border": 0
                    },
                    {
                        "type": "rich_text_section",
                        "elements": [
                            {
                                "type": "text",
                                "text": "\n\n"
                            },
                            {
                                "type": "text",
                                "text": "④ Non-organic Vanilla Matcha, ",
                                "style": {
                                    "bold": true
                                }
                            },
                            {
                                "type": "text",
                                "text": "\n"
                            }
                        ]
                    },
                    {
                        "type": "rich_text_preformatted",
                        "elements": [
                            {
                                "type": "text",
                                "text": "まるゑい 有機抹茶＃60 90% + キタマ バニラパウダーB7355 10%"
                            }
                        ],
                        "border": 0
                    },
                    {
                        "type": "rich_text_section",
                        "elements": [
                            {
                                "type": "text",
                                "text": "\n\n"
                            },
                            {
                                "type": "text",
                                "text": "⑤ Non-organic Cinnamon Matcha, ",
                                "style": {
                                    "bold": true
                                }
                            },
                            {
                                "type": "text",
                                "text": "\n"
                            }
                        ]
                    },
                    {
                        "type": "rich_text_preformatted",
                        "elements": [
                            {
                                "type": "text",
                                "text": "まるゑい 有機抹茶＃60 85% + キタマ 有機シナモンパウダー 15%"
                            }
                        ],
                        "border": 0
                    },
                    {
                        "type": "rich_text_section",
                        "elements": [
                            {
                                "type": "text",
                                "text": "\n\n"
                            },
                            {
                                "type": "text",
                                "text": "⑥ Non-organic Mango Matcha,",
                                "style": {
                                    "bold": true
                                }
                            },
                            {
                                "type": "text",
                                "text": "\n"
                            }
                        ]
                    },
                    {
                        "type": "rich_text_preformatted",
                        "elements": [
                            {
                                "type": "text",
                                "text": "まるゑい 有機抹茶＃60 90% + 曽田香料\tマンゴー　フレーバー　BT-28887 10%"
                            }
                        ],
                        "border": 0
                    },
                    {
                        "type": "rich_text_section",
                        "elements": [
                            {
                                "type": "text",
                                "text": "\t\n\n箱：ボタニカル\n発送：DHL"
                            }
                        ]
                    }
                ]
            }
        ],
        "reactions": [
            {
                "name": "承知_致しました",
                "users": [
                    "U0331FZTHEK"
                ],
                "count": 1
            }
        ]
    },
    {
        "user": "U0606SPN4BW",
        "type": "message",
        "ts": "1752935846.460909",
        "client_msg_id": "f5e5ed51-6071-4809-b79d-08f6b2ee0b2a",
        "text": "<!subteam^S073HEMKWV7|@hirakawa-adachi-yamamoto-fuse> <!subteam^S088LEJ1U5T|@kanayama-fukui-miyoshi-yokoi-takuwa-hara-imaoka-agou>\n1353 :flag-sa:サウジアラビア MZO-Mzoon Albunyah様(Alibaba, Shopify)からサンプル注文を頂きました。\n*TSE-MZO-SPL-002-25*",
        "team": "T033D70RR6H",
        "user_team": "T033D70RR6H",
        "source_team": "T033D70RR6H",
        "user_profile": {
            "avatar_hash": "823d8545f678",
            "image_72": "https:\/\/avatars.slack-edge.com\/2024-04-12\/6946592133062_823d8545f678615a3e0a_72.jpg",
            "first_name": "SATOSHI",
            "real_name": "SATOSHI FURUKAWA",
            "display_name": "古川　敏",
            "team": "T033D70RR6H",
            "name": "jpfreebirds",
            "is_restricted": false,
            "is_ultra_restricted": false
        },
        "thread_ts": "1752935846.460909",
        "reply_count": 4,
        "reply_users_count": 4,
        "latest_reply": "1753944253.771109",
        "reply_users": [
            "U0606SPN4BW",
            "U0331FZTHEK",
            "U033G4KN4TD",
            "U08U8MMTH43"
        ],
        "replies": [
            {
                "user": "U0606SPN4BW",
                "ts": "1752935944.509729"
            },
            {
                "user": "U0331FZTHEK",
                "ts": "1753138330.339119"
            },
            {
                "user": "U033G4KN4TD",
                "ts": "1753176665.609139"
            },
            {
                "user": "U08U8MMTH43",
                "ts": "1753944253.771109"
            }
        ],
        "is_locked": false,
        "subscribed": false,
        "blocks": [
            {
                "type": "rich_text",
                "block_id": "rh1eX",
                "elements": [
                    {
                        "type": "rich_text_section",
                        "elements": [
                            {
                                "type": "usergroup",
                                "usergroup_id": "S073HEMKWV7"
                            },
                            {
                                "type": "text",
                                "text": " "
                            },
                            {
                                "type": "usergroup",
                                "usergroup_id": "S088LEJ1U5T"
                            },
                            {
                                "type": "text",
                                "text": "\n1353 "
                            },
                            {
                                "type": "emoji",
                                "name": "flag-sa",
                                "unicode": "1f1f8-1f1e6"
                            },
                            {
                                "type": "text",
                                "text": "サウジアラビア MZO-Mzoon Albunyah様(Alibaba, Shopify)からサンプル注文を頂きました。\n"
                            },
                            {
                                "type": "text",
                                "text": "TSE-MZO-SPL-002-25",
                                "style": {
                                    "bold": true
                                }
                            }
                        ]
                    }
                ]
            }
        ]
    },
    {
        "user": "U0606SPN4BW",
        "type": "message",
        "ts": "1752935944.509729",
        "client_msg_id": "504c0f08-3af9-48a7-a5cc-ab70e21e14da",
        "text": "発送予定日のお知らせをお願いします！\n\n\n<!subteam^S08NN8M4LAZ|@katayose-kamiya>　\n入金確認済み(PayPal), 回収処理をお願いいたします！\n\n\n▼注文内容 (計 7点)\n&lt; 標準サンプル, 各10g&gt;\n```・Organic Matcha Middle grade - 1\n鹿児島製茶 有機抹茶B\n\n\n・Non-organic Matcha Top grade - 1\n出雲精茶 出雲翠の昔\n\n\n・Non-organic Mathca Top grade - 2\n出雲精茶 宇迦の白\n\n\n・Non-organic Matcha Upper grade - 1\n出雲精茶 出雲抹茶G\n\n\n・Non-organic Matcha Upper grade - 2\n出雲精茶 出雲抹茶R```\n\n箱：ボタニカル\n発送：DHL",
        "team": "T033D70RR6H",
        "user_team": "T033D70RR6H",
        "source_team": "T033D70RR6H",
        "user_profile": {
            "avatar_hash": "823d8545f678",
            "image_72": "https:\/\/avatars.slack-edge.com\/2024-04-12\/6946592133062_823d8545f678615a3e0a_72.jpg",
            "first_name": "SATOSHI",
            "real_name": "SATOSHI FURUKAWA",
            "display_name": "古川　敏",
            "team": "T033D70RR6H",
            "name": "jpfreebirds",
            "is_restricted": false,
            "is_ultra_restricted": false
        },
        "thread_ts": "1752935846.460909",
        "parent_user_id": "U0606SPN4BW",
        "blocks": [
            {
                "type": "rich_text",
                "block_id": "qLitU",
                "elements": [
                    {
                        "type": "rich_text_section",
                        "elements": [
                            {
                                "type": "text",
                                "text": "発送予定日のお知らせをお願いします！\n\n\n"
                            },
                            {
                                "type": "usergroup",
                                "usergroup_id": "S08NN8M4LAZ"
                            },
                            {
                                "type": "text",
                                "text": "　\n入金確認済み(PayPal), 回収処理をお願いいたします！\n\n\n▼注文内容 (計 7点)\n< 標準サンプル, 各10g>\n"
                            }
                        ]
                    },
                    {
                        "type": "rich_text_preformatted",
                        "elements": [
                            {
                                "type": "text",
                                "text": "・Organic Matcha Middle grade - 1\n鹿児島製茶 有機抹茶B\n\n\n・Non-organic Matcha Top grade - 1\n出雲精茶 出雲翠の昔\n\n\n・Non-organic Mathca Top grade - 2\n出雲精茶 宇迦の白\n\n\n・Non-organic Matcha Upper grade - 1\n出雲精茶 出雲抹茶G\n\n\n・Non-organic Matcha Upper grade - 2\n出雲精茶 出雲抹茶R"
                            }
                        ],
                        "border": 0
                    },
                    {
                        "type": "rich_text_section",
                        "elements": [
                            {
                                "type": "text",
                                "text": "\n\n箱：ボタニカル\n発送：DHL"
                            }
                        ]
                    }
                ]
            }
        ],
        "reactions": [
            {
                "name": "承知_致しました",
                "users": [
                    "U0331FZTHEK"
                ],
                "count": 1
            }
        ]
    }
]