[
    {
        "user": "U066P20UQH1",
        "type": "message",
        "ts": "1744960127.290409",
        "client_msg_id": "a3bab3dc-383d-40d2-be2c-89e91314d74d",
        "text": "<!subteam^S073HEMKWV7|@hirakawa-adachi-yamamoto-fuse>\n*東京のホテルに4月25日から4月29日まで滞在しているそうなのでその間に届けて欲しいそうです*:sweat_drops:\n*入金まだですが間に合うように準備をお願いします！*:sweat_drops:\n\n▼注文内容（計18種）\n`20g サンプル`\nOrganic Matcha Upper 1~Regular2　（6種）\nNon-organic Matcha Upper 1~Regular2（6種）\n`缶サンプル`\n30g 缶、40g缶を黒・白・銀1缶ずつ（6種）\n\n箱：No.6Ex1\n発送：佐川\n決済：PayPal\n\n<!subteam^S08NN8M4LAZ|@katayose-kamiya>\n入金あり次第回収処理をお願いいたします:woman-bowing:",
        "team": "T033D70RR6H",
        "user_team": "T033D70RR6H",
        "source_team": "T033D70RR6H",
        "user_profile": {
            "avatar_hash": "179323cb3551",
            "image_72": "https:\/\/avatars.slack-edge.com\/2024-04-12\/6955353714228_179323cb3551f7c8ecfe_72.png",
            "first_name": "Haruka",
            "real_name": "Haruka Hayashi",
            "display_name": "林遥香",
            "team": "T033D70RR6H",
            "name": "haru.nboc",
            "is_restricted": false,
            "is_ultra_restricted": false
        },
        "thread_ts": "1744959456.587409",
        "parent_user_id": "U066P20UQH1",
        "blocks": [
            {
                "type": "rich_text",
                "block_id": "tyjYx",
                "elements": [
                    {
                        "type": "rich_text_section",
                        "elements": [
                            {
                                "type": "usergroup",
                                "usergroup_id": "S073HEMKWV7"
                            },
                            {
                                "type": "text",
                                "text": "\n"
                            },
                            {
                                "type": "text",
                                "text": "東京のホテルに4月25日から4月29日まで滞在しているそうなのでその間に届けて欲しいそうです",
                                "style": {
                                    "bold": true
                                }
                            },
                            {
                                "type": "emoji",
                                "name": "sweat_drops",
                                "unicode": "1f4a6"
                            },
                            {
                                "type": "text",
                                "text": "\n"
                            },
                            {
                                "type": "text",
                                "text": "入金まだですが間に合うように準備をお願いします！",
                                "style": {
                                    "bold": true
                                }
                            },
                            {
                                "type": "emoji",
                                "name": "sweat_drops",
                                "unicode": "1f4a6",
                                "style": {
                                    "bold": true
                                }
                            },
                            {
                                "type": "text",
                                "text": "\n\n▼注文内容（計18種）\n"
                            },
                            {
                                "type": "text",
                                "text": "20g サンプル",
                                "style": {
                                    "code": true
                                }
                            },
                            {
                                "type": "text",
                                "text": "\nOrganic Matcha Upper 1~Regular2　（6種）\nNon-organic Matcha Upper 1~Regular2（6種）\n"
                            },
                            {
                                "type": "text",
                                "text": "缶サンプル",
                                "style": {
                                    "code": true
                                }
                            },
                            {
                                "type": "text",
                                "text": "\n30g 缶、40g缶を黒・白・銀1缶ずつ（6種）\n\n箱：No.6Ex1\n発送：佐川\n決済：PayPal\n\n"
                            },
                            {
                                "type": "usergroup",
                                "usergroup_id": "S08NN8M4LAZ"
                            },
                            {
                                "type": "text",
                                "text": "\n入金あり次第回収処理をお願いいたします"
                            },
                            {
                                "type": "emoji",
                                "name": "woman-bowing",
                                "unicode": "1f647-200d-2640-fe0f"
                            }
                        ]
                    }
                ]
            }
        ],
        "reactions": [
            {
                "name": "7e6ac2088523a821",
                "users": [
                    "U0331FZTHEK"
                ],
                "count": 1
            }
        ]
    },
    {
        "user": "U08L89G6JSG",
        "type": "message",
        "ts": "1744961664.463459",
        "client_msg_id": "70b96ddc-7d7c-4b2c-a782-e2f42a6de771",
        "text": "<@U0606SPN4BW>\n<!subteam^S073HEMKWV7|@hirakawa-adachi-yamamoto-fuse>\n本日DHLにて発送しました。\t\nよろしくお願いします。\t\nAWB No.7007054950",
        "team": "T033D70RR6H",
        "user_team": "T033D70RR6H",
        "source_team": "T033D70RR6H",
        "user_profile": {
            "avatar_hash": "fed0a878533f",
            "image_72": "https:\/\/avatars.slack-edge.com\/2025-03-31\/8678953673334_fed0a878533f1e7c9560_72.png",
            "first_name": "yokoi",
            "real_name": "yokoi",
            "display_name": "横井",
            "team": "T033D70RR6H",
            "name": "tousuien.yokoi",
            "is_restricted": false,
            "is_ultra_restricted": false
        },
        "thread_ts": "1743585799.211889",
        "parent_user_id": "U0606SPN4BW",
        "blocks": [
            {
                "type": "rich_text",
                "block_id": "zBnLq",
                "elements": [
                    {
                        "type": "rich_text_section",
                        "elements": [
                            {
                                "type": "user",
                                "user_id": "U0606SPN4BW"
                            },
                            {
                                "type": "text",
                                "text": "\n"
                            },
                            {
                                "type": "usergroup",
                                "usergroup_id": "S073HEMKWV7"
                            },
                            {
                                "type": "text",
                                "text": "\n本日DHLにて発送しました。\t\nよろしくお願いします。\t\nAWB No.7007054950"
                            }
                        ]
                    }
                ]
            }
        ],
        "reactions": [
            {
                "name": "ありかとう",
                "users": [
                    "U066P20UQH1"
                ],
                "count": 1
            },
            {
                "name": "連絡完了",
                "users": [
                    "U066P20UQH1"
                ],
                "count": 1
            }
        ]
    },
    {
        "user": "U08L89G6JSG",
        "type": "message",
        "ts": "1744961725.056679",
        "client_msg_id": "5943ec4e-77c9-4d01-8570-b9936437ffc0",
        "text": "<@U0606SPN4BW>\n<!subteam^S073HEMKWV7|@hirakawa-adachi-yamamoto-fuse>\n本日DHLにて発送しました。\t\nよろしくお願いします。\t\nAWB No.7007055775",
        "team": "T033D70RR6H",
        "user_team": "T033D70RR6H",
        "source_team": "T033D70RR6H",
        "user_profile": {
            "avatar_hash": "fed0a878533f",
            "image_72": "https:\/\/avatars.slack-edge.com\/2025-03-31\/8678953673334_fed0a878533f1e7c9560_72.png",
            "first_name": "yokoi",
            "real_name": "yokoi",
            "display_name": "横井",
            "team": "T033D70RR6H",
            "name": "tousuien.yokoi",
            "is_restricted": false,
            "is_ultra_restricted": false
        },
        "thread_ts": "1744224980.077839",
        "parent_user_id": "U0606SPN4BW",
        "blocks": [
            {
                "type": "rich_text",
                "block_id": "y6Rdi",
                "elements": [
                    {
                        "type": "rich_text_section",
                        "elements": [
                            {
                                "type": "user",
                                "user_id": "U0606SPN4BW"
                            },
                            {
                                "type": "text",
                                "text": "\n"
                            },
                            {
                                "type": "usergroup",
                                "usergroup_id": "S073HEMKWV7"
                            },
                            {
                                "type": "text",
                                "text": "\n本日DHLにて発送しました。\t\nよろしくお願いします。\t\nAWB No.7007055775"
                            }
                        ]
                    }
                ]
            }
        ],
        "reactions": [
            {
                "name": "ありかとう",
                "users": [
                    "U066P20UQH1"
                ],
                "count": 1
            },
            {
                "name": "連絡完了",
                "users": [
                    "U066P20UQH1"
                ],
                "count": 1
            }
        ]
    },
    {
        "user": "U066P20UQH1",
        "type": "message",
        "ts": "1744963131.889229",
        "client_msg_id": "a52111f7-4e33-4c8a-8299-dd56f670f05f",
        "text": "<!subteam^S073HEMKWV7|@hirakawa-adachi-yamamoto-fuse>\n送り先情報共有もれてました:sweat_drops:\n\n宛先：\n〒106-0032 東京都港区六本木３丁目１５−１７ 三井ガーデンホテル六本木プレミア\n電話：\n<tel:0355451431|03-5545-1431>\n宛名：\nKonstantin Shipilov\n\nよろしくお願いします！:woman-bowing:",
        "team": "T033D70RR6H",
        "user_team": "T033D70RR6H",
        "source_team": "T033D70RR6H",
        "user_profile": {
            "avatar_hash": "179323cb3551",
            "image_72": "https:\/\/avatars.slack-edge.com\/2024-04-12\/6955353714228_179323cb3551f7c8ecfe_72.png",
            "first_name": "Haruka",
            "real_name": "Haruka Hayashi",
            "display_name": "林遥香",
            "team": "T033D70RR6H",
            "name": "haru.nboc",
            "is_restricted": false,
            "is_ultra_restricted": false
        },
        "thread_ts": "1744959456.587409",
        "parent_user_id": "U066P20UQH1",
        "blocks": [
            {
                "type": "rich_text",
                "block_id": "vtLYO",
                "elements": [
                    {
                        "type": "rich_text_section",
                        "elements": [
                            {
                                "type": "usergroup",
                                "usergroup_id": "S073HEMKWV7"
                            },
                            {
                                "type": "text",
                                "text": "\n送り先情報共有もれてました"
                            },
                            {
                                "type": "emoji",
                                "name": "sweat_drops",
                                "unicode": "1f4a6"
                            },
                            {
                                "type": "text",
                                "text": "\n\n宛先：\n〒106-0032 東京都港区六本木３丁目１５−１７ 三井ガーデンホテル六本木プレミア\n電話：\n"
                            },
                            {
                                "type": "link",
                                "url": "tel:0355451431",
                                "text": "03-5545-1431"
                            },
                            {
                                "type": "text",
                                "text": "\n宛名：\nKonstantin Shipilov\n\nよろしくお願いします！"
                            },
                            {
                                "type": "emoji",
                                "name": "woman-bowing",
                                "unicode": "1f647-200d-2640-fe0f"
                            }
                        ]
                    }
                ]
            }
        ]
    },
    {
        "user": "U066P20UQH1",
        "type": "message",
        "ts": "1744963593.964579",
        "edited": {
            "user": "U066P20UQH1",
            "ts": "1745285536.000000"
        },
        "client_msg_id": "3506f881-d592-4619-bd11-267b92620eaf",
        "text": "<!subteam^S073HEMKWV7|@hirakawa-adachi-yamamoto-fuse> <@U0606SPN4BW>\n*TSE-CAS-SPL-003-25*\n:fr: フランス：CAS-Cassie Martin(alibaba)様からサンプル注文をいただきました。",
        "team": "T033D70RR6H",
        "user_team": "T033D70RR6H",
        "source_team": "T033D70RR6H",
        "user_profile": {
            "avatar_hash": "179323cb3551",
            "image_72": "https:\/\/avatars.slack-edge.com\/2024-04-12\/6955353714228_179323cb3551f7c8ecfe_72.png",
            "first_name": "Haruka",
            "real_name": "Haruka Hayashi",
            "display_name": "林遥香",
            "team": "T033D70RR6H",
            "name": "haru.nboc",
            "is_restricted": false,
            "is_ultra_restricted": false
        },
        "thread_ts": "1744963593.964579",
        "reply_count": 9,
        "reply_users_count": 4,
        "latest_reply": "1746165525.393519",
        "reply_users": [
            "U066P20UQH1",
            "U0331FZTHEK",
            "U08L89G6JSG",
            "U041RJKV5JA"
        ],
        "replies": [
            {
                "user": "U066P20UQH1",
                "ts": "1745020801.327419"
            },
            {
                "user": "U066P20UQH1",
                "ts": "1745286041.555179"
            },
            {
                "user": "U0331FZTHEK",
                "ts": "1745286361.342649"
            },
            {
                "user": "U08L89G6JSG",
                "ts": "1745300964.356789"
            },
            {
                "user": "U066P20UQH1",
                "ts": "1745303834.077689"
            },
            {
                "user": "U066P20UQH1",
                "ts": "1745409996.387989"
            },
            {
                "user": "U08L89G6JSG",
                "ts": "1745463329.467389"
            },
            {
                "user": "U041RJKV5JA",
                "ts": "1746150986.005139"
            },
            {
                "user": "U08L89G6JSG",
                "ts": "1746165525.393519"
            }
        ],
        "is_locked": false,
        "subscribed": false,
        "blocks": [
            {
                "type": "rich_text",
                "block_id": "ggecy",
                "elements": [
                    {
                        "type": "rich_text_section",
                        "elements": [
                            {
                                "type": "usergroup",
                                "usergroup_id": "S073HEMKWV7"
                            },
                            {
                                "type": "text",
                                "text": " "
                            },
                            {
                                "type": "user",
                                "user_id": "U0606SPN4BW"
                            },
                            {
                                "type": "text",
                                "text": "\n"
                            },
                            {
                                "type": "text",
                                "text": "TSE-CAS-SPL-003-25",
                                "style": {
                                    "bold": true
                                }
                            },
                            {
                                "type": "text",
                                "text": "\n"
                            },
                            {
                                "type": "emoji",
                                "name": "fr",
                                "unicode": "1f1eb-1f1f7"
                            },
                            {
                                "type": "text",
                                "text": " フランス：CAS-Cassie Martin(alibaba)様からサンプル注文をいただきました。"
                            }
                        ]
                    }
                ]
            }
        ]
    },
    {
        "user": "U066P20UQH1",
        "type": "message",
        "ts": "1744963764.075069",
        "client_msg_id": "1c1062fd-eb6a-4383-9b85-110faec23177",
        "text": "<@U0331FZTHEK>\n入金確認しました！",
        "team": "T033D70RR6H",
        "user_team": "T033D70RR6H",
        "source_team": "T033D70RR6H",
        "user_profile": {
            "avatar_hash": "179323cb3551",
            "image_72": "https:\/\/avatars.slack-edge.com\/2024-04-12\/6955353714228_179323cb3551f7c8ecfe_72.png",
            "first_name": "Haruka",
            "real_name": "Haruka Hayashi",
            "display_name": "林遥香",
            "team": "T033D70RR6H",
            "name": "haru.nboc",
            "is_restricted": false,
            "is_ultra_restricted": false
        },
        "thread_ts": "1744959456.587409",
        "parent_user_id": "U066P20UQH1",
        "blocks": [
            {
                "type": "rich_text",
                "block_id": "JmmOm",
                "elements": [
                    {
                        "type": "rich_text_section",
                        "elements": [
                            {
                                "type": "user",
                                "user_id": "U0331FZTHEK"
                            },
                            {
                                "type": "text",
                                "text": "\n入金確認しました！"
                            }
                        ]
                    }
                ]
            }
        ],
        "reactions": [
            {
                "name": "d130b000eb8d6784",
                "users": [
                    "U0331FZTHEK"
                ],
                "count": 1
            },
            {
                "name": "7e6ac2088523a821",
                "users": [
                    "U0331FZTHEK"
                ],
                "count": 1
            }
        ]
    },
    {
        "user": "U0331FZTHEK",
        "type": "message",
        "ts": "1744967678.626099",
        "client_msg_id": "041fc17d-5db5-4312-b59c-f4ab95d4f221",
        "text": "<@U066P20UQH1>\n <!subteam^S073HEMKWV7|@hirakawa-adachi-yamamoto-fuse>\nご入金を確認致しました。\n・4\/18 [PayPal]\n・40 USD\n回収（入金）処理致します。\nよろしくお願いします。",
        "team": "T033D70RR6H",
        "user_team": "T033D70RR6H",
        "source_team": "T033D70RR6H",
        "user_profile": {
            "avatar_hash": "21cdbd6a05f9",
            "image_72": "https:\/\/avatars.slack-edge.com\/2022-02-16\/3115258488741_21cdbd6a05f9a69110f7_72.png",
            "first_name": "Mitsunobu",
            "real_name": "Mitsunobu Katayose",
            "display_name": "片寄",
            "team": "T033D70RR6H",
            "name": "tousuien03",
            "is_restricted": false,
            "is_ultra_restricted": false
        },
        "thread_ts": "1744959456.587409",
        "parent_user_id": "U066P20UQH1",
        "blocks": [
            {
                "type": "rich_text",
                "block_id": "nZwdB",
                "elements": [
                    {
                        "type": "rich_text_section",
                        "elements": [
                            {
                                "type": "user",
                                "user_id": "U066P20UQH1"
                            },
                            {
                                "type": "text",
                                "text": "\n "
                            },
                            {
                                "type": "usergroup",
                                "usergroup_id": "S073HEMKWV7"
                            },
                            {
                                "type": "text",
                                "text": "\nご入金を確認致しました。\n・4\/18 [PayPal]\n・40 USD\n回収（入金）処理致します。\nよろしくお願いします。"
                            }
                        ]
                    }
                ]
            }
        ],
        "reactions": [
            {
                "name": "pray",
                "users": [
                    "U066P20UQH1"
                ],
                "count": 1
            },
            {
                "name": "入金完了",
                "users": [
                    "U0331FZTHEK"
                ],
                "count": 1
            }
        ]
    },
    {
        "user": "U0331FWGQRM",
        "type": "message",
        "ts": "1744982266.038439",
        "client_msg_id": "c1c30b55-18fd-41e0-a7f2-cc7e10b4818c",
        "text": "<!subteam^S073HEMKWV7|@hirakawa-adachi-yamamoto-fuse> <@U066P20UQH1>\nすみません。先ほど、Meshalからメッセージが来ました。\n追跡番号を教えてくださいとのことです。\n連絡するよう宜しくお願いします。\n\n一点質問です。\n本件whatsapp上でコミュニケーションをとった結果、\n有機抹茶のサンプルになったのでしょうか？",
        "team": "T033D70RR6H",
        "user_team": "T033D70RR6H",
        "source_team": "T033D70RR6H",
        "user_profile": {
            "avatar_hash": "gf9d05f2cae1",
            "image_72": "https:\/\/secure.gravatar.com\/avatar\/f9d05f2cae161f657bb1248fc85b5235.jpg?s=72&d=https%3A%2F%2Fa.slack-edge.com%2Fdf10d%2Fimg%2Favatars%2Fava_0008-72.png",
            "first_name": "matsui",
            "real_name": "matsui",
            "display_name": "松井",
            "team": "T033D70RR6H",
            "name": "tousuien.matsui",
            "is_restricted": false,
            "is_ultra_restricted": false
        },
        "thread_ts": "1744644714.317169",
        "parent_user_id": "U0331FWGQRM",
        "blocks": [
            {
                "type": "rich_text",
                "block_id": "UbSxN",
                "elements": [
                    {
                        "type": "rich_text_section",
                        "elements": [
                            {
                                "type": "usergroup",
                                "usergroup_id": "S073HEMKWV7"
                            },
                            {
                                "type": "text",
                                "text": " "
                            },
                            {
                                "type": "user",
                                "user_id": "U066P20UQH1"
                            },
                            {
                                "type": "text",
                                "text": "\nすみません。先ほど、Meshalからメッセージが来ました。\n追跡番号を教えてくださいとのことです。\n連絡するよう宜しくお願いします。\n\n一点質問です。\n本件whatsapp上でコミュニケーションをとった結果、\n有機抹茶のサンプルになったのでしょうか？"
                            }
                        ]
                    }
                ]
            }
        ]
    },
    {
        "text": "<@U0331FWGQRM>\nお客さんとはメールで添付のやり取りをしていてWhatsappには連絡きていないです。\nすみません、IV\/PLの作成までできておりませんでした。すぐに作成します。",
        "files": [
            {
                "id": "F08NWBBMRAQ",
                "created": 1744982506,
                "timestamp": 1744982506,
                "name": "スクリーンショット 2025-04-18 22.21.26.png",
                "title": "スクリーンショット 2025-04-18 22.21.26.png",
                "mimetype": "image\/png",
                "filetype": "png",
                "pretty_type": "PNG",
                "user": "U066P20UQH1",
                "user_team": "T033D70RR6H",
                "editable": false,
                "size": 330081,
                "mode": "hosted",
                "is_external": false,
                "external_type": "",
                "is_public": true,
                "public_url_shared": false,
                "display_as_bot": false,
                "username": "",
                "url_private": "https:\/\/files.slack.com\/files-pri\/T033D70RR6H-F08NWBBMRAQ\/____________________________2025-04-18_22.21.26.png?token=xoxe-3115238875221-9710624591398-9697214945543-aa82359f925d11baadb4ddc07b089467",
                "url_private_download": "https:\/\/files.slack.com\/files-pri\/T033D70RR6H-F08NWBBMRAQ\/download\/____________________________2025-04-18_22.21.26.png?token=xoxe-3115238875221-9710624591398-9697214945543-aa82359f925d11baadb4ddc07b089467",
                "media_display_type": "unknown",
                "thumb_64": "https:\/\/files.slack.com\/files-tmb\/T033D70RR6H-F08NWBBMRAQ-0a83b6e045\/____________________________2025-04-18_22.21.26_64.png?t=xoxe-3115238875221-9710624591398-9697214945543-aa82359f925d11baadb4ddc07b089467",
                "thumb_80": "https:\/\/files.slack.com\/files-tmb\/T033D70RR6H-F08NWBBMRAQ-0a83b6e045\/____________________________2025-04-18_22.21.26_80.png?t=xoxe-3115238875221-9710624591398-9697214945543-aa82359f925d11baadb4ddc07b089467",
                "thumb_360": "https:\/\/files.slack.com\/files-tmb\/T033D70RR6H-F08NWBBMRAQ-0a83b6e045\/____________________________2025-04-18_22.21.26_360.png?t=xoxe-3115238875221-9710624591398-9697214945543-aa82359f925d11baadb4ddc07b089467",
                "thumb_360_w": 205,
                "thumb_360_h": 360,
                "thumb_480": "https:\/\/files.slack.com\/files-tmb\/T033D70RR6H-F08NWBBMRAQ-0a83b6e045\/____________________________2025-04-18_22.21.26_480.png?t=xoxe-3115238875221-9710624591398-9697214945543-aa82359f925d11baadb4ddc07b089467",
                "thumb_480_w": 273,
                "thumb_480_h": 480,
                "thumb_160": "https:\/\/files.slack.com\/files-tmb\/T033D70RR6H-F08NWBBMRAQ-0a83b6e045\/____________________________2025-04-18_22.21.26_160.png?t=xoxe-3115238875221-9710624591398-9697214945543-aa82359f925d11baadb4ddc07b089467",
                "thumb_720": "https:\/\/files.slack.com\/files-tmb\/T033D70RR6H-F08NWBBMRAQ-0a83b6e045\/____________________________2025-04-18_22.21.26_720.png?t=xoxe-3115238875221-9710624591398-9697214945543-aa82359f925d11baadb4ddc07b089467",
                "thumb_720_w": 410,
                "thumb_720_h": 720,
                "thumb_800": "https:\/\/files.slack.com\/files-tmb\/T033D70RR6H-F08NWBBMRAQ-0a83b6e045\/____________________________2025-04-18_22.21.26_800.png?t=xoxe-3115238875221-9710624591398-9697214945543-aa82359f925d11baadb4ddc07b089467",
                "thumb_800_w": 800,
                "thumb_800_h": 1406,
                "thumb_960": "https:\/\/files.slack.com\/files-tmb\/T033D70RR6H-F08NWBBMRAQ-0a83b6e045\/____________________________2025-04-18_22.21.26_960.png?t=xoxe-3115238875221-9710624591398-9697214945543-aa82359f925d11baadb4ddc07b089467",
                "thumb_960_w": 546,
                "thumb_960_h": 960,
                "thumb_1024": "https:\/\/files.slack.com\/files-tmb\/T033D70RR6H-F08NWBBMRAQ-0a83b6e045\/____________________________2025-04-18_22.21.26_1024.png?t=xoxe-3115238875221-9710624591398-9697214945543-aa82359f925d11baadb4ddc07b089467",
                "thumb_1024_w": 583,
                "thumb_1024_h": 1024,
                "original_w": 1112,
                "original_h": 1954,
                "thumb_tiny": "AwAwABu+A25snjPGBSgfX8qXnPFLz7UAA49aKOfaloAbgelKAPSkpRzQAuKKMUUANpf89KO9LQAUUUUAf\/\/Z",
                "permalink": "https:\/\/grp-ssm9297.slack.com\/files\/U0331FWGQRM\/F08NWBBMRAQ\/____________________________2025-04-18_22.21.26.png",
                "permalink_public": "https:\/\/slack-files.com\/T033D70RR6H-F08NWBBMRAQ-2e0a194af2",
                "is_starred": false,
                "skipped_shares": true,
                "has_rich_preview": false,
                "file_access": "visible"
            }
        ],
        "upload": false,
        "user": "U066P20UQH1",
        "display_as_bot": false,
        "blocks": [
            {
                "type": "rich_text",
                "block_id": "EpACb",
                "elements": [
                    {
                        "type": "rich_text_section",
                        "elements": [
                            {
                                "type": "user",
                                "user_id": "U0331FWGQRM"
                            },
                            {
                                "type": "text",
                                "text": "\nお客さんとはメールで添付のやり取りをしていてWhatsappには連絡きていないです。\nすみません、IV\/PLの作成までできておりませんでした。すぐに作成します。"
                            }
                        ]
                    }
                ]
            }
        ],
        "type": "message",
        "ts": "1744982618.191779",
        "client_msg_id": "be44e0d6-fa0c-4ab6-958f-cc3ec12a3c10",
        "thread_ts": "1744644714.317169",
        "parent_user_id": "U0331FWGQRM"
    },
    {
        "user": "U066P20UQH1",
        "type": "message",
        "ts": "1744983085.631099",
        "client_msg_id": "2cd778bc-13a8-4e10-b949-492d1521f3c4",
        "text": "<!subteam^S073HEMKWV7|@hirakawa-adachi-yamamoto-fuse> <@U0331FWGQRM>\nインボイス・パッキングリスト作成しましたのでご確認お願いいたします。\n明日の出荷は可能でしょうか？:sweat_drops:",
        "team": "T033D70RR6H",
        "user_team": "T033D70RR6H",
        "source_team": "T033D70RR6H",
        "user_profile": {
            "avatar_hash": "179323cb3551",
            "image_72": "https:\/\/avatars.slack-edge.com\/2024-04-12\/6955353714228_179323cb3551f7c8ecfe_72.png",
            "first_name": "Haruka",
            "real_name": "Haruka Hayashi",
            "display_name": "林遥香",
            "team": "T033D70RR6H",
            "name": "haru.nboc",
            "is_restricted": false,
            "is_ultra_restricted": false
        },
        "thread_ts": "1744644714.317169",
        "parent_user_id": "U0331FWGQRM",
        "blocks": [
            {
                "type": "rich_text",
                "block_id": "x\/ku2",
                "elements": [
                    {
                        "type": "rich_text_section",
                        "elements": [
                            {
                                "type": "usergroup",
                                "usergroup_id": "S073HEMKWV7"
                            },
                            {
                                "type": "text",
                                "text": " "
                            },
                            {
                                "type": "user",
                                "user_id": "U0331FWGQRM"
                            },
                            {
                                "type": "text",
                                "text": "\nインボイス・パッキングリスト作成しましたのでご確認お願いいたします。\n明日の出荷は可能でしょうか？"
                            },
                            {
                                "type": "emoji",
                                "name": "sweat_drops",
                                "unicode": "1f4a6"
                            }
                        ]
                    }
                ]
            }
        ],
        "reactions": [
            {
                "name": "d130b000eb8d6784",
                "users": [
                    "U0331FWGQRM"
                ],
                "count": 1
            }
        ]
    },
    {
        "user": "U0331FWGQRM",
        "type": "message",
        "ts": "1744983455.385009",
        "client_msg_id": "8e6c3c6a-4fb8-4abb-9d35-1b2b6b7b6021",
        "text": "<@U066P20UQH1> <@U041RJKV5JA>\n非有機抹茶が必要かどうか、念の為に確認したところ、\n有機抹茶のサンプルのみでOKとのことでした！",
        "team": "T033D70RR6H",
        "user_team": "T033D70RR6H",
        "source_team": "T033D70RR6H",
        "user_profile": {
            "avatar_hash": "gf9d05f2cae1",
            "image_72": "https:\/\/secure.gravatar.com\/avatar\/f9d05f2cae161f657bb1248fc85b5235.jpg?s=72&d=https%3A%2F%2Fa.slack-edge.com%2Fdf10d%2Fimg%2Favatars%2Fava_0008-72.png",
            "first_name": "matsui",
            "real_name": "matsui",
            "display_name": "松井",
            "team": "T033D70RR6H",
            "name": "tousuien.matsui",
            "is_restricted": false,
            "is_ultra_restricted": false
        },
        "thread_ts": "1744644714.317169",
        "parent_user_id": "U0331FWGQRM",
        "blocks": [
            {
                "type": "rich_text",
                "block_id": "RL5YM",
                "elements": [
                    {
                        "type": "rich_text_section",
                        "elements": [
                            {
                                "type": "user",
                                "user_id": "U066P20UQH1"
                            },
                            {
                                "type": "text",
                                "text": " "
                            },
                            {
                                "type": "user",
                                "user_id": "U041RJKV5JA"
                            },
                            {
                                "type": "text",
                                "text": "\n非有機抹茶が必要かどうか、念の為に確認したところ、\n有機抹茶のサンプルのみでOKとのことでした！"
                            }
                        ]
                    }
                ]
            }
        ],
        "reactions": [
            {
                "name": "承知-1",
                "users": [
                    "U066P20UQH1"
                ],
                "count": 1
            },
            {
                "name": "あり",
                "users": [
                    "U066P20UQH1"
                ],
                "count": 1
            },
            {
                "name": "sweat_drops",
                "users": [
                    "U066P20UQH1"
                ],
                "count": 1
            }
        ]
    },
    {
        "user": "U066P20UQH1",
        "type": "message",
        "ts": "1744990506.948449",
        "client_msg_id": "7a76e5a8-e9f0-4258-8c32-7f3c0172eb7e",
        "text": "<!subteam^S073HEMKWV7|@hirakawa-adachi-yamamoto-fuse>\n*TSE-GHA-SPL-001-25*\n:gb:イギリス: GHA-Ghader Mohamed(alibaba)様からサンプル注文をいただきました。",
        "team": "T033D70RR6H",
        "user_team": "T033D70RR6H",
        "source_team": "T033D70RR6H",
        "user_profile": {
            "avatar_hash": "179323cb3551",
            "image_72": "https:\/\/avatars.slack-edge.com\/2024-04-12\/6955353714228_179323cb3551f7c8ecfe_72.png",
            "first_name": "Haruka",
            "real_name": "Haruka Hayashi",
            "display_name": "林遥香",
            "team": "T033D70RR6H",
            "name": "haru.nboc",
            "is_restricted": false,
            "is_ultra_restricted": false
        },
        "thread_ts": "1744990506.948449",
        "reply_count": 5,
        "reply_users_count": 4,
        "latest_reply": "1745305809.854739",
        "reply_users": [
            "U066P20UQH1",
            "U0331FZTHEK",
            "U033G4KN4TD",
            "U08L89G6JSG"
        ],
        "replies": [
            {
                "user": "U066P20UQH1",
                "ts": "1744990533.468819"
            },
            {
                "user": "U0331FZTHEK",
                "ts": "1745015977.259889"
            },
            {
                "user": "U033G4KN4TD",
                "ts": "1745218683.221969"
            },
            {
                "user": "U08L89G6JSG",
                "ts": "1745220223.106259"
            },
            {
                "user": "U08L89G6JSG",
                "ts": "1745305809.854739"
            }
        ],
        "is_locked": false,
        "subscribed": false,
        "blocks": [
            {
                "type": "rich_text",
                "block_id": "9T2nq",
                "elements": [
                    {
                        "type": "rich_text_section",
                        "elements": [
                            {
                                "type": "usergroup",
                                "usergroup_id": "S073HEMKWV7"
                            },
                            {
                                "type": "text",
                                "text": "\n"
                            },
                            {
                                "type": "text",
                                "text": "TSE-GHA-SPL-001-25",
                                "style": {
                                    "bold": true
                                }
                            },
                            {
                                "type": "text",
                                "text": "\n"
                            },
                            {
                                "type": "emoji",
                                "name": "gb",
                                "unicode": "1f1ec-1f1e7"
                            },
                            {
                                "type": "text",
                                "text": "イギリス: GHA-Ghader Mohamed(alibaba)様からサンプル注文をいただきました。"
                            }
                        ]
                    }
                ]
            }
        ]
    },
    {
        "user": "U066P20UQH1",
        "type": "message",
        "ts": "1744990533.468819",
        "client_msg_id": "73f3094a-5d83-4a3f-866c-636a58365edf",
        "text": "<!subteam^S073HEMKWV7|@hirakawa-adachi-yamamoto-fuse>\n発送可能日わかり次第共有お願いいたします:woman-bowing:\n\n▼注文内容（計6種）\nOrganic Matcha Upper 1 鹿児島A\nOrganic Matcha Upper 2 鹿児島1A\nOrganic Matcha Middle 1 鹿児島B\nOrganic Matcha Middle 2 鹿児島C\nOrganic Matcha Regular 1 鹿児島D\nOrganic Matcha Regular 2 まるゑい3000\n包材ラベル他通常サンプルと同様です。\n\n箱：ボタニカルx１\n発送：DHL\n決済：PayPal\n\n<!subteam^S08NN8M4LAZ|@katayose-kamiya>\n入金確認済みです。回収処理をお願いいたします:woman-bowing:",
        "team": "T033D70RR6H",
        "user_team": "T033D70RR6H",
        "source_team": "T033D70RR6H",
        "user_profile": {
            "avatar_hash": "179323cb3551",
            "image_72": "https:\/\/avatars.slack-edge.com\/2024-04-12\/6955353714228_179323cb3551f7c8ecfe_72.png",
            "first_name": "Haruka",
            "real_name": "Haruka Hayashi",
            "display_name": "林遥香",
            "team": "T033D70RR6H",
            "name": "haru.nboc",
            "is_restricted": false,
            "is_ultra_restricted": false
        },
        "thread_ts": "1744990506.948449",
        "parent_user_id": "U066P20UQH1",
        "blocks": [
            {
                "type": "rich_text",
                "block_id": "hy2Gb",
                "elements": [
                    {
                        "type": "rich_text_section",
                        "elements": [
                            {
                                "type": "usergroup",
                                "usergroup_id": "S073HEMKWV7"
                            },
                            {
                                "type": "text",
                                "text": "\n発送可能日わかり次第共有お願いいたします"
                            },
                            {
                                "type": "emoji",
                                "name": "woman-bowing",
                                "unicode": "1f647-200d-2640-fe0f"
                            },
                            {
                                "type": "text",
                                "text": "\n\n▼注文内容（計6種）\nOrganic Matcha Upper 1 鹿児島A\nOrganic Matcha Upper 2 鹿児島1A\nOrganic Matcha Middle 1 鹿児島B\nOrganic Matcha Middle 2 鹿児島C\nOrganic Matcha Regular 1 鹿児島D\nOrganic Matcha Regular 2 まるゑい3000\n包材ラベル他通常サンプルと同様です。\n\n箱：ボタニカルx１\n発送：DHL\n決済：PayPal\n\n"
                            },
                            {
                                "type": "usergroup",
                                "usergroup_id": "S08NN8M4LAZ"
                            },
                            {
                                "type": "text",
                                "text": "\n入金確認済みです。回収処理をお願いいたします"
                            },
                            {
                                "type": "emoji",
                                "name": "woman-bowing",
                                "unicode": "1f647-200d-2640-fe0f"
                            }
                        ]
                    }
                ]
            }
        ],
        "reactions": [
            {
                "name": "d130b000eb8d6784",
                "users": [
                    "U0331FZTHEK"
                ],
                "count": 1
            },
            {
                "name": "7e6ac2088523a821",
                "users": [
                    "U0331FZTHEK"
                ],
                "count": 1
            }
        ]
    },
    {
        "user": "U0331FZTHEK",
        "type": "message",
        "ts": "1745015977.259889",
        "client_msg_id": "02801ad8-4ded-47e3-bd3b-ae3eb10bf8d0",
        "text": "<@U066P20UQH1>\n <!subteam^S073HEMKWV7|@hirakawa-adachi-yamamoto-fuse>\nご入金を確認致しました。\n・4\/18 [PayPal]\n・30 USD\n回収（入金）処理致します。\nよろしくお願いします。",
        "team": "T033D70RR6H",
        "user_team": "T033D70RR6H",
        "source_team": "T033D70RR6H",
        "user_profile": {
            "avatar_hash": "21cdbd6a05f9",
            "image_72": "https:\/\/avatars.slack-edge.com\/2022-02-16\/3115258488741_21cdbd6a05f9a69110f7_72.png",
            "first_name": "Mitsunobu",
            "real_name": "Mitsunobu Katayose",
            "display_name": "片寄",
            "team": "T033D70RR6H",
            "name": "tousuien03",
            "is_restricted": false,
            "is_ultra_restricted": false
        },
        "thread_ts": "1744990506.948449",
        "parent_user_id": "U066P20UQH1",
        "blocks": [
            {
                "type": "rich_text",
                "block_id": "I8WWI",
                "elements": [
                    {
                        "type": "rich_text_section",
                        "elements": [
                            {
                                "type": "user",
                                "user_id": "U066P20UQH1"
                            },
                            {
                                "type": "text",
                                "text": "\n "
                            },
                            {
                                "type": "usergroup",
                                "usergroup_id": "S073HEMKWV7"
                            },
                            {
                                "type": "text",
                                "text": "\nご入金を確認致しました。\n・4\/18 [PayPal]\n・30 USD\n回収（入金）処理致します。\nよろしくお願いします。"
                            }
                        ]
                    }
                ]
            }
        ],
        "reactions": [
            {
                "name": "pray",
                "users": [
                    "U066P20UQH1"
                ],
                "count": 1
            },
            {
                "name": "入金完了",
                "users": [
                    "U0331FZTHEK"
                ],
                "count": 1
            }
        ]
    },
    {
        "user": "U08L89G6JSG",
        "type": "message",
        "ts": "1745020189.198459",
        "client_msg_id": "7d0733ac-edb7-41e3-8f54-c96992ccf969",
        "text": "<@U066P20UQH1>\nパッキングリストのGROSSとCASE SIZE(cm)\n空欄でしたので追記しました。\n念の為確認お願いします:pray:",
        "team": "T033D70RR6H",
        "user_team": "T033D70RR6H",
        "source_team": "T033D70RR6H",
        "user_profile": {
            "avatar_hash": "fed0a878533f",
            "image_72": "https:\/\/avatars.slack-edge.com\/2025-03-31\/8678953673334_fed0a878533f1e7c9560_72.png",
            "first_name": "yokoi",
            "real_name": "yokoi",
            "display_name": "横井",
            "team": "T033D70RR6H",
            "name": "tousuien.yokoi",
            "is_restricted": false,
            "is_ultra_restricted": false
        },
        "thread_ts": "1744952784.611049",
        "parent_user_id": "U066P20UQH1",
        "blocks": [
            {
                "type": "rich_text",
                "block_id": "+NEnR",
                "elements": [
                    {
                        "type": "rich_text_section",
                        "elements": [
                            {
                                "type": "user",
                                "user_id": "U066P20UQH1"
                            },
                            {
                                "type": "text",
                                "text": "\nパッキングリストのGROSSとCASE SIZE(cm)\n空欄でしたので追記しました。\n念の為確認お願いします"
                            },
                            {
                                "type": "emoji",
                                "name": "pray",
                                "unicode": "1f64f"
                            }
                        ]
                    }
                ]
            }
        ],
        "reactions": [
            {
                "name": "donee",
                "users": [
                    "U066P20UQH1"
                ],
                "count": 1
            }
        ]
    },
    {
        "user": "U066P20UQH1",
        "type": "message",
        "ts": "1745020801.327419",
        "client_msg_id": "c98c3254-17b9-4838-9056-feefff727afe",
        "text": "<@U066P20UQH1>\nリマインダー",
        "team": "T033D70RR6H",
        "user_team": "T033D70RR6H",
        "source_team": "T033D70RR6H",
        "user_profile": {
            "avatar_hash": "179323cb3551",
            "image_72": "https:\/\/avatars.slack-edge.com\/2024-04-12\/6955353714228_179323cb3551f7c8ecfe_72.png",
            "first_name": "Haruka",
            "real_name": "Haruka Hayashi",
            "display_name": "林遥香",
            "team": "T033D70RR6H",
            "name": "haru.nboc",
            "is_restricted": false,
            "is_ultra_restricted": false
        },
        "thread_ts": "1744963593.964579",
        "parent_user_id": "U066P20UQH1",
        "blocks": [
            {
                "type": "rich_text",
                "block_id": "RKmvz",
                "elements": [
                    {
                        "type": "rich_text_section",
                        "elements": [
                            {
                                "type": "user",
                                "user_id": "U066P20UQH1"
                            },
                            {
                                "type": "text",
                                "text": "\nリマインダー"
                            }
                        ]
                    }
                ]
            }
        ]
    },
    {
        "text": "<@U0331FWGQRM> <@U0606SPN4BW>\nご確認お願いします:woman-bowing:！",
        "files": [
            {
                "id": "F08NRU38F0D",
                "created": 1745023916,
                "timestamp": 1745023916,
                "name": "スクリーンショット 2025-04-19 9.51.29.png",
                "title": "スクリーンショット 2025-04-19 9.51.29.png",
                "mimetype": "image\/png",
                "filetype": "png",
                "pretty_type": "PNG",
                "user": "U066P20UQH1",
                "user_team": "T033D70RR6H",
                "editable": false,
                "size": 311648,
                "mode": "hosted",
                "is_external": false,
                "external_type": "",
                "is_public": true,
                "public_url_shared": false,
                "display_as_bot": false,
                "username": "",
                "url_private": "https:\/\/files.slack.com\/files-pri\/T033D70RR6H-F08NRU38F0D\/____________________________2025-04-19_9.51.29.png?token=xoxe-3115238875221-9710624591398-9697214945543-aa82359f925d11baadb4ddc07b089467",
                "url_private_download": "https:\/\/files.slack.com\/files-pri\/T033D70RR6H-F08NRU38F0D\/download\/____________________________2025-04-19_9.51.29.png?token=xoxe-3115238875221-9710624591398-9697214945543-aa82359f925d11baadb4ddc07b089467",
                "media_display_type": "unknown",
                "thumb_64": "https:\/\/files.slack.com\/files-tmb\/T033D70RR6H-F08NRU38F0D-983b55bc4f\/____________________________2025-04-19_9.51.29_64.png?t=xoxe-3115238875221-9710624591398-9697214945543-aa82359f925d11baadb4ddc07b089467",
                "thumb_80": "https:\/\/files.slack.com\/files-tmb\/T033D70RR6H-F08NRU38F0D-983b55bc4f\/____________________________2025-04-19_9.51.29_80.png?t=xoxe-3115238875221-9710624591398-9697214945543-aa82359f925d11baadb4ddc07b089467",
                "thumb_360": "https:\/\/files.slack.com\/files-tmb\/T033D70RR6H-F08NRU38F0D-983b55bc4f\/____________________________2025-04-19_9.51.29_360.png?t=xoxe-3115238875221-9710624591398-9697214945543-aa82359f925d11baadb4ddc07b089467",
                "thumb_360_w": 172,
                "thumb_360_h": 360,
                "thumb_480": "https:\/\/files.slack.com\/files-tmb\/T033D70RR6H-F08NRU38F0D-983b55bc4f\/____________________________2025-04-19_9.51.29_480.png?t=xoxe-3115238875221-9710624591398-9697214945543-aa82359f925d11baadb4ddc07b089467",
                "thumb_480_w": 229,
                "thumb_480_h": 480,
                "thumb_160": "https:\/\/files.slack.com\/files-tmb\/T033D70RR6H-F08NRU38F0D-983b55bc4f\/____________________________2025-04-19_9.51.29_160.png?t=xoxe-3115238875221-9710624591398-9697214945543-aa82359f925d11baadb4ddc07b089467",
                "thumb_720": "https:\/\/files.slack.com\/files-tmb\/T033D70RR6H-F08NRU38F0D-983b55bc4f\/____________________________2025-04-19_9.51.29_720.png?t=xoxe-3115238875221-9710624591398-9697214945543-aa82359f925d11baadb4ddc07b089467",
                "thumb_720_w": 343,
                "thumb_720_h": 720,
                "thumb_800": "https:\/\/files.slack.com\/files-tmb\/T033D70RR6H-F08NRU38F0D-983b55bc4f\/____________________________2025-04-19_9.51.29_800.png?t=xoxe-3115238875221-9710624591398-9697214945543-aa82359f925d11baadb4ddc07b089467",
                "thumb_800_w": 382,
                "thumb_800_h": 800,
                "thumb_960": "https:\/\/files.slack.com\/files-tmb\/T033D70RR6H-F08NRU38F0D-983b55bc4f\/____________________________2025-04-19_9.51.29_960.png?t=xoxe-3115238875221-9710624591398-9697214945543-aa82359f925d11baadb4ddc07b089467",
                "thumb_960_w": 458,
                "thumb_960_h": 960,
                "thumb_1024": "https:\/\/files.slack.com\/files-tmb\/T033D70RR6H-F08NRU38F0D-983b55bc4f\/____________________________2025-04-19_9.51.29_1024.png?t=xoxe-3115238875221-9710624591398-9697214945543-aa82359f925d11baadb4ddc07b089467",
                "thumb_1024_w": 488,
                "thumb_1024_h": 1024,
                "original_w": 578,
                "original_h": 1212,
                "thumb_tiny": "AwAwABbQNJk+1LSHBpAwzRmjtRQAtJg\/5NLnFG40CYnaiiigYHpSAH3pwFO59KAsM7UUpFJQB\/\/Z",
                "permalink": "https:\/\/grp-ssm9297.slack.com\/files\/U0331FWGQRM\/F08NRU38F0D\/____________________________2025-04-19_9.51.29.png",
                "permalink_public": "https:\/\/slack-files.com\/T033D70RR6H-F08NRU38F0D-e98eb5dd38",
                "is_starred": false,
                "skipped_shares": true,
                "has_rich_preview": false,
                "file_access": "visible"
            }
        ],
        "upload": false,
        "user": "U066P20UQH1",
        "display_as_bot": false,
        "blocks": [
            {
                "type": "rich_text",
                "block_id": "vNAXJ",
                "elements": [
                    {
                        "type": "rich_text_section",
                        "elements": [
                            {
                                "type": "user",
                                "user_id": "U0331FWGQRM"
                            },
                            {
                                "type": "text",
                                "text": " "
                            },
                            {
                                "type": "user",
                                "user_id": "U0606SPN4BW"
                            },
                            {
                                "type": "text",
                                "text": "\nご確認お願いします"
                            },
                            {
                                "type": "emoji",
                                "name": "woman-bowing",
                                "unicode": "1f647-200d-2640-fe0f"
                            },
                            {
                                "type": "text",
                                "text": "！"
                            }
                        ]
                    }
                ]
            }
        ],
        "type": "message",
        "ts": "1745023925.366319",
        "client_msg_id": "9ac942c1-6259-4c73-ac34-8418bebfc256",
        "thread_ts": "1743753605.372949",
        "parent_user_id": "U0331FWGQRM",
        "reactions": [
            {
                "name": "d130b000eb8d6784",
                "users": [
                    "U0331FWGQRM"
                ],
                "count": 1
            },
            {
                "name": "raised_hands",
                "users": [
                    "U0331FWGQRM"
                ],
                "count": 1
            }
        ]
    },
    {
        "user": "U066P20UQH1",
        "type": "message",
        "ts": "1745023964.048379",
        "client_msg_id": "cf07395e-95a1-44bd-9d69-f9b2e7df0b4a",
        "text": "<https:\/\/x.gd\/Pk27m>",
        "team": "T033D70RR6H",
        "user_team": "T033D70RR6H",
        "source_team": "T033D70RR6H",
        "user_profile": {
            "avatar_hash": "179323cb3551",
            "image_72": "https:\/\/avatars.slack-edge.com\/2024-04-12\/6955353714228_179323cb3551f7c8ecfe_72.png",
            "first_name": "Haruka",
            "real_name": "Haruka Hayashi",
            "display_name": "林遥香",
            "team": "T033D70RR6H",
            "name": "haru.nboc",
            "is_restricted": false,
            "is_ultra_restricted": false
        },
        "thread_ts": "1743753605.372949",
        "parent_user_id": "U0331FWGQRM",
        "blocks": [
            {
                "type": "rich_text",
                "block_id": "d9Dhq",
                "elements": [
                    {
                        "type": "rich_text_section",
                        "elements": [
                            {
                                "type": "link",
                                "url": "https:\/\/x.gd\/Pk27m"
                            }
                        ]
                    }
                ]
            }
        ]
    },
    {
        "user": "U08N3SKSL75",
        "type": "message",
        "ts": "1745024871.849159",
        "client_msg_id": "55c4dbb3-608c-45ef-adf9-07ea023ac2f7",
        "text": "<!subteam^S073HEMKWV7|@hirakawa-adachi-yamamoto-fuse> <!subteam^S072Q871SF9|@oka-matsui-furukawa-hayashi-kimura-hasegawa-kawatani>\n:flag-kz:カザフスタン SHY-Shyntemir Shurin(Alibaba)様からサンプル注文を頂きました。\n*TSE-SHY-SPL-001-25*",
        "team": "T033D70RR6H",
        "user_team": "T033D70RR6H",
        "source_team": "T033D70RR6H",
        "user_profile": {
            "avatar_hash": "g385a5ea1fc7",
            "image_72": "https:\/\/secure.gravatar.com\/avatar\/385a5ea1fc7db8f0b42ecd922f43af6c.jpg?s=72&d=https%3A%2F%2Fa.slack-edge.com%2Fdf10d%2Fimg%2Favatars%2Fava_0013-72.png",
            "first_name": "Kimura",
            "real_name": "Kimura",
            "display_name": "Kimura",
            "team": "T033D70RR6H",
            "name": "tousuien.kimura",
            "is_restricted": false,
            "is_ultra_restricted": false
        },
        "thread_ts": "1745024871.849159",
        "reply_count": 5,
        "reply_users_count": 4,
        "latest_reply": "1745305734.087669",
        "reply_users": [
            "U08N3SKSL75",
            "U0331FZTHEK",
            "U033G4KN4TD",
            "U08L89G6JSG"
        ],
        "replies": [
            {
                "user": "U08N3SKSL75",
                "ts": "1745025235.145179"
            },
            {
                "user": "U0331FZTHEK",
                "ts": "1745025471.403479"
            },
            {
                "user": "U033G4KN4TD",
                "ts": "1745218648.531309"
            },
            {
                "user": "U08L89G6JSG",
                "ts": "1745220259.214039"
            },
            {
                "user": "U08L89G6JSG",
                "ts": "1745305734.087669"
            }
        ],
        "is_locked": false,
        "subscribed": true,
        "last_read": "1745305734.087669",
        "blocks": [
            {
                "type": "rich_text",
                "block_id": "IPDqc",
                "elements": [
                    {
                        "type": "rich_text_section",
                        "elements": [
                            {
                                "type": "usergroup",
                                "usergroup_id": "S073HEMKWV7"
                            },
                            {
                                "type": "text",
                                "text": " "
                            },
                            {
                                "type": "usergroup",
                                "usergroup_id": "S072Q871SF9"
                            },
                            {
                                "type": "text",
                                "text": "\n"
                            },
                            {
                                "type": "emoji",
                                "name": "flag-kz",
                                "unicode": "1f1f0-1f1ff"
                            },
                            {
                                "type": "text",
                                "text": "カザフスタン SHY-Shyntemir Shurin(Alibaba)様からサンプル注文を頂きました。\n"
                            },
                            {
                                "type": "text",
                                "text": "TSE-SHY-SPL-001-25",
                                "style": {
                                    "bold": true
                                }
                            }
                        ]
                    }
                ]
            }
        ]
    },
    {
        "user": "U08N3SKSL75",
        "type": "message",
        "ts": "1745025235.145179",
        "client_msg_id": "cb7f4ca7-cf7f-4c6a-a979-47acb57e5c8d",
        "text": "<!subteam^S073HEMKWV7|@hirakawa-adachi-yamamoto-fuse> <!subteam^S072Q871SF9|@oka-matsui-furukawa-hayashi-kimura-hasegawa-kawatani>\n下記へ発送手続き、および発送日のお知らせをお願いします。\n\n▼サンプル内容 (計 4点)\n&lt;各20g&gt;\nOrganic Matcha Top - 1 碧翠園(16000京都))\nOrganic Matcha Top - 2 碧翠園 (12000京都)\nOrganic Matcha Upper - 1 鹿児島A\nOrganic Matcha Upper - 2 鹿児島1A\n\n袋指定なし、\nエージレス無し、\n品名ラベル貼り\n\n発送:DHL\n\n<@U0331FZTHEK>\n入金確認済みです。回収処理お願いします。",
        "team": "T033D70RR6H",
        "user_team": "T033D70RR6H",
        "source_team": "T033D70RR6H",
        "user_profile": {
            "avatar_hash": "g385a5ea1fc7",
            "image_72": "https:\/\/secure.gravatar.com\/avatar\/385a5ea1fc7db8f0b42ecd922f43af6c.jpg?s=72&d=https%3A%2F%2Fa.slack-edge.com%2Fdf10d%2Fimg%2Favatars%2Fava_0013-72.png",
            "first_name": "Kimura",
            "real_name": "Kimura",
            "display_name": "Kimura",
            "team": "T033D70RR6H",
            "name": "tousuien.kimura",
            "is_restricted": false,
            "is_ultra_restricted": false
        },
        "thread_ts": "1745024871.849159",
        "parent_user_id": "U08N3SKSL75",
        "blocks": [
            {
                "type": "rich_text",
                "block_id": "CAeg4",
                "elements": [
                    {
                        "type": "rich_text_section",
                        "elements": [
                            {
                                "type": "usergroup",
                                "usergroup_id": "S073HEMKWV7"
                            },
                            {
                                "type": "text",
                                "text": " "
                            },
                            {
                                "type": "usergroup",
                                "usergroup_id": "S072Q871SF9"
                            },
                            {
                                "type": "text",
                                "text": "\n下記へ発送手続き、および発送日のお知らせをお願いします。\n\n▼サンプル内容 (計 4点)\n<各20g>\nOrganic Matcha Top - 1 碧翠園(16000京都))\nOrganic Matcha Top - 2 碧翠園 (12000京都)\nOrganic Matcha Upper - 1 鹿児島A\nOrganic Matcha Upper - 2 鹿児島1A\n\n袋指定なし、\nエージレス無し、\n品名ラベル貼り\n\n発送:DHL\n\n"
                            },
                            {
                                "type": "user",
                                "user_id": "U0331FZTHEK"
                            },
                            {
                                "type": "text",
                                "text": "\n入金確認済みです。回収処理お願いします。"
                            }
                        ]
                    }
                ]
            }
        ],
        "reactions": [
            {
                "name": "d130b000eb8d6784",
                "users": [
                    "U0331FZTHEK"
                ],
                "count": 1
            },
            {
                "name": "7e6ac2088523a821",
                "users": [
                    "U0331FZTHEK"
                ],
                "count": 1
            }
        ]
    },
    {
        "user": "U0331FZTHEK",
        "type": "message",
        "ts": "1745025471.403479",
        "client_msg_id": "ad3497ef-8442-4b58-afc8-269f4b385235",
        "text": "<@U08N3SKSL75>\n <!subteam^S073HEMKWV7|@hirakawa-adachi-yamamoto-fuse>\nご入金を確認致しました。\n・4\/18 [PayPal]\n・40 USD\n回収（入金）処理致します。\nよろしくお願いします。",
        "team": "T033D70RR6H",
        "user_team": "T033D70RR6H",
        "source_team": "T033D70RR6H",
        "user_profile": {
            "avatar_hash": "21cdbd6a05f9",
            "image_72": "https:\/\/avatars.slack-edge.com\/2022-02-16\/3115258488741_21cdbd6a05f9a69110f7_72.png",
            "first_name": "Mitsunobu",
            "real_name": "Mitsunobu Katayose",
            "display_name": "片寄",
            "team": "T033D70RR6H",
            "name": "tousuien03",
            "is_restricted": false,
            "is_ultra_restricted": false
        },
        "thread_ts": "1745024871.849159",
        "parent_user_id": "U08N3SKSL75",
        "blocks": [
            {
                "type": "rich_text",
                "block_id": "48\/Df",
                "elements": [
                    {
                        "type": "rich_text_section",
                        "elements": [
                            {
                                "type": "user",
                                "user_id": "U08N3SKSL75"
                            },
                            {
                                "type": "text",
                                "text": "\n "
                            },
                            {
                                "type": "usergroup",
                                "usergroup_id": "S073HEMKWV7"
                            },
                            {
                                "type": "text",
                                "text": "\nご入金を確認致しました。\n・4\/18 [PayPal]\n・40 USD\n回収（入金）処理致します。\nよろしくお願いします。"
                            }
                        ]
                    }
                ]
            }
        ],
        "reactions": [
            {
                "name": "gratitude-arigatou-gozaimasu",
                "users": [
                    "U08N3SKSL75"
                ],
                "count": 1
            },
            {
                "name": "入金完了",
                "users": [
                    "U0331FZTHEK"
                ],
                "count": 1
            }
        ]
    },
    {
        "user": "U041RJKV5JA",
        "type": "message",
        "ts": "1745037341.591129",
        "client_msg_id": "7464c14d-4cad-4de6-a2ee-6f0cb1237c2b",
        "text": "<@U0606SPN4BW>\n <!subteam^S073HEMKWV7|@hirakawa-adachi-yamamoto-fuse>\n本日、DHLにて出荷しました。\nAWB NO. 7007050385\nよろしくお願いいたします。",
        "team": "T033D70RR6H",
        "user_team": "T033D70RR6H",
        "source_team": "T033D70RR6H",
        "user_profile": {
            "avatar_hash": "aed9eafd9eee",
            "image_72": "https:\/\/avatars.slack-edge.com\/2022-09-11\/4078874890257_aed9eafd9eee277ba076_72.png",
            "first_name": "Hirakawa",
            "real_name": "Hirakawa",
            "display_name": "平川",
            "team": "T033D70RR6H",
            "name": "tousuien.s006",
            "is_restricted": false,
            "is_ultra_restricted": false
        },
        "thread_ts": "1743784471.394859",
        "parent_user_id": "U0606SPN4BW",
        "blocks": [
            {
                "type": "rich_text",
                "block_id": "+ko+J",
                "elements": [
                    {
                        "type": "rich_text_section",
                        "elements": [
                            {
                                "type": "user",
                                "user_id": "U0606SPN4BW"
                            },
                            {
                                "type": "text",
                                "text": "\n "
                            },
                            {
                                "type": "usergroup",
                                "usergroup_id": "S073HEMKWV7"
                            },
                            {
                                "type": "text",
                                "text": "\n本日、DHLにて出荷しました。\nAWB NO. 7007050385\nよろしくお願いいたします。"
                            }
                        ]
                    }
                ]
            }
        ],
        "reactions": [
            {
                "name": "pray",
                "users": [
                    "U066P20UQH1"
                ],
                "count": 1
            },
            {
                "name": "連絡完了",
                "users": [
                    "U066P20UQH1"
                ],
                "count": 1
            }
        ]
    },
    {
        "user": "U041RJKV5JA",
        "type": "message",
        "ts": "1745037393.679159",
        "client_msg_id": "08403303-c5a4-4dbb-8f5e-29e5c6524267",
        "text": "<@U0331FWGQRM> <@U066P20UQH1>\n <!subteam^S073HEMKWV7|@hirakawa-adachi-yamamoto-fuse>\n本日、DHLにて出荷しました。\nAWB NO. 7007058811\nよろしくお願いいたします。",
        "team": "T033D70RR6H",
        "user_team": "T033D70RR6H",
        "source_team": "T033D70RR6H",
        "user_profile": {
            "avatar_hash": "aed9eafd9eee",
            "image_72": "https:\/\/avatars.slack-edge.com\/2022-09-11\/4078874890257_aed9eafd9eee277ba076_72.png",
            "first_name": "Hirakawa",
            "real_name": "Hirakawa",
            "display_name": "平川",
            "team": "T033D70RR6H",
            "name": "tousuien.s006",
            "is_restricted": false,
            "is_ultra_restricted": false
        },
        "thread_ts": "1744644714.317169",
        "parent_user_id": "U0331FWGQRM",
        "blocks": [
            {
                "type": "rich_text",
                "block_id": "ARthG",
                "elements": [
                    {
                        "type": "rich_text_section",
                        "elements": [
                            {
                                "type": "user",
                                "user_id": "U0331FWGQRM"
                            },
                            {
                                "type": "text",
                                "text": " "
                            },
                            {
                                "type": "user",
                                "user_id": "U066P20UQH1"
                            },
                            {
                                "type": "text",
                                "text": "\n "
                            },
                            {
                                "type": "usergroup",
                                "usergroup_id": "S073HEMKWV7"
                            },
                            {
                                "type": "text",
                                "text": "\n本日、DHLにて出荷しました。\nAWB NO. 7007058811\nよろしくお願いいたします。"
                            }
                        ]
                    }
                ]
            }
        ],
        "reactions": [
            {
                "name": "連絡完了",
                "users": [
                    "U066P20UQH1"
                ],
                "count": 1
            },
            {
                "name": "ありかとう",
                "users": [
                    "U066P20UQH1"
                ],
                "count": 1
            }
        ]
    },
    {
        "user": "U08L89G6JSG",
        "type": "message",
        "ts": "1745037716.440809",
        "client_msg_id": "6c58de0e-0b85-49e6-8a96-bf25991d5cb8",
        "text": "<@U066P20UQH1>\n<!subteam^S073HEMKWV7|@hirakawa-adachi-yamamoto-fuse>\n本日DHLにて発送しました。\t\nよろしくお願いします。\t\nAWB No.7007057374",
        "team": "T033D70RR6H",
        "user_team": "T033D70RR6H",
        "source_team": "T033D70RR6H",
        "user_profile": {
            "avatar_hash": "fed0a878533f",
            "image_72": "https:\/\/avatars.slack-edge.com\/2025-03-31\/8678953673334_fed0a878533f1e7c9560_72.png",
            "first_name": "yokoi",
            "real_name": "yokoi",
            "display_name": "横井",
            "team": "T033D70RR6H",
            "name": "tousuien.yokoi",
            "is_restricted": false,
            "is_ultra_restricted": false
        },
        "thread_ts": "1744643023.849019",
        "parent_user_id": "U066P20UQH1",
        "blocks": [
            {
                "type": "rich_text",
                "block_id": "4oGhT",
                "elements": [
                    {
                        "type": "rich_text_section",
                        "elements": [
                            {
                                "type": "user",
                                "user_id": "U066P20UQH1"
                            },
                            {
                                "type": "text",
                                "text": "\n"
                            },
                            {
                                "type": "usergroup",
                                "usergroup_id": "S073HEMKWV7"
                            },
                            {
                                "type": "text",
                                "text": "\n本日DHLにて発送しました。\t\nよろしくお願いします。\t\nAWB No.7007057374"
                            }
                        ]
                    }
                ]
            }
        ]
    },
    {
        "user": "U08N3SKSL75",
        "type": "message",
        "ts": "1745041087.733529",
        "client_msg_id": "280e47f4-e99c-4344-900b-dbb2220dd629",
        "text": "<!subteam^S073HEMKWV7|@hirakawa-adachi-yamamoto-fuse> <!subteam^S072Q871SF9|@oka-matsui-furukawa-hayashi-kimura-hasegawa-kawatani>\n:flag-in: インド BTC-Shreyas Gowda(Alibaba)様からサンプル注文を頂きました。\n*TSE-BTC-SPL-001-25*",
        "team": "T033D70RR6H",
        "user_team": "T033D70RR6H",
        "source_team": "T033D70RR6H",
        "user_profile": {
            "avatar_hash": "g385a5ea1fc7",
            "image_72": "https:\/\/secure.gravatar.com\/avatar\/385a5ea1fc7db8f0b42ecd922f43af6c.jpg?s=72&d=https%3A%2F%2Fa.slack-edge.com%2Fdf10d%2Fimg%2Favatars%2Fava_0013-72.png",
            "first_name": "Kimura",
            "real_name": "Kimura",
            "display_name": "Kimura",
            "team": "T033D70RR6H",
            "name": "tousuien.kimura",
            "is_restricted": false,
            "is_ultra_restricted": false
        },
        "thread_ts": "1745041087.733529",
        "reply_count": 11,
        "reply_users_count": 6,
        "latest_reply": "1748848782.640249",
        "reply_users": [
            "U08N3SKSL75",
            "U0331FZTHEK",
            "U08L89G6JSG",
            "U066P20UQH1",
            "U033G4KN4TD",
            "U041RJKV5JA"
        ],
        "replies": [
            {
                "user": "U08N3SKSL75",
                "ts": "1745041738.943469"
            },
            {
                "user": "U0331FZTHEK",
                "ts": "1745043305.740599"
            },
            {
                "user": "U08L89G6JSG",
                "ts": "1745049397.387629"
            },
            {
                "user": "U066P20UQH1",
                "ts": "1745057786.478969"
            },
            {
                "user": "U033G4KN4TD",
                "ts": "1745226248.424619"
            },
            {
                "user": "U08N3SKSL75",
                "ts": "1745312030.154939"
            },
            {
                "user": "U08N3SKSL75",
                "ts": "1745313635.655629"
            },
            {
                "user": "U08L89G6JSG",
                "ts": "1745365323.342419"
            },
            {
                "user": "U08L89G6JSG",
                "ts": "1745390929.853469"
            },
            {
                "user": "U08N3SKSL75",
                "ts": "1746088282.770449"
            },
            {
                "user": "U041RJKV5JA",
                "ts": "1748848782.640249"
            }
        ],
        "is_locked": false,
        "subscribed": true,
        "last_read": "1748848782.640249",
        "blocks": [
            {
                "type": "rich_text",
                "block_id": "LCFWn",
                "elements": [
                    {
                        "type": "rich_text_section",
                        "elements": [
                            {
                                "type": "usergroup",
                                "usergroup_id": "S073HEMKWV7"
                            },
                            {
                                "type": "text",
                                "text": " "
                            },
                            {
                                "type": "usergroup",
                                "usergroup_id": "S072Q871SF9"
                            },
                            {
                                "type": "text",
                                "text": "\n"
                            },
                            {
                                "type": "emoji",
                                "name": "flag-in",
                                "unicode": "1f1ee-1f1f3"
                            },
                            {
                                "type": "text",
                                "text": " インド BTC-Shreyas Gowda(Alibaba)様からサンプル注文を頂きました。\n"
                            },
                            {
                                "type": "text",
                                "text": "TSE-BTC-SPL-001-25",
                                "style": {
                                    "bold": true
                                }
                            }
                        ]
                    }
                ]
            }
        ]
    },
    {
        "user": "U08N3SKSL75",
        "type": "message",
        "ts": "1745041738.943469",
        "client_msg_id": "544682ec-f705-4835-a4e6-c4532cc6dc25",
        "text": "<!subteam^S073HEMKWV7|@hirakawa-adachi-yamamoto-fuse> <!subteam^S072Q871SF9|@oka-matsui-furukawa-hayashi-kimura-hasegawa-kawatani>\n下記へ発送手続き、および発送日のお知らせをお願いします。\n\n▼サンプル内容 (計 12点)\n&lt;各20g&gt;\nOrganic Matcha Upper - 1\t鹿児島A\nOrganic Matcha Middle - 2\t鹿児島C\nOrganic Matcha Lower - 1\tまるゑい ME2\nOrganic Matcha Lower - 2\tまるゑい MEA1\nNon-organic Matcha Upper - 1\t出雲精茶G\nNon-organic Matcha Upper - 2\t出雲精茶R\nNon-organic Matcha Middle - 1\t出雲精茶T\nNon-organic Matcha Middle - 2\t出雲精茶N\nNon-organic Matcha Regular - 1\t出雲精茶F\nNon-organic Matcha Regular - 2\t出雲精茶W\nNon-organic Matcha Lower - 1\t出雲精茶H\nNon-organic Matcha Lower - 2\t出雲精茶P\n\n袋指定なし、\nエージレス無し、\n品名ラベル貼り\n\n発送:DHL\n\n<@U0331FZTHEK>\n入金確認済みです。回収処理お願いします。",
        "team": "T033D70RR6H",
        "user_team": "T033D70RR6H",
        "source_team": "T033D70RR6H",
        "user_profile": {
            "avatar_hash": "g385a5ea1fc7",
            "image_72": "https:\/\/secure.gravatar.com\/avatar\/385a5ea1fc7db8f0b42ecd922f43af6c.jpg?s=72&d=https%3A%2F%2Fa.slack-edge.com%2Fdf10d%2Fimg%2Favatars%2Fava_0013-72.png",
            "first_name": "Kimura",
            "real_name": "Kimura",
            "display_name": "Kimura",
            "team": "T033D70RR6H",
            "name": "tousuien.kimura",
            "is_restricted": false,
            "is_ultra_restricted": false
        },
        "thread_ts": "1745041087.733529",
        "parent_user_id": "U08N3SKSL75",
        "blocks": [
            {
                "type": "rich_text",
                "block_id": "vBzRo",
                "elements": [
                    {
                        "type": "rich_text_section",
                        "elements": [
                            {
                                "type": "usergroup",
                                "usergroup_id": "S073HEMKWV7"
                            },
                            {
                                "type": "text",
                                "text": " "
                            },
                            {
                                "type": "usergroup",
                                "usergroup_id": "S072Q871SF9"
                            },
                            {
                                "type": "text",
                                "text": "\n下記へ発送手続き、および発送日のお知らせをお願いします。\n\n▼サンプル内容 (計 12点)\n<各20g>\nOrganic Matcha Upper - 1\t鹿児島A\nOrganic Matcha Middle - 2\t鹿児島C\nOrganic Matcha Lower - 1\tまるゑい ME2\nOrganic Matcha Lower - 2\tまるゑい MEA1\nNon-organic Matcha Upper - 1\t出雲精茶G\nNon-organic Matcha Upper - 2\t出雲精茶R\nNon-organic Matcha Middle - 1\t出雲精茶T\nNon-organic Matcha Middle - 2\t出雲精茶N\nNon-organic Matcha Regular - 1\t出雲精茶F\nNon-organic Matcha Regular - 2\t出雲精茶W\nNon-organic Matcha Lower - 1\t出雲精茶H\nNon-organic Matcha Lower - 2\t出雲精茶P\n\n袋指定なし、\nエージレス無し、\n品名ラベル貼り\n\n発送:DHL\n\n"
                            },
                            {
                                "type": "user",
                                "user_id": "U0331FZTHEK"
                            },
                            {
                                "type": "text",
                                "text": "\n入金確認済みです。回収処理お願いします。"
                            }
                        ]
                    }
                ]
            }
        ],
        "reactions": [
            {
                "name": "d130b000eb8d6784",
                "users": [
                    "U0331FZTHEK"
                ],
                "count": 1
            },
            {
                "name": "7e6ac2088523a821",
                "users": [
                    "U0331FZTHEK"
                ],
                "count": 1
            }
        ]
    },
    {
        "user": "U0331FZTHEK",
        "type": "message",
        "ts": "1745043305.740599",
        "client_msg_id": "cb52131e-440f-4bba-9932-24dd0e09b641",
        "text": "<@U08N3SKSL75>\n <!subteam^S073HEMKWV7|@hirakawa-adachi-yamamoto-fuse>\nご入金を確認致しました。\n・4\/19 [PayPal]\n・50 USD\n回収（入金）処理致します。\nよろしくお願いします。",
        "team": "T033D70RR6H",
        "user_team": "T033D70RR6H",
        "source_team": "T033D70RR6H",
        "user_profile": {
            "avatar_hash": "21cdbd6a05f9",
            "image_72": "https:\/\/avatars.slack-edge.com\/2022-02-16\/3115258488741_21cdbd6a05f9a69110f7_72.png",
            "first_name": "Mitsunobu",
            "real_name": "Mitsunobu Katayose",
            "display_name": "片寄",
            "team": "T033D70RR6H",
            "name": "tousuien03",
            "is_restricted": false,
            "is_ultra_restricted": false
        },
        "thread_ts": "1745041087.733529",
        "parent_user_id": "U08N3SKSL75",
        "blocks": [
            {
                "type": "rich_text",
                "block_id": "pSWFa",
                "elements": [
                    {
                        "type": "rich_text_section",
                        "elements": [
                            {
                                "type": "user",
                                "user_id": "U08N3SKSL75"
                            },
                            {
                                "type": "text",
                                "text": "\n "
                            },
                            {
                                "type": "usergroup",
                                "usergroup_id": "S073HEMKWV7"
                            },
                            {
                                "type": "text",
                                "text": "\nご入金を確認致しました。\n・4\/19 [PayPal]\n・50 USD\n回収（入金）処理致します。\nよろしくお願いします。"
                            }
                        ]
                    }
                ]
            }
        ]
    }
]