[
    {
        "user": "U066P20UQH1",
        "type": "message",
        "ts": "1739357046.315099",
        "client_msg_id": "f346274b-1483-4a1b-9ff4-1dcf144ba622",
        "text": "<!subteam^S073HEMKWV7|@hirakawa-adachi-yamamoto-fuse> <@U0331FWGQRM>\n*TSE-MOM-SPL-001-25*\n:flag-sa: サウジアラビア：MOM-Ahmed Alharbi _ (Anfal Altamimi)（Mo matcha）様からサンプル依頼です。",
        "team": "T033D70RR6H",
        "user_team": "T033D70RR6H",
        "source_team": "T033D70RR6H",
        "user_profile": {
            "avatar_hash": "179323cb3551",
            "image_72": "https:\/\/avatars.slack-edge.com\/2024-04-12\/6955353714228_179323cb3551f7c8ecfe_72.png",
            "first_name": "Haruka",
            "real_name": "Haruka Hayashi",
            "display_name": "林遥香",
            "team": "T033D70RR6H",
            "name": "haru.nboc",
            "is_restricted": false,
            "is_ultra_restricted": false
        },
        "thread_ts": "1739357046.315099",
        "reply_count": 5,
        "reply_users_count": 3,
        "latest_reply": "1739437378.349239",
        "reply_users": [
            "U066P20UQH1",
            "U041RJKV5JA",
            "U0331FZTHEK"
        ],
        "replies": [
            {
                "user": "U066P20UQH1",
                "ts": "1739357424.025269"
            },
            {
                "user": "U066P20UQH1",
                "ts": "1739357934.970119"
            },
            {
                "user": "U041RJKV5JA",
                "ts": "1739410933.114019"
            },
            {
                "user": "U066P20UQH1",
                "ts": "1739421702.664689"
            },
            {
                "user": "U0331FZTHEK",
                "ts": "1739437378.349239"
            }
        ],
        "is_locked": false,
        "subscribed": true,
        "last_read": "1739437378.349239",
        "blocks": [
            {
                "type": "rich_text",
                "block_id": "kPdlu",
                "elements": [
                    {
                        "type": "rich_text_section",
                        "elements": [
                            {
                                "type": "usergroup",
                                "usergroup_id": "S073HEMKWV7"
                            },
                            {
                                "type": "text",
                                "text": " "
                            },
                            {
                                "type": "user",
                                "user_id": "U0331FWGQRM"
                            },
                            {
                                "type": "text",
                                "text": "\n"
                            },
                            {
                                "type": "text",
                                "text": "TSE-MOM-SPL-001-25",
                                "style": {
                                    "bold": true
                                }
                            },
                            {
                                "type": "text",
                                "text": "\n"
                            },
                            {
                                "type": "emoji",
                                "name": "flag-sa",
                                "unicode": "1f1f8-1f1e6",
                                "style": {
                                    "bold": true
                                }
                            },
                            {
                                "type": "text",
                                "text": " ",
                                "style": {
                                    "bold": true
                                }
                            },
                            {
                                "type": "text",
                                "text": "サウジアラビア：MOM-Ahmed Alharbi _ (Anfal Altamimi)（Mo matcha）様からサンプル依頼です。"
                            }
                        ]
                    }
                ]
            }
        ],
        "reactions": [
            {
                "name": "承知_致しました",
                "users": [
                    "U041RJKV5JA"
                ],
                "count": 1
            },
            {
                "name": "済",
                "users": [
                    "U066P20UQH1"
                ],
                "count": 1
            }
        ]
    },
    {
        "text": "<!subteam^S073HEMKWV7|@hirakawa-adachi-yamamoto-fuse>\n現在注文中の003-25と一緒に出荷できるか？と聞かれておりますが可能でしょうか。。？:sweat_drops:\n\n1kg Vanilla Matcha\n鹿児島1A 92%\nバニラ 8%\n\n添付と同じ形態で納品して欲しいそうです。（014-24）\nラベルについては確認中です。\n\n<@U0331FZTHEK>\n同梱できる場合は送料が変わるので、確定次第請求します。\n進捗共有します。:pray:\n\n<@U0331FWGQRM>\n補足あればお願いします:woman-bowing:",
        "files": [
            {
                "id": "F08D0HCG2AY",
                "created": 1739357165,
                "timestamp": 1739357165,
                "name": "ORGANIC MATCHA UPP-2_1.jpg",
                "title": "ORGANIC MATCHA UPP-2_1.jpg",
                "mimetype": "image\/jpeg",
                "filetype": "jpg",
                "pretty_type": "JPEG",
                "user": "U066P20UQH1",
                "user_team": "T033D70RR6H",
                "editable": false,
                "size": 193435,
                "mode": "hosted",
                "is_external": false,
                "external_type": "",
                "is_public": true,
                "public_url_shared": false,
                "display_as_bot": false,
                "username": "",
                "url_private": "https:\/\/files.slack.com\/files-pri\/T033D70RR6H-F08D0HCG2AY\/organic_matcha_upp-2_1.jpg?token=xoxe-3115238875221-9710624591398-9697214945543-aa82359f925d11baadb4ddc07b089467",
                "url_private_download": "https:\/\/files.slack.com\/files-pri\/T033D70RR6H-F08D0HCG2AY\/download\/organic_matcha_upp-2_1.jpg?token=xoxe-3115238875221-9710624591398-9697214945543-aa82359f925d11baadb4ddc07b089467",
                "media_display_type": "unknown",
                "thumb_64": "https:\/\/files.slack.com\/files-tmb\/T033D70RR6H-F08D0HCG2AY-344cee677a\/organic_matcha_upp-2_1_64.jpg?t=xoxe-3115238875221-9710624591398-9697214945543-aa82359f925d11baadb4ddc07b089467",
                "thumb_80": "https:\/\/files.slack.com\/files-tmb\/T033D70RR6H-F08D0HCG2AY-344cee677a\/organic_matcha_upp-2_1_80.jpg?t=xoxe-3115238875221-9710624591398-9697214945543-aa82359f925d11baadb4ddc07b089467",
                "thumb_360": "https:\/\/files.slack.com\/files-tmb\/T033D70RR6H-F08D0HCG2AY-344cee677a\/organic_matcha_upp-2_1_360.jpg?t=xoxe-3115238875221-9710624591398-9697214945543-aa82359f925d11baadb4ddc07b089467",
                "thumb_360_w": 270,
                "thumb_360_h": 360,
                "thumb_480": "https:\/\/files.slack.com\/files-tmb\/T033D70RR6H-F08D0HCG2AY-344cee677a\/organic_matcha_upp-2_1_480.jpg?t=xoxe-3115238875221-9710624591398-9697214945543-aa82359f925d11baadb4ddc07b089467",
                "thumb_480_w": 360,
                "thumb_480_h": 480,
                "thumb_160": "https:\/\/files.slack.com\/files-tmb\/T033D70RR6H-F08D0HCG2AY-344cee677a\/organic_matcha_upp-2_1_160.jpg?t=xoxe-3115238875221-9710624591398-9697214945543-aa82359f925d11baadb4ddc07b089467",
                "thumb_720": "https:\/\/files.slack.com\/files-tmb\/T033D70RR6H-F08D0HCG2AY-344cee677a\/organic_matcha_upp-2_1_720.jpg?t=xoxe-3115238875221-9710624591398-9697214945543-aa82359f925d11baadb4ddc07b089467",
                "thumb_720_w": 540,
                "thumb_720_h": 720,
                "thumb_800": "https:\/\/files.slack.com\/files-tmb\/T033D70RR6H-F08D0HCG2AY-344cee677a\/organic_matcha_upp-2_1_800.jpg?t=xoxe-3115238875221-9710624591398-9697214945543-aa82359f925d11baadb4ddc07b089467",
                "thumb_800_w": 800,
                "thumb_800_h": 1066,
                "thumb_960": "https:\/\/files.slack.com\/files-tmb\/T033D70RR6H-F08D0HCG2AY-344cee677a\/organic_matcha_upp-2_1_960.jpg?t=xoxe-3115238875221-9710624591398-9697214945543-aa82359f925d11baadb4ddc07b089467",
                "thumb_960_w": 720,
                "thumb_960_h": 960,
                "thumb_1024": "https:\/\/files.slack.com\/files-tmb\/T033D70RR6H-F08D0HCG2AY-344cee677a\/organic_matcha_upp-2_1_1024.jpg?t=xoxe-3115238875221-9710624591398-9697214945543-aa82359f925d11baadb4ddc07b089467",
                "thumb_1024_w": 768,
                "thumb_1024_h": 1024,
                "original_w": 1108,
                "original_h": 1477,
                "thumb_tiny": "AwAwACSYmm5pTS4\/PtSAYTRmgk55pG+Xbz1NAC0UUlAx5HFDMWUZGSKfimYwPxoEAywyw5qFuX+nFSsSDgVEo5oAeOlFLS0DHEkGjNKwppBoAY7GkQZ5pSnPNOAoEOCE0bDTweKXNFgP\/9k=",
                "permalink": "https:\/\/grp-ssm9297.slack.com\/files\/U0331FWGQRM\/F08D0HCG2AY\/organic_matcha_upp-2_1.jpg",
                "permalink_public": "https:\/\/slack-files.com\/T033D70RR6H-F08D0HCG2AY-7d2e4f1937",
                "is_starred": false,
                "skipped_shares": true,
                "has_rich_preview": false,
                "file_access": "visible"
            }
        ],
        "upload": false,
        "user": "U066P20UQH1",
        "display_as_bot": false,
        "blocks": [
            {
                "type": "rich_text",
                "block_id": "SvvKj",
                "elements": [
                    {
                        "type": "rich_text_section",
                        "elements": [
                            {
                                "type": "usergroup",
                                "usergroup_id": "S073HEMKWV7"
                            },
                            {
                                "type": "text",
                                "text": "\n現在注文中の003-25と一緒に出荷できるか？と聞かれておりますが可能でしょうか。。？"
                            },
                            {
                                "type": "emoji",
                                "name": "sweat_drops",
                                "unicode": "1f4a6"
                            },
                            {
                                "type": "text",
                                "text": "\n\n1kg Vanilla Matcha\n鹿児島1A 92%\nバニラ 8%\n\n添付と同じ形態で納品して欲しいそうです。（014-24）\nラベルについては確認中です。\n\n"
                            },
                            {
                                "type": "user",
                                "user_id": "U0331FZTHEK"
                            },
                            {
                                "type": "text",
                                "text": "\n同梱できる場合は送料が変わるので、確定次第請求します。\n進捗共有します。"
                            },
                            {
                                "type": "emoji",
                                "name": "pray",
                                "unicode": "1f64f"
                            },
                            {
                                "type": "text",
                                "text": "\n\n"
                            },
                            {
                                "type": "user",
                                "user_id": "U0331FWGQRM"
                            },
                            {
                                "type": "text",
                                "text": "\n補足あればお願いします"
                            },
                            {
                                "type": "emoji",
                                "name": "woman-bowing",
                                "unicode": "1f647-200d-2640-fe0f"
                            }
                        ]
                    }
                ]
            }
        ],
        "type": "message",
        "ts": "1739357424.025269",
        "client_msg_id": "90f18a62-9c15-42eb-ba22-197db4b45fba",
        "thread_ts": "1739357046.315099",
        "parent_user_id": "U066P20UQH1",
        "reactions": [
            {
                "name": "ok_hand",
                "users": [
                    "U0331FWGQRM"
                ],
                "count": 1
            },
            {
                "name": "7e6ac2088523a821",
                "users": [
                    "U0331FZTHEK"
                ],
                "count": 1
            },
            {
                "name": "確認中",
                "users": [
                    "U041RJKV5JA"
                ],
                "count": 1
            }
        ]
    },
    {
        "user": "U066P20UQH1",
        "type": "message",
        "ts": "1739357934.970119",
        "client_msg_id": "181f3e22-43a4-408a-89f8-ba6881a7c5e5",
        "text": "<!subteam^S073HEMKWV7|@hirakawa-adachi-yamamoto-fuse> <@U0331FWGQRM>\nラベルについてはサンプル用のいつものラベルで問題ないそうです。\nラベル表記は\n製品名（Vanilla Matcha-2）とVanilla 8% Organic Matcha Upp2 92%という表記が入っていれば良いと思います。",
        "team": "T033D70RR6H",
        "user_team": "T033D70RR6H",
        "source_team": "T033D70RR6H",
        "user_profile": {
            "avatar_hash": "179323cb3551",
            "image_72": "https:\/\/avatars.slack-edge.com\/2024-04-12\/6955353714228_179323cb3551f7c8ecfe_72.png",
            "first_name": "Haruka",
            "real_name": "Haruka Hayashi",
            "display_name": "林遥香",
            "team": "T033D70RR6H",
            "name": "haru.nboc",
            "is_restricted": false,
            "is_ultra_restricted": false
        },
        "thread_ts": "1739357046.315099",
        "parent_user_id": "U066P20UQH1",
        "blocks": [
            {
                "type": "rich_text",
                "block_id": "vq5fQ",
                "elements": [
                    {
                        "type": "rich_text_section",
                        "elements": [
                            {
                                "type": "usergroup",
                                "usergroup_id": "S073HEMKWV7"
                            },
                            {
                                "type": "text",
                                "text": " "
                            },
                            {
                                "type": "user",
                                "user_id": "U0331FWGQRM"
                            },
                            {
                                "type": "text",
                                "text": "\nラベルについてはサンプル用のいつものラベルで問題ないそうです。\nラベル表記は\n製品名（Vanilla Matcha-2）とVanilla 8% Organic Matcha Upp2 92%という表記が入っていれば良いと思います。"
                            }
                        ]
                    }
                ]
            }
        ],
        "reactions": [
            {
                "name": "d130b000eb8d6784",
                "users": [
                    "U0331FWGQRM"
                ],
                "count": 1
            }
        ]
    },
    {
        "user": "U041RJKV5JA",
        "type": "message",
        "ts": "1739360565.905409",
        "client_msg_id": "a687f076-acd9-4848-938d-18026b4e5127",
        "text": "<@U0606SPN4BW> <@U066P20UQH1>\n <!subteam^S088LEJ1U5T|@kanayama-fukui-miyoshi-yokoi-takuwa-hara-imaoka-agou> <!subteam^S073HEMKWV7|@hirakawa-adachi-yamamoto-fuse>\n出荷予定日：2月13日（木）\nよろしくお願いいたします。",
        "team": "T033D70RR6H",
        "user_team": "T033D70RR6H",
        "source_team": "T033D70RR6H",
        "user_profile": {
            "avatar_hash": "aed9eafd9eee",
            "image_72": "https:\/\/avatars.slack-edge.com\/2022-09-11\/4078874890257_aed9eafd9eee277ba076_72.png",
            "first_name": "Hirakawa",
            "real_name": "Hirakawa",
            "display_name": "平川",
            "team": "T033D70RR6H",
            "name": "tousuien.s006",
            "is_restricted": false,
            "is_ultra_restricted": false
        },
        "thread_ts": "1738907894.357439",
        "parent_user_id": "U066P20UQH1",
        "blocks": [
            {
                "type": "rich_text",
                "block_id": "o\/bcz",
                "elements": [
                    {
                        "type": "rich_text_section",
                        "elements": [
                            {
                                "type": "user",
                                "user_id": "U0606SPN4BW"
                            },
                            {
                                "type": "text",
                                "text": " "
                            },
                            {
                                "type": "user",
                                "user_id": "U066P20UQH1"
                            },
                            {
                                "type": "text",
                                "text": "\n "
                            },
                            {
                                "type": "usergroup",
                                "usergroup_id": "S088LEJ1U5T"
                            },
                            {
                                "type": "text",
                                "text": " "
                            },
                            {
                                "type": "usergroup",
                                "usergroup_id": "S073HEMKWV7"
                            },
                            {
                                "type": "text",
                                "text": "\n出荷予定日：2月13日（木）\nよろしくお願いいたします。"
                            }
                        ]
                    }
                ]
            }
        ],
        "reactions": [
            {
                "name": "d130b000eb8d6784",
                "users": [
                    "U0606SPN4BW"
                ],
                "count": 1
            },
            {
                "name": "連絡完了",
                "users": [
                    "U0606SPN4BW"
                ],
                "count": 1
            }
        ]
    },
    {
        "user": "U0606SPN4BW",
        "type": "message",
        "ts": "1739374257.836889",
        "edited": {
            "user": "U0606SPN4BW",
            "ts": "1739376065.000000"
        },
        "client_msg_id": "eae08fb0-0ca5-44b4-b8f1-543ae00d0370",
        "text": "<!subteam^S073HEMKWV7|@hirakawa-adachi-yamamoto-fuse> cc <!subteam^S072Q871SF9|@oka-matsui-furukawa-hayashi-kimura-hasegawa-kawatani>\n:gb:イギリス Roberto Mottola様からサンプル注文を頂きました。\n*TSE-ROB-001-25*",
        "team": "T033D70RR6H",
        "user_team": "T033D70RR6H",
        "source_team": "T033D70RR6H",
        "user_profile": {
            "avatar_hash": "823d8545f678",
            "image_72": "https:\/\/avatars.slack-edge.com\/2024-04-12\/6946592133062_823d8545f678615a3e0a_72.jpg",
            "first_name": "SATOSHI",
            "real_name": "SATOSHI FURUKAWA",
            "display_name": "古川　敏",
            "team": "T033D70RR6H",
            "name": "jpfreebirds",
            "is_restricted": false,
            "is_ultra_restricted": false
        },
        "thread_ts": "1739374257.836889",
        "reply_count": 4,
        "reply_users_count": 3,
        "latest_reply": "1739867656.652009",
        "reply_users": [
            "U0606SPN4BW",
            "U0331FZTHEK",
            "U05KGS6HN9H"
        ],
        "replies": [
            {
                "user": "U0606SPN4BW",
                "ts": "1739374316.212649"
            },
            {
                "user": "U0331FZTHEK",
                "ts": "1739402243.504989"
            },
            {
                "user": "U05KGS6HN9H",
                "ts": "1739526811.988579"
            },
            {
                "user": "U05KGS6HN9H",
                "ts": "1739867656.652009"
            }
        ],
        "is_locked": false,
        "subscribed": true,
        "last_read": "1739867656.652009",
        "blocks": [
            {
                "type": "rich_text",
                "block_id": "9Wi4c",
                "elements": [
                    {
                        "type": "rich_text_section",
                        "elements": [
                            {
                                "type": "usergroup",
                                "usergroup_id": "S073HEMKWV7"
                            },
                            {
                                "type": "text",
                                "text": " cc "
                            },
                            {
                                "type": "usergroup",
                                "usergroup_id": "S072Q871SF9"
                            },
                            {
                                "type": "text",
                                "text": "\n"
                            },
                            {
                                "type": "emoji",
                                "name": "gb",
                                "unicode": "1f1ec-1f1e7"
                            },
                            {
                                "type": "text",
                                "text": "イギリス Roberto Mottola様からサンプル注文を頂きました。\n"
                            },
                            {
                                "type": "text",
                                "text": "TSE-ROB-001-25",
                                "style": {
                                    "bold": true
                                }
                            }
                        ]
                    }
                ]
            }
        ],
        "reactions": [
            {
                "name": "承知_致しました",
                "users": [
                    "U05KGS6HN9H",
                    "U041RJKV5JA"
                ],
                "count": 2
            },
            {
                "name": "済",
                "users": [
                    "U066P20UQH1"
                ],
                "count": 1
            }
        ]
    },
    {
        "user": "U0606SPN4BW",
        "type": "message",
        "ts": "1739374316.212649",
        "edited": {
            "user": "U0606SPN4BW",
            "ts": "1739376135.000000"
        },
        "client_msg_id": "8c199120-97e5-485c-a86e-882ca3a998ad",
        "text": "下記へ発送手続き、および発送日のお知らせをお願いします！\n\n\n<@U0331FZTHEK> 入金確認済 (PayPal), 回収処理をお願いします！\n\n\n\n▼サンプル内容 (計 6点)\n<各20g>\nOrganic Matcha Upper - 1 (鹿児島製茶 鹿児島 A)\nOrganic Matcha Upper - 2 (鹿児島製茶 鹿児島 1A)\nOrganic Matcha Middle - 1 (鹿児島製茶 鹿児島 B)\nNon Organic Matcha Upper - 1 (出雲精茶G)\nNon Organic Matcha Upper - 2 (出雲精茶R)\nNon Organic Matcha Middle - 1 (出雲精茶T)\n\n\n袋指定なし、\nエージレス無し、\n品名ラベル貼り\n価格表示：なし\n\n\n発送:DHL\n\n\n--------------------------------\nName: Roberto Mottola\nAddress: Flat B, 497 Fulham Road, SW61HH, London, United Kingdom\nPhone: <tel:+447453707303|+447453707303>\ne-mail: <mailto:robertoomottola@gmail.com|robertoomottola@gmail.com>\n--------------------------------",
        "team": "T033D70RR6H",
        "user_team": "T033D70RR6H",
        "source_team": "T033D70RR6H",
        "user_profile": {
            "avatar_hash": "823d8545f678",
            "image_72": "https:\/\/avatars.slack-edge.com\/2024-04-12\/6946592133062_823d8545f678615a3e0a_72.jpg",
            "first_name": "SATOSHI",
            "real_name": "SATOSHI FURUKAWA",
            "display_name": "古川　敏",
            "team": "T033D70RR6H",
            "name": "jpfreebirds",
            "is_restricted": false,
            "is_ultra_restricted": false
        },
        "thread_ts": "1739374257.836889",
        "parent_user_id": "U0606SPN4BW",
        "blocks": [
            {
                "type": "rich_text",
                "block_id": "SOj4n",
                "elements": [
                    {
                        "type": "rich_text_section",
                        "elements": [
                            {
                                "type": "text",
                                "text": "下記へ発送手続き、および発送日のお知らせをお願いします！\n\n\n"
                            },
                            {
                                "type": "user",
                                "user_id": "U0331FZTHEK"
                            },
                            {
                                "type": "text",
                                "text": " 入金確認済 (PayPal), 回収処理をお願いします！\n\n\n\n▼サンプル内容 (計 6点)\n<各20g>\nOrganic Matcha Upper - 1 (鹿児島製茶 鹿児島 A)\nOrganic Matcha Upper - 2 (鹿児島製茶 鹿児島 1A)\nOrganic Matcha Middle - 1 (鹿児島製茶 鹿児島 B)\nNon Organic Matcha Upper - 1 (出雲精茶G)\nNon Organic Matcha Upper - 2 (出雲精茶R)\nNon Organic Matcha Middle - 1 (出雲精茶T)\n\n\n袋指定なし、\nエージレス無し、\n品名ラベル貼り\n価格表示：なし\n\n\n発送:DHL\n\n\n--------------------------------\nName: Roberto Mottola\nAddress: Flat B, 497 Fulham Road, SW61HH, London, United Kingdom\nPhone: "
                            },
                            {
                                "type": "link",
                                "url": "tel:+447453707303",
                                "text": "+447453707303"
                            },
                            {
                                "type": "text",
                                "text": "\ne-mail: "
                            },
                            {
                                "type": "link",
                                "url": "mailto:robertoomottola@gmail.com",
                                "text": "robertoomottola@gmail.com"
                            },
                            {
                                "type": "text",
                                "text": "\n--------------------------------"
                            }
                        ]
                    }
                ]
            }
        ],
        "reactions": [
            {
                "name": "d130b000eb8d6784",
                "users": [
                    "U0331FZTHEK"
                ],
                "count": 1
            },
            {
                "name": "7e6ac2088523a821",
                "users": [
                    "U0331FZTHEK"
                ],
                "count": 1
            }
        ]
    },
    {
        "user": "U0606SPN4BW",
        "type": "message",
        "ts": "1739379298.204879",
        "client_msg_id": "502d80f6-34d3-4744-bc32-ab66a324d6b1",
        "text": "<!subteam^S073HEMKWV7|@hirakawa-adachi-yamamoto-fuse> cc <!subteam^S072Q871SF9|@oka-matsui-furukawa-hayashi-kimura-hasegawa-kawatani>\n:flag-au:オーストラリア YUN-Yunita Lee様からサンプル注文(予定)を頂きました。\n*TSE-YUN-SPL-001-25*  ",
        "team": "T033D70RR6H",
        "user_team": "T033D70RR6H",
        "source_team": "T033D70RR6H",
        "user_profile": {
            "avatar_hash": "823d8545f678",
            "image_72": "https:\/\/avatars.slack-edge.com\/2024-04-12\/6946592133062_823d8545f678615a3e0a_72.jpg",
            "first_name": "SATOSHI",
            "real_name": "SATOSHI FURUKAWA",
            "display_name": "古川　敏",
            "team": "T033D70RR6H",
            "name": "jpfreebirds",
            "is_restricted": false,
            "is_ultra_restricted": false
        },
        "thread_ts": "1739379298.204879",
        "reply_count": 7,
        "reply_users_count": 4,
        "latest_reply": "1739957545.021209",
        "reply_users": [
            "U0606SPN4BW",
            "U05KGS6HN9H",
            "U066P20UQH1",
            "U0331FZTHEK"
        ],
        "replies": [
            {
                "user": "U0606SPN4BW",
                "ts": "1739379351.506059"
            },
            {
                "user": "U05KGS6HN9H",
                "ts": "1739526917.819099"
            },
            {
                "user": "U05KGS6HN9H",
                "ts": "1739851456.505109"
            },
            {
                "user": "U066P20UQH1",
                "ts": "1739852951.621869"
            },
            {
                "user": "U0606SPN4BW",
                "ts": "1739880922.942729"
            },
            {
                "user": "U0331FZTHEK",
                "ts": "1739917912.056549"
            },
            {
                "user": "U05KGS6HN9H",
                "ts": "1739957545.021209"
            }
        ],
        "is_locked": false,
        "subscribed": true,
        "last_read": "1739957545.021209",
        "blocks": [
            {
                "type": "rich_text",
                "block_id": "WkaFW",
                "elements": [
                    {
                        "type": "rich_text_section",
                        "elements": [
                            {
                                "type": "usergroup",
                                "usergroup_id": "S073HEMKWV7"
                            },
                            {
                                "type": "text",
                                "text": " cc "
                            },
                            {
                                "type": "usergroup",
                                "usergroup_id": "S072Q871SF9"
                            },
                            {
                                "type": "text",
                                "text": "\n"
                            },
                            {
                                "type": "emoji",
                                "name": "flag-au",
                                "unicode": "1f1e6-1f1fa"
                            },
                            {
                                "type": "text",
                                "text": "オーストラリア YUN-Yunita Lee様からサンプル注文(予定)を頂きました。\n"
                            },
                            {
                                "type": "text",
                                "text": "TSE-YUN-SPL-001-25  ",
                                "style": {
                                    "bold": true
                                }
                            }
                        ]
                    }
                ]
            }
        ],
        "reactions": [
            {
                "name": "承知_致しました",
                "users": [
                    "U05KGS6HN9H",
                    "U041RJKV5JA"
                ],
                "count": 2
            },
            {
                "name": "済",
                "users": [
                    "U066P20UQH1"
                ],
                "count": 1
            }
        ]
    },
    {
        "user": "U0606SPN4BW",
        "type": "message",
        "ts": "1739379351.506059",
        "client_msg_id": "79e92e97-b9e7-4cb0-813e-6d2a76bb6d2a",
        "text": "入金前ですが、それ以外の準備をお願いします！\n\n\n<@U0331FZTHEK> 未入金 (PayPal), 入金確認後に回収処理をお願いします！\n\n\n▼サンプル内容 (計 4点)\n&lt;各20g&gt;\nNon-organic Matcha Upper grade-1 (出雲精茶G)\nNon-organic Matcha Upper grade-2 (出雲精茶R)\nNon-organic Matcha Middle grade-1 (出雲精茶T)\nNon-organic Matcha Middle grade-2 (出雲精茶N)\n\n\n袋指定なし、\nエージレス無し、\n品名ラベル貼り\n価格表示：なし\n\n\n発送: DHL\n\n\n--------------------------------\nBrand name: Victory Wellness\nName: Yunita Lee\nAddress: 128 Ashley Street, Chatswood, NSW, 2067, Australia\nPhone: <tel:+61437556777|+61437 556 777>\nEmail: <mailto:wwjd.unita@gmail.com|wwjd.unita@gmail.com>\n--------------------------------",
        "team": "T033D70RR6H",
        "user_team": "T033D70RR6H",
        "source_team": "T033D70RR6H",
        "user_profile": {
            "avatar_hash": "823d8545f678",
            "image_72": "https:\/\/avatars.slack-edge.com\/2024-04-12\/6946592133062_823d8545f678615a3e0a_72.jpg",
            "first_name": "SATOSHI",
            "real_name": "SATOSHI FURUKAWA",
            "display_name": "古川　敏",
            "team": "T033D70RR6H",
            "name": "jpfreebirds",
            "is_restricted": false,
            "is_ultra_restricted": false
        },
        "thread_ts": "1739379298.204879",
        "parent_user_id": "U0606SPN4BW",
        "blocks": [
            {
                "type": "rich_text",
                "block_id": "vfaY1",
                "elements": [
                    {
                        "type": "rich_text_section",
                        "elements": [
                            {
                                "type": "text",
                                "text": "入金前ですが、それ以外の準備をお願いします！\n\n\n"
                            },
                            {
                                "type": "user",
                                "user_id": "U0331FZTHEK"
                            },
                            {
                                "type": "text",
                                "text": " 未入金 (PayPal), 入金確認後に回収処理をお願いします！\n\n\n▼サンプル内容 (計 4点)\n<各20g>\nNon-organic Matcha Upper grade-1 (出雲精茶G)\nNon-organic Matcha Upper grade-2 (出雲精茶R)\nNon-organic Matcha Middle grade-1 (出雲精茶T)\nNon-organic Matcha Middle grade-2 (出雲精茶N)\n\n\n袋指定なし、\nエージレス無し、\n品名ラベル貼り\n価格表示：なし\n\n\n発送: DHL\n\n\n--------------------------------\nBrand name: Victory Wellness\nName: Yunita Lee\nAddress: 128 Ashley Street, Chatswood, NSW, 2067, Australia\nPhone: "
                            },
                            {
                                "type": "link",
                                "url": "tel:+61437556777",
                                "text": "+61437 556 777"
                            },
                            {
                                "type": "text",
                                "text": "\nEmail: "
                            },
                            {
                                "type": "link",
                                "url": "mailto:wwjd.unita@gmail.com",
                                "text": "wwjd.unita@gmail.com"
                            },
                            {
                                "type": "text",
                                "text": "\n--------------------------------"
                            }
                        ]
                    }
                ]
            }
        ],
        "reactions": [
            {
                "name": "7e6ac2088523a821",
                "users": [
                    "U0331FZTHEK"
                ],
                "count": 1
            }
        ]
    },
    {
        "user": "U0331FWGQRM",
        "type": "message",
        "ts": "1739381127.728829",
        "client_msg_id": "df09e662-9338-42c8-821f-f446d258114b",
        "text": "<!subteam^S073HEMKWV7|@hirakawa-adachi-yamamoto-fuse> <@U0331FZTHEK>\n入金確認後発送願います。",
        "team": "T033D70RR6H",
        "user_team": "T033D70RR6H",
        "source_team": "T033D70RR6H",
        "user_profile": {
            "avatar_hash": "gf9d05f2cae1",
            "image_72": "https:\/\/secure.gravatar.com\/avatar\/f9d05f2cae161f657bb1248fc85b5235.jpg?s=72&d=https%3A%2F%2Fa.slack-edge.com%2Fdf10d%2Fimg%2Favatars%2Fava_0008-72.png",
            "first_name": "matsui",
            "real_name": "matsui",
            "display_name": "松井",
            "team": "T033D70RR6H",
            "name": "tousuien.matsui",
            "is_restricted": false,
            "is_ultra_restricted": false
        },
        "thread_ts": "1739023999.140709",
        "parent_user_id": "USLACKBOT",
        "blocks": [
            {
                "type": "rich_text",
                "block_id": "H54al",
                "elements": [
                    {
                        "type": "rich_text_section",
                        "elements": [
                            {
                                "type": "usergroup",
                                "usergroup_id": "S073HEMKWV7"
                            },
                            {
                                "type": "text",
                                "text": " "
                            },
                            {
                                "type": "user",
                                "user_id": "U0331FZTHEK"
                            },
                            {
                                "type": "text",
                                "text": "\n入金確認後発送願います。"
                            }
                        ]
                    }
                ]
            }
        ]
    },
    {
        "user": "U0331FZTHEK",
        "type": "message",
        "ts": "1739402243.504989",
        "client_msg_id": "9a45b89b-b7d2-4b2d-9d91-b31f0a8b45c7",
        "text": "<@U0606SPN4BW>\n <!subteam^S073HEMKWV7|@hirakawa-adachi-yamamoto-fuse>\nご入金を確認致しました。\n・2\/13 [PayPal]\n・30 USD\n回収（入金）処理致します。\nよろしくお願いします。",
        "team": "T033D70RR6H",
        "user_team": "T033D70RR6H",
        "source_team": "T033D70RR6H",
        "user_profile": {
            "avatar_hash": "21cdbd6a05f9",
            "image_72": "https:\/\/avatars.slack-edge.com\/2022-02-16\/3115258488741_21cdbd6a05f9a69110f7_72.png",
            "first_name": "Mitsunobu",
            "real_name": "Mitsunobu Katayose",
            "display_name": "片寄",
            "team": "T033D70RR6H",
            "name": "tousuien03",
            "is_restricted": false,
            "is_ultra_restricted": false
        },
        "thread_ts": "1739374257.836889",
        "parent_user_id": "U0606SPN4BW",
        "blocks": [
            {
                "type": "rich_text",
                "block_id": "XWcBa",
                "elements": [
                    {
                        "type": "rich_text_section",
                        "elements": [
                            {
                                "type": "user",
                                "user_id": "U0606SPN4BW"
                            },
                            {
                                "type": "text",
                                "text": "\n "
                            },
                            {
                                "type": "usergroup",
                                "usergroup_id": "S073HEMKWV7"
                            },
                            {
                                "type": "text",
                                "text": "\nご入金を確認致しました。\n・2\/13 [PayPal]\n・30 USD\n回収（入金）処理致します。\nよろしくお願いします。"
                            }
                        ]
                    }
                ]
            }
        ],
        "reactions": [
            {
                "name": "d130b000eb8d6784",
                "users": [
                    "U0606SPN4BW"
                ],
                "count": 1
            },
            {
                "name": "入金完了",
                "users": [
                    "U0331FZTHEK"
                ],
                "count": 1
            }
        ]
    },
    {
        "user": "U041RJKV5JA",
        "type": "message",
        "ts": "1739410933.114019",
        "client_msg_id": "80507766-1696-4304-9009-573672e7bfac",
        "text": "<@U066P20UQH1> <@U0331FWGQRM>\n <!subteam^S088LEJ1U5T|@kanayama-fukui-miyoshi-yokoi-takuwa-hara-imaoka-agou> <!subteam^S073HEMKWV7|@hirakawa-adachi-yamamoto-fuse>\n同梱発送いたします。\n原産地証明書、衛生証明書の取り直しとなります為、\n可能であれば本日中にインボイス、パッキングリストの修正をお願いいたします。",
        "team": "T033D70RR6H",
        "user_team": "T033D70RR6H",
        "source_team": "T033D70RR6H",
        "user_profile": {
            "avatar_hash": "aed9eafd9eee",
            "image_72": "https:\/\/avatars.slack-edge.com\/2022-09-11\/4078874890257_aed9eafd9eee277ba076_72.png",
            "first_name": "Hirakawa",
            "real_name": "Hirakawa",
            "display_name": "平川",
            "team": "T033D70RR6H",
            "name": "tousuien.s006",
            "is_restricted": false,
            "is_ultra_restricted": false
        },
        "thread_ts": "1739357046.315099",
        "parent_user_id": "U066P20UQH1",
        "blocks": [
            {
                "type": "rich_text",
                "block_id": "RAkpY",
                "elements": [
                    {
                        "type": "rich_text_section",
                        "elements": [
                            {
                                "type": "user",
                                "user_id": "U066P20UQH1"
                            },
                            {
                                "type": "text",
                                "text": " "
                            },
                            {
                                "type": "user",
                                "user_id": "U0331FWGQRM"
                            },
                            {
                                "type": "text",
                                "text": "\n "
                            },
                            {
                                "type": "usergroup",
                                "usergroup_id": "S088LEJ1U5T"
                            },
                            {
                                "type": "text",
                                "text": " "
                            },
                            {
                                "type": "usergroup",
                                "usergroup_id": "S073HEMKWV7"
                            },
                            {
                                "type": "text",
                                "text": "\n同梱発送いたします。\n原産地証明書、衛生証明書の取り直しとなります為、\n可能であれば本日中にインボイス、パッキングリストの修正をお願いいたします。"
                            }
                        ]
                    }
                ]
            }
        ]
    },
    {
        "user": "U066P20UQH1",
        "type": "message",
        "ts": "1739421702.664689",
        "client_msg_id": "5b925559-cc2a-4078-859c-e1da85f44585",
        "text": "<@U041RJKV5JA> <@U0331FWGQRM> <!subteam^S088LEJ1U5T|@kanayama-fukui-miyoshi-yokoi-takuwa-hara-imaoka-agou> <!subteam^S073HEMKWV7|@hirakawa-adachi-yamamoto-fuse>\nインボイス修正しました。TSE-MOM-003-25_invoice_2というエクセルです。\n古いものは没に入れてます。\n\n<@U0331FZTHEK>\n修正後の請求用インボイスの通り、追加の商品と送料の差額（USD 145.95）の請求をします。入金がありましたら回収処理をお願いいたします。",
        "team": "T033D70RR6H",
        "user_team": "T033D70RR6H",
        "source_team": "T033D70RR6H",
        "user_profile": {
            "avatar_hash": "179323cb3551",
            "image_72": "https:\/\/avatars.slack-edge.com\/2024-04-12\/6955353714228_179323cb3551f7c8ecfe_72.png",
            "first_name": "Haruka",
            "real_name": "Haruka Hayashi",
            "display_name": "林遥香",
            "team": "T033D70RR6H",
            "name": "haru.nboc",
            "is_restricted": false,
            "is_ultra_restricted": false
        },
        "thread_ts": "1739357046.315099",
        "parent_user_id": "U066P20UQH1",
        "blocks": [
            {
                "type": "rich_text",
                "block_id": "LSsb6",
                "elements": [
                    {
                        "type": "rich_text_section",
                        "elements": [
                            {
                                "type": "user",
                                "user_id": "U041RJKV5JA"
                            },
                            {
                                "type": "text",
                                "text": " "
                            },
                            {
                                "type": "user",
                                "user_id": "U0331FWGQRM"
                            },
                            {
                                "type": "text",
                                "text": " "
                            },
                            {
                                "type": "usergroup",
                                "usergroup_id": "S088LEJ1U5T"
                            },
                            {
                                "type": "text",
                                "text": " "
                            },
                            {
                                "type": "usergroup",
                                "usergroup_id": "S073HEMKWV7"
                            },
                            {
                                "type": "text",
                                "text": "\nインボイス修正しました。TSE-MOM-003-25_invoice_2というエクセルです。\n古いものは没に入れてます。\n\n"
                            },
                            {
                                "type": "user",
                                "user_id": "U0331FZTHEK"
                            },
                            {
                                "type": "text",
                                "text": "\n修正後の請求用インボイスの通り、追加の商品と送料の差額（USD 145.95）の請求をします。入金がありましたら回収処理をお願いいたします。"
                            }
                        ]
                    }
                ]
            }
        ],
        "reactions": [
            {
                "name": "承知_致しました",
                "users": [
                    "U0331FZTHEK",
                    "U041RJKV5JA"
                ],
                "count": 2
            },
            {
                "name": "d130b000eb8d6784",
                "users": [
                    "U0331FWGQRM"
                ],
                "count": 1
            }
        ]
    },
    {
        "user": "U041RJKV5JA",
        "type": "message",
        "ts": "1739429620.496339",
        "client_msg_id": "b149a067-870b-4a31-b9d4-8bda6d50d3d5",
        "text": "<@U066P20UQH1> <@U0606SPN4BW>\n <!subteam^S073HEMKWV7|@hirakawa-adachi-yamamoto-fuse>\n本日、DHLにて出荷しました。\nAWB NO. 8229051563\nよろしくお願いいたします。",
        "team": "T033D70RR6H",
        "user_team": "T033D70RR6H",
        "source_team": "T033D70RR6H",
        "user_profile": {
            "avatar_hash": "aed9eafd9eee",
            "image_72": "https:\/\/avatars.slack-edge.com\/2022-09-11\/4078874890257_aed9eafd9eee277ba076_72.png",
            "first_name": "Hirakawa",
            "real_name": "Hirakawa",
            "display_name": "平川",
            "team": "T033D70RR6H",
            "name": "tousuien.s006",
            "is_restricted": false,
            "is_ultra_restricted": false
        },
        "thread_ts": "1738907894.357439",
        "parent_user_id": "U066P20UQH1",
        "blocks": [
            {
                "type": "rich_text",
                "block_id": "ZTAWe",
                "elements": [
                    {
                        "type": "rich_text_section",
                        "elements": [
                            {
                                "type": "user",
                                "user_id": "U066P20UQH1"
                            },
                            {
                                "type": "text",
                                "text": " "
                            },
                            {
                                "type": "user",
                                "user_id": "U0606SPN4BW"
                            },
                            {
                                "type": "text",
                                "text": "\n "
                            },
                            {
                                "type": "usergroup",
                                "usergroup_id": "S073HEMKWV7"
                            },
                            {
                                "type": "text",
                                "text": "\n本日、DHLにて出荷しました。\nAWB NO. 8229051563\nよろしくお願いいたします。"
                            }
                        ]
                    }
                ]
            }
        ],
        "reactions": [
            {
                "name": "ありかとう",
                "users": [
                    "U066P20UQH1"
                ],
                "count": 1
            },
            {
                "name": "連絡完了",
                "users": [
                    "U066P20UQH1"
                ],
                "count": 1
            }
        ]
    }
]