[
    {
        "user": "U08L89G6JSG",
        "type": "message",
        "ts": "1758016267.691279",
        "client_msg_id": "bd9f452f-df8a-498e-8ab7-55cf91672878",
        "text": "<@U08RVRNBY00>\n<!subteam^S073HEMKWV7|@hirakawa-adachi-yamamoto-fuse> <!subteam^S088LEJ1U5T|@kanayama-fukui-miyoshi-yokoi-takuwa-hara-imaoka-agou>\nご連絡遅くなりすみません、、\n出荷予定日 10\/3(金)\nよろしくお願いします。",
        "team": "T033D70RR6H",
        "user_team": "T033D70RR6H",
        "source_team": "T033D70RR6H",
        "user_profile": {
            "avatar_hash": "fed0a878533f",
            "image_72": "https:\/\/avatars.slack-edge.com\/2025-03-31\/8678953673334_fed0a878533f1e7c9560_72.png",
            "first_name": "yokoi",
            "real_name": "yokoi",
            "display_name": "横井",
            "team": "T033D70RR6H",
            "name": "tousuien.yokoi",
            "is_restricted": false,
            "is_ultra_restricted": false
        },
        "thread_ts": "1755574385.030279",
        "parent_user_id": "U08RVRNBY00",
        "blocks": [
            {
                "type": "rich_text",
                "block_id": "+WpWM",
                "elements": [
                    {
                        "type": "rich_text_section",
                        "elements": [
                            {
                                "type": "user",
                                "user_id": "U08RVRNBY00"
                            },
                            {
                                "type": "text",
                                "text": "\n"
                            },
                            {
                                "type": "usergroup",
                                "usergroup_id": "S073HEMKWV7"
                            },
                            {
                                "type": "text",
                                "text": " "
                            },
                            {
                                "type": "usergroup",
                                "usergroup_id": "S088LEJ1U5T"
                            },
                            {
                                "type": "text",
                                "text": "\nご連絡遅くなりすみません、、\n出荷予定日 10\/3(金)\nよろしくお願いします。"
                            }
                        ]
                    }
                ]
            }
        ],
        "reactions": [
            {
                "name": "d130b000eb8d6784",
                "users": [
                    "U08RVRNBY00"
                ],
                "count": 1
            },
            {
                "name": "woman-bowing",
                "users": [
                    "U08RVRNBY00"
                ],
                "count": 1
            },
            {
                "name": "7e6ac2088523a821",
                "users": [
                    "U08NVD403GV"
                ],
                "count": 1
            }
        ]
    },
    {
        "user": "U08L89G6JSG",
        "type": "message",
        "ts": "1758016670.899969",
        "client_msg_id": "0cab8823-52ba-4618-a0bd-bb7ca9ae59ca",
        "text": "<@U08RVRNBY00>\n<!subteam^S073HEMKWV7|@hirakawa-adachi-yamamoto-fuse> <!subteam^S088LEJ1U5T|@kanayama-fukui-miyoshi-yokoi-takuwa-hara-imaoka-agou>\n出荷予定　9\/19(金)\nよろしくお願いいたします。",
        "team": "T033D70RR6H",
        "user_team": "T033D70RR6H",
        "source_team": "T033D70RR6H",
        "user_profile": {
            "avatar_hash": "fed0a878533f",
            "image_72": "https:\/\/avatars.slack-edge.com\/2025-03-31\/8678953673334_fed0a878533f1e7c9560_72.png",
            "first_name": "yokoi",
            "real_name": "yokoi",
            "display_name": "横井",
            "team": "T033D70RR6H",
            "name": "tousuien.yokoi",
            "is_restricted": false,
            "is_ultra_restricted": false
        },
        "thread_ts": "1756878901.529809",
        "parent_user_id": "U08RVRNBY00",
        "blocks": [
            {
                "type": "rich_text",
                "block_id": "SbV7+",
                "elements": [
                    {
                        "type": "rich_text_section",
                        "elements": [
                            {
                                "type": "user",
                                "user_id": "U08RVRNBY00"
                            },
                            {
                                "type": "text",
                                "text": "\n"
                            },
                            {
                                "type": "usergroup",
                                "usergroup_id": "S073HEMKWV7"
                            },
                            {
                                "type": "text",
                                "text": " "
                            },
                            {
                                "type": "usergroup",
                                "usergroup_id": "S088LEJ1U5T"
                            },
                            {
                                "type": "text",
                                "text": "\n出荷予定　9\/19(金)\nよろしくお願いいたします。"
                            }
                        ]
                    }
                ]
            }
        ],
        "reactions": [
            {
                "name": "7e6ac2088523a821",
                "users": [
                    "U08NVD403GV"
                ],
                "count": 1
            }
        ]
    },
    {
        "user": "U041RJKV5JA",
        "type": "message",
        "ts": "1758068364.353919",
        "client_msg_id": "b74872e3-87e6-47c0-923d-2ad93e91b1af",
        "text": "<@U08RVRNBY00>\nPacking ListのGress Weightを修正しましたので、ご連絡いたします。\n・0.12kg→0.2kg\nよろしくお願いいたします。",
        "team": "T033D70RR6H",
        "user_team": "T033D70RR6H",
        "source_team": "T033D70RR6H",
        "user_profile": {
            "avatar_hash": "aed9eafd9eee",
            "image_72": "https:\/\/avatars.slack-edge.com\/2022-09-11\/4078874890257_aed9eafd9eee277ba076_72.png",
            "first_name": "Hirakawa",
            "real_name": "Hirakawa",
            "display_name": "平川",
            "team": "T033D70RR6H",
            "name": "tousuien.s006",
            "is_restricted": false,
            "is_ultra_restricted": false
        },
        "thread_ts": "1755574385.030279",
        "parent_user_id": "U08RVRNBY00",
        "blocks": [
            {
                "type": "rich_text",
                "block_id": "TkeYo",
                "elements": [
                    {
                        "type": "rich_text_section",
                        "elements": [
                            {
                                "type": "user",
                                "user_id": "U08RVRNBY00"
                            },
                            {
                                "type": "text",
                                "text": "\nPacking ListのGress Weightを修正しましたので、ご連絡いたします。\n・0.12kg→0.2kg\nよろしくお願いいたします。"
                            }
                        ]
                    }
                ]
            }
        ],
        "reactions": [
            {
                "name": "d130b000eb8d6784",
                "users": [
                    "U08RVRNBY00"
                ],
                "count": 1
            },
            {
                "name": "woman-bowing",
                "users": [
                    "U08RVRNBY00"
                ],
                "count": 1
            },
            {
                "name": "連絡完了",
                "users": [
                    "U08RVRNBY00"
                ],
                "count": 1
            }
        ]
    },
    {
        "user": "U066P20UQH1",
        "type": "message",
        "ts": "1758072945.887859",
        "client_msg_id": "12db71b1-940f-4c94-95dc-6e049cc4c99f",
        "text": "<!subteam^S073HEMKWV7|@hirakawa-adachi-yamamoto-fuse> <!subteam^S088LEJ1U5T|@kanayama-fukui-miyoshi-yokoi-takuwa-hara-imaoka-agou>\n*TSE-NCC-SPL-002-25*\n:flag-sg:シンガポール：NCC-Nicholas(Calligraph Coffee)(whatsapp)様からサンプル注文をいただきました。",
        "team": "T033D70RR6H",
        "user_team": "T033D70RR6H",
        "source_team": "T033D70RR6H",
        "user_profile": {
            "avatar_hash": "179323cb3551",
            "image_72": "https:\/\/avatars.slack-edge.com\/2024-04-12\/6955353714228_179323cb3551f7c8ecfe_72.png",
            "first_name": "Haruka",
            "real_name": "Haruka Hayashi",
            "display_name": "林遥香",
            "team": "T033D70RR6H",
            "name": "haru.nboc",
            "is_restricted": false,
            "is_ultra_restricted": false
        },
        "thread_ts": "1758072945.887859",
        "reply_count": 3,
        "reply_users_count": 3,
        "latest_reply": "1758181565.084569",
        "reply_users": [
            "U066P20UQH1",
            "U08L89G6JSG",
            "U08NVD403GV"
        ],
        "replies": [
            {
                "user": "U066P20UQH1",
                "ts": "1758073143.264509"
            },
            {
                "user": "U08L89G6JSG",
                "ts": "1758095290.590739"
            },
            {
                "user": "U08NVD403GV",
                "ts": "1758181565.084569"
            }
        ],
        "is_locked": false,
        "subscribed": false,
        "blocks": [
            {
                "type": "rich_text",
                "block_id": "tjW0N",
                "elements": [
                    {
                        "type": "rich_text_section",
                        "elements": [
                            {
                                "type": "usergroup",
                                "usergroup_id": "S073HEMKWV7"
                            },
                            {
                                "type": "text",
                                "text": " "
                            },
                            {
                                "type": "usergroup",
                                "usergroup_id": "S088LEJ1U5T"
                            },
                            {
                                "type": "text",
                                "text": "\n"
                            },
                            {
                                "type": "text",
                                "text": "TSE-NCC-SPL-002-25",
                                "style": {
                                    "bold": true
                                }
                            },
                            {
                                "type": "text",
                                "text": "\n"
                            },
                            {
                                "type": "emoji",
                                "name": "flag-sg",
                                "unicode": "1f1f8-1f1ec"
                            },
                            {
                                "type": "text",
                                "text": "シンガポール：NCC-Nicholas(Calligraph Coffee)(whatsapp)様からサンプル注文をいただきました。"
                            }
                        ]
                    }
                ]
            }
        ]
    },
    {
        "user": "U066P20UQH1",
        "type": "message",
        "ts": "1758073143.264509",
        "client_msg_id": "1f9255e2-e69f-4524-afba-55223c119178",
        "text": "▼注文内容（計3種）\n```Yame Matcha grade A sample（もくれんグレード）\nYame Matcha grade B sample（やまぶきグレード）\nYame Matcha grade C sample（こでまりグレード）```\n*早めにグレード決めて注文したいと言うことなので急ぎ対応お願いします。*\n*今日明日で出荷していただけると助かります*\n\n前回送ったサンプルは返送してもらう予定です（シンガポールに送った分と、来社時に手渡しした分全て）\n<@U05KGS6HN9H>\n返送対応について後で確認させてください:sweat_drops:\n\n*手渡ししたサンプルとシンガポールに送ったサンプルのグレードがずれている可能性があるので、今回お送りする分も一応何を送ったかわかるようにしていただければと思います。*\n\n<!subteam^S08NN8M4LAZ|@katayose-kamiya>\n無償対応です。:woman-bowing:",
        "team": "T033D70RR6H",
        "user_team": "T033D70RR6H",
        "source_team": "T033D70RR6H",
        "user_profile": {
            "avatar_hash": "179323cb3551",
            "image_72": "https:\/\/avatars.slack-edge.com\/2024-04-12\/6955353714228_179323cb3551f7c8ecfe_72.png",
            "first_name": "Haruka",
            "real_name": "Haruka Hayashi",
            "display_name": "林遥香",
            "team": "T033D70RR6H",
            "name": "haru.nboc",
            "is_restricted": false,
            "is_ultra_restricted": false
        },
        "thread_ts": "1758072945.887859",
        "parent_user_id": "U066P20UQH1",
        "blocks": [
            {
                "type": "rich_text",
                "block_id": "f8Nqc",
                "elements": [
                    {
                        "type": "rich_text_section",
                        "elements": [
                            {
                                "type": "text",
                                "text": "▼注文内容（計3種）\n"
                            }
                        ]
                    },
                    {
                        "type": "rich_text_preformatted",
                        "elements": [
                            {
                                "type": "text",
                                "text": "Yame Matcha grade A sample（もくれんグレード）\nYame Matcha grade B sample（やまぶきグレード）\nYame Matcha grade C sample（こでまりグレード）"
                            }
                        ],
                        "border": 0
                    },
                    {
                        "type": "rich_text_section",
                        "elements": [
                            {
                                "type": "text",
                                "text": "\n"
                            },
                            {
                                "type": "text",
                                "text": "早めにグレード決めて注文したいと言うことなので急ぎ対応お願いします。",
                                "style": {
                                    "bold": true
                                }
                            },
                            {
                                "type": "text",
                                "text": "\n"
                            },
                            {
                                "type": "text",
                                "text": "今日明日で出荷していただけると助かります",
                                "style": {
                                    "bold": true
                                }
                            },
                            {
                                "type": "text",
                                "text": "\n\n前回送ったサンプルは返送してもらう予定です（シンガポールに送った分と、来社時に手渡しした分全て）\n"
                            },
                            {
                                "type": "user",
                                "user_id": "U05KGS6HN9H"
                            },
                            {
                                "type": "text",
                                "text": "\n返送対応について後で確認させてください"
                            },
                            {
                                "type": "emoji",
                                "name": "sweat_drops",
                                "unicode": "1f4a6"
                            },
                            {
                                "type": "text",
                                "text": "\n\n"
                            },
                            {
                                "type": "text",
                                "text": "手渡ししたサンプルとシンガポールに送ったサンプルのグレードがずれている可能性があるので、今回お送りする分も一応何を送ったかわかるようにしていただければと思います。",
                                "style": {
                                    "bold": true
                                }
                            },
                            {
                                "type": "text",
                                "text": "\n\n"
                            },
                            {
                                "type": "usergroup",
                                "usergroup_id": "S08NN8M4LAZ"
                            },
                            {
                                "type": "text",
                                "text": "\n無償対応です。"
                            },
                            {
                                "type": "emoji",
                                "name": "woman-bowing",
                                "unicode": "1f647-200d-2640-fe0f"
                            }
                        ]
                    }
                ]
            }
        ],
        "reactions": [
            {
                "name": "承知_致しました",
                "users": [
                    "U0331FZTHEK"
                ],
                "count": 1
            }
        ]
    },
    {
        "user": "U066P20UQH1",
        "type": "message",
        "ts": "1758083198.567419",
        "client_msg_id": "16ae532e-9014-4caf-9478-652dce1db3dc",
        "text": "<!subteam^S073HEMKWV7|@hirakawa-adachi-yamamoto-fuse> <!subteam^S088LEJ1U5T|@kanayama-fukui-miyoshi-yokoi-takuwa-hara-imaoka-agou> <@U0331FZS7JT>\n来社時に手渡ししたサンプルと、002-25-2で送ったサンプルを返送していただきました。\n以下TrackingURLを共有いただいておりますので、お受け取りと内容の確認をお願いいたします。\nなお、今回は来社時にお世話になった、これからも長い付き合いをしたいと言う思いで返送の費用は先方が持ってくださるとのことでした。\n<https:\/\/www.singpost.com\/track-items?trackingid=PX903954981SG>",
        "team": "T033D70RR6H",
        "user_team": "T033D70RR6H",
        "source_team": "T033D70RR6H",
        "user_profile": {
            "avatar_hash": "179323cb3551",
            "image_72": "https:\/\/avatars.slack-edge.com\/2024-04-12\/6955353714228_179323cb3551f7c8ecfe_72.png",
            "first_name": "Haruka",
            "real_name": "Haruka Hayashi",
            "display_name": "林遥香",
            "team": "T033D70RR6H",
            "name": "haru.nboc",
            "is_restricted": false,
            "is_ultra_restricted": false
        },
        "thread_ts": "1753413609.114749",
        "parent_user_id": "U066P20UQH1",
        "blocks": [
            {
                "type": "rich_text",
                "block_id": "FPjeV",
                "elements": [
                    {
                        "type": "rich_text_section",
                        "elements": [
                            {
                                "type": "usergroup",
                                "usergroup_id": "S073HEMKWV7"
                            },
                            {
                                "type": "text",
                                "text": " "
                            },
                            {
                                "type": "usergroup",
                                "usergroup_id": "S088LEJ1U5T"
                            },
                            {
                                "type": "text",
                                "text": " "
                            },
                            {
                                "type": "user",
                                "user_id": "U0331FZS7JT"
                            },
                            {
                                "type": "text",
                                "text": "\n来社時に手渡ししたサンプルと、002-25-2で送ったサンプルを返送していただきました。\n以下TrackingURLを共有いただいておりますので、お受け取りと内容の確認をお願いいたします。\nなお、今回は来社時にお世話になった、これからも長い付き合いをしたいと言う思いで返送の費用は先方が持ってくださるとのことでした。\n"
                            },
                            {
                                "type": "link",
                                "url": "https:\/\/www.singpost.com\/track-items?trackingid=PX903954981SG"
                            }
                        ]
                    }
                ]
            }
        ],
        "reactions": [
            {
                "name": "7e6ac2088523a821",
                "users": [
                    "U041RJKV5JA",
                    "U08L89G6JSG",
                    "U033G4KN4TD"
                ],
                "count": 3
            },
            {
                "name": "woman-bowing",
                "users": [
                    "U08L89G6JSG"
                ],
                "count": 1
            }
        ]
    }
]