[
    {
        "user": "U08NVD403GV",
        "type": "message",
        "ts": "1747374860.041119",
        "client_msg_id": "5e8e5a4c-5e4e-46d7-98d1-a3112347e5f3",
        "text": "<@U08N3SKSL75>\n <!subteam^S073HEMKWV7|@hirakawa-adachi-yamamoto-fuse>\n本日DHLにて出荷しました。\nAWB No.7007101253\nよろしくお願いいたします。",
        "team": "T033D70RR6H",
        "user_team": "T033D70RR6H",
        "source_team": "T033D70RR6H",
        "user_profile": {
            "avatar_hash": "g631762386a6",
            "image_72": "https:\/\/secure.gravatar.com\/avatar\/631762386a6de814719795fffc991b1e.jpg?s=72&d=https%3A%2F%2Fa.slack-edge.com%2Fdf10d%2Fimg%2Favatars%2Fava_0009-72.png",
            "first_name": "Yamamoto",
            "real_name": "Yamamoto",
            "display_name": "山本",
            "team": "T033D70RR6H",
            "name": "tousuien.yamamoto",
            "is_restricted": false,
            "is_ultra_restricted": false
        },
        "thread_ts": "1745820248.031539",
        "parent_user_id": "U08N3SKSL75",
        "blocks": [
            {
                "type": "rich_text",
                "block_id": "oNrpZ",
                "elements": [
                    {
                        "type": "rich_text_section",
                        "elements": [
                            {
                                "type": "user",
                                "user_id": "U08N3SKSL75"
                            },
                            {
                                "type": "text",
                                "text": "\n "
                            },
                            {
                                "type": "usergroup",
                                "usergroup_id": "S073HEMKWV7"
                            },
                            {
                                "type": "text",
                                "text": "\n本日DHLにて出荷しました。\nAWB No.7007101253\nよろしくお願いいたします。"
                            }
                        ]
                    }
                ]
            }
        ],
        "reactions": [
            {
                "name": "d130b000eb8d6784",
                "users": [
                    "U08N3SKSL75"
                ],
                "count": 1
            }
        ]
    }
]