[
    {
        "user": "U0606SPN4BW",
        "type": "message",
        "ts": "1748965795.356239",
        "client_msg_id": "fee118bc-1ee2-4bca-8d69-04a5ec94ac09",
        "text": "<!subteam^S073HEMKWV7|@hirakawa-adachi-yamamoto-fuse>\n1220  :fr:フランス Paul Albou様(alibaba)からサンプル注文を頂きました。\n*TSE-PAU-SPL-001-25*",
        "team": "T033D70RR6H",
        "user_team": "T033D70RR6H",
        "source_team": "T033D70RR6H",
        "user_profile": {
            "avatar_hash": "823d8545f678",
            "image_72": "https:\/\/avatars.slack-edge.com\/2024-04-12\/6946592133062_823d8545f678615a3e0a_72.jpg",
            "first_name": "SATOSHI",
            "real_name": "SATOSHI FURUKAWA",
            "display_name": "古川　敏",
            "team": "T033D70RR6H",
            "name": "jpfreebirds",
            "is_restricted": false,
            "is_ultra_restricted": false
        },
        "thread_ts": "1748965795.356239",
        "reply_count": 4,
        "reply_users_count": 4,
        "latest_reply": "1749190514.236879",
        "reply_users": [
            "U0606SPN4BW",
            "U0331FZTHEK",
            "U033G4KN4TD",
            "U08U8MMTH43"
        ],
        "replies": [
            {
                "user": "U0606SPN4BW",
                "ts": "1748965886.776179"
            },
            {
                "user": "U0331FZTHEK",
                "ts": "1748990610.049499"
            },
            {
                "user": "U033G4KN4TD",
                "ts": "1749097617.114799"
            },
            {
                "user": "U08U8MMTH43",
                "ts": "1749190514.236879"
            }
        ],
        "is_locked": false,
        "subscribed": false,
        "blocks": [
            {
                "type": "rich_text",
                "block_id": "Dpz0p",
                "elements": [
                    {
                        "type": "rich_text_section",
                        "elements": [
                            {
                                "type": "usergroup",
                                "usergroup_id": "S073HEMKWV7"
                            },
                            {
                                "type": "text",
                                "text": "\n1220  "
                            },
                            {
                                "type": "emoji",
                                "name": "flag-fr",
                                "unicode": "1f1eb-1f1f7"
                            },
                            {
                                "type": "text",
                                "text": "フランス Paul Albou様(alibaba)からサンプル注文を頂きました。\n"
                            },
                            {
                                "type": "text",
                                "text": "TSE-PAU-SPL-001-25",
                                "style": {
                                    "bold": true
                                }
                            }
                        ]
                    }
                ]
            }
        ],
        "reactions": [
            {
                "name": "承知_致しました",
                "users": [
                    "U041RJKV5JA"
                ],
                "count": 1
            }
        ]
    },
    {
        "user": "U0606SPN4BW",
        "type": "message",
        "ts": "1748965886.776179",
        "client_msg_id": "7508d450-ff8e-48bc-972b-132715f1e793",
        "text": "発送予定日のお知らせをお願いします！\n\n\n<!subteam^S08NN8M4LAZ|@katayose-kamiya>  入金確認済 (PayPal), 回収処理をお願いします！\n\n\n▼サンプル内容 (計 4点)\n```(各20g)\n1 x Non organic Izumo Hojicha Powder - ひかわ　有機ほうじ茶HTJ10を粉砕\n\n1 x Non organic Izumo stem Hojicha Powder - 出雲精茶\t出雲ほうじ茶Powder\n\n1 x Non organic Uji Hojicha Powder - 出雲精茶　茎ほうじPowder\n\n1 x Organic Genmaicha Powder Organic - 香岳園　ほうじ茶パウダー```\n袋指定なし\nエージレス無し\n品名ラベル貼り\n箱：ボタニカル\n発送：DHL",
        "team": "T033D70RR6H",
        "user_team": "T033D70RR6H",
        "source_team": "T033D70RR6H",
        "user_profile": {
            "avatar_hash": "823d8545f678",
            "image_72": "https:\/\/avatars.slack-edge.com\/2024-04-12\/6946592133062_823d8545f678615a3e0a_72.jpg",
            "first_name": "SATOSHI",
            "real_name": "SATOSHI FURUKAWA",
            "display_name": "古川　敏",
            "team": "T033D70RR6H",
            "name": "jpfreebirds",
            "is_restricted": false,
            "is_ultra_restricted": false
        },
        "thread_ts": "1748965795.356239",
        "parent_user_id": "U0606SPN4BW",
        "blocks": [
            {
                "type": "rich_text",
                "block_id": "VMjNk",
                "elements": [
                    {
                        "type": "rich_text_section",
                        "elements": [
                            {
                                "type": "text",
                                "text": "発送予定日のお知らせをお願いします！\n\n\n"
                            },
                            {
                                "type": "usergroup",
                                "usergroup_id": "S08NN8M4LAZ"
                            },
                            {
                                "type": "text",
                                "text": "  入金確認済 (PayPal), 回収処理をお願いします！\n\n\n▼サンプル内容 (計 4点)\n"
                            }
                        ]
                    },
                    {
                        "type": "rich_text_preformatted",
                        "elements": [
                            {
                                "type": "text",
                                "text": "(各20g)\n1 x Non organic Izumo Hojicha Powder - ひかわ　有機ほうじ茶HTJ10を粉砕\n\n1 x Non organic Izumo stem Hojicha Powder - 出雲精茶\t出雲ほうじ茶Powder\n\n1 x Non organic Uji Hojicha Powder - 出雲精茶　茎ほうじPowder\n\n1 x Organic Genmaicha Powder Organic - 香岳園　ほうじ茶パウダー"
                            }
                        ],
                        "border": 0
                    },
                    {
                        "type": "rich_text_section",
                        "elements": [
                            {
                                "type": "text",
                                "text": "\n袋指定なし\nエージレス無し\n品名ラベル貼り\n箱：ボタニカル\n発送：DHL"
                            }
                        ]
                    }
                ]
            }
        ],
        "reactions": [
            {
                "name": "d130b000eb8d6784",
                "users": [
                    "U0331FZTHEK"
                ],
                "count": 1
            },
            {
                "name": "承知_致しました",
                "users": [
                    "U0331FZTHEK"
                ],
                "count": 1
            }
        ]
    },
    {
        "user": "U0331FZTHEK",
        "type": "message",
        "ts": "1748990610.049499",
        "client_msg_id": "19b93d12-8839-47f5-a19d-b9a9049167ea",
        "text": "<@U0606SPN4BW>\n <!subteam^S073HEMKWV7|@hirakawa-adachi-yamamoto-fuse>\n ご入金を確認致しました。\n・6\/3 [PayPal]\n・50 USD\n回収（入金）処理致します。\nよろしくお願いします。",
        "team": "T033D70RR6H",
        "user_team": "T033D70RR6H",
        "source_team": "T033D70RR6H",
        "user_profile": {
            "avatar_hash": "21cdbd6a05f9",
            "image_72": "https:\/\/avatars.slack-edge.com\/2022-02-16\/3115258488741_21cdbd6a05f9a69110f7_72.png",
            "first_name": "Mitsunobu",
            "real_name": "Mitsunobu Katayose",
            "display_name": "片寄",
            "team": "T033D70RR6H",
            "name": "tousuien03",
            "is_restricted": false,
            "is_ultra_restricted": false
        },
        "thread_ts": "1748965795.356239",
        "parent_user_id": "U0606SPN4BW",
        "blocks": [
            {
                "type": "rich_text",
                "block_id": "gft3u",
                "elements": [
                    {
                        "type": "rich_text_section",
                        "elements": [
                            {
                                "type": "user",
                                "user_id": "U0606SPN4BW"
                            },
                            {
                                "type": "text",
                                "text": "\n "
                            },
                            {
                                "type": "usergroup",
                                "usergroup_id": "S073HEMKWV7"
                            },
                            {
                                "type": "text",
                                "text": "\n ご入金を確認致しました。\n・6\/3 [PayPal]\n・50 USD\n回収（入金）処理致します。\nよろしくお願いします。"
                            }
                        ]
                    }
                ]
            }
        ]
    }
]