[
    {
        "user": "U066P20UQH1",
        "type": "message",
        "ts": "1752568054.982809",
        "client_msg_id": "23bbb935-aa7f-46b3-a352-be038f27ca75",
        "text": "<!subteam^S073HEMKWV7|@hirakawa-adachi-yamamoto-fuse> <!subteam^S088LEJ1U5T|@kanayama-fukui-miyoshi-yokoi-takuwa-hara-imaoka-agou>\n宛先確認しました。インボイスの通り（インドネシア向け・DHL）でお願いいたします:bow:",
        "team": "T033D70RR6H",
        "user_team": "T033D70RR6H",
        "source_team": "T033D70RR6H",
        "user_profile": {
            "avatar_hash": "179323cb3551",
            "image_72": "https:\/\/avatars.slack-edge.com\/2024-04-12\/6955353714228_179323cb3551f7c8ecfe_72.png",
            "first_name": "Haruka",
            "real_name": "Haruka Hayashi",
            "display_name": "林遥香",
            "team": "T033D70RR6H",
            "name": "haru.nboc",
            "is_restricted": false,
            "is_ultra_restricted": false
        },
        "thread_ts": "1752562351.037309",
        "parent_user_id": "U066P20UQH1",
        "blocks": [
            {
                "type": "rich_text",
                "block_id": "C5Kim",
                "elements": [
                    {
                        "type": "rich_text_section",
                        "elements": [
                            {
                                "type": "usergroup",
                                "usergroup_id": "S073HEMKWV7"
                            },
                            {
                                "type": "text",
                                "text": " "
                            },
                            {
                                "type": "usergroup",
                                "usergroup_id": "S088LEJ1U5T"
                            },
                            {
                                "type": "text",
                                "text": "\n宛先確認しました。インボイスの通り（インドネシア向け・DHL）でお願いいたします"
                            },
                            {
                                "type": "emoji",
                                "name": "bow",
                                "unicode": "1f647"
                            }
                        ]
                    }
                ]
            }
        ],
        "reactions": [
            {
                "name": "承知_致しました",
                "users": [
                    "U041RJKV5JA"
                ],
                "count": 1
            }
        ]
    },
    {
        "user": "U041RJKV5JA",
        "type": "message",
        "ts": "1752568605.828369",
        "client_msg_id": "e261c35b-0c54-4ca4-9d54-798041128bab",
        "text": "<@U0606SPN4BW>\n <!subteam^S073HEMKWV7|@hirakawa-adachi-yamamoto-fuse>\n撮影に使用したサンプルはまだありますが、抹茶を詰めて封をしております。\n抹茶を詰めていないサンプルを作成して出荷いたします。（包材サンプルの取り寄せは不要です）\nよろしくお願いいたします。",
        "team": "T033D70RR6H",
        "user_team": "T033D70RR6H",
        "source_team": "T033D70RR6H",
        "user_profile": {
            "avatar_hash": "aed9eafd9eee",
            "image_72": "https:\/\/avatars.slack-edge.com\/2022-09-11\/4078874890257_aed9eafd9eee277ba076_72.png",
            "first_name": "Hirakawa",
            "real_name": "Hirakawa",
            "display_name": "平川",
            "team": "T033D70RR6H",
            "name": "tousuien.s006",
            "is_restricted": false,
            "is_ultra_restricted": false
        },
        "thread_ts": "1752488981.506029",
        "parent_user_id": "U0606SPN4BW",
        "blocks": [
            {
                "type": "rich_text",
                "block_id": "FVCBb",
                "elements": [
                    {
                        "type": "rich_text_section",
                        "elements": [
                            {
                                "type": "user",
                                "user_id": "U0606SPN4BW"
                            },
                            {
                                "type": "text",
                                "text": "\n "
                            },
                            {
                                "type": "usergroup",
                                "usergroup_id": "S073HEMKWV7"
                            },
                            {
                                "type": "text",
                                "text": "\n撮影に使用したサンプルはまだありますが、抹茶を詰めて封をしております。\n抹茶を詰めていないサンプルを作成して出荷いたします。（包材サンプルの取り寄せは不要です）\nよろしくお願いいたします。"
                            }
                        ]
                    }
                ]
            }
        ],
        "reactions": [
            {
                "name": "ありかとう",
                "users": [
                    "U0606SPN4BW"
                ],
                "count": 1
            }
        ]
    }
]