[
    {
        "user": "U0606SPN4BW",
        "type": "message",
        "ts": "1753805997.936709",
        "client_msg_id": "3abf9ef8-7f96-456c-8f7a-ab5ef10c1315",
        "text": "<!subteam^S073HEMKWV7|@hirakawa-adachi-yamamoto-fuse> <!subteam^S088LEJ1U5T|@kanayama-fukui-miyoshi-yokoi-takuwa-hara-imaoka-agou>\n1400 :flag-nl:オランダ PIE-Pieter Loridon (alibaba)様からサンプル注文をいただきました。\n*TSE-PIE-SPL-001-25*",
        "team": "T033D70RR6H",
        "user_team": "T033D70RR6H",
        "source_team": "T033D70RR6H",
        "user_profile": {
            "avatar_hash": "823d8545f678",
            "image_72": "https:\/\/avatars.slack-edge.com\/2024-04-12\/6946592133062_823d8545f678615a3e0a_72.jpg",
            "first_name": "SATOSHI",
            "real_name": "SATOSHI FURUKAWA",
            "display_name": "古川　敏",
            "team": "T033D70RR6H",
            "name": "jpfreebirds",
            "is_restricted": false,
            "is_ultra_restricted": false
        },
        "thread_ts": "1753805997.936709",
        "reply_count": 5,
        "reply_users_count": 4,
        "latest_reply": "1755843980.271939",
        "reply_users": [
            "U0606SPN4BW",
            "U0331FZTHEK",
            "U033G4KN4TD",
            "U08NVD403GV"
        ],
        "replies": [
            {
                "user": "U0606SPN4BW",
                "ts": "1753806026.478409"
            },
            {
                "user": "U0331FZTHEK",
                "ts": "1753830234.459279"
            },
            {
                "user": "U0606SPN4BW",
                "ts": "1754047488.655079"
            },
            {
                "user": "U033G4KN4TD",
                "ts": "1754971519.784619"
            },
            {
                "user": "U08NVD403GV",
                "ts": "1755843980.271939"
            }
        ],
        "is_locked": false,
        "subscribed": false,
        "blocks": [
            {
                "type": "rich_text",
                "block_id": "25KuS",
                "elements": [
                    {
                        "type": "rich_text_section",
                        "elements": [
                            {
                                "type": "usergroup",
                                "usergroup_id": "S073HEMKWV7"
                            },
                            {
                                "type": "text",
                                "text": " "
                            },
                            {
                                "type": "usergroup",
                                "usergroup_id": "S088LEJ1U5T"
                            },
                            {
                                "type": "text",
                                "text": "\n1400 "
                            },
                            {
                                "type": "emoji",
                                "name": "flag-nl",
                                "unicode": "1f1f3-1f1f1"
                            },
                            {
                                "type": "text",
                                "text": "オランダ PIE-Pieter Loridon (alibaba)様からサンプル注文をいただきました。\n"
                            },
                            {
                                "type": "text",
                                "text": "TSE-PIE-SPL-001-25",
                                "style": {
                                    "bold": true
                                }
                            }
                        ]
                    }
                ]
            }
        ]
    },
    {
        "user": "U0606SPN4BW",
        "type": "message",
        "ts": "1753806026.478409",
        "edited": {
            "user": "U0606SPN4BW",
            "ts": "1753806479.000000"
        },
        "client_msg_id": "7b9948a2-f4d7-4d31-9aaa-54dd050e8a0b",
        "text": "発送手続き、および発送日のお知らせをお願いします。\n\n\n<!subteam^S08NN8M4LAZ|@katayose-kamiya>　\n入金確認済みです(PayPal), 回収処理をお願いいたします！\n\n\n▼注文内容 (計 12種類)\n< 標準サンプル 各10g >\n```Organic Matcha Upper grade - 1, 鹿児島製茶 有機抹茶A 90% + 有機抹茶B 10%\nOrganic Matcha Upper grade - 2, 鹿児島製茶 有機抹茶A 50% + 有機抹茶B 50% \nOrganic Matcha Middle grade - 1, 鹿児島製茶 有機抹茶B\nOrganic Matcha Middle grade - 2, 鹿児島製茶 有機抹茶C\nOrganic Matcha Regular grade - 1, 鹿児島製茶 有機抹茶D \nOrganic Matcha Regular grade - 2, 水宗園 有機抹茶34号\n\nNon-organic Matcha Upper grade - 1, 出雲抹茶G\nNon-organic Matcha Upper grade - 2, 出雲抹茶R\nNon-organic Matcha Middle grade - 1, 出雲抹茶T\nNon-organic Matcha Middle grade - 2, 出雲抹茶N\nNon-organic Matcha Regular grade - 1, 出雲抹茶F\nNon-organic Matcha Regular grade - 2, 出雲抹茶W```\n\n発送：DHL\n箱：No.6 E",
        "team": "T033D70RR6H",
        "user_team": "T033D70RR6H",
        "source_team": "T033D70RR6H",
        "user_profile": {
            "avatar_hash": "823d8545f678",
            "image_72": "https:\/\/avatars.slack-edge.com\/2024-04-12\/6946592133062_823d8545f678615a3e0a_72.jpg",
            "first_name": "SATOSHI",
            "real_name": "SATOSHI FURUKAWA",
            "display_name": "古川　敏",
            "team": "T033D70RR6H",
            "name": "jpfreebirds",
            "is_restricted": false,
            "is_ultra_restricted": false
        },
        "thread_ts": "1753805997.936709",
        "parent_user_id": "U0606SPN4BW",
        "blocks": [
            {
                "type": "rich_text",
                "block_id": "8edUF",
                "elements": [
                    {
                        "type": "rich_text_section",
                        "elements": [
                            {
                                "type": "text",
                                "text": "発送手続き、および発送日のお知らせをお願いします。\n\n\n"
                            },
                            {
                                "type": "usergroup",
                                "usergroup_id": "S08NN8M4LAZ"
                            },
                            {
                                "type": "text",
                                "text": "　\n入金確認済みです(PayPal), 回収処理をお願いいたします！\n\n\n▼注文内容 (計 12種類)\n< 標準サンプル 各10g >\n"
                            }
                        ]
                    },
                    {
                        "type": "rich_text_preformatted",
                        "elements": [
                            {
                                "type": "text",
                                "text": "Organic Matcha Upper grade - 1, 鹿児島製茶 有機抹茶A 90% + 有機抹茶B 10%\nOrganic Matcha Upper grade - 2, 鹿児島製茶 有機抹茶A 50% + 有機抹茶B 50% \nOrganic Matcha Middle grade - 1, 鹿児島製茶 有機抹茶B\nOrganic Matcha Middle grade - 2, 鹿児島製茶 有機抹茶C\nOrganic Matcha Regular grade - 1, 鹿児島製茶 有機抹茶D \nOrganic Matcha Regular grade - 2, 水宗園 有機抹茶34号\n\nNon-organic Matcha Upper grade - 1, 出雲抹茶G\nNon-organic Matcha Upper grade - 2, 出雲抹茶R\nNon-organic Matcha Middle grade - 1, 出雲抹茶T\nNon-organic Matcha Middle grade - 2, 出雲抹茶N\nNon-organic Matcha Regular grade - 1, 出雲抹茶F\nNon-organic Matcha Regular grade - 2, 出雲抹茶W"
                            }
                        ],
                        "border": 0
                    },
                    {
                        "type": "rich_text_section",
                        "elements": [
                            {
                                "type": "text",
                                "text": "\n\n発送：DHL\n箱：No.6 E"
                            }
                        ]
                    }
                ]
            }
        ],
        "reactions": [
            {
                "name": "d130b000eb8d6784",
                "users": [
                    "U0331FZTHEK"
                ],
                "count": 1
            },
            {
                "name": "承知_致しました",
                "users": [
                    "U0331FZTHEK"
                ],
                "count": 1
            }
        ]
    },
    {
        "user": "U0331FZTHEK",
        "type": "message",
        "ts": "1753830234.459279",
        "client_msg_id": "159c1428-53f4-4fce-b811-e5bf32005575",
        "text": "<@U0606SPN4BW>\n <!subteam^S073HEMKWV7|@hirakawa-adachi-yamamoto-fuse>\nご入金を確認致しました。\n・7\/30 [PayPal]\n・80 USD\n回収（入金）処理致します。\nよろしくお願いします。",
        "team": "T033D70RR6H",
        "user_team": "T033D70RR6H",
        "source_team": "T033D70RR6H",
        "user_profile": {
            "avatar_hash": "21cdbd6a05f9",
            "image_72": "https:\/\/avatars.slack-edge.com\/2022-02-16\/3115258488741_21cdbd6a05f9a69110f7_72.png",
            "first_name": "Mitsunobu",
            "real_name": "Mitsunobu Katayose",
            "display_name": "片寄",
            "team": "T033D70RR6H",
            "name": "tousuien03",
            "is_restricted": false,
            "is_ultra_restricted": false
        },
        "thread_ts": "1753805997.936709",
        "parent_user_id": "U0606SPN4BW",
        "blocks": [
            {
                "type": "rich_text",
                "block_id": "lvI0K",
                "elements": [
                    {
                        "type": "rich_text_section",
                        "elements": [
                            {
                                "type": "user",
                                "user_id": "U0606SPN4BW"
                            },
                            {
                                "type": "text",
                                "text": "\n "
                            },
                            {
                                "type": "usergroup",
                                "usergroup_id": "S073HEMKWV7"
                            },
                            {
                                "type": "text",
                                "text": "\nご入金を確認致しました。\n・7\/30 [PayPal]\n・80 USD\n回収（入金）処理致します。\nよろしくお願いします。"
                            }
                        ]
                    }
                ]
            }
        ]
    }
]