[
    {
        "user": "U08RVRNBY00",
        "type": "message",
        "ts": "1756095859.942839",
        "client_msg_id": "32f6577c-ce01-4b0a-983c-1d2cc9269c32",
        "text": "<!subteam^S073HEMKWV7|@hirakawa-adachi-yamamoto-fuse> <!subteam^S088LEJ1U5T|@kanayama-fukui-miyoshi-yokoi-takuwa-hara-imaoka-agou>\n*TSE-MET-SPL-001-25*\n:flag-th:タイ：vampire(11.1insta)様からサンプル注文いただきました。",
        "team": "T033D70RR6H",
        "user_team": "T033D70RR6H",
        "source_team": "T033D70RR6H",
        "user_profile": {
            "avatar_hash": "g347f3e803ab",
            "image_72": "https:\/\/secure.gravatar.com\/avatar\/347f3e803abca8b6a7b724895864d138.jpg?s=72&d=https%3A%2F%2Fa.slack-edge.com%2Fdf10d%2Fimg%2Favatars%2Fava_0001-72.png",
            "first_name": "Hikako",
            "real_name": "Hikako Hasegawa",
            "display_name": "Hikako Hasegawa",
            "team": "T033D70RR6H",
            "name": "tousuien.hasegawa",
            "is_restricted": false,
            "is_ultra_restricted": false
        },
        "thread_ts": "1756095859.942839",
        "reply_count": 3,
        "reply_users_count": 3,
        "latest_reply": "1757310142.398749",
        "reply_users": [
            "U08RVRNBY00",
            "U033G4KN4TD",
            "U08NVD403GV"
        ],
        "replies": [
            {
                "user": "U08RVRNBY00",
                "ts": "1756095978.441319"
            },
            {
                "user": "U033G4KN4TD",
                "ts": "1756788664.125589"
            },
            {
                "user": "U08NVD403GV",
                "ts": "1757310142.398749"
            }
        ],
        "is_locked": false,
        "subscribed": false,
        "blocks": [
            {
                "type": "rich_text",
                "block_id": "\/MS0g",
                "elements": [
                    {
                        "type": "rich_text_section",
                        "elements": [
                            {
                                "type": "usergroup",
                                "usergroup_id": "S073HEMKWV7"
                            },
                            {
                                "type": "text",
                                "text": " "
                            },
                            {
                                "type": "usergroup",
                                "usergroup_id": "S088LEJ1U5T"
                            },
                            {
                                "type": "text",
                                "text": "\n"
                            },
                            {
                                "type": "text",
                                "text": "TSE-MET-SPL-001-25",
                                "style": {
                                    "bold": true
                                }
                            },
                            {
                                "type": "text",
                                "text": "\n"
                            },
                            {
                                "type": "emoji",
                                "name": "flag-th",
                                "unicode": "1f1f9-1f1ed",
                                "style": {
                                    "bold": true
                                }
                            },
                            {
                                "type": "text",
                                "text": "タイ：vampire(11.1insta)様からサンプル注文いただきました。"
                            }
                        ]
                    }
                ]
            }
        ]
    },
    {
        "user": "U08RVRNBY00",
        "type": "message",
        "ts": "1756095978.441319",
        "client_msg_id": "06f265cd-48ea-486e-9ead-46a9c401434a",
        "text": "<!subteam^S073HEMKWV7|@hirakawa-adachi-yamamoto-fuse> <!subteam^S088LEJ1U5T|@kanayama-fukui-miyoshi-yokoi-takuwa-hara-imaoka-agou>\n発送手続き、および発送日のお知らせをお願いします。\n\n<!subteam^S08NN8M4LAZ|@katayose-kamiya>　\n無償提供でございます。\n\n▼注文内容 (計 3種)\n&lt; サンプル 各10g &gt;\n```SAMPLE: Yame Matcha Grade D  (10g)桃翠園\t星の露グレード\n\nSAMPLE: Yame Matcha Grade E  (10g)桃翠園\t八女の露グレード\n\nSAMPLE: Yame Matcha Grade F  (10g)桃翠園\t八女の華グレード```\n発送：EMS\n箱：ボタニカル\n支払い：無料",
        "team": "T033D70RR6H",
        "user_team": "T033D70RR6H",
        "source_team": "T033D70RR6H",
        "user_profile": {
            "avatar_hash": "g347f3e803ab",
            "image_72": "https:\/\/secure.gravatar.com\/avatar\/347f3e803abca8b6a7b724895864d138.jpg?s=72&d=https%3A%2F%2Fa.slack-edge.com%2Fdf10d%2Fimg%2Favatars%2Fava_0001-72.png",
            "first_name": "Hikako",
            "real_name": "Hikako Hasegawa",
            "display_name": "Hikako Hasegawa",
            "team": "T033D70RR6H",
            "name": "tousuien.hasegawa",
            "is_restricted": false,
            "is_ultra_restricted": false
        },
        "thread_ts": "1756095859.942839",
        "parent_user_id": "U08RVRNBY00",
        "blocks": [
            {
                "type": "rich_text",
                "block_id": "P3pD2",
                "elements": [
                    {
                        "type": "rich_text_section",
                        "elements": [
                            {
                                "type": "usergroup",
                                "usergroup_id": "S073HEMKWV7"
                            },
                            {
                                "type": "text",
                                "text": " "
                            },
                            {
                                "type": "usergroup",
                                "usergroup_id": "S088LEJ1U5T"
                            },
                            {
                                "type": "text",
                                "text": "\n発送手続き、および発送日のお知らせをお願いします。\n\n"
                            },
                            {
                                "type": "usergroup",
                                "usergroup_id": "S08NN8M4LAZ"
                            },
                            {
                                "type": "text",
                                "text": "　\n無償提供でございます。\n\n▼注文内容 (計 3種)\n< サンプル 各10g >\n"
                            }
                        ]
                    },
                    {
                        "type": "rich_text_preformatted",
                        "elements": [
                            {
                                "type": "text",
                                "text": "SAMPLE: Yame Matcha Grade D  (10g)桃翠園\t星の露グレード\n\nSAMPLE: Yame Matcha Grade E  (10g)桃翠園\t八女の露グレード\n\nSAMPLE: Yame Matcha Grade F  (10g)桃翠園\t八女の華グレード"
                            }
                        ],
                        "border": 0
                    },
                    {
                        "type": "rich_text_section",
                        "elements": [
                            {
                                "type": "text",
                                "text": "\n発送：EMS\n箱：ボタニカル\n支払い：無料"
                            }
                        ]
                    }
                ]
            }
        ],
        "reactions": [
            {
                "name": "承知_致しました",
                "users": [
                    "U0331FZTHEK"
                ],
                "count": 1
            }
        ]
    }
]