[
    {
        "user": "U08U8MMTH43",
        "type": "message",
        "ts": "1751015659.983889",
        "client_msg_id": "85c7dc33-e6c2-49f0-9b6c-d3fd3056b588",
        "text": "<@U066P20UQH1>\n<!subteam^S073HEMKWV7|@hirakawa-adachi-yamamoto-fuse> <!subteam^S088LEJ1U5T|@kanayama-fukui-miyoshi-yokoi-takuwa-hara-imaoka-agou>\n本日、DHLにて出荷しました。\nAWB No.7007175696\nよろしくお願いいたします。",
        "team": "T033D70RR6H",
        "user_team": "T033D70RR6H",
        "source_team": "T033D70RR6H",
        "user_profile": {
            "avatar_hash": "22a826d23669",
            "image_72": "https:\/\/avatars.slack-edge.com\/2025-05-28\/8954451860855_22a826d236694d5f657b_72.png",
            "first_name": "fuse",
            "real_name": "fuse",
            "display_name": "布施美穂",
            "team": "T033D70RR6H",
            "name": "tousuien.fuse",
            "is_restricted": false,
            "is_ultra_restricted": false
        },
        "thread_ts": "1749100569.969649",
        "parent_user_id": "U066P20UQH1",
        "blocks": [
            {
                "type": "rich_text",
                "block_id": "uL5rO",
                "elements": [
                    {
                        "type": "rich_text_section",
                        "elements": [
                            {
                                "type": "user",
                                "user_id": "U066P20UQH1"
                            },
                            {
                                "type": "text",
                                "text": "\n"
                            },
                            {
                                "type": "usergroup",
                                "usergroup_id": "S073HEMKWV7"
                            },
                            {
                                "type": "text",
                                "text": " "
                            },
                            {
                                "type": "usergroup",
                                "usergroup_id": "S088LEJ1U5T"
                            },
                            {
                                "type": "text",
                                "text": "\n本日、DHLにて出荷しました。\nAWB No.7007175696\nよろしくお願いいたします。"
                            }
                        ]
                    }
                ]
            }
        ],
        "reactions": [
            {
                "name": "連絡完了",
                "users": [
                    "U066P20UQH1"
                ],
                "count": 1
            }
        ]
    }
]