[
    {
        "user": "U041RJKV5JA",
        "type": "message",
        "ts": "1738923600.327209",
        "client_msg_id": "c5c82b9c-1a0d-4fcf-b7ea-e60ea9fc499f",
        "text": "<@U0606SPN4BW>\n <!subteam^S073HEMKWV7|@hirakawa-adachi-yamamoto-fuse>\n本日、佐川急便にて出荷しました。\nAWB NO. 491768191994\nよろしくお願いいたします。",
        "team": "T033D70RR6H",
        "user_team": "T033D70RR6H",
        "source_team": "T033D70RR6H",
        "user_profile": {
            "avatar_hash": "aed9eafd9eee",
            "image_72": "https:\/\/avatars.slack-edge.com\/2022-09-11\/4078874890257_aed9eafd9eee277ba076_72.png",
            "first_name": "Hirakawa",
            "real_name": "Hirakawa",
            "display_name": "平川",
            "team": "T033D70RR6H",
            "name": "tousuien.s006",
            "is_restricted": false,
            "is_ultra_restricted": false
        },
        "thread_ts": "1738583289.569059",
        "parent_user_id": "U0606SPN4BW",
        "blocks": [
            {
                "type": "rich_text",
                "block_id": "xb5Jx",
                "elements": [
                    {
                        "type": "rich_text_section",
                        "elements": [
                            {
                                "type": "user",
                                "user_id": "U0606SPN4BW"
                            },
                            {
                                "type": "text",
                                "text": "\n "
                            },
                            {
                                "type": "usergroup",
                                "usergroup_id": "S073HEMKWV7"
                            },
                            {
                                "type": "text",
                                "text": "\n本日、佐川急便にて出荷しました。\nAWB NO. 491768191994\nよろしくお願いいたします。"
                            }
                        ]
                    }
                ]
            }
        ],
        "reactions": [
            {
                "name": "d130b000eb8d6784",
                "users": [
                    "U0606SPN4BW"
                ],
                "count": 1
            },
            {
                "name": "連絡完了",
                "users": [
                    "U0606SPN4BW"
                ],
                "count": 1
            }
        ]
    },
    {
        "user": "U0606SPN4BW",
        "type": "message",
        "ts": "1738931698.345059",
        "client_msg_id": "9464252e-bec6-490f-8a60-9c64d676476d",
        "text": "<!subteam^S073HEMKWV7|@hirakawa-adachi-yamamoto-fuse> cc <!subteam^S072Q871SF9|@oka-matsui-furukawa-hayashi-kimura-hasegawa-kawatani>\n:flag-sg:シンガポール SIM-Ching Wen(Simply Frothii)様からサンプル注文を頂きました。\n*TSE-SIM-SPL-001-25*  ",
        "team": "T033D70RR6H",
        "user_team": "T033D70RR6H",
        "source_team": "T033D70RR6H",
        "user_profile": {
            "avatar_hash": "823d8545f678",
            "image_72": "https:\/\/avatars.slack-edge.com\/2024-04-12\/6946592133062_823d8545f678615a3e0a_72.jpg",
            "first_name": "SATOSHI",
            "real_name": "SATOSHI FURUKAWA",
            "display_name": "古川　敏",
            "team": "T033D70RR6H",
            "name": "jpfreebirds",
            "is_restricted": false,
            "is_ultra_restricted": false
        },
        "thread_ts": "1738931698.345059",
        "reply_count": 4,
        "reply_users_count": 3,
        "latest_reply": "1739867647.862079",
        "reply_users": [
            "U0606SPN4BW",
            "U0331FZTHEK",
            "U05KGS6HN9H"
        ],
        "replies": [
            {
                "user": "U0606SPN4BW",
                "ts": "1738931766.627359"
            },
            {
                "user": "U0331FZTHEK",
                "ts": "1738967704.965489"
            },
            {
                "user": "U05KGS6HN9H",
                "ts": "1739526252.701189"
            },
            {
                "user": "U05KGS6HN9H",
                "ts": "1739867647.862079"
            }
        ],
        "is_locked": false,
        "subscribed": true,
        "last_read": "1739867647.862079",
        "blocks": [
            {
                "type": "rich_text",
                "block_id": "IAwKV",
                "elements": [
                    {
                        "type": "rich_text_section",
                        "elements": [
                            {
                                "type": "usergroup",
                                "usergroup_id": "S073HEMKWV7"
                            },
                            {
                                "type": "text",
                                "text": " cc "
                            },
                            {
                                "type": "usergroup",
                                "usergroup_id": "S072Q871SF9"
                            },
                            {
                                "type": "text",
                                "text": "\n"
                            },
                            {
                                "type": "emoji",
                                "name": "flag-sg",
                                "unicode": "1f1f8-1f1ec"
                            },
                            {
                                "type": "text",
                                "text": "シンガポール SIM-Ching Wen(Simply Frothii)様からサンプル注文を頂きました。\n"
                            },
                            {
                                "type": "text",
                                "text": "TSE-SIM-SPL-001-25  ",
                                "style": {
                                    "bold": true
                                }
                            }
                        ]
                    }
                ]
            }
        ],
        "reactions": [
            {
                "name": "承知_致しました",
                "users": [
                    "U041RJKV5JA",
                    "U05KGS6HN9H"
                ],
                "count": 2
            },
            {
                "name": "済",
                "users": [
                    "U066P20UQH1"
                ],
                "count": 1
            }
        ]
    },
    {
        "user": "U0606SPN4BW",
        "type": "message",
        "ts": "1738931766.627359",
        "edited": {
            "user": "U0606SPN4BW",
            "ts": "1738932672.000000"
        },
        "client_msg_id": "52d4f518-2c33-4b0a-b572-9dd5d514c04e",
        "text": "下記へ発送手続き、および発送日のお知らせをお願いします！\n\n\n<@U0331FZTHEK> 入金確認済み。（ PayPal）, 回収処理をお願いします！\n\n\n▼サンプル内容 (計 8点)\n<各20g>\nOrganic Matcha Upper - 1 鹿児島製茶 (鹿児島 A)\nOrganic Matcha Upper - 2 鹿児島製茶 (鹿児島 1A)\nOrganic Matcha Middle - 1 鹿児島製茶 (鹿児島 B)\nOrganic Matcha Middle - 2 鹿児島製茶 (鹿児島 C)\n\nNon organic Matcha Upper - 1 出雲精茶 (G)\nNon organic Matcha Upper - 2 出雲精茶 (R)\nNon organic Matcha Middle - 1 出雲精茶 (T)\nNon organic Matcha Middle - 2 出雲精茶 (N)\n\n\n袋指定なし、\nエージレス無し、\n品名ラベル貼り\n価格表示：なし\n\n\n発送:DHL\n\n\n--------------------------------\nBrand name: Simply Frothii\nName: Ching Wen\nAddress: 104 Punggol Walk, Twin Waterfalls, #04-09, Singapore 828792\nBilling Address: 60 Paya Lebar Road #07-54, Paya Lebar Square, Singapore 409051\nPostal Code: 828792\nPhone: <tel:+6592348784|+65 92348784>\nEmail: <mailto:admin@simplyfrothii.com|admin@simplyfrothii.com>\n--------------------------------",
        "team": "T033D70RR6H",
        "user_team": "T033D70RR6H",
        "source_team": "T033D70RR6H",
        "user_profile": {
            "avatar_hash": "823d8545f678",
            "image_72": "https:\/\/avatars.slack-edge.com\/2024-04-12\/6946592133062_823d8545f678615a3e0a_72.jpg",
            "first_name": "SATOSHI",
            "real_name": "SATOSHI FURUKAWA",
            "display_name": "古川　敏",
            "team": "T033D70RR6H",
            "name": "jpfreebirds",
            "is_restricted": false,
            "is_ultra_restricted": false
        },
        "thread_ts": "1738931698.345059",
        "parent_user_id": "U0606SPN4BW",
        "blocks": [
            {
                "type": "rich_text",
                "block_id": "jUcOn",
                "elements": [
                    {
                        "type": "rich_text_section",
                        "elements": [
                            {
                                "type": "text",
                                "text": "下記へ発送手続き、および発送日のお知らせをお願いします！\n\n\n"
                            },
                            {
                                "type": "user",
                                "user_id": "U0331FZTHEK"
                            },
                            {
                                "type": "text",
                                "text": " 入金確認済み。（ PayPal）, 回収処理をお願いします！\n\n\n▼サンプル内容 (計 8点)\n<各20g>\nOrganic Matcha Upper - 1 鹿児島製茶 (鹿児島 A)\nOrganic Matcha Upper - 2 鹿児島製茶 (鹿児島 1A)\nOrganic Matcha Middle - 1 鹿児島製茶 (鹿児島 B)\nOrganic Matcha Middle - 2 鹿児島製茶 (鹿児島 C)\n\nNon organic Matcha Upper - 1 出雲精茶 (G)\nNon organic Matcha Upper - 2 出雲精茶 (R)\nNon organic Matcha Middle - 1 出雲精茶 (T)\nNon organic Matcha Middle - 2 出雲精茶 (N)\n\n\n袋指定なし、\nエージレス無し、\n品名ラベル貼り\n価格表示：なし\n\n\n発送:DHL\n\n\n--------------------------------\nBrand name: Simply Frothii\nName: Ching Wen\nAddress: 104 Punggol Walk, Twin Waterfalls, #04-09, Singapore 828792\nBilling Address: 60 Paya Lebar Road #07-54, Paya Lebar Square, Singapore 409051\nPostal Code: 828792\nPhone: "
                            },
                            {
                                "type": "link",
                                "url": "tel:+6592348784",
                                "text": "+65 92348784"
                            },
                            {
                                "type": "text",
                                "text": "\nEmail: "
                            },
                            {
                                "type": "link",
                                "url": "mailto:admin@simplyfrothii.com",
                                "text": "admin@simplyfrothii.com"
                            },
                            {
                                "type": "text",
                                "text": "\n--------------------------------"
                            }
                        ]
                    }
                ]
            }
        ],
        "reactions": [
            {
                "name": "d130b000eb8d6784",
                "users": [
                    "U0331FZTHEK"
                ],
                "count": 1
            },
            {
                "name": "承知_致しました",
                "users": [
                    "U0331FZTHEK"
                ],
                "count": 1
            }
        ]
    },
    {
        "user": "U0331FZTHEK",
        "type": "message",
        "ts": "1738967704.965489",
        "client_msg_id": "55802ea4-aa52-4036-85f2-8e36fea929de",
        "text": "<@U0606SPN4BW>\n <!subteam^S073HEMKWV7|@hirakawa-adachi-yamamoto-fuse>\nご入金を確認致しました。\n・2\/7 [PayPal]\n・40 USD\n回収（入金）処理致します。\nよろしくお願いします。",
        "team": "T033D70RR6H",
        "user_team": "T033D70RR6H",
        "source_team": "T033D70RR6H",
        "user_profile": {
            "avatar_hash": "21cdbd6a05f9",
            "image_72": "https:\/\/avatars.slack-edge.com\/2022-02-16\/3115258488741_21cdbd6a05f9a69110f7_72.png",
            "first_name": "Mitsunobu",
            "real_name": "Mitsunobu Katayose",
            "display_name": "片寄",
            "team": "T033D70RR6H",
            "name": "tousuien03",
            "is_restricted": false,
            "is_ultra_restricted": false
        },
        "thread_ts": "1738931698.345059",
        "parent_user_id": "U0606SPN4BW",
        "blocks": [
            {
                "type": "rich_text",
                "block_id": "ao3p7",
                "elements": [
                    {
                        "type": "rich_text_section",
                        "elements": [
                            {
                                "type": "user",
                                "user_id": "U0606SPN4BW"
                            },
                            {
                                "type": "text",
                                "text": "\n "
                            },
                            {
                                "type": "usergroup",
                                "usergroup_id": "S073HEMKWV7"
                            },
                            {
                                "type": "text",
                                "text": "\nご入金を確認致しました。\n・2\/7 [PayPal]\n・40 USD\n回収（入金）処理致します。\nよろしくお願いします。"
                            }
                        ]
                    }
                ]
            }
        ],
        "reactions": [
            {
                "name": "d130b000eb8d6784",
                "users": [
                    "U0606SPN4BW"
                ],
                "count": 1
            }
        ]
    },
    {
        "user": "U066P20UQH1",
        "type": "message",
        "ts": "1738976476.167899",
        "client_msg_id": "0e88454b-e6d0-41c4-8dd9-b43d19e67d33",
        "text": "<!subteam^S073HEMKWV7|@hirakawa-adachi-yamamoto-fuse>\n住所変更の連絡がありました。\n旧住所：\n901 3rd st, #101,Santa Monica, CA 90403\n新住所：\n855 3rd st, #311, Santa Monica CA 90403\nインボイス修正済みです:pray:\nご認識のほどよろしくお願いいたします。:woman-bowing:",
        "team": "T033D70RR6H",
        "user_team": "T033D70RR6H",
        "source_team": "T033D70RR6H",
        "user_profile": {
            "avatar_hash": "179323cb3551",
            "image_72": "https:\/\/avatars.slack-edge.com\/2024-04-12\/6955353714228_179323cb3551f7c8ecfe_72.png",
            "first_name": "Haruka",
            "real_name": "Haruka Hayashi",
            "display_name": "林遥香",
            "team": "T033D70RR6H",
            "name": "haru.nboc",
            "is_restricted": false,
            "is_ultra_restricted": false
        },
        "thread_ts": "1738830628.396499",
        "parent_user_id": "U066P20UQH1",
        "blocks": [
            {
                "type": "rich_text",
                "block_id": "rPWkj",
                "elements": [
                    {
                        "type": "rich_text_section",
                        "elements": [
                            {
                                "type": "usergroup",
                                "usergroup_id": "S073HEMKWV7"
                            },
                            {
                                "type": "text",
                                "text": "\n住所変更の連絡がありました。\n旧住所：\n901 3rd st, #101,Santa Monica, CA 90403\n新住所：\n855 3rd st, #311, Santa Monica CA 90403\nインボイス修正済みです"
                            },
                            {
                                "type": "emoji",
                                "name": "pray",
                                "unicode": "1f64f"
                            },
                            {
                                "type": "text",
                                "text": "\nご認識のほどよろしくお願いいたします。"
                            },
                            {
                                "type": "emoji",
                                "name": "woman-bowing",
                                "unicode": "1f647-200d-2640-fe0f"
                            }
                        ]
                    }
                ]
            }
        ]
    },
    {
        "user": "U05KGS6HN9H",
        "type": "message",
        "ts": "1738986221.939709",
        "client_msg_id": "93b9fe28-cef3-4699-a722-c40b312d2807",
        "text": "<@U0606SPN4BW>\n<!subteam^S073HEMKWV7|@hirakawa-adachi-yamamoto-fuse> <!subteam^S088LEJ1U5T|@kanayama-fukui-miyoshi-yokoi-takuwa-hara-imaoka-agou>\n出荷可能日　2\/12（水）にてお願い致します。",
        "team": "T033D70RR6H",
        "user_team": "T033D70RR6H",
        "source_team": "T033D70RR6H",
        "user_profile": {
            "avatar_hash": "gc4e7258333f",
            "image_72": "https:\/\/secure.gravatar.com\/avatar\/c4e7258333f2958f831d063db85b4542.jpg?s=72&d=https%3A%2F%2Fa.slack-edge.com%2Fdf10d%2Fimg%2Favatars%2Fava_0005-72.png",
            "first_name": "Adachi",
            "real_name": "Adachi",
            "display_name": "足立",
            "team": "T033D70RR6H",
            "name": "tousuien05",
            "is_restricted": false,
            "is_ultra_restricted": false
        },
        "thread_ts": "1738846328.177179",
        "parent_user_id": "U0606SPN4BW",
        "blocks": [
            {
                "type": "rich_text",
                "block_id": "CiMon",
                "elements": [
                    {
                        "type": "rich_text_section",
                        "elements": [
                            {
                                "type": "user",
                                "user_id": "U0606SPN4BW"
                            },
                            {
                                "type": "text",
                                "text": "\n"
                            },
                            {
                                "type": "usergroup",
                                "usergroup_id": "S073HEMKWV7"
                            },
                            {
                                "type": "text",
                                "text": " "
                            },
                            {
                                "type": "usergroup",
                                "usergroup_id": "S088LEJ1U5T"
                            },
                            {
                                "type": "text",
                                "text": "\n出荷可能日　2\/12（水）にてお願い致します。"
                            }
                        ]
                    }
                ]
            }
        ],
        "reactions": [
            {
                "name": "承知-1",
                "users": [
                    "U066P20UQH1"
                ],
                "count": 1
            },
            {
                "name": "連絡完了",
                "users": [
                    "U0606SPN4BW"
                ],
                "count": 1
            }
        ]
    },
    {
        "user": "U05KGS6HN9H",
        "type": "message",
        "ts": "1738986226.467469",
        "client_msg_id": "46898dda-4ea1-45c1-8eaf-120e2499ac24",
        "text": "<@U066P20UQH1>\n<!subteam^S073HEMKWV7|@hirakawa-adachi-yamamoto-fuse> <!subteam^S088LEJ1U5T|@kanayama-fukui-miyoshi-yokoi-takuwa-hara-imaoka-agou>\n出荷可能日　2\/12（水）にてお願い致します。",
        "team": "T033D70RR6H",
        "user_team": "T033D70RR6H",
        "source_team": "T033D70RR6H",
        "user_profile": {
            "avatar_hash": "gc4e7258333f",
            "image_72": "https:\/\/secure.gravatar.com\/avatar\/c4e7258333f2958f831d063db85b4542.jpg?s=72&d=https%3A%2F%2Fa.slack-edge.com%2Fdf10d%2Fimg%2Favatars%2Fava_0005-72.png",
            "first_name": "Adachi",
            "real_name": "Adachi",
            "display_name": "足立",
            "team": "T033D70RR6H",
            "name": "tousuien05",
            "is_restricted": false,
            "is_ultra_restricted": false
        },
        "thread_ts": "1738830628.396499",
        "parent_user_id": "U066P20UQH1",
        "blocks": [
            {
                "type": "rich_text",
                "block_id": "ysUm8",
                "elements": [
                    {
                        "type": "rich_text_section",
                        "elements": [
                            {
                                "type": "user",
                                "user_id": "U066P20UQH1"
                            },
                            {
                                "type": "text",
                                "text": "\n"
                            },
                            {
                                "type": "usergroup",
                                "usergroup_id": "S073HEMKWV7"
                            },
                            {
                                "type": "text",
                                "text": " "
                            },
                            {
                                "type": "usergroup",
                                "usergroup_id": "S088LEJ1U5T"
                            },
                            {
                                "type": "text",
                                "text": "\n出荷可能日　2\/12（水）にてお願い致します。"
                            }
                        ]
                    }
                ]
            }
        ],
        "reactions": [
            {
                "name": "承知-1",
                "users": [
                    "U066P20UQH1"
                ],
                "count": 1
            }
        ]
    },
    {
        "user": "U05KGS6HN9H",
        "type": "message",
        "ts": "1738986231.544019",
        "client_msg_id": "313a2f59-614d-4b5b-a047-cea1025cdea9",
        "text": "<@U0606SPN4BW>\n<!subteam^S073HEMKWV7|@hirakawa-adachi-yamamoto-fuse> <!subteam^S088LEJ1U5T|@kanayama-fukui-miyoshi-yokoi-takuwa-hara-imaoka-agou>\n出荷可能日　2\/12（水）にてお願い致します。",
        "team": "T033D70RR6H",
        "user_team": "T033D70RR6H",
        "source_team": "T033D70RR6H",
        "user_profile": {
            "avatar_hash": "gc4e7258333f",
            "image_72": "https:\/\/secure.gravatar.com\/avatar\/c4e7258333f2958f831d063db85b4542.jpg?s=72&d=https%3A%2F%2Fa.slack-edge.com%2Fdf10d%2Fimg%2Favatars%2Fava_0005-72.png",
            "first_name": "Adachi",
            "real_name": "Adachi",
            "display_name": "足立",
            "team": "T033D70RR6H",
            "name": "tousuien05",
            "is_restricted": false,
            "is_ultra_restricted": false
        },
        "thread_ts": "1738781484.625859",
        "parent_user_id": "U0606SPN4BW",
        "blocks": [
            {
                "type": "rich_text",
                "block_id": "CiMon",
                "elements": [
                    {
                        "type": "rich_text_section",
                        "elements": [
                            {
                                "type": "user",
                                "user_id": "U0606SPN4BW"
                            },
                            {
                                "type": "text",
                                "text": "\n"
                            },
                            {
                                "type": "usergroup",
                                "usergroup_id": "S073HEMKWV7"
                            },
                            {
                                "type": "text",
                                "text": " "
                            },
                            {
                                "type": "usergroup",
                                "usergroup_id": "S088LEJ1U5T"
                            },
                            {
                                "type": "text",
                                "text": "\n出荷可能日　2\/12（水）にてお願い致します。"
                            }
                        ]
                    }
                ]
            }
        ],
        "reactions": [
            {
                "name": "承知-1",
                "users": [
                    "U066P20UQH1"
                ],
                "count": 1
            }
        ]
    },
    {
        "user": "U05KGS6HN9H",
        "type": "message",
        "ts": "1738986237.939579",
        "client_msg_id": "4c550497-2489-4123-b73a-a75bfae4fdb7",
        "text": "<@U066P20UQH1>\n<!subteam^S073HEMKWV7|@hirakawa-adachi-yamamoto-fuse> <!subteam^S088LEJ1U5T|@kanayama-fukui-miyoshi-yokoi-takuwa-hara-imaoka-agou>\n出荷可能日　2\/12（水）にてお願い致します。",
        "team": "T033D70RR6H",
        "user_team": "T033D70RR6H",
        "source_team": "T033D70RR6H",
        "user_profile": {
            "avatar_hash": "gc4e7258333f",
            "image_72": "https:\/\/secure.gravatar.com\/avatar\/c4e7258333f2958f831d063db85b4542.jpg?s=72&d=https%3A%2F%2Fa.slack-edge.com%2Fdf10d%2Fimg%2Favatars%2Fava_0005-72.png",
            "first_name": "Adachi",
            "real_name": "Adachi",
            "display_name": "足立",
            "team": "T033D70RR6H",
            "name": "tousuien05",
            "is_restricted": false,
            "is_ultra_restricted": false
        },
        "thread_ts": "1738734865.893419",
        "parent_user_id": "U066P20UQH1",
        "blocks": [
            {
                "type": "rich_text",
                "block_id": "ysUm8",
                "elements": [
                    {
                        "type": "rich_text_section",
                        "elements": [
                            {
                                "type": "user",
                                "user_id": "U066P20UQH1"
                            },
                            {
                                "type": "text",
                                "text": "\n"
                            },
                            {
                                "type": "usergroup",
                                "usergroup_id": "S073HEMKWV7"
                            },
                            {
                                "type": "text",
                                "text": " "
                            },
                            {
                                "type": "usergroup",
                                "usergroup_id": "S088LEJ1U5T"
                            },
                            {
                                "type": "text",
                                "text": "\n出荷可能日　2\/12（水）にてお願い致します。"
                            }
                        ]
                    }
                ]
            }
        ],
        "reactions": [
            {
                "name": "承知-1",
                "users": [
                    "U066P20UQH1"
                ],
                "count": 1
            }
        ]
    },
    {
        "user": "U05KGS6HN9H",
        "type": "message",
        "ts": "1738986242.900969",
        "client_msg_id": "0543216e-99e2-4e6e-9ba9-a06538c3e7f4",
        "text": "<@U0606SPN4BW>\n<!subteam^S073HEMKWV7|@hirakawa-adachi-yamamoto-fuse> <!subteam^S088LEJ1U5T|@kanayama-fukui-miyoshi-yokoi-takuwa-hara-imaoka-agou>\n出荷可能日　2\/12（水）にてお願い致します。",
        "team": "T033D70RR6H",
        "user_team": "T033D70RR6H",
        "source_team": "T033D70RR6H",
        "user_profile": {
            "avatar_hash": "gc4e7258333f",
            "image_72": "https:\/\/secure.gravatar.com\/avatar\/c4e7258333f2958f831d063db85b4542.jpg?s=72&d=https%3A%2F%2Fa.slack-edge.com%2Fdf10d%2Fimg%2Favatars%2Fava_0005-72.png",
            "first_name": "Adachi",
            "real_name": "Adachi",
            "display_name": "足立",
            "team": "T033D70RR6H",
            "name": "tousuien05",
            "is_restricted": false,
            "is_ultra_restricted": false
        },
        "thread_ts": "1738703517.821859",
        "parent_user_id": "U0606SPN4BW",
        "blocks": [
            {
                "type": "rich_text",
                "block_id": "CiMon",
                "elements": [
                    {
                        "type": "rich_text_section",
                        "elements": [
                            {
                                "type": "user",
                                "user_id": "U0606SPN4BW"
                            },
                            {
                                "type": "text",
                                "text": "\n"
                            },
                            {
                                "type": "usergroup",
                                "usergroup_id": "S073HEMKWV7"
                            },
                            {
                                "type": "text",
                                "text": " "
                            },
                            {
                                "type": "usergroup",
                                "usergroup_id": "S088LEJ1U5T"
                            },
                            {
                                "type": "text",
                                "text": "\n出荷可能日　2\/12（水）にてお願い致します。"
                            }
                        ]
                    }
                ]
            }
        ],
        "reactions": [
            {
                "name": "連絡完了",
                "users": [
                    "U0606SPN4BW"
                ],
                "count": 1
            },
            {
                "name": "d130b000eb8d6784",
                "users": [
                    "U0606SPN4BW"
                ],
                "count": 1
            }
        ]
    },
    {
        "user": "U05KGS6HN9H",
        "type": "message",
        "ts": "1738986249.558329",
        "client_msg_id": "f7109b81-98b9-46d9-8af1-7c7837ff9723",
        "text": "<@U0606SPN4BW>\n<!subteam^S073HEMKWV7|@hirakawa-adachi-yamamoto-fuse> <!subteam^S088LEJ1U5T|@kanayama-fukui-miyoshi-yokoi-takuwa-hara-imaoka-agou>\n出荷可能日　2\/12（水）にてお願い致します。\n&gt; *1 x 茶筅「真」*\n今後の供給も踏まえた、店舗販売兼用のものを発送で宜しいですよね？",
        "team": "T033D70RR6H",
        "user_team": "T033D70RR6H",
        "source_team": "T033D70RR6H",
        "user_profile": {
            "avatar_hash": "gc4e7258333f",
            "image_72": "https:\/\/secure.gravatar.com\/avatar\/c4e7258333f2958f831d063db85b4542.jpg?s=72&d=https%3A%2F%2Fa.slack-edge.com%2Fdf10d%2Fimg%2Favatars%2Fava_0005-72.png",
            "first_name": "Adachi",
            "real_name": "Adachi",
            "display_name": "足立",
            "team": "T033D70RR6H",
            "name": "tousuien05",
            "is_restricted": false,
            "is_ultra_restricted": false
        },
        "thread_ts": "1738778833.660869",
        "parent_user_id": "U0606SPN4BW",
        "blocks": [
            {
                "type": "rich_text",
                "block_id": "2Q6LH",
                "elements": [
                    {
                        "type": "rich_text_section",
                        "elements": [
                            {
                                "type": "user",
                                "user_id": "U0606SPN4BW"
                            },
                            {
                                "type": "text",
                                "text": "\n"
                            },
                            {
                                "type": "usergroup",
                                "usergroup_id": "S073HEMKWV7"
                            },
                            {
                                "type": "text",
                                "text": " "
                            },
                            {
                                "type": "usergroup",
                                "usergroup_id": "S088LEJ1U5T"
                            },
                            {
                                "type": "text",
                                "text": "\n出荷可能日　2\/12（水）にてお願い致します。\n"
                            }
                        ]
                    },
                    {
                        "type": "rich_text_quote",
                        "elements": [
                            {
                                "type": "text",
                                "text": "1 x 茶筅「真」",
                                "style": {
                                    "bold": true
                                }
                            }
                        ]
                    },
                    {
                        "type": "rich_text_section",
                        "elements": [
                            {
                                "type": "text",
                                "text": "今後の供給も踏まえた、店舗販売兼用のものを発送で宜しいですよね？"
                            }
                        ]
                    }
                ]
            }
        ],
        "reactions": [
            {
                "name": "承知-1",
                "users": [
                    "U0606SPN4BW"
                ],
                "count": 1
            },
            {
                "name": "連絡完了",
                "users": [
                    "U0606SPN4BW"
                ],
                "count": 1
            }
        ]
    },
    {
        "user": "U041RJKV5JA",
        "type": "message",
        "ts": "1738998146.332729",
        "client_msg_id": "a6131cb7-8498-4e5d-bc55-eae59456d9db",
        "text": "<@U0606SPN4BW>\n <!subteam^S073HEMKWV7|@hirakawa-adachi-yamamoto-fuse>\n本日、佐川急便にて出荷しました。\nAWB NO. 491768191972\nよろしくお願いいたします。",
        "team": "T033D70RR6H",
        "user_team": "T033D70RR6H",
        "source_team": "T033D70RR6H",
        "user_profile": {
            "avatar_hash": "aed9eafd9eee",
            "image_72": "https:\/\/avatars.slack-edge.com\/2022-09-11\/4078874890257_aed9eafd9eee277ba076_72.png",
            "first_name": "Hirakawa",
            "real_name": "Hirakawa",
            "display_name": "平川",
            "team": "T033D70RR6H",
            "name": "tousuien.s006",
            "is_restricted": false,
            "is_ultra_restricted": false
        },
        "thread_ts": "1738331183.071619",
        "parent_user_id": "U0606SPN4BW",
        "blocks": [
            {
                "type": "rich_text",
                "block_id": "pKbQ\/",
                "elements": [
                    {
                        "type": "rich_text_section",
                        "elements": [
                            {
                                "type": "user",
                                "user_id": "U0606SPN4BW"
                            },
                            {
                                "type": "text",
                                "text": "\n "
                            },
                            {
                                "type": "usergroup",
                                "usergroup_id": "S073HEMKWV7"
                            },
                            {
                                "type": "text",
                                "text": "\n本日、佐川急便にて出荷しました。\nAWB NO. 491768191972\nよろしくお願いいたします。"
                            }
                        ]
                    }
                ]
            }
        ],
        "reactions": [
            {
                "name": "d130b000eb8d6784",
                "users": [
                    "U0606SPN4BW"
                ],
                "count": 1
            },
            {
                "name": "連絡完了",
                "users": [
                    "U0606SPN4BW"
                ],
                "count": 1
            }
        ]
    }
]