[
    {
        "user": "U0331FZTHEK",
        "type": "message",
        "ts": "1737931648.015239",
        "client_msg_id": "0bfca1c3-50f3-457c-87a8-9eb9a3065532",
        "text": "<@U0606SPN4BW>\n <!subteam^S073HEMKWV7|@hirakawa-adachi-yamamoto-fuse>\nご入金を確認致しました。\n・1\/24 [PayPal]\n・40 USD\n回収（入金）処理致します。\nよろしくお願いします。",
        "team": "T033D70RR6H",
        "user_team": "T033D70RR6H",
        "source_team": "T033D70RR6H",
        "user_profile": {
            "avatar_hash": "21cdbd6a05f9",
            "image_72": "https:\/\/avatars.slack-edge.com\/2022-02-16\/3115258488741_21cdbd6a05f9a69110f7_72.png",
            "first_name": "Mitsunobu",
            "real_name": "Mitsunobu Katayose",
            "display_name": "片寄",
            "team": "T033D70RR6H",
            "name": "tousuien03",
            "is_restricted": false,
            "is_ultra_restricted": false
        },
        "thread_ts": "1737632287.154999",
        "parent_user_id": "U0606SPN4BW",
        "blocks": [
            {
                "type": "rich_text",
                "block_id": "7LjVX",
                "elements": [
                    {
                        "type": "rich_text_section",
                        "elements": [
                            {
                                "type": "user",
                                "user_id": "U0606SPN4BW"
                            },
                            {
                                "type": "text",
                                "text": "\n "
                            },
                            {
                                "type": "usergroup",
                                "usergroup_id": "S073HEMKWV7"
                            },
                            {
                                "type": "text",
                                "text": "\nご入金を確認致しました。\n・1\/24 [PayPal]\n・40 USD\n回収（入金）処理致します。\nよろしくお願いします。"
                            }
                        ]
                    }
                ]
            }
        ],
        "reactions": [
            {
                "name": "d130b000eb8d6784",
                "users": [
                    "U0606SPN4BW"
                ],
                "count": 1
            },
            {
                "name": "入金完了",
                "users": [
                    "U0331FZTHEK"
                ],
                "count": 1
            }
        ]
    },
    {
        "user": "U0331FZTHEK",
        "type": "message",
        "ts": "1737931670.515029",
        "client_msg_id": "e85622a7-be88-4cd0-9942-e0812200d069",
        "text": "<@U0606SPN4BW>\n <!subteam^S073HEMKWV7|@hirakawa-adachi-yamamoto-fuse>\nご入金を確認致しました。\n・1\/24 [PayPal]\n・3,000 JPY\n回収（入金）処理致します。\nよろしくお願いします。",
        "team": "T033D70RR6H",
        "user_team": "T033D70RR6H",
        "source_team": "T033D70RR6H",
        "user_profile": {
            "avatar_hash": "21cdbd6a05f9",
            "image_72": "https:\/\/avatars.slack-edge.com\/2022-02-16\/3115258488741_21cdbd6a05f9a69110f7_72.png",
            "first_name": "Mitsunobu",
            "real_name": "Mitsunobu Katayose",
            "display_name": "片寄",
            "team": "T033D70RR6H",
            "name": "tousuien03",
            "is_restricted": false,
            "is_ultra_restricted": false
        },
        "thread_ts": "1737727038.199239",
        "parent_user_id": "U0606SPN4BW",
        "blocks": [
            {
                "type": "rich_text",
                "block_id": "C8vXQ",
                "elements": [
                    {
                        "type": "rich_text_section",
                        "elements": [
                            {
                                "type": "user",
                                "user_id": "U0606SPN4BW"
                            },
                            {
                                "type": "text",
                                "text": "\n "
                            },
                            {
                                "type": "usergroup",
                                "usergroup_id": "S073HEMKWV7"
                            },
                            {
                                "type": "text",
                                "text": "\nご入金を確認致しました。\n・1\/24 [PayPal]\n・3,000 JPY\n回収（入金）処理致します。\nよろしくお願いします。"
                            }
                        ]
                    }
                ]
            }
        ]
    },
    {
        "user": "U03BLQ65GK0",
        "type": "message",
        "ts": "1737937708.338189",
        "client_msg_id": "9055eff6-8312-4b79-9248-87b365f70b2e",
        "text": "<@U0331FWGQRM>\n2つとも在庫ありますので用意可能です。\n\n<!subteam^S073HEMKWV7|@hirakawa-adachi-yamamoto-fuse>\nお客様への品名のことなどあるので、その辺り確認して小分けの指示をお願いします。",
        "team": "T033D70RR6H",
        "user_team": "T033D70RR6H",
        "source_team": "T033D70RR6H",
        "user_profile": {
            "avatar_hash": "8126b71e44ec",
            "image_72": "https:\/\/avatars.slack-edge.com\/2022-04-17\/3403818627748_8126b71e44ec1508fdbd_72.png",
            "first_name": "daiki",
            "real_name": "daiki oka",
            "display_name": "daiki",
            "team": "T033D70RR6H",
            "name": "daiki.oka",
            "is_restricted": false,
            "is_ultra_restricted": false
        },
        "thread_ts": "1737733226.869259",
        "parent_user_id": "U0331FWGQRM",
        "blocks": [
            {
                "type": "rich_text",
                "block_id": "+62lq",
                "elements": [
                    {
                        "type": "rich_text_section",
                        "elements": [
                            {
                                "type": "user",
                                "user_id": "U0331FWGQRM"
                            },
                            {
                                "type": "text",
                                "text": "\n2つとも在庫ありますので用意可能です。\n\n"
                            },
                            {
                                "type": "usergroup",
                                "usergroup_id": "S073HEMKWV7"
                            },
                            {
                                "type": "text",
                                "text": "\nお客様への品名のことなどあるので、その辺り確認して小分けの指示をお願いします。"
                            }
                        ]
                    }
                ]
            }
        ],
        "reactions": [
            {
                "name": "了解です",
                "users": [
                    "U0331FWGQRM"
                ],
                "count": 1
            }
        ]
    },
    {
        "user": "U05KGS6HN9H",
        "type": "message",
        "ts": "1737955651.793499",
        "client_msg_id": "6f35ce0d-afc4-48ba-9375-954b5f7fc992",
        "text": "<@U0606SPN4BW>\n<!subteam^S073HEMKWV7|@hirakawa-adachi-yamamoto-fuse> <!subteam^S088LEJ1U5T|@kanayama-fukui-miyoshi-yokoi-takuwa-hara-imaoka-agou>\n出荷可能日　1\/29（水）にてお願い致します。",
        "team": "T033D70RR6H",
        "user_team": "T033D70RR6H",
        "source_team": "T033D70RR6H",
        "user_profile": {
            "avatar_hash": "gc4e7258333f",
            "image_72": "https:\/\/secure.gravatar.com\/avatar\/c4e7258333f2958f831d063db85b4542.jpg?s=72&d=https%3A%2F%2Fa.slack-edge.com%2Fdf10d%2Fimg%2Favatars%2Fava_0005-72.png",
            "first_name": "Adachi",
            "real_name": "Adachi",
            "display_name": "足立",
            "team": "T033D70RR6H",
            "name": "tousuien05",
            "is_restricted": false,
            "is_ultra_restricted": false
        },
        "thread_ts": "1737547116.888219",
        "parent_user_id": "U0606SPN4BW",
        "blocks": [
            {
                "type": "rich_text",
                "block_id": "29Fg4",
                "elements": [
                    {
                        "type": "rich_text_section",
                        "elements": [
                            {
                                "type": "user",
                                "user_id": "U0606SPN4BW"
                            },
                            {
                                "type": "text",
                                "text": "\n"
                            },
                            {
                                "type": "usergroup",
                                "usergroup_id": "S073HEMKWV7"
                            },
                            {
                                "type": "text",
                                "text": " "
                            },
                            {
                                "type": "usergroup",
                                "usergroup_id": "S088LEJ1U5T"
                            },
                            {
                                "type": "text",
                                "text": "\n出荷可能日　1\/29（水）にてお願い致します。"
                            }
                        ]
                    }
                ]
            }
        ]
    },
    {
        "user": "U05KGS6HN9H",
        "type": "message",
        "ts": "1737960394.217169",
        "client_msg_id": "5004063a-2e11-485d-8755-d474172bbdff",
        "text": "<@U0606SPN4BW>\n<!subteam^S073HEMKWV7|@hirakawa-adachi-yamamoto-fuse> <!subteam^S088LEJ1U5T|@kanayama-fukui-miyoshi-yokoi-takuwa-hara-imaoka-agou>\n本日1\/27のDHLで発送しました。\nAWB No 8229027144\n宜しくお願い致します。",
        "team": "T033D70RR6H",
        "user_team": "T033D70RR6H",
        "source_team": "T033D70RR6H",
        "user_profile": {
            "avatar_hash": "gc4e7258333f",
            "image_72": "https:\/\/secure.gravatar.com\/avatar\/c4e7258333f2958f831d063db85b4542.jpg?s=72&d=https%3A%2F%2Fa.slack-edge.com%2Fdf10d%2Fimg%2Favatars%2Fava_0005-72.png",
            "first_name": "Adachi",
            "real_name": "Adachi",
            "display_name": "足立",
            "team": "T033D70RR6H",
            "name": "tousuien05",
            "is_restricted": false,
            "is_ultra_restricted": false
        },
        "thread_ts": "1737122202.948239",
        "parent_user_id": "U0606SPN4BW",
        "blocks": [
            {
                "type": "rich_text",
                "block_id": "lT9ZL",
                "elements": [
                    {
                        "type": "rich_text_section",
                        "elements": [
                            {
                                "type": "user",
                                "user_id": "U0606SPN4BW"
                            },
                            {
                                "type": "text",
                                "text": "\n"
                            },
                            {
                                "type": "usergroup",
                                "usergroup_id": "S073HEMKWV7"
                            },
                            {
                                "type": "text",
                                "text": " "
                            },
                            {
                                "type": "usergroup",
                                "usergroup_id": "S088LEJ1U5T"
                            },
                            {
                                "type": "text",
                                "text": "\n本日1\/27のDHLで発送しました。\nAWB No 8229027144\n宜しくお願い致します。"
                            }
                        ]
                    }
                ]
            }
        ],
        "reactions": [
            {
                "name": "d130b000eb8d6784",
                "users": [
                    "U0606SPN4BW"
                ],
                "count": 1
            },
            {
                "name": "連絡完了",
                "users": [
                    "U0606SPN4BW"
                ],
                "count": 1
            }
        ]
    },
    {
        "user": "U066P20UQH1",
        "type": "message",
        "ts": "1737963258.856269",
        "client_msg_id": "d4a455c8-f25c-41c2-afd4-03b20785bdc6",
        "text": "<!subteam^S073HEMKWV7|@hirakawa-adachi-yamamoto-fuse> <!subteam^S088LEJ1U5T|@kanayama-fukui-miyoshi-yokoi-takuwa-hara-imaoka-agou> <!subteam^S072Q871SF9|@oka-matsui-furukawa-hayashi-kimura-hasegawa-kawatani>\n*TSE-TMC-SPL-001-25*\nタイ:flag-th:TMC-Nattakit Wongwittawat(alibaba)様からサンプル依頼です。",
        "team": "T033D70RR6H",
        "user_team": "T033D70RR6H",
        "source_team": "T033D70RR6H",
        "user_profile": {
            "avatar_hash": "179323cb3551",
            "image_72": "https:\/\/avatars.slack-edge.com\/2024-04-12\/6955353714228_179323cb3551f7c8ecfe_72.png",
            "first_name": "Haruka",
            "real_name": "Haruka Hayashi",
            "display_name": "林遥香",
            "team": "T033D70RR6H",
            "name": "haru.nboc",
            "is_restricted": false,
            "is_ultra_restricted": false
        },
        "thread_ts": "1737963258.856269",
        "reply_count": 11,
        "reply_users_count": 6,
        "latest_reply": "1738306121.726109",
        "reply_users": [
            "U066P20UQH1",
            "U0331FZTHEK",
            "U05KGS6HN9H",
            "U0331FWGQRM",
            "U0606SPN4BW",
            "U0331FZS7JT"
        ],
        "replies": [
            {
                "user": "U066P20UQH1",
                "ts": "1737963369.243349"
            },
            {
                "user": "U0331FZTHEK",
                "ts": "1737965927.362479"
            },
            {
                "user": "U05KGS6HN9H",
                "ts": "1737979762.100809"
            },
            {
                "user": "U05KGS6HN9H",
                "ts": "1738031935.178469"
            },
            {
                "user": "U066P20UQH1",
                "ts": "1738033888.068919"
            },
            {
                "user": "U0331FWGQRM",
                "ts": "1738082685.931019"
            },
            {
                "user": "U0606SPN4BW",
                "ts": "1738083898.651969"
            },
            {
                "user": "U0331FZS7JT",
                "ts": "1738084455.786169"
            },
            {
                "user": "U0331FWGQRM",
                "ts": "1738111189.848879"
            },
            {
                "user": "U066P20UQH1",
                "ts": "1738118388.416049"
            },
            {
                "user": "U05KGS6HN9H",
                "ts": "1738306121.726109"
            }
        ],
        "is_locked": false,
        "subscribed": true,
        "last_read": "1738306121.726109",
        "blocks": [
            {
                "type": "rich_text",
                "block_id": "bbKZJ",
                "elements": [
                    {
                        "type": "rich_text_section",
                        "elements": [
                            {
                                "type": "usergroup",
                                "usergroup_id": "S073HEMKWV7"
                            },
                            {
                                "type": "text",
                                "text": " "
                            },
                            {
                                "type": "usergroup",
                                "usergroup_id": "S088LEJ1U5T"
                            },
                            {
                                "type": "text",
                                "text": " "
                            },
                            {
                                "type": "usergroup",
                                "usergroup_id": "S072Q871SF9"
                            },
                            {
                                "type": "text",
                                "text": "\n"
                            },
                            {
                                "type": "text",
                                "text": "TSE-TMC-SPL-001-25",
                                "style": {
                                    "bold": true
                                }
                            },
                            {
                                "type": "text",
                                "text": "\nタイ"
                            },
                            {
                                "type": "emoji",
                                "name": "flag-th",
                                "unicode": "1f1f9-1f1ed"
                            },
                            {
                                "type": "text",
                                "text": "TMC-Nattakit Wongwittawat(alibaba)様からサンプル依頼です。"
                            }
                        ]
                    }
                ]
            }
        ],
        "reactions": [
            {
                "name": "承知_致しました",
                "users": [
                    "U041RJKV5JA",
                    "U05KGS6HN9H"
                ],
                "count": 2
            }
        ]
    },
    {
        "text": "<!subteam^S073HEMKWV7|@hirakawa-adachi-yamamoto-fuse>\n袋・ラベル等指定ありません。\nできるだけ早く出荷して欲しいと言われていますが、最短出荷可能日を教えていただけますか:woman-bowing:\n\n<@U0331FZTHEK>\n入金あり次第回収処理をお願いいたします。",
        "files": [
            {
                "id": "F08AAEGMHU5",
                "created": 1737963366,
                "timestamp": 1737963366,
                "name": "原料.png",
                "title": "原料.png",
                "mimetype": "image\/png",
                "filetype": "png",
                "pretty_type": "PNG",
                "user": "U066P20UQH1",
                "user_team": "T033D70RR6H",
                "editable": false,
                "size": 136045,
                "mode": "hosted",
                "is_external": false,
                "external_type": "",
                "is_public": true,
                "public_url_shared": false,
                "display_as_bot": false,
                "username": "",
                "url_private": "https:\/\/files.slack.com\/files-pri\/T033D70RR6H-F08AAEGMHU5\/______.png?token=xoxe-3115238875221-9710624591398-9697214945543-aa82359f925d11baadb4ddc07b089467",
                "url_private_download": "https:\/\/files.slack.com\/files-pri\/T033D70RR6H-F08AAEGMHU5\/download\/______.png?token=xoxe-3115238875221-9710624591398-9697214945543-aa82359f925d11baadb4ddc07b089467",
                "media_display_type": "unknown",
                "thumb_64": "https:\/\/files.slack.com\/files-tmb\/T033D70RR6H-F08AAEGMHU5-25bcae3ccb\/_______64.png?t=xoxe-3115238875221-9710624591398-9697214945543-aa82359f925d11baadb4ddc07b089467",
                "thumb_80": "https:\/\/files.slack.com\/files-tmb\/T033D70RR6H-F08AAEGMHU5-25bcae3ccb\/_______80.png?t=xoxe-3115238875221-9710624591398-9697214945543-aa82359f925d11baadb4ddc07b089467",
                "thumb_360": "https:\/\/files.slack.com\/files-tmb\/T033D70RR6H-F08AAEGMHU5-25bcae3ccb\/_______360.png?t=xoxe-3115238875221-9710624591398-9697214945543-aa82359f925d11baadb4ddc07b089467",
                "thumb_360_w": 360,
                "thumb_360_h": 253,
                "thumb_480": "https:\/\/files.slack.com\/files-tmb\/T033D70RR6H-F08AAEGMHU5-25bcae3ccb\/_______480.png?t=xoxe-3115238875221-9710624591398-9697214945543-aa82359f925d11baadb4ddc07b089467",
                "thumb_480_w": 480,
                "thumb_480_h": 338,
                "thumb_160": "https:\/\/files.slack.com\/files-tmb\/T033D70RR6H-F08AAEGMHU5-25bcae3ccb\/_______160.png?t=xoxe-3115238875221-9710624591398-9697214945543-aa82359f925d11baadb4ddc07b089467",
                "thumb_720": "https:\/\/files.slack.com\/files-tmb\/T033D70RR6H-F08AAEGMHU5-25bcae3ccb\/_______720.png?t=xoxe-3115238875221-9710624591398-9697214945543-aa82359f925d11baadb4ddc07b089467",
                "thumb_720_w": 720,
                "thumb_720_h": 506,
                "thumb_800": "https:\/\/files.slack.com\/files-tmb\/T033D70RR6H-F08AAEGMHU5-25bcae3ccb\/_______800.png?t=xoxe-3115238875221-9710624591398-9697214945543-aa82359f925d11baadb4ddc07b089467",
                "thumb_800_w": 800,
                "thumb_800_h": 563,
                "thumb_960": "https:\/\/files.slack.com\/files-tmb\/T033D70RR6H-F08AAEGMHU5-25bcae3ccb\/_______960.png?t=xoxe-3115238875221-9710624591398-9697214945543-aa82359f925d11baadb4ddc07b089467",
                "thumb_960_w": 960,
                "thumb_960_h": 675,
                "thumb_1024": "https:\/\/files.slack.com\/files-tmb\/T033D70RR6H-F08AAEGMHU5-25bcae3ccb\/_______1024.png?t=xoxe-3115238875221-9710624591398-9697214945543-aa82359f925d11baadb4ddc07b089467",
                "thumb_1024_w": 1024,
                "thumb_1024_h": 720,
                "original_w": 1200,
                "original_h": 844,
                "thumb_tiny": "AwAhADB5PGaM880fnSHHqaAF796XvTT15\/SlxnuaADPrS9qTB\/yaMYoAPxpD9RS\/hSH6CgA7+n1pw+tM7+v1p4oAQdemKWkHXrmloASiiigAooooAKKKKAP\/2Q==",
                "permalink": "https:\/\/grp-ssm9297.slack.com\/files\/U0331FWGQRM\/F08AAEGMHU5\/______.png",
                "permalink_public": "https:\/\/slack-files.com\/T033D70RR6H-F08AAEGMHU5-f14a82bcb0",
                "is_starred": false,
                "skipped_shares": true,
                "has_rich_preview": false,
                "file_access": "visible"
            }
        ],
        "upload": false,
        "user": "U066P20UQH1",
        "display_as_bot": false,
        "blocks": [
            {
                "type": "rich_text",
                "block_id": "Ng55U",
                "elements": [
                    {
                        "type": "rich_text_section",
                        "elements": [
                            {
                                "type": "usergroup",
                                "usergroup_id": "S073HEMKWV7"
                            },
                            {
                                "type": "text",
                                "text": "\n袋・ラベル等指定ありません。\nできるだけ早く出荷して欲しいと言われていますが、最短出荷可能日を教えていただけますか"
                            },
                            {
                                "type": "emoji",
                                "name": "woman-bowing",
                                "unicode": "1f647-200d-2640-fe0f"
                            },
                            {
                                "type": "text",
                                "text": "\n\n"
                            },
                            {
                                "type": "user",
                                "user_id": "U0331FZTHEK"
                            },
                            {
                                "type": "text",
                                "text": "\n入金あり次第回収処理をお願いいたします。"
                            }
                        ]
                    }
                ]
            }
        ],
        "type": "message",
        "ts": "1737963369.243349",
        "client_msg_id": "6d594e1d-bd50-4b71-8919-28eccf3af78c",
        "thread_ts": "1737963258.856269",
        "parent_user_id": "U066P20UQH1",
        "reactions": [
            {
                "name": "7e6ac2088523a821",
                "users": [
                    "U0331FZTHEK"
                ],
                "count": 1
            }
        ]
    },
    {
        "user": "U066P20UQH1",
        "type": "message",
        "ts": "1737963790.851759",
        "client_msg_id": "d57b4a1d-d0da-40b7-9f48-50aba4fbeb68",
        "text": "<!subteam^S073HEMKWV7|@hirakawa-adachi-yamamoto-fuse> <!subteam^S088LEJ1U5T|@kanayama-fukui-miyoshi-yokoi-takuwa-hara-imaoka-agou> <!subteam^S072Q871SF9|@oka-matsui-furukawa-hayashi-kimura-hasegawa-kawatani>\n*TSE-NAT-SPL-001-25*\nタイ:flag-th:NAT-Natthachapim Jitphakdi(alibaba)様からサンプル依頼です",
        "team": "T033D70RR6H",
        "user_team": "T033D70RR6H",
        "source_team": "T033D70RR6H",
        "user_profile": {
            "avatar_hash": "179323cb3551",
            "image_72": "https:\/\/avatars.slack-edge.com\/2024-04-12\/6955353714228_179323cb3551f7c8ecfe_72.png",
            "first_name": "Haruka",
            "real_name": "Haruka Hayashi",
            "display_name": "林遥香",
            "team": "T033D70RR6H",
            "name": "haru.nboc",
            "is_restricted": false,
            "is_ultra_restricted": false
        },
        "thread_ts": "1737963790.851759",
        "reply_count": 8,
        "reply_users_count": 4,
        "latest_reply": "1738835294.975639",
        "reply_users": [
            "U066P20UQH1",
            "U0331FZTHEK",
            "U05KGS6HN9H",
            "U0606SPN4BW"
        ],
        "replies": [
            {
                "user": "U066P20UQH1",
                "ts": "1737963842.464449"
            },
            {
                "user": "U066P20UQH1",
                "ts": "1737964792.644699"
            },
            {
                "user": "U0331FZTHEK",
                "ts": "1738019391.478729"
            },
            {
                "user": "U066P20UQH1",
                "ts": "1738020873.040849"
            },
            {
                "user": "U0331FZTHEK",
                "ts": "1738037860.636579"
            },
            {
                "user": "U05KGS6HN9H",
                "ts": "1738135863.242629"
            },
            {
                "user": "U0606SPN4BW",
                "ts": "1738833650.373949"
            },
            {
                "user": "U05KGS6HN9H",
                "ts": "1738835294.975639"
            }
        ],
        "is_locked": false,
        "subscribed": true,
        "last_read": "1738835294.975639",
        "blocks": [
            {
                "type": "rich_text",
                "block_id": "antU7",
                "elements": [
                    {
                        "type": "rich_text_section",
                        "elements": [
                            {
                                "type": "usergroup",
                                "usergroup_id": "S073HEMKWV7"
                            },
                            {
                                "type": "text",
                                "text": " "
                            },
                            {
                                "type": "usergroup",
                                "usergroup_id": "S088LEJ1U5T"
                            },
                            {
                                "type": "text",
                                "text": " "
                            },
                            {
                                "type": "usergroup",
                                "usergroup_id": "S072Q871SF9"
                            },
                            {
                                "type": "text",
                                "text": "\n"
                            },
                            {
                                "type": "text",
                                "text": "TSE-NAT-SPL-001-25",
                                "style": {
                                    "bold": true
                                }
                            },
                            {
                                "type": "text",
                                "text": "\nタイ"
                            },
                            {
                                "type": "emoji",
                                "name": "flag-th",
                                "unicode": "1f1f9-1f1ed"
                            },
                            {
                                "type": "text",
                                "text": "NAT-Natthachapim Jitphakdi(alibaba)様からサンプル依頼です"
                            }
                        ]
                    }
                ]
            }
        ],
        "reactions": [
            {
                "name": "承知_致しました",
                "users": [
                    "U05KGS6HN9H"
                ],
                "count": 1
            }
        ]
    },
    {
        "text": "<!subteam^S073HEMKWV7|@hirakawa-adachi-yamamoto-fuse>\n出荷可能日を教えてください。:woman-bowing:\n\n<@U0331FZTHEK>\n入金確認次第、回収処理をお願いいたします:woman-bowing:",
        "files": [
            {
                "id": "F08A6MJV6PQ",
                "created": 1737963839,
                "timestamp": 1737963839,
                "name": "原料.png",
                "title": "原料.png",
                "mimetype": "image\/png",
                "filetype": "png",
                "pretty_type": "PNG",
                "user": "U066P20UQH1",
                "user_team": "T033D70RR6H",
                "editable": false,
                "size": 156779,
                "mode": "hosted",
                "is_external": false,
                "external_type": "",
                "is_public": true,
                "public_url_shared": false,
                "display_as_bot": false,
                "username": "",
                "url_private": "https:\/\/files.slack.com\/files-pri\/T033D70RR6H-F08A6MJV6PQ\/______.png?token=xoxe-3115238875221-9710624591398-9697214945543-aa82359f925d11baadb4ddc07b089467",
                "url_private_download": "https:\/\/files.slack.com\/files-pri\/T033D70RR6H-F08A6MJV6PQ\/download\/______.png?token=xoxe-3115238875221-9710624591398-9697214945543-aa82359f925d11baadb4ddc07b089467",
                "media_display_type": "unknown",
                "thumb_64": "https:\/\/files.slack.com\/files-tmb\/T033D70RR6H-F08A6MJV6PQ-b5fae4830c\/_______64.png?t=xoxe-3115238875221-9710624591398-9697214945543-aa82359f925d11baadb4ddc07b089467",
                "thumb_80": "https:\/\/files.slack.com\/files-tmb\/T033D70RR6H-F08A6MJV6PQ-b5fae4830c\/_______80.png?t=xoxe-3115238875221-9710624591398-9697214945543-aa82359f925d11baadb4ddc07b089467",
                "thumb_360": "https:\/\/files.slack.com\/files-tmb\/T033D70RR6H-F08A6MJV6PQ-b5fae4830c\/_______360.png?t=xoxe-3115238875221-9710624591398-9697214945543-aa82359f925d11baadb4ddc07b089467",
                "thumb_360_w": 157,
                "thumb_360_h": 360,
                "thumb_480": "https:\/\/files.slack.com\/files-tmb\/T033D70RR6H-F08A6MJV6PQ-b5fae4830c\/_______480.png?t=xoxe-3115238875221-9710624591398-9697214945543-aa82359f925d11baadb4ddc07b089467",
                "thumb_480_w": 209,
                "thumb_480_h": 480,
                "thumb_160": "https:\/\/files.slack.com\/files-tmb\/T033D70RR6H-F08A6MJV6PQ-b5fae4830c\/_______160.png?t=xoxe-3115238875221-9710624591398-9697214945543-aa82359f925d11baadb4ddc07b089467",
                "thumb_720": "https:\/\/files.slack.com\/files-tmb\/T033D70RR6H-F08A6MJV6PQ-b5fae4830c\/_______720.png?t=xoxe-3115238875221-9710624591398-9697214945543-aa82359f925d11baadb4ddc07b089467",
                "thumb_720_w": 314,
                "thumb_720_h": 720,
                "thumb_800": "https:\/\/files.slack.com\/files-tmb\/T033D70RR6H-F08A6MJV6PQ-b5fae4830c\/_______800.png?t=xoxe-3115238875221-9710624591398-9697214945543-aa82359f925d11baadb4ddc07b089467",
                "thumb_800_w": 349,
                "thumb_800_h": 800,
                "thumb_960": "https:\/\/files.slack.com\/files-tmb\/T033D70RR6H-F08A6MJV6PQ-b5fae4830c\/_______960.png?t=xoxe-3115238875221-9710624591398-9697214945543-aa82359f925d11baadb4ddc07b089467",
                "thumb_960_w": 418,
                "thumb_960_h": 960,
                "thumb_1024": "https:\/\/files.slack.com\/files-tmb\/T033D70RR6H-F08A6MJV6PQ-b5fae4830c\/_______1024.png?t=xoxe-3115238875221-9710624591398-9697214945543-aa82359f925d11baadb4ddc07b089467",
                "thumb_1024_w": 446,
                "thumb_1024_h": 1024,
                "original_w": 576,
                "original_h": 1322,
                "thumb_tiny": "AwAwABR+aM\/nRSd6AFoo7UUAFJ0NLSd\/\/r0AGeKWkHSloAKTv\/8AWpaTvQADpS0DpRQB\/9k=",
                "permalink": "https:\/\/grp-ssm9297.slack.com\/files\/U0331FWGQRM\/F08A6MJV6PQ\/______.png",
                "permalink_public": "https:\/\/slack-files.com\/T033D70RR6H-F08A6MJV6PQ-dfb8045b75",
                "is_starred": false,
                "skipped_shares": true,
                "has_rich_preview": false,
                "file_access": "visible"
            }
        ],
        "upload": false,
        "user": "U066P20UQH1",
        "display_as_bot": false,
        "blocks": [
            {
                "type": "rich_text",
                "block_id": "wq5Yq",
                "elements": [
                    {
                        "type": "rich_text_section",
                        "elements": [
                            {
                                "type": "usergroup",
                                "usergroup_id": "S073HEMKWV7"
                            },
                            {
                                "type": "text",
                                "text": "\n出荷可能日を教えてください。"
                            },
                            {
                                "type": "emoji",
                                "name": "woman-bowing",
                                "unicode": "1f647-200d-2640-fe0f"
                            },
                            {
                                "type": "text",
                                "text": "\n\n"
                            },
                            {
                                "type": "user",
                                "user_id": "U0331FZTHEK"
                            },
                            {
                                "type": "text",
                                "text": "\n入金確認次第、回収処理をお願いいたします"
                            },
                            {
                                "type": "emoji",
                                "name": "woman-bowing",
                                "unicode": "1f647-200d-2640-fe0f"
                            }
                        ]
                    }
                ]
            }
        ],
        "type": "message",
        "ts": "1737963842.464449",
        "client_msg_id": "57bf95ae-6b05-4ccc-bf75-0c9134b631c2",
        "thread_ts": "1737963790.851759",
        "parent_user_id": "U066P20UQH1",
        "reactions": [
            {
                "name": "7e6ac2088523a821",
                "users": [
                    "U0331FZTHEK"
                ],
                "count": 1
            }
        ]
    },
    {
        "user": "U041RJKV5JA",
        "type": "message",
        "ts": "1737963910.108659",
        "client_msg_id": "b2772f2f-79f6-498a-840a-25af72c78786",
        "text": "<@U066P20UQH1>\n <!subteam^S073HEMKWV7|@hirakawa-adachi-yamamoto-fuse>\n本日、DHLにて出荷しました。\nAWB NO. 8229026875\nよろしくお願いいたします。",
        "team": "T033D70RR6H",
        "user_team": "T033D70RR6H",
        "source_team": "T033D70RR6H",
        "user_profile": {
            "avatar_hash": "aed9eafd9eee",
            "image_72": "https:\/\/avatars.slack-edge.com\/2022-09-11\/4078874890257_aed9eafd9eee277ba076_72.png",
            "first_name": "Hirakawa",
            "real_name": "Hirakawa",
            "display_name": "平川",
            "team": "T033D70RR6H",
            "name": "tousuien.s006",
            "is_restricted": false,
            "is_ultra_restricted": false
        },
        "thread_ts": "1737617644.940069",
        "parent_user_id": "U066P20UQH1",
        "blocks": [
            {
                "type": "rich_text",
                "block_id": "fhdNU",
                "elements": [
                    {
                        "type": "rich_text_section",
                        "elements": [
                            {
                                "type": "user",
                                "user_id": "U066P20UQH1"
                            },
                            {
                                "type": "text",
                                "text": "\n "
                            },
                            {
                                "type": "usergroup",
                                "usergroup_id": "S073HEMKWV7"
                            },
                            {
                                "type": "text",
                                "text": "\n本日、DHLにて出荷しました。\nAWB NO. 8229026875\nよろしくお願いいたします。"
                            }
                        ]
                    }
                ]
            }
        ],
        "reactions": [
            {
                "name": "連絡完了",
                "users": [
                    "U0606SPN4BW"
                ],
                "count": 1
            }
        ]
    },
    {
        "user": "U066P20UQH1",
        "type": "message",
        "ts": "1737964729.087829",
        "client_msg_id": "834a2919-e094-42b5-9465-3ba947e47345",
        "text": "<!subteam^S073HEMKWV7|@hirakawa-adachi-yamamoto-fuse>\nこちら、出荷可能日を教えていただけますか？（お客様から、もう出荷しましたか？と聞かれております汗）",
        "team": "T033D70RR6H",
        "user_team": "T033D70RR6H",
        "source_team": "T033D70RR6H",
        "user_profile": {
            "avatar_hash": "179323cb3551",
            "image_72": "https:\/\/avatars.slack-edge.com\/2024-04-12\/6955353714228_179323cb3551f7c8ecfe_72.png",
            "first_name": "Haruka",
            "real_name": "Haruka Hayashi",
            "display_name": "林遥香",
            "team": "T033D70RR6H",
            "name": "haru.nboc",
            "is_restricted": false,
            "is_ultra_restricted": false
        },
        "thread_ts": "1737727038.199239",
        "parent_user_id": "U0606SPN4BW",
        "blocks": [
            {
                "type": "rich_text",
                "block_id": "KefW+",
                "elements": [
                    {
                        "type": "rich_text_section",
                        "elements": [
                            {
                                "type": "usergroup",
                                "usergroup_id": "S073HEMKWV7"
                            },
                            {
                                "type": "text",
                                "text": "\nこちら、出荷可能日を教えていただけますか？（お客様から、もう出荷しましたか？と聞かれております汗）"
                            }
                        ]
                    }
                ]
            }
        ]
    },
    {
        "user": "U066P20UQH1",
        "type": "message",
        "ts": "1737964792.644699",
        "client_msg_id": "87645087-ea6e-41f3-9a35-1fbe30939f0d",
        "text": "<@U0331FZTHEK>\n入金ありました:woman-bowing:",
        "team": "T033D70RR6H",
        "user_team": "T033D70RR6H",
        "source_team": "T033D70RR6H",
        "user_profile": {
            "avatar_hash": "179323cb3551",
            "image_72": "https:\/\/avatars.slack-edge.com\/2024-04-12\/6955353714228_179323cb3551f7c8ecfe_72.png",
            "first_name": "Haruka",
            "real_name": "Haruka Hayashi",
            "display_name": "林遥香",
            "team": "T033D70RR6H",
            "name": "haru.nboc",
            "is_restricted": false,
            "is_ultra_restricted": false
        },
        "thread_ts": "1737963790.851759",
        "parent_user_id": "U066P20UQH1",
        "blocks": [
            {
                "type": "rich_text",
                "block_id": "rjA8\/",
                "elements": [
                    {
                        "type": "rich_text_section",
                        "elements": [
                            {
                                "type": "user",
                                "user_id": "U0331FZTHEK"
                            },
                            {
                                "type": "text",
                                "text": "\n入金ありました"
                            },
                            {
                                "type": "emoji",
                                "name": "woman-bowing",
                                "unicode": "1f647-200d-2640-fe0f"
                            }
                        ]
                    }
                ]
            }
        ]
    }
]