[
    {
        "user": "U0331FWGQRM",
        "type": "message",
        "ts": "1759150112.071209",
        "client_msg_id": "a3933d6b-005b-424b-8c26-99ba3bd86e05",
        "text": "<@U0331FZS7JT>\nこれなら何トン出せる？と質問来ております。\nどうでしょう？？",
        "team": "T033D70RR6H",
        "user_team": "T033D70RR6H",
        "source_team": "T033D70RR6H",
        "user_profile": {
            "avatar_hash": "gf9d05f2cae1",
            "image_72": "https:\/\/secure.gravatar.com\/avatar\/f9d05f2cae161f657bb1248fc85b5235.jpg?s=72&d=https%3A%2F%2Fa.slack-edge.com%2Fdf10d%2Fimg%2Favatars%2Fava_0008-72.png",
            "first_name": "matsui",
            "real_name": "matsui",
            "display_name": "松井",
            "team": "T033D70RR6H",
            "name": "tousuien.matsui",
            "is_restricted": false,
            "is_ultra_restricted": false
        },
        "thread_ts": "1756374088.459259",
        "parent_user_id": "U0331FZS7JT",
        "blocks": [
            {
                "type": "rich_text",
                "block_id": "Z0z\/r",
                "elements": [
                    {
                        "type": "rich_text_section",
                        "elements": [
                            {
                                "type": "user",
                                "user_id": "U0331FZS7JT"
                            },
                            {
                                "type": "text",
                                "text": "\nこれなら何トン出せる？と質問来ております。\nどうでしょう？？"
                            }
                        ]
                    }
                ]
            }
        ]
    },
    {
        "user": "U0331FZS7JT",
        "type": "message",
        "ts": "1759151248.972469",
        "client_msg_id": "7f44be6f-8006-4cd1-b003-89c6464a50d0",
        "text": "<@U0331FWGQRM>\n明日、新たに入ってくる予定の出雲抹茶R品質原料の入荷量なども含めて確認します！\nすみませんが、しばしお待ちを:pray:",
        "team": "T033D70RR6H",
        "user_team": "T033D70RR6H",
        "source_team": "T033D70RR6H",
        "user_profile": {
            "avatar_hash": "2c9de1514f26",
            "image_72": "https:\/\/avatars.slack-edge.com\/2022-02-16\/3118160981555_2c9de1514f262063f72d_72.png",
            "first_name": "Yuta",
            "real_name": "Yuta Oka",
            "display_name": "岡祐太",
            "team": "T033D70RR6H",
            "name": "yuta.oka.0915",
            "is_restricted": false,
            "is_ultra_restricted": false
        },
        "thread_ts": "1756374088.459259",
        "parent_user_id": "U0331FZS7JT",
        "blocks": [
            {
                "type": "rich_text",
                "block_id": "\/\/BIz",
                "elements": [
                    {
                        "type": "rich_text_section",
                        "elements": [
                            {
                                "type": "user",
                                "user_id": "U0331FWGQRM"
                            },
                            {
                                "type": "text",
                                "text": "\n明日、新たに入ってくる予定の出雲抹茶R品質原料の入荷量なども含めて確認します！\nすみませんが、しばしお待ちを"
                            },
                            {
                                "type": "emoji",
                                "name": "pray",
                                "unicode": "1f64f"
                            }
                        ]
                    }
                ]
            }
        ],
        "reactions": [
            {
                "name": "d130b000eb8d6784",
                "users": [
                    "U0331FWGQRM"
                ],
                "count": 1
            }
        ]
    },
    {
        "user": "U0331FWGQRM",
        "type": "message",
        "ts": "1759190118.519129",
        "edited": {
            "user": "U0331FWGQRM",
            "ts": "1759190649.000000"
        },
        "client_msg_id": "d5f8c847-fb8a-48a6-b553-38e617ba4e74",
        "text": "<@U0331FZS7JT>\nありがとうございます\n慣行の代替も（もしあれば）選択肢に入れてもらって問題ないのでよろしくお願いします！",
        "team": "T033D70RR6H",
        "user_team": "T033D70RR6H",
        "source_team": "T033D70RR6H",
        "user_profile": {
            "avatar_hash": "gf9d05f2cae1",
            "image_72": "https:\/\/secure.gravatar.com\/avatar\/f9d05f2cae161f657bb1248fc85b5235.jpg?s=72&d=https%3A%2F%2Fa.slack-edge.com%2Fdf10d%2Fimg%2Favatars%2Fava_0008-72.png",
            "first_name": "matsui",
            "real_name": "matsui",
            "display_name": "松井",
            "team": "T033D70RR6H",
            "name": "tousuien.matsui",
            "is_restricted": false,
            "is_ultra_restricted": false
        },
        "thread_ts": "1756374088.459259",
        "parent_user_id": "U0331FZS7JT",
        "blocks": [
            {
                "type": "rich_text",
                "block_id": "W2YkL",
                "elements": [
                    {
                        "type": "rich_text_section",
                        "elements": [
                            {
                                "type": "user",
                                "user_id": "U0331FZS7JT"
                            },
                            {
                                "type": "text",
                                "text": "\nありがとうございます\n慣行の代替も（もしあれば）選択肢に入れてもらって問題ないのでよろしくお願いします！"
                            }
                        ]
                    }
                ]
            }
        ],
        "reactions": [
            {
                "name": "raised_hands",
                "users": [
                    "U0331FZS7JT"
                ],
                "count": 1
            }
        ]
    },
    {
        "user": "U08RVRNBY00",
        "type": "message",
        "ts": "1759191052.420859",
        "client_msg_id": "6a9d8f8c-eac9-477e-919e-cfffd6fc49d0",
        "text": "<!subteam^S073HEMKWV7|@hirakawa-adachi-yamamoto-fuse> <!subteam^S088LEJ1U5T|@kanayama-fukui-miyoshi-yokoi-takuwa-hara-imaoka-agou> CC:<@U0331FZS7JT>\n*TSE-CHS-SPL-002-25*\n:flag-th:タイ：CHS-Chaseki（Insta)様からサンプル注文いただきました。",
        "team": "T033D70RR6H",
        "user_team": "T033D70RR6H",
        "source_team": "T033D70RR6H",
        "user_profile": {
            "avatar_hash": "g347f3e803ab",
            "image_72": "https:\/\/secure.gravatar.com\/avatar\/347f3e803abca8b6a7b724895864d138.jpg?s=72&d=https%3A%2F%2Fa.slack-edge.com%2Fdf10d%2Fimg%2Favatars%2Fava_0001-72.png",
            "first_name": "Hikako",
            "real_name": "Hikako Hasegawa",
            "display_name": "Hikako Hasegawa",
            "team": "T033D70RR6H",
            "name": "tousuien.hasegawa",
            "is_restricted": false,
            "is_ultra_restricted": false
        },
        "thread_ts": "1759191052.420859",
        "reply_count": 2,
        "reply_users_count": 1,
        "latest_reply": "1760171454.380939",
        "reply_users": [
            "U08RVRNBY00"
        ],
        "replies": [
            {
                "user": "U08RVRNBY00",
                "ts": "1759191388.481789"
            },
            {
                "user": "U08RVRNBY00",
                "ts": "1760171454.380939"
            }
        ],
        "is_locked": false,
        "subscribed": false,
        "blocks": [
            {
                "type": "rich_text",
                "block_id": "5w+3h",
                "elements": [
                    {
                        "type": "rich_text_section",
                        "elements": [
                            {
                                "type": "usergroup",
                                "usergroup_id": "S073HEMKWV7"
                            },
                            {
                                "type": "text",
                                "text": " "
                            },
                            {
                                "type": "usergroup",
                                "usergroup_id": "S088LEJ1U5T"
                            },
                            {
                                "type": "text",
                                "text": " CC:"
                            },
                            {
                                "type": "user",
                                "user_id": "U0331FZS7JT"
                            },
                            {
                                "type": "text",
                                "text": "\n"
                            },
                            {
                                "type": "text",
                                "text": "TSE-CHS-SPL-002-25",
                                "style": {
                                    "bold": true
                                }
                            },
                            {
                                "type": "text",
                                "text": "\n"
                            },
                            {
                                "type": "emoji",
                                "name": "flag-th",
                                "unicode": "1f1f9-1f1ed"
                            },
                            {
                                "type": "text",
                                "text": "タイ：CHS-Chaseki（Insta)様からサンプル注文いただきました。"
                            }
                        ]
                    }
                ]
            }
        ]
    },
    {
        "user": "U08RVRNBY00",
        "type": "message",
        "ts": "1759191388.481789",
        "client_msg_id": "dab7b10c-4011-41cd-a19a-53c849854c32",
        "text": "<!subteam^S073HEMKWV7|@hirakawa-adachi-yamamoto-fuse> <!subteam^S088LEJ1U5T|@kanayama-fukui-miyoshi-yokoi-takuwa-hara-imaoka-agou> cc:<@U0331FZS7JT>\n発送手続き、および発送日のお知らせをお願いします。\n*可能な限り、早めのご出荷をご調整いただけますと幸いです。*\nこちら、香岳園商品の代替提案となりますため、誠に勝手ながらお願い申し上げます:woman-bowing:\n\n<!subteam^S08NN8M4LAZ|@katayose-kamiya>　\n無償提供です\n\n▼注文内容 (計 8種類)\n&lt; サンプル 10g &gt;\n```SAMPLE:Grade A\/ Ujihikari　桃翠園\tうじひかり(単一)\nSAMPLE:Grade B\/ Ujimidori　桃翠園\tうじみどり(単一)\nSAMPLE:Grade C\/Samidori　桃翠園\tさみどり(単一)\nSAMPLE:Grade D\/Gokou　利招園茶舗\tごこう(単一)\nSAMPLE:Grade E\/Okumidori　茗広茶業\t宇治抹茶おくみどり11000\nSAMPLE:Grade F\/Yabukita　桃翠園\tやぶきた(単一)\nSAMPLE:IZUMO MIDORI NO MUKASHI　出雲精茶\t出雲翠の昔\nSAMPLE:UGA NO SHIRO　出雲精茶\t宇迦の白```\n発送：佐川急便（国内発送）\n箱：ボタニカル",
        "team": "T033D70RR6H",
        "user_team": "T033D70RR6H",
        "source_team": "T033D70RR6H",
        "user_profile": {
            "avatar_hash": "g347f3e803ab",
            "image_72": "https:\/\/secure.gravatar.com\/avatar\/347f3e803abca8b6a7b724895864d138.jpg?s=72&d=https%3A%2F%2Fa.slack-edge.com%2Fdf10d%2Fimg%2Favatars%2Fava_0001-72.png",
            "first_name": "Hikako",
            "real_name": "Hikako Hasegawa",
            "display_name": "Hikako Hasegawa",
            "team": "T033D70RR6H",
            "name": "tousuien.hasegawa",
            "is_restricted": false,
            "is_ultra_restricted": false
        },
        "thread_ts": "1759191052.420859",
        "parent_user_id": "U08RVRNBY00",
        "blocks": [
            {
                "type": "rich_text",
                "block_id": "ElUjp",
                "elements": [
                    {
                        "type": "rich_text_section",
                        "elements": [
                            {
                                "type": "usergroup",
                                "usergroup_id": "S073HEMKWV7"
                            },
                            {
                                "type": "text",
                                "text": " "
                            },
                            {
                                "type": "usergroup",
                                "usergroup_id": "S088LEJ1U5T"
                            },
                            {
                                "type": "text",
                                "text": " cc:"
                            },
                            {
                                "type": "user",
                                "user_id": "U0331FZS7JT"
                            },
                            {
                                "type": "text",
                                "text": "\n発送手続き、および発送日のお知らせをお願いします。\n"
                            },
                            {
                                "type": "text",
                                "text": "可能な限り、早めのご出荷をご調整いただけますと幸いです。",
                                "style": {
                                    "bold": true
                                }
                            },
                            {
                                "type": "text",
                                "text": "\nこちら、香岳園商品の代替提案となりますため、誠に勝手ながらお願い申し上げます"
                            },
                            {
                                "type": "emoji",
                                "name": "woman-bowing",
                                "unicode": "1f647-200d-2640-fe0f"
                            },
                            {
                                "type": "text",
                                "text": "\n\n"
                            },
                            {
                                "type": "usergroup",
                                "usergroup_id": "S08NN8M4LAZ"
                            },
                            {
                                "type": "text",
                                "text": "　\n無償提供です\n\n▼注文内容 (計 8種類)\n< サンプル 10g >\n"
                            }
                        ]
                    },
                    {
                        "type": "rich_text_preformatted",
                        "elements": [
                            {
                                "type": "text",
                                "text": "SAMPLE:Grade A\/ Ujihikari　桃翠園\tうじひかり(単一)\nSAMPLE:Grade B\/ Ujimidori　桃翠園\tうじみどり(単一)\nSAMPLE:Grade C\/Samidori　桃翠園\tさみどり(単一)\nSAMPLE:Grade D\/Gokou　利招園茶舗\tごこう(単一)\nSAMPLE:Grade E\/Okumidori　茗広茶業\t宇治抹茶おくみどり11000\nSAMPLE:Grade F\/Yabukita　桃翠園\tやぶきた(単一)\nSAMPLE:IZUMO MIDORI NO MUKASHI　出雲精茶\t出雲翠の昔\nSAMPLE:UGA NO SHIRO　出雲精茶\t宇迦の白"
                            }
                        ],
                        "border": 0
                    },
                    {
                        "type": "rich_text_section",
                        "elements": [
                            {
                                "type": "text",
                                "text": "\n発送：佐川急便（国内発送）\n箱：ボタニカル"
                            }
                        ]
                    }
                ]
            }
        ],
        "reactions": [
            {
                "name": "承知_致しました",
                "users": [
                    "U0331FZTHEK"
                ],
                "count": 1
            },
            {
                "name": "7e6ac2088523a821",
                "users": [
                    "U08NVD403GV"
                ],
                "count": 1
            }
        ]
    }
]