[
    {
        "user": "U0331FWGQRM",
        "type": "message",
        "ts": "1735991203.435309",
        "edited": {
            "user": "U0331FWGQRM",
            "ts": "1735991401.000000"
        },
        "client_msg_id": "5af751ef-5c60-4877-99f2-bba55e3f051e",
        "text": "<!subteam^S073HEMKWV7|@hirakawa-adachi-yamamoto-fuse> cc <@U0331FZS7JT>\n:flag-ch:Sebastyanのお客様Jamie（@:flag-ph:フィリピン）にサンプル発送お願いします。",
        "team": "T033D70RR6H",
        "user_team": "T033D70RR6H",
        "source_team": "T033D70RR6H",
        "user_profile": {
            "avatar_hash": "gf9d05f2cae1",
            "image_72": "https:\/\/secure.gravatar.com\/avatar\/f9d05f2cae161f657bb1248fc85b5235.jpg?s=72&d=https%3A%2F%2Fa.slack-edge.com%2Fdf10d%2Fimg%2Favatars%2Fava_0008-72.png",
            "first_name": "matsui",
            "real_name": "matsui",
            "display_name": "松井",
            "team": "T033D70RR6H",
            "name": "tousuien.matsui",
            "is_restricted": false,
            "is_ultra_restricted": false
        },
        "thread_ts": "1735991203.435309",
        "reply_count": 3,
        "reply_users_count": 2,
        "latest_reply": "1736315331.503899",
        "reply_users": [
            "U0331FWGQRM",
            "U041RJKV5JA"
        ],
        "replies": [
            {
                "user": "U0331FWGQRM",
                "ts": "1735991378.535029"
            },
            {
                "user": "U041RJKV5JA",
                "ts": "1736210578.781179"
            },
            {
                "user": "U041RJKV5JA",
                "ts": "1736315331.503899"
            }
        ],
        "is_locked": false,
        "subscribed": true,
        "last_read": "1736315331.503899",
        "blocks": [
            {
                "type": "rich_text",
                "block_id": "7y6zr",
                "elements": [
                    {
                        "type": "rich_text_section",
                        "elements": [
                            {
                                "type": "usergroup",
                                "usergroup_id": "S073HEMKWV7"
                            },
                            {
                                "type": "text",
                                "text": " cc "
                            },
                            {
                                "type": "user",
                                "user_id": "U0331FZS7JT"
                            },
                            {
                                "type": "text",
                                "text": "\n"
                            },
                            {
                                "type": "emoji",
                                "name": "flag-ch",
                                "unicode": "1f1e8-1f1ed"
                            },
                            {
                                "type": "text",
                                "text": "Sebastyanのお客様Jamie（@"
                            },
                            {
                                "type": "emoji",
                                "name": "flag-ph",
                                "unicode": "1f1f5-1f1ed"
                            },
                            {
                                "type": "text",
                                "text": "フィリピン）にサンプル発送お願いします。"
                            }
                        ]
                    }
                ]
            }
        ],
        "reactions": [
            {
                "name": "承知_致しました",
                "users": [
                    "U041RJKV5JA"
                ],
                "count": 1
            }
        ]
    },
    {
        "user": "U0331FWGQRM",
        "type": "message",
        "ts": "1735991378.535029",
        "client_msg_id": "96a3f643-6a0a-42e6-9f2f-6f1b7b4ff4ed",
        "text": "過去に出荷実績あります。\n（TSE-MTL-SPL-012-24）\n\n今回は、\n5 袋の pure matcha\n3 袋の mango matcha\n\n※中身は何もB2 matchaでOKです。",
        "team": "T033D70RR6H",
        "user_team": "T033D70RR6H",
        "source_team": "T033D70RR6H",
        "user_profile": {
            "avatar_hash": "gf9d05f2cae1",
            "image_72": "https:\/\/secure.gravatar.com\/avatar\/f9d05f2cae161f657bb1248fc85b5235.jpg?s=72&d=https%3A%2F%2Fa.slack-edge.com%2Fdf10d%2Fimg%2Favatars%2Fava_0008-72.png",
            "first_name": "matsui",
            "real_name": "matsui",
            "display_name": "松井",
            "team": "T033D70RR6H",
            "name": "tousuien.matsui",
            "is_restricted": false,
            "is_ultra_restricted": false
        },
        "thread_ts": "1735991203.435309",
        "parent_user_id": "U0331FWGQRM",
        "blocks": [
            {
                "type": "rich_text",
                "block_id": "ClJwU",
                "elements": [
                    {
                        "type": "rich_text_section",
                        "elements": [
                            {
                                "type": "text",
                                "text": "過去に出荷実績あります。\n（TSE-MTL-SPL-012-24）\n\n今回は、\n5 袋の pure matcha\n3 袋の mango matcha\n\n※中身は何もB2 matchaでOKです。"
                            }
                        ]
                    }
                ]
            }
        ]
    }
]