[
    {
        "user": "U066P20UQH1",
        "type": "message",
        "ts": "1753319128.709549",
        "client_msg_id": "7ce7cc68-52f5-4043-9229-3dc0703f0ba5",
        "text": "<@U08N3SKSL75> <@U05KGS6HN9H> cc <@U0331FZS7JT> <@U0331FWGQRM>\n8\/3-8\/9 貴州・浙江省 出張スケジュール、予約情報他",
        "team": "T033D70RR6H",
        "user_team": "T033D70RR6H",
        "source_team": "T033D70RR6H",
        "user_profile": {
            "avatar_hash": "179323cb3551",
            "image_72": "https:\/\/avatars.slack-edge.com\/2024-04-12\/6955353714228_179323cb3551f7c8ecfe_72.png",
            "first_name": "Haruka",
            "real_name": "Haruka Hayashi",
            "display_name": "林遥香",
            "team": "T033D70RR6H",
            "name": "haru.nboc",
            "is_restricted": false,
            "is_ultra_restricted": false
        },
        "thread_ts": "1753319128.709549",
        "reply_count": 6,
        "reply_users_count": 2,
        "latest_reply": "1753438474.477129",
        "reply_users": [
            "U066P20UQH1",
            "U0331FZS7JT"
        ],
        "replies": [
            {
                "user": "U066P20UQH1",
                "ts": "1753319402.755199"
            },
            {
                "user": "U066P20UQH1",
                "ts": "1753319500.653909"
            },
            {
                "user": "U0331FZS7JT",
                "ts": "1753319963.654129"
            },
            {
                "user": "U066P20UQH1",
                "ts": "1753437759.608119"
            },
            {
                "user": "U066P20UQH1",
                "ts": "1753437961.146969"
            },
            {
                "user": "U066P20UQH1",
                "ts": "1753438474.477129"
            }
        ],
        "is_locked": false,
        "subscribed": true,
        "last_read": "1753438474.477129",
        "blocks": [
            {
                "type": "rich_text",
                "block_id": "XiQIT",
                "elements": [
                    {
                        "type": "rich_text_section",
                        "elements": [
                            {
                                "type": "user",
                                "user_id": "U08N3SKSL75"
                            },
                            {
                                "type": "text",
                                "text": " "
                            },
                            {
                                "type": "user",
                                "user_id": "U05KGS6HN9H"
                            },
                            {
                                "type": "text",
                                "text": " cc "
                            },
                            {
                                "type": "user",
                                "user_id": "U0331FZS7JT"
                            },
                            {
                                "type": "text",
                                "text": " "
                            },
                            {
                                "type": "user",
                                "user_id": "U0331FWGQRM"
                            },
                            {
                                "type": "text",
                                "text": "\n8\/3-8\/9 貴州・浙江省 出張スケジュール、予約情報他"
                            }
                        ]
                    }
                ]
            }
        ],
        "reactions": [
            {
                "name": "pray",
                "users": [
                    "U08N3SKSL75"
                ],
                "count": 1
            }
        ]
    },
    {
        "text": "*8\/3 林　羽田→関空　¥13,110*(JCB4029決済)\n```※オンラインチェックインの詳細はこちらからご確認ください。\n<https:\/\/www.starflyer.jp\/checkin\/boarding\/onlinecheckin\/>\n\n◆お客様\n ハヤシ ハルカ 様\n◆フライト\n 8月3日 SFJ021便\n 東京羽田　08:45発 → 大阪関西　10:10着\n ●予約番号 [3153]\n ご利用運賃　ＳＴＡＲ３Ｂ\nお座席　SFJ021便　8D\n\n 運賃合計 13,110円\n ●確認番号 [228962680]```",
        "files": [
            {
                "id": "F0978SGD8AG",
                "created": 1753319396,
                "timestamp": 1753319396,
                "name": "スクリーンショット 2025-07-24 10.00.40.png",
                "title": "スクリーンショット 2025-07-24 10.00.40.png",
                "mimetype": "image\/png",
                "filetype": "png",
                "pretty_type": "PNG",
                "user": "U066P20UQH1",
                "user_team": "T033D70RR6H",
                "editable": false,
                "size": 118008,
                "mode": "hosted",
                "is_external": false,
                "external_type": "",
                "is_public": true,
                "public_url_shared": false,
                "display_as_bot": false,
                "username": "",
                "url_private": "https:\/\/files.slack.com\/files-pri\/T033D70RR6H-F0978SGD8AG\/____________________________2025-07-24_10.00.40.png?token=xoxe-3115238875221-9710624591398-9697214945543-aa82359f925d11baadb4ddc07b089467",
                "url_private_download": "https:\/\/files.slack.com\/files-pri\/T033D70RR6H-F0978SGD8AG\/download\/____________________________2025-07-24_10.00.40.png?token=xoxe-3115238875221-9710624591398-9697214945543-aa82359f925d11baadb4ddc07b089467",
                "media_display_type": "unknown",
                "thumb_64": "https:\/\/files.slack.com\/files-tmb\/T033D70RR6H-F0978SGD8AG-d184dfe7d1\/____________________________2025-07-24_10.00.40_64.png?t=xoxe-3115238875221-9710624591398-9697214945543-aa82359f925d11baadb4ddc07b089467",
                "thumb_80": "https:\/\/files.slack.com\/files-tmb\/T033D70RR6H-F0978SGD8AG-d184dfe7d1\/____________________________2025-07-24_10.00.40_80.png?t=xoxe-3115238875221-9710624591398-9697214945543-aa82359f925d11baadb4ddc07b089467",
                "thumb_360": "https:\/\/files.slack.com\/files-tmb\/T033D70RR6H-F0978SGD8AG-d184dfe7d1\/____________________________2025-07-24_10.00.40_360.png?t=xoxe-3115238875221-9710624591398-9697214945543-aa82359f925d11baadb4ddc07b089467",
                "thumb_360_w": 355,
                "thumb_360_h": 360,
                "thumb_480": "https:\/\/files.slack.com\/files-tmb\/T033D70RR6H-F0978SGD8AG-d184dfe7d1\/____________________________2025-07-24_10.00.40_480.png?t=xoxe-3115238875221-9710624591398-9697214945543-aa82359f925d11baadb4ddc07b089467",
                "thumb_480_w": 474,
                "thumb_480_h": 480,
                "thumb_160": "https:\/\/files.slack.com\/files-tmb\/T033D70RR6H-F0978SGD8AG-d184dfe7d1\/____________________________2025-07-24_10.00.40_160.png?t=xoxe-3115238875221-9710624591398-9697214945543-aa82359f925d11baadb4ddc07b089467",
                "thumb_720": "https:\/\/files.slack.com\/files-tmb\/T033D70RR6H-F0978SGD8AG-d184dfe7d1\/____________________________2025-07-24_10.00.40_720.png?t=xoxe-3115238875221-9710624591398-9697214945543-aa82359f925d11baadb4ddc07b089467",
                "thumb_720_w": 711,
                "thumb_720_h": 720,
                "thumb_800": "https:\/\/files.slack.com\/files-tmb\/T033D70RR6H-F0978SGD8AG-d184dfe7d1\/____________________________2025-07-24_10.00.40_800.png?t=xoxe-3115238875221-9710624591398-9697214945543-aa82359f925d11baadb4ddc07b089467",
                "thumb_800_w": 800,
                "thumb_800_h": 811,
                "original_w": 826,
                "original_h": 837,
                "thumb_tiny": "AwAwADB0ummSZj5hAZi2dg7\/AI5pn9kn\/nqf++P\/AK9aRUZOWI\/4FTcJkDec+m6gDNOlEDIdj7BR\/jT\/AOyP+m\/\/AI5\/9etHaucZOf8AeNLsHqf++jQBm\/2R\/wBN\/wDxz\/69Oi0vy5kfzslSGxt6\/rWhsHqf++jSbFznnI9zQAHJb7rfXP8A9elA47j8aaS\/qOv9wmkJk7Ff++DQA\/A9\/wA6Wov3mc7h1\/un\/Gm+Wc53nOc\/xY\/LNAE2Pr+dLUPlknJc5zkY3Y\/LNMUAyD95k7s8M38s\/wD1vakMleVFYq0gU+npSjLAEOcdeAKdg7sk8dhilpiEwfWlpGYL1z+AJoDBiQM8eoIoAWoxAoYMMcdto\/PpUlFAH\/\/Z",
                "permalink": "https:\/\/grp-ssm9297.slack.com\/files\/U0331FWGQRM\/F0978SGD8AG\/____________________________2025-07-24_10.00.40.png",
                "permalink_public": "https:\/\/slack-files.com\/T033D70RR6H-F0978SGD8AG-af23dd4c26",
                "is_starred": false,
                "skipped_shares": true,
                "has_rich_preview": false,
                "file_access": "visible"
            },
            {
                "id": "F097W2EQRA4",
                "created": 1753319399,
                "timestamp": 1753319399,
                "name": "スクリーンショット 2025-07-24 9.59.47.png",
                "title": "スクリーンショット 2025-07-24 9.59.47.png",
                "mimetype": "image\/png",
                "filetype": "png",
                "pretty_type": "PNG",
                "user": "U066P20UQH1",
                "user_team": "T033D70RR6H",
                "editable": false,
                "size": 79622,
                "mode": "hosted",
                "is_external": false,
                "external_type": "",
                "is_public": true,
                "public_url_shared": false,
                "display_as_bot": false,
                "username": "",
                "url_private": "https:\/\/files.slack.com\/files-pri\/T033D70RR6H-F097W2EQRA4\/____________________________2025-07-24_9.59.47.png?token=xoxe-3115238875221-9710624591398-9697214945543-aa82359f925d11baadb4ddc07b089467",
                "url_private_download": "https:\/\/files.slack.com\/files-pri\/T033D70RR6H-F097W2EQRA4\/download\/____________________________2025-07-24_9.59.47.png?token=xoxe-3115238875221-9710624591398-9697214945543-aa82359f925d11baadb4ddc07b089467",
                "media_display_type": "unknown",
                "thumb_64": "https:\/\/files.slack.com\/files-tmb\/T033D70RR6H-F097W2EQRA4-e54fff97e6\/____________________________2025-07-24_9.59.47_64.png?t=xoxe-3115238875221-9710624591398-9697214945543-aa82359f925d11baadb4ddc07b089467",
                "thumb_80": "https:\/\/files.slack.com\/files-tmb\/T033D70RR6H-F097W2EQRA4-e54fff97e6\/____________________________2025-07-24_9.59.47_80.png?t=xoxe-3115238875221-9710624591398-9697214945543-aa82359f925d11baadb4ddc07b089467",
                "thumb_360": "https:\/\/files.slack.com\/files-tmb\/T033D70RR6H-F097W2EQRA4-e54fff97e6\/____________________________2025-07-24_9.59.47_360.png?t=xoxe-3115238875221-9710624591398-9697214945543-aa82359f925d11baadb4ddc07b089467",
                "thumb_360_w": 360,
                "thumb_360_h": 281,
                "thumb_480": "https:\/\/files.slack.com\/files-tmb\/T033D70RR6H-F097W2EQRA4-e54fff97e6\/____________________________2025-07-24_9.59.47_480.png?t=xoxe-3115238875221-9710624591398-9697214945543-aa82359f925d11baadb4ddc07b089467",
                "thumb_480_w": 480,
                "thumb_480_h": 375,
                "thumb_160": "https:\/\/files.slack.com\/files-tmb\/T033D70RR6H-F097W2EQRA4-e54fff97e6\/____________________________2025-07-24_9.59.47_160.png?t=xoxe-3115238875221-9710624591398-9697214945543-aa82359f925d11baadb4ddc07b089467",
                "thumb_720": "https:\/\/files.slack.com\/files-tmb\/T033D70RR6H-F097W2EQRA4-e54fff97e6\/____________________________2025-07-24_9.59.47_720.png?t=xoxe-3115238875221-9710624591398-9697214945543-aa82359f925d11baadb4ddc07b089467",
                "thumb_720_w": 720,
                "thumb_720_h": 562,
                "thumb_800": "https:\/\/files.slack.com\/files-tmb\/T033D70RR6H-F097W2EQRA4-e54fff97e6\/____________________________2025-07-24_9.59.47_800.png?t=xoxe-3115238875221-9710624591398-9697214945543-aa82359f925d11baadb4ddc07b089467",
                "thumb_800_w": 800,
                "thumb_800_h": 625,
                "original_w": 882,
                "original_h": 689,
                "thumb_tiny": "AwAmADCa8sxczBvMK4ULjZn1qH+yP+m\/\/jn\/ANetOgZ70AZn9kf9N\/8Axz\/69H9kf9N\/\/HP\/AK9aRODyeKM8dRn6UroDN\/sj\/pv\/AOOf\/Xp0Wl+XKj+dnawONv8A9etA57EflS0wDvRSEE9GI+lAHuTQAEZHb8RQBgk8ZPXilqJ5wjFSkhx3VCRQBLRUYmBcpskyDjO04\/Ok88eZs2SZzjOw4\/OgCRt38JA+ozS0UUAFBGRg5\/A0UUANC7TwTjvkk06iigD\/2Q==",
                "permalink": "https:\/\/grp-ssm9297.slack.com\/files\/U0331FWGQRM\/F097W2EQRA4\/____________________________2025-07-24_9.59.47.png",
                "permalink_public": "https:\/\/slack-files.com\/T033D70RR6H-F097W2EQRA4-89a21ecedf",
                "is_starred": false,
                "skipped_shares": true,
                "has_rich_preview": false,
                "file_access": "visible"
            }
        ],
        "upload": false,
        "user": "U066P20UQH1",
        "blocks": [
            {
                "type": "rich_text",
                "block_id": "twyAy",
                "elements": [
                    {
                        "type": "rich_text_section",
                        "elements": [
                            {
                                "type": "text",
                                "text": "8\/3 林　羽田→関空　¥13,110",
                                "style": {
                                    "bold": true
                                }
                            },
                            {
                                "type": "text",
                                "text": "(JCB4029決済)\n"
                            }
                        ]
                    },
                    {
                        "type": "rich_text_preformatted",
                        "elements": [
                            {
                                "type": "text",
                                "text": "※オンラインチェックインの詳細はこちらからご確認ください。\n"
                            },
                            {
                                "type": "link",
                                "url": "https:\/\/www.starflyer.jp\/checkin\/boarding\/onlinecheckin\/"
                            },
                            {
                                "type": "text",
                                "text": "\n\n◆お客様\n ハヤシ ハルカ 様\n◆フライト\n 8月3日 SFJ021便\n 東京羽田　08:45発 → 大阪関西　10:10着\n ●予約番号 [3153]\n ご利用運賃　ＳＴＡＲ３Ｂ\nお座席　SFJ021便　8D\n\n 運賃合計 13,110円\n ●確認番号 [228962680]"
                            }
                        ],
                        "border": 0
                    }
                ]
            }
        ],
        "type": "message",
        "ts": "1753319402.755199",
        "edited": {
            "user": "U066P20UQH1",
            "ts": "1753438090.000000"
        },
        "client_msg_id": "b44533ce-4b00-42b5-9a11-a3e7ae545cc4",
        "thread_ts": "1753319128.709549",
        "parent_user_id": "U066P20UQH1"
    },
    {
        "text": "*8\/3 足立 出雲市駅→岡山→新大阪→関空 ¥14,800*(現地決済?)",
        "files": [
            {
                "id": "F097M1DMU3B",
                "created": 1753319495,
                "timestamp": 1753319495,
                "name": "スクリーンショット 2025-07-24 9.07.05.png",
                "title": "スクリーンショット 2025-07-24 9.07.05.png",
                "mimetype": "image\/png",
                "filetype": "png",
                "pretty_type": "PNG",
                "user": "U066P20UQH1",
                "user_team": "T033D70RR6H",
                "editable": false,
                "size": 155754,
                "mode": "hosted",
                "is_external": false,
                "external_type": "",
                "is_public": true,
                "public_url_shared": false,
                "display_as_bot": false,
                "username": "",
                "url_private": "https:\/\/files.slack.com\/files-pri\/T033D70RR6H-F097M1DMU3B\/____________________________2025-07-24_9.07.05.png?token=xoxe-3115238875221-9710624591398-9697214945543-aa82359f925d11baadb4ddc07b089467",
                "url_private_download": "https:\/\/files.slack.com\/files-pri\/T033D70RR6H-F097M1DMU3B\/download\/____________________________2025-07-24_9.07.05.png?token=xoxe-3115238875221-9710624591398-9697214945543-aa82359f925d11baadb4ddc07b089467",
                "media_display_type": "unknown",
                "thumb_64": "https:\/\/files.slack.com\/files-tmb\/T033D70RR6H-F097M1DMU3B-2236208977\/____________________________2025-07-24_9.07.05_64.png?t=xoxe-3115238875221-9710624591398-9697214945543-aa82359f925d11baadb4ddc07b089467",
                "thumb_80": "https:\/\/files.slack.com\/files-tmb\/T033D70RR6H-F097M1DMU3B-2236208977\/____________________________2025-07-24_9.07.05_80.png?t=xoxe-3115238875221-9710624591398-9697214945543-aa82359f925d11baadb4ddc07b089467",
                "thumb_360": "https:\/\/files.slack.com\/files-tmb\/T033D70RR6H-F097M1DMU3B-2236208977\/____________________________2025-07-24_9.07.05_360.png?t=xoxe-3115238875221-9710624591398-9697214945543-aa82359f925d11baadb4ddc07b089467",
                "thumb_360_w": 279,
                "thumb_360_h": 360,
                "thumb_480": "https:\/\/files.slack.com\/files-tmb\/T033D70RR6H-F097M1DMU3B-2236208977\/____________________________2025-07-24_9.07.05_480.png?t=xoxe-3115238875221-9710624591398-9697214945543-aa82359f925d11baadb4ddc07b089467",
                "thumb_480_w": 372,
                "thumb_480_h": 480,
                "thumb_160": "https:\/\/files.slack.com\/files-tmb\/T033D70RR6H-F097M1DMU3B-2236208977\/____________________________2025-07-24_9.07.05_160.png?t=xoxe-3115238875221-9710624591398-9697214945543-aa82359f925d11baadb4ddc07b089467",
                "thumb_720": "https:\/\/files.slack.com\/files-tmb\/T033D70RR6H-F097M1DMU3B-2236208977\/____________________________2025-07-24_9.07.05_720.png?t=xoxe-3115238875221-9710624591398-9697214945543-aa82359f925d11baadb4ddc07b089467",
                "thumb_720_w": 558,
                "thumb_720_h": 720,
                "original_w": 606,
                "original_h": 782,
                "thumb_tiny": "AwAwACa40ZaQkOOOoKg5\/r\/+qngNnd5hZccAfzp+cduppuXK5ABI\/Wi4WF5zjn6004YgN+GaePcc0wvxnaf0ouFhyBQPlxj2p1IOaWgBOoIPSkUKRwB798UgK7sZO7rjNOBJHIxQAAAZIUZopc1GUQ4BUe3FAEgopExjA4A9qWgBvYjPrx3pApxw7D8jQQcHaMEnrigoN2fm\/M4oAcoI6sW+uKTacDk9aQIQB838\/wDGl2cdec+9ACgYHJz70tAGKKAP\/9k=",
                "permalink": "https:\/\/grp-ssm9297.slack.com\/files\/U0331FWGQRM\/F097M1DMU3B\/____________________________2025-07-24_9.07.05.png",
                "permalink_public": "https:\/\/slack-files.com\/T033D70RR6H-F097M1DMU3B-4c835b1cfa",
                "is_starred": false,
                "skipped_shares": true,
                "has_rich_preview": false,
                "file_access": "visible"
            }
        ],
        "upload": false,
        "user": "U066P20UQH1",
        "display_as_bot": false,
        "blocks": [
            {
                "type": "rich_text",
                "block_id": "yOWE+",
                "elements": [
                    {
                        "type": "rich_text_section",
                        "elements": [
                            {
                                "type": "text",
                                "text": "8\/3 足立 出雲市駅→岡山→新大阪→関空 ¥14,800",
                                "style": {
                                    "bold": true
                                }
                            },
                            {
                                "type": "text",
                                "text": "(現地決済?)"
                            }
                        ]
                    }
                ]
            }
        ],
        "type": "message",
        "ts": "1753319500.653909",
        "edited": {
            "user": "U066P20UQH1",
            "ts": "1753438111.000000"
        },
        "client_msg_id": "3706f556-5198-4af7-bec5-ee14817cb4db",
        "thread_ts": "1753319128.709549",
        "parent_user_id": "U066P20UQH1"
    },
    {
        "user": "U0331FZS7JT",
        "type": "message",
        "ts": "1753319963.654129",
        "client_msg_id": "27ad2ddc-00a8-467f-b9a8-8ef7406602e6",
        "text": "<@U05KGS6HN9H>\nもし車で駅まで向かわれるなら、乗車は宍道駅からでも良いかも知れません。\n足立さんのご自宅から近いので！\n駅の自動発券所で新幹線のチケットもまとめて購入可能です。\nヤクモ：全席指定なので、宍道からでも問題なく乗れます！\n以上、情報共有でした。",
        "team": "T033D70RR6H",
        "user_team": "T033D70RR6H",
        "source_team": "T033D70RR6H",
        "user_profile": {
            "avatar_hash": "2c9de1514f26",
            "image_72": "https:\/\/avatars.slack-edge.com\/2022-02-16\/3118160981555_2c9de1514f262063f72d_72.png",
            "first_name": "Yuta",
            "real_name": "Yuta Oka",
            "display_name": "岡祐太",
            "team": "T033D70RR6H",
            "name": "yuta.oka.0915",
            "is_restricted": false,
            "is_ultra_restricted": false
        },
        "thread_ts": "1753319128.709549",
        "parent_user_id": "U066P20UQH1",
        "blocks": [
            {
                "type": "rich_text",
                "block_id": "OkZCK",
                "elements": [
                    {
                        "type": "rich_text_section",
                        "elements": [
                            {
                                "type": "user",
                                "user_id": "U05KGS6HN9H"
                            },
                            {
                                "type": "text",
                                "text": "\nもし車で駅まで向かわれるなら、乗車は宍道駅からでも良いかも知れません。\n足立さんのご自宅から近いので！\n駅の自動発券所で新幹線のチケットもまとめて購入可能です。\nヤクモ：全席指定なので、宍道からでも問題なく乗れます！\n以上、情報共有でした。"
                            }
                        ]
                    }
                ]
            }
        ],
        "reactions": [
            {
                "name": "神-1",
                "users": [
                    "U066P20UQH1"
                ],
                "count": 1
            },
            {
                "name": "smiling_face_with_tear",
                "users": [
                    "U066P20UQH1"
                ],
                "count": 1
            },
            {
                "name": "あり",
                "users": [
                    "U066P20UQH1"
                ],
                "count": 1
            },
            {
                "name": "d130b000eb8d6784",
                "users": [
                    "U05KGS6HN9H"
                ],
                "count": 1
            }
        ]
    }
]