[
    {
        "user": "U0331FZS7JT",
        "type": "message",
        "ts": "1753773330.614449",
        "client_msg_id": "c83bcc2e-81cf-4f0f-a36f-b1510aad5467",
        "text": "<@U0331FWGQRM>\nCC：<@U05KGS6HN9H> <@U066P20UQH1> <@U0840UVFVA8>\n量的には出雲精茶とのコンテナに入る量と同じぐらいかもね！\nこの程度の送風で生葉焼けしないなら結構涼しいんかな:thinking_face:？\n出雲精茶でこれやったら萎凋すると思う！w",
        "team": "T033D70RR6H",
        "user_team": "T033D70RR6H",
        "source_team": "T033D70RR6H",
        "user_profile": {
            "avatar_hash": "2c9de1514f26",
            "image_72": "https:\/\/avatars.slack-edge.com\/2022-02-16\/3118160981555_2c9de1514f262063f72d_72.png",
            "first_name": "Yuta",
            "real_name": "Yuta Oka",
            "display_name": "岡祐太",
            "team": "T033D70RR6H",
            "name": "yuta.oka.0915",
            "is_restricted": false,
            "is_ultra_restricted": false
        },
        "thread_ts": "1753705563.782439",
        "parent_user_id": "U0331FWGQRM",
        "blocks": [
            {
                "type": "rich_text",
                "block_id": "lIG9\/",
                "elements": [
                    {
                        "type": "rich_text_section",
                        "elements": [
                            {
                                "type": "user",
                                "user_id": "U0331FWGQRM"
                            },
                            {
                                "type": "text",
                                "text": "\nCC："
                            },
                            {
                                "type": "user",
                                "user_id": "U05KGS6HN9H"
                            },
                            {
                                "type": "text",
                                "text": " "
                            },
                            {
                                "type": "user",
                                "user_id": "U066P20UQH1"
                            },
                            {
                                "type": "text",
                                "text": " "
                            },
                            {
                                "type": "user",
                                "user_id": "U0840UVFVA8"
                            },
                            {
                                "type": "text",
                                "text": "\n量的には出雲精茶とのコンテナに入る量と同じぐらいかもね！\nこの程度の送風で生葉焼けしないなら結構涼しいんかな"
                            },
                            {
                                "type": "emoji",
                                "name": "thinking_face",
                                "unicode": "1f914"
                            },
                            {
                                "type": "text",
                                "text": "？\n出雲精茶でこれやったら萎凋すると思う！w"
                            }
                        ]
                    }
                ]
            }
        ],
        "reactions": [
            {
                "name": "d130b000eb8d6784",
                "users": [
                    "U0331FWGQRM"
                ],
                "count": 1
            }
        ]
    }
]