[
    {
        "user": "U066P20UQH1",
        "type": "message",
        "ts": "1753149452.991509",
        "client_msg_id": "2883c7ce-cf8f-4df1-b5ea-97550a66c4e0",
        "text": "<!channel>\nお疲れ様です！\n本日11時半〜お時間いただけますでしょうか？\n中国出張のスケジュール・メンバー・アテンド依頼について相談したく、30分ほどお時間いただければと思います:bow:\n<https:\/\/meet.google.com\/kvr-uxfq-qim>",
        "team": "T033D70RR6H",
        "user_team": "T033D70RR6H",
        "source_team": "T033D70RR6H",
        "user_profile": {
            "avatar_hash": "179323cb3551",
            "image_72": "https:\/\/avatars.slack-edge.com\/2024-04-12\/6955353714228_179323cb3551f7c8ecfe_72.png",
            "first_name": "Haruka",
            "real_name": "Haruka Hayashi",
            "display_name": "林遥香",
            "team": "T033D70RR6H",
            "name": "haru.nboc",
            "is_restricted": false,
            "is_ultra_restricted": false
        },
        "thread_ts": "1753149452.991509",
        "reply_count": 1,
        "reply_users_count": 1,
        "latest_reply": "1753151336.419359",
        "reply_users": [
            "U0331FWGQRM"
        ],
        "replies": [
            {
                "user": "U0331FWGQRM",
                "ts": "1753151336.419359"
            }
        ],
        "is_locked": false,
        "subscribed": true,
        "last_read": "1753151336.419359",
        "attachments": [
            {
                "from_url": "https:\/\/meet.google.com\/kvr-uxfq-qim",
                "service_icon": "http:\/\/fonts.gstatic.com\/s\/i\/productlogos\/meet_2020q4\/v1\/web-24dp\/logo_meet_2020q4_color_1x_web_24dp.png",
                "thumb_url": "https:\/\/fonts.gstatic.com\/s\/i\/productlogos\/meet_2020q4\/v1\/web-96dp\/logo_meet_2020q4_color_2x_web_96dp.png",
                "thumb_width": 192,
                "thumb_height": 192,
                "id": 1,
                "original_url": "https:\/\/meet.google.com\/kvr-uxfq-qim",
                "fallback": "Meet",
                "text": "Real-time meetings by Google. Using your browser, share your video, desktop, and presentations with teammates and customers.",
                "title": "Meet",
                "title_link": "https:\/\/meet.google.com\/kvr-uxfq-qim",
                "service_name": "meet.google.com"
            }
        ],
        "blocks": [
            {
                "type": "rich_text",
                "block_id": "ZngIf",
                "elements": [
                    {
                        "type": "rich_text_section",
                        "elements": [
                            {
                                "type": "broadcast",
                                "range": "channel"
                            },
                            {
                                "type": "text",
                                "text": "\nお疲れ様です！\n本日11時半〜お時間いただけますでしょうか？\n中国出張のスケジュール・メンバー・アテンド依頼について相談したく、30分ほどお時間いただければと思います"
                            },
                            {
                                "type": "emoji",
                                "name": "bow",
                                "unicode": "1f647"
                            },
                            {
                                "type": "text",
                                "text": "\n"
                            },
                            {
                                "type": "link",
                                "url": "https:\/\/meet.google.com\/kvr-uxfq-qim"
                            }
                        ]
                    }
                ]
            }
        ],
        "reactions": [
            {
                "name": "man-gesturing-ok",
                "users": [
                    "U0331FZS7JT",
                    "U0840UVFVA8"
                ],
                "count": 2
            },
            {
                "name": "承知_致しました",
                "users": [
                    "U05KGS6HN9H"
                ],
                "count": 1
            },
            {
                "name": "pray",
                "users": [
                    "U08N3SKSL75"
                ],
                "count": 1
            }
        ]
    },
    {
        "user": "U0331FWGQRM",
        "type": "message",
        "ts": "1753151336.419359",
        "client_msg_id": "4ED600E9-7868-4FC6-BDF1-89285F645261",
        "text": "<@U066P20UQH1> \n喘息の病院に薬取りに来てて、間も無く支払いが終わりますので終わり次第参加可能です。\n（5分くらい遅れるかもです）\n音だけで参加します。宜しくお願いします。",
        "team": "T033D70RR6H",
        "user_team": "T033D70RR6H",
        "source_team": "T033D70RR6H",
        "user_profile": {
            "avatar_hash": "gf9d05f2cae1",
            "image_72": "https:\/\/secure.gravatar.com\/avatar\/f9d05f2cae161f657bb1248fc85b5235.jpg?s=72&d=https%3A%2F%2Fa.slack-edge.com%2Fdf10d%2Fimg%2Favatars%2Fava_0008-72.png",
            "first_name": "matsui",
            "real_name": "matsui",
            "display_name": "松井",
            "team": "T033D70RR6H",
            "name": "tousuien.matsui",
            "is_restricted": false,
            "is_ultra_restricted": false
        },
        "thread_ts": "1753149452.991509",
        "parent_user_id": "U066P20UQH1",
        "blocks": [
            {
                "type": "rich_text",
                "block_id": "ZF+w6",
                "elements": [
                    {
                        "type": "rich_text_section",
                        "elements": [
                            {
                                "type": "user",
                                "user_id": "U066P20UQH1"
                            },
                            {
                                "type": "text",
                                "text": " \n喘息の病院に薬取りに来てて、間も無く支払いが終わりますので終わり次第参加可能です。\n（5分くらい遅れるかもです）\n音だけで参加します。宜しくお願いします。"
                            }
                        ]
                    }
                ]
            }
        ],
        "reactions": [
            {
                "name": "承知-1",
                "users": [
                    "U066P20UQH1"
                ],
                "count": 1
            }
        ]
    },
    {
        "user": "U066P20UQH1",
        "type": "message",
        "ts": "1753152770.099489",
        "client_msg_id": "c7ef37a2-a9ed-4d22-a8cc-f297654865b4",
        "text": "<!channel>\nフォルダ：林作業中＞中国抹茶サプライヤー＞調査外注＞クラウドワークス荒川さん＞250721出張アテンド見積もり",
        "team": "T033D70RR6H",
        "user_team": "T033D70RR6H",
        "source_team": "T033D70RR6H",
        "user_profile": {
            "avatar_hash": "179323cb3551",
            "image_72": "https:\/\/avatars.slack-edge.com\/2024-04-12\/6955353714228_179323cb3551f7c8ecfe_72.png",
            "first_name": "Haruka",
            "real_name": "Haruka Hayashi",
            "display_name": "林遥香",
            "team": "T033D70RR6H",
            "name": "haru.nboc",
            "is_restricted": false,
            "is_ultra_restricted": false
        },
        "blocks": [
            {
                "type": "rich_text",
                "block_id": "vZ4lu",
                "elements": [
                    {
                        "type": "rich_text_section",
                        "elements": [
                            {
                                "type": "broadcast",
                                "range": "channel"
                            },
                            {
                                "type": "text",
                                "text": "\nフォルダ：林作業中＞中国抹茶サプライヤー＞調査外注＞クラウドワークス荒川さん＞250721出張アテンド見積もり"
                            }
                        ]
                    }
                ]
            }
        ]
    }
]