[
    {
        "text": "<@U05KGS6HN9H> <@U066P20UQH1> cc <@U0331FZS7JT> <@U0840UVFVA8>\n情報共有\nChama tea の投稿です。\nこれ普通？\n生葉どんなけ一気に刈ってんねん！笑\n",
        "files": [
            {
                "id": "F097PEA6HK8",
                "created": 1753705540,
                "timestamp": 1753705540,
                "name": "IMG_8749.png",
                "title": "IMG_8749",
                "mimetype": "image\/png",
                "filetype": "png",
                "pretty_type": "PNG",
                "user": "U0331FWGQRM",
                "user_team": "T033D70RR6H",
                "editable": false,
                "size": 3829749,
                "mode": "hosted",
                "is_external": false,
                "external_type": "",
                "is_public": true,
                "public_url_shared": false,
                "display_as_bot": false,
                "username": "",
                "url_private": "https:\/\/files.slack.com\/files-pri\/T033D70RR6H-F097PEA6HK8\/img_8749.png?token=xoxe-3115238875221-9710624591398-9697214945543-aa82359f925d11baadb4ddc07b089467",
                "url_private_download": "https:\/\/files.slack.com\/files-pri\/T033D70RR6H-F097PEA6HK8\/download\/img_8749.png?token=xoxe-3115238875221-9710624591398-9697214945543-aa82359f925d11baadb4ddc07b089467",
                "media_display_type": "unknown",
                "thumb_64": "https:\/\/files.slack.com\/files-tmb\/T033D70RR6H-F097PEA6HK8-0c864b7c45\/img_8749_64.png?t=xoxe-3115238875221-9710624591398-9697214945543-aa82359f925d11baadb4ddc07b089467",
                "thumb_80": "https:\/\/files.slack.com\/files-tmb\/T033D70RR6H-F097PEA6HK8-0c864b7c45\/img_8749_80.png?t=xoxe-3115238875221-9710624591398-9697214945543-aa82359f925d11baadb4ddc07b089467",
                "thumb_360": "https:\/\/files.slack.com\/files-tmb\/T033D70RR6H-F097PEA6HK8-0c864b7c45\/img_8749_360.png?t=xoxe-3115238875221-9710624591398-9697214945543-aa82359f925d11baadb4ddc07b089467",
                "thumb_360_w": 166,
                "thumb_360_h": 360,
                "thumb_480": "https:\/\/files.slack.com\/files-tmb\/T033D70RR6H-F097PEA6HK8-0c864b7c45\/img_8749_480.png?t=xoxe-3115238875221-9710624591398-9697214945543-aa82359f925d11baadb4ddc07b089467",
                "thumb_480_w": 221,
                "thumb_480_h": 480,
                "thumb_160": "https:\/\/files.slack.com\/files-tmb\/T033D70RR6H-F097PEA6HK8-0c864b7c45\/img_8749_160.png?t=xoxe-3115238875221-9710624591398-9697214945543-aa82359f925d11baadb4ddc07b089467",
                "thumb_720": "https:\/\/files.slack.com\/files-tmb\/T033D70RR6H-F097PEA6HK8-0c864b7c45\/img_8749_720.png?t=xoxe-3115238875221-9710624591398-9697214945543-aa82359f925d11baadb4ddc07b089467",
                "thumb_720_w": 332,
                "thumb_720_h": 720,
                "thumb_800": "https:\/\/files.slack.com\/files-tmb\/T033D70RR6H-F097PEA6HK8-0c864b7c45\/img_8749_800.png?t=xoxe-3115238875221-9710624591398-9697214945543-aa82359f925d11baadb4ddc07b089467",
                "thumb_800_w": 800,
                "thumb_800_h": 1734,
                "thumb_960": "https:\/\/files.slack.com\/files-tmb\/T033D70RR6H-F097PEA6HK8-0c864b7c45\/img_8749_960.png?t=xoxe-3115238875221-9710624591398-9697214945543-aa82359f925d11baadb4ddc07b089467",
                "thumb_960_w": 443,
                "thumb_960_h": 960,
                "thumb_1024": "https:\/\/files.slack.com\/files-tmb\/T033D70RR6H-F097PEA6HK8-0c864b7c45\/img_8749_1024.png?t=xoxe-3115238875221-9710624591398-9697214945543-aa82359f925d11baadb4ddc07b089467",
                "thumb_1024_w": 472,
                "thumb_1024_h": 1024,
                "original_w": 1290,
                "original_h": 2796,
                "thumb_tiny": "AwAwABfRw28kEYIxjBpecdRn6VhFAF++rZ6gDkUzvgdKAOgCgMTzk+5pawRnHYfUUfN\/eH5UASoNqqUPXpzz0\/xz+VCMoU7UyR\/F6D6VqiGMZ\/dpjPGFpTDEesaH\/gIpWAw8888jsDS7h\/dFbXkRf88k\/wC+RR5EP\/PJP++RTAUSbmIBXAJByec\/5zR5gBO\/Cj1JH+e1NEcalnYYwSSSePXPX\/OKb9ogLnMkWABhtw\/z6U9AJty5xuGfTNLTU34UsACR82PXinUgP\/\/Z",
                "permalink": "https:\/\/grp-ssm9297.slack.com\/files\/U0331FWGQRM\/F097PEA6HK8\/img_8749.png",
                "permalink_public": "https:\/\/slack-files.com\/T033D70RR6H-F097PEA6HK8-05577793fb",
                "is_starred": false,
                "skipped_shares": true,
                "has_rich_preview": false,
                "file_access": "visible"
            },
            {
                "id": "F097B1PT9AT",
                "created": 1753705540,
                "timestamp": 1753705540,
                "name": "IMG_8750.png",
                "title": "IMG_8750",
                "mimetype": "image\/png",
                "filetype": "png",
                "pretty_type": "PNG",
                "user": "U0331FWGQRM",
                "user_team": "T033D70RR6H",
                "editable": false,
                "size": 4749719,
                "mode": "hosted",
                "is_external": false,
                "external_type": "",
                "is_public": true,
                "public_url_shared": false,
                "display_as_bot": false,
                "username": "",
                "url_private": "https:\/\/files.slack.com\/files-pri\/T033D70RR6H-F097B1PT9AT\/img_8750.png?token=xoxe-3115238875221-9710624591398-9697214945543-aa82359f925d11baadb4ddc07b089467",
                "url_private_download": "https:\/\/files.slack.com\/files-pri\/T033D70RR6H-F097B1PT9AT\/download\/img_8750.png?token=xoxe-3115238875221-9710624591398-9697214945543-aa82359f925d11baadb4ddc07b089467",
                "media_display_type": "unknown",
                "thumb_64": "https:\/\/files.slack.com\/files-tmb\/T033D70RR6H-F097B1PT9AT-f2d05ce0e2\/img_8750_64.png?t=xoxe-3115238875221-9710624591398-9697214945543-aa82359f925d11baadb4ddc07b089467",
                "thumb_80": "https:\/\/files.slack.com\/files-tmb\/T033D70RR6H-F097B1PT9AT-f2d05ce0e2\/img_8750_80.png?t=xoxe-3115238875221-9710624591398-9697214945543-aa82359f925d11baadb4ddc07b089467",
                "thumb_360": "https:\/\/files.slack.com\/files-tmb\/T033D70RR6H-F097B1PT9AT-f2d05ce0e2\/img_8750_360.png?t=xoxe-3115238875221-9710624591398-9697214945543-aa82359f925d11baadb4ddc07b089467",
                "thumb_360_w": 166,
                "thumb_360_h": 360,
                "thumb_480": "https:\/\/files.slack.com\/files-tmb\/T033D70RR6H-F097B1PT9AT-f2d05ce0e2\/img_8750_480.png?t=xoxe-3115238875221-9710624591398-9697214945543-aa82359f925d11baadb4ddc07b089467",
                "thumb_480_w": 221,
                "thumb_480_h": 480,
                "thumb_160": "https:\/\/files.slack.com\/files-tmb\/T033D70RR6H-F097B1PT9AT-f2d05ce0e2\/img_8750_160.png?t=xoxe-3115238875221-9710624591398-9697214945543-aa82359f925d11baadb4ddc07b089467",
                "thumb_720": "https:\/\/files.slack.com\/files-tmb\/T033D70RR6H-F097B1PT9AT-f2d05ce0e2\/img_8750_720.png?t=xoxe-3115238875221-9710624591398-9697214945543-aa82359f925d11baadb4ddc07b089467",
                "thumb_720_w": 332,
                "thumb_720_h": 720,
                "thumb_800": "https:\/\/files.slack.com\/files-tmb\/T033D70RR6H-F097B1PT9AT-f2d05ce0e2\/img_8750_800.png?t=xoxe-3115238875221-9710624591398-9697214945543-aa82359f925d11baadb4ddc07b089467",
                "thumb_800_w": 800,
                "thumb_800_h": 1734,
                "thumb_960": "https:\/\/files.slack.com\/files-tmb\/T033D70RR6H-F097B1PT9AT-f2d05ce0e2\/img_8750_960.png?t=xoxe-3115238875221-9710624591398-9697214945543-aa82359f925d11baadb4ddc07b089467",
                "thumb_960_w": 443,
                "thumb_960_h": 960,
                "thumb_1024": "https:\/\/files.slack.com\/files-tmb\/T033D70RR6H-F097B1PT9AT-f2d05ce0e2\/img_8750_1024.png?t=xoxe-3115238875221-9710624591398-9697214945543-aa82359f925d11baadb4ddc07b089467",
                "thumb_1024_w": 472,
                "thumb_1024_h": 1024,
                "original_w": 1290,
                "original_h": 2796,
                "thumb_tiny": "AwAwABfRw28kEYIxjBpecdRn6VlvbyoMMBzTRG0bh0xwR\/ED2oA1goDE85PuaWsuIt5jFjtwcZAJ9an3f9Nf\/IZpXHYjnmErjDEID07Z\/wA4qIAfLl+ozzx+vvWkIIucxR4P+yKd5cZGCi4PtRYRlh03qBhsjJ3DvT8x\/wByP\/vkf4VoeTHnPlp7\/KKPJi\/55p\/3yKYAJNzEArgEg5POf85o8wAnfhR6kj\/PamiONSzsMYJJJPHrnr\/nFN+0QFzmSLAAw24f59KegE25c43DPpmlpqb8KWABI+bHrxTqQH\/\/2Q==",
                "permalink": "https:\/\/grp-ssm9297.slack.com\/files\/U0331FWGQRM\/F097B1PT9AT\/img_8750.png",
                "permalink_public": "https:\/\/slack-files.com\/T033D70RR6H-F097B1PT9AT-cecca7faed",
                "is_starred": false,
                "skipped_shares": true,
                "has_rich_preview": false,
                "file_access": "visible"
            },
            {
                "id": "F098EQT0P24",
                "created": 1753705540,
                "timestamp": 1753705540,
                "name": "IMG_8751.png",
                "title": "IMG_8751",
                "mimetype": "image\/png",
                "filetype": "png",
                "pretty_type": "PNG",
                "user": "U0331FWGQRM",
                "user_team": "T033D70RR6H",
                "editable": false,
                "size": 4718864,
                "mode": "hosted",
                "is_external": false,
                "external_type": "",
                "is_public": true,
                "public_url_shared": false,
                "display_as_bot": false,
                "username": "",
                "url_private": "https:\/\/files.slack.com\/files-pri\/T033D70RR6H-F098EQT0P24\/img_8751.png?token=xoxe-3115238875221-9710624591398-9697214945543-aa82359f925d11baadb4ddc07b089467",
                "url_private_download": "https:\/\/files.slack.com\/files-pri\/T033D70RR6H-F098EQT0P24\/download\/img_8751.png?token=xoxe-3115238875221-9710624591398-9697214945543-aa82359f925d11baadb4ddc07b089467",
                "media_display_type": "unknown",
                "thumb_64": "https:\/\/files.slack.com\/files-tmb\/T033D70RR6H-F098EQT0P24-16229f0c3e\/img_8751_64.png?t=xoxe-3115238875221-9710624591398-9697214945543-aa82359f925d11baadb4ddc07b089467",
                "thumb_80": "https:\/\/files.slack.com\/files-tmb\/T033D70RR6H-F098EQT0P24-16229f0c3e\/img_8751_80.png?t=xoxe-3115238875221-9710624591398-9697214945543-aa82359f925d11baadb4ddc07b089467",
                "thumb_360": "https:\/\/files.slack.com\/files-tmb\/T033D70RR6H-F098EQT0P24-16229f0c3e\/img_8751_360.png?t=xoxe-3115238875221-9710624591398-9697214945543-aa82359f925d11baadb4ddc07b089467",
                "thumb_360_w": 166,
                "thumb_360_h": 360,
                "thumb_480": "https:\/\/files.slack.com\/files-tmb\/T033D70RR6H-F098EQT0P24-16229f0c3e\/img_8751_480.png?t=xoxe-3115238875221-9710624591398-9697214945543-aa82359f925d11baadb4ddc07b089467",
                "thumb_480_w": 221,
                "thumb_480_h": 480,
                "thumb_160": "https:\/\/files.slack.com\/files-tmb\/T033D70RR6H-F098EQT0P24-16229f0c3e\/img_8751_160.png?t=xoxe-3115238875221-9710624591398-9697214945543-aa82359f925d11baadb4ddc07b089467",
                "thumb_720": "https:\/\/files.slack.com\/files-tmb\/T033D70RR6H-F098EQT0P24-16229f0c3e\/img_8751_720.png?t=xoxe-3115238875221-9710624591398-9697214945543-aa82359f925d11baadb4ddc07b089467",
                "thumb_720_w": 332,
                "thumb_720_h": 720,
                "thumb_800": "https:\/\/files.slack.com\/files-tmb\/T033D70RR6H-F098EQT0P24-16229f0c3e\/img_8751_800.png?t=xoxe-3115238875221-9710624591398-9697214945543-aa82359f925d11baadb4ddc07b089467",
                "thumb_800_w": 800,
                "thumb_800_h": 1734,
                "thumb_960": "https:\/\/files.slack.com\/files-tmb\/T033D70RR6H-F098EQT0P24-16229f0c3e\/img_8751_960.png?t=xoxe-3115238875221-9710624591398-9697214945543-aa82359f925d11baadb4ddc07b089467",
                "thumb_960_w": 443,
                "thumb_960_h": 960,
                "thumb_1024": "https:\/\/files.slack.com\/files-tmb\/T033D70RR6H-F098EQT0P24-16229f0c3e\/img_8751_1024.png?t=xoxe-3115238875221-9710624591398-9697214945543-aa82359f925d11baadb4ddc07b089467",
                "thumb_1024_w": 472,
                "thumb_1024_h": 1024,
                "original_w": 1290,
                "original_h": 2796,
                "thumb_tiny": "AwAwABdwtG55H5UG0Ix849PxqJoHiIIkAzwCKGeUP8krHH+2TQBKbV+AccewpPsretQox80s7c57mp\/MX+\/\/AJ\/KlcdiOWfc+VbgdAOaZxu+ZhwecnFaeOnIxS4H979KLCMsSASLjJwOT71J5w9\/zNXyB2OaSmAjbypMZU4I5OOMdRTgHP3lX6jvUpIUEkgAckmovtMH\/PaP\/vsUALtPpRtPpUlFAH\/\/2Q==",
                "permalink": "https:\/\/grp-ssm9297.slack.com\/files\/U0331FWGQRM\/F098EQT0P24\/img_8751.png",
                "permalink_public": "https:\/\/slack-files.com\/T033D70RR6H-F098EQT0P24-1f34d34a1a",
                "is_starred": false,
                "skipped_shares": true,
                "has_rich_preview": false,
                "file_access": "visible"
            }
        ],
        "upload": false,
        "user": "U0331FWGQRM",
        "blocks": [
            {
                "type": "rich_text",
                "block_id": "74GQW",
                "elements": [
                    {
                        "type": "rich_text_section",
                        "elements": [
                            {
                                "type": "user",
                                "user_id": "U05KGS6HN9H"
                            },
                            {
                                "type": "text",
                                "text": " "
                            },
                            {
                                "type": "user",
                                "user_id": "U066P20UQH1"
                            },
                            {
                                "type": "text",
                                "text": " cc "
                            },
                            {
                                "type": "user",
                                "user_id": "U0331FZS7JT"
                            },
                            {
                                "type": "text",
                                "text": " "
                            },
                            {
                                "type": "user",
                                "user_id": "U0840UVFVA8"
                            },
                            {
                                "type": "text",
                                "text": "\n情報共有\nChama tea の投稿です。\nこれ普通？\n生葉どんなけ一気に刈ってんねん！笑\n"
                            }
                        ]
                    }
                ]
            }
        ],
        "type": "message",
        "ts": "1753705563.782439",
        "client_msg_id": "0EA498C1-EB5A-46D6-9FA5-10A11324E84E",
        "thread_ts": "1753705563.782439",
        "reply_count": 1,
        "reply_users_count": 1,
        "latest_reply": "1753773330.614449",
        "reply_users": [
            "U0331FZS7JT"
        ],
        "replies": [
            {
                "user": "U0331FZS7JT",
                "ts": "1753773330.614449"
            }
        ],
        "is_locked": false,
        "subscribed": true,
        "last_read": "1753773330.614449",
        "reactions": [
            {
                "name": "face_with_rolling_eyes",
                "users": [
                    "U066P20UQH1"
                ],
                "count": 1
            },
            {
                "name": "sweat_smile",
                "users": [
                    "U05KGS6HN9H"
                ],
                "count": 1
            },
            {
                "name": "laughing",
                "users": [
                    "U0331FZS7JT"
                ],
                "count": 1
            }
        ]
    }
]