[
    {
        "text": "<!channel>\nお疲れ様です！夜分にすみません。\n\n本日無事に貴茶の視察が終わりました。\n貴州省までの道のりは2日がかりで大変でしたが、なかなか濃い日々を過ごしております。\n\n今日は朝9時から茶畑、碾茶工場、オフィス、抹茶仕上げ工場の見学をし夜ごはんまで海外営業のrenaさんにご案内いただきました。\nrenaさんは日本語も堪能でとても良い方でした。\n仕上げ工場だけは撮影NGだったので写真がないのですが、そのほかの様子をフォルダに格納しておきます。\n<@U05KGS6HN9H> <@U08N3SKSL75>\n撮影した分お手隙で格納お願いします:bow:\n`林作業中&gt;中国サプライヤー&gt;出張&gt;写真&gt;250805貴茶`\n\n貴茶でも、日本と同じように引き合いの量がすごくて、相当忙しいようです。\n規模としては年間抹茶生産量2000トン、有機は3割程度、残りはEU対応の非有機抹茶だそうで、有機の引き合いが強く、有機の原料確保は難しいかもしれません。（付き合いのある既存のお客さん優先で予約が埋まっていくみたいです。今年の有機抹茶は、、後少しならあるかも。。という様子でした）\n非有機に関しては、1トン〜10トンは（おそらくそれ以上も）大丈夫そうでした。\n日本からの引き合いも去年の秋ごろから増えているそうです。\nまた帰国後に、もう一社の視察の分と合わせて、詳細の情報も共有したいと思います。\n\n明日も貴陽に滞在しますが、残念ながら貴茶も相当忙しいようで明日は案内が難しいみたいなので、ホテルかカフェで仕事して、明後日杭州に移動します。\n\n暑い日々が続きそうなので、体調に気をつけて残りも引き続き頑張ります！",
        "files": [
            {
                "id": "F098Y592DS7",
                "created": 1754409846,
                "timestamp": 1754409846,
                "name": "696bfb9dafc1609e5a051265b15920f9.jpg",
                "title": "696bfb9dafc1609e5a051265b15920f9",
                "mimetype": "image\/jpeg",
                "filetype": "jpg",
                "pretty_type": "JPEG",
                "user": "U066P20UQH1",
                "user_team": "T033D70RR6H",
                "editable": false,
                "size": 241762,
                "mode": "hosted",
                "is_external": false,
                "external_type": "",
                "is_public": true,
                "public_url_shared": false,
                "display_as_bot": false,
                "username": "",
                "subtype": "slack_image",
                "url_private": "https:\/\/files.slack.com\/files-pri\/T033D70RR6H-F098Y592DS7\/696bfb9dafc1609e5a051265b15920f9.jpg?token=xoxe-3115238875221-9710624591398-9697214945543-aa82359f925d11baadb4ddc07b089467",
                "url_private_download": "https:\/\/files.slack.com\/files-pri\/T033D70RR6H-F098Y592DS7\/download\/696bfb9dafc1609e5a051265b15920f9.jpg?token=xoxe-3115238875221-9710624591398-9697214945543-aa82359f925d11baadb4ddc07b089467",
                "media_display_type": "unknown",
                "thumb_64": "https:\/\/files.slack.com\/files-tmb\/T033D70RR6H-F098Y592DS7-cdad296b70\/696bfb9dafc1609e5a051265b15920f9_64.jpg?t=xoxe-3115238875221-9710624591398-9697214945543-aa82359f925d11baadb4ddc07b089467",
                "thumb_80": "https:\/\/files.slack.com\/files-tmb\/T033D70RR6H-F098Y592DS7-cdad296b70\/696bfb9dafc1609e5a051265b15920f9_80.jpg?t=xoxe-3115238875221-9710624591398-9697214945543-aa82359f925d11baadb4ddc07b089467",
                "thumb_360": "https:\/\/files.slack.com\/files-tmb\/T033D70RR6H-F098Y592DS7-cdad296b70\/696bfb9dafc1609e5a051265b15920f9_360.jpg?t=xoxe-3115238875221-9710624591398-9697214945543-aa82359f925d11baadb4ddc07b089467",
                "thumb_360_w": 360,
                "thumb_360_h": 294,
                "thumb_480": "https:\/\/files.slack.com\/files-tmb\/T033D70RR6H-F098Y592DS7-cdad296b70\/696bfb9dafc1609e5a051265b15920f9_480.jpg?t=xoxe-3115238875221-9710624591398-9697214945543-aa82359f925d11baadb4ddc07b089467",
                "thumb_480_w": 480,
                "thumb_480_h": 392,
                "thumb_160": "https:\/\/files.slack.com\/files-tmb\/T033D70RR6H-F098Y592DS7-cdad296b70\/696bfb9dafc1609e5a051265b15920f9_160.jpg?t=xoxe-3115238875221-9710624591398-9697214945543-aa82359f925d11baadb4ddc07b089467",
                "thumb_720": "https:\/\/files.slack.com\/files-tmb\/T033D70RR6H-F098Y592DS7-cdad296b70\/696bfb9dafc1609e5a051265b15920f9_720.jpg?t=xoxe-3115238875221-9710624591398-9697214945543-aa82359f925d11baadb4ddc07b089467",
                "thumb_720_w": 720,
                "thumb_720_h": 589,
                "thumb_800": "https:\/\/files.slack.com\/files-tmb\/T033D70RR6H-F098Y592DS7-cdad296b70\/696bfb9dafc1609e5a051265b15920f9_800.jpg?t=xoxe-3115238875221-9710624591398-9697214945543-aa82359f925d11baadb4ddc07b089467",
                "thumb_800_w": 800,
                "thumb_800_h": 654,
                "thumb_960": "https:\/\/files.slack.com\/files-tmb\/T033D70RR6H-F098Y592DS7-cdad296b70\/696bfb9dafc1609e5a051265b15920f9_960.jpg?t=xoxe-3115238875221-9710624591398-9697214945543-aa82359f925d11baadb4ddc07b089467",
                "thumb_960_w": 960,
                "thumb_960_h": 785,
                "thumb_1024": "https:\/\/files.slack.com\/files-tmb\/T033D70RR6H-F098Y592DS7-cdad296b70\/696bfb9dafc1609e5a051265b15920f9_1024.jpg?t=xoxe-3115238875221-9710624591398-9697214945543-aa82359f925d11baadb4ddc07b089467",
                "thumb_1024_w": 1024,
                "thumb_1024_h": 837,
                "original_w": 1566,
                "original_h": 1280,
                "thumb_tiny": "AwAoADBsKKXwwJGPWpxCn93FMthmT8KnwD6Vki2RmBCeMj6Uv2dfVqk3AA4IbHGBUcpVYwzAjP6UxIQ2yHuab9mTOOakRAMk5\/EU8KCT\/KgGVoTiT8KsCSJ3wrZbjiqoOw7hnj071UhJEqlTgg1SjYXNc0pY1jQ5GE4PHr\/kCq9zI6Ku0sq9DSTSsSCPl5LcHvUTsRGCRuA6Z7UIRetizRBnHzZOT605QA7t6kZqpA7eUPmPfvUm5v7x\/OnyiuDI\/wDcJ\/EVWhifcDsOMVo1HB\/qhRcLFd0Z0JVD9D9ab9nkaLbjBJ79qvUUrjKsELiJeP1qXyW9qfB\/qV+lSU7isf\/Z",
                "permalink": "https:\/\/grp-ssm9297.slack.com\/files\/U0331FWGQRM\/F098Y592DS7\/696bfb9dafc1609e5a051265b15920f9.jpg",
                "permalink_public": "https:\/\/slack-files.com\/T033D70RR6H-F098Y592DS7-beb7e7a8cb",
                "is_starred": false,
                "skipped_shares": true,
                "has_rich_preview": false,
                "file_access": "visible"
            }
        ],
        "upload": false,
        "user": "U066P20UQH1",
        "display_as_bot": false,
        "blocks": [
            {
                "type": "rich_text",
                "block_id": "ueprS",
                "elements": [
                    {
                        "type": "rich_text_section",
                        "elements": [
                            {
                                "type": "broadcast",
                                "range": "channel"
                            },
                            {
                                "type": "text",
                                "text": "\nお疲れ様です！夜分にすみません。\n\n本日無事に貴茶の視察が終わりました。\n貴州省までの道のりは2日がかりで大変でしたが、なかなか濃い日々を過ごしております。\n\n今日は朝9時から茶畑、碾茶工場、オフィス、抹茶仕上げ工場の見学をし夜ごはんまで海外営業のrenaさんにご案内いただきました。\nrenaさんは日本語も堪能でとても良い方でした。\n仕上げ工場だけは撮影NGだったので写真がないのですが、そのほかの様子をフォルダに格納しておきます。\n"
                            },
                            {
                                "type": "user",
                                "user_id": "U05KGS6HN9H"
                            },
                            {
                                "type": "text",
                                "text": " "
                            },
                            {
                                "type": "user",
                                "user_id": "U08N3SKSL75"
                            },
                            {
                                "type": "text",
                                "text": "\n撮影した分お手隙で格納お願いします"
                            },
                            {
                                "type": "emoji",
                                "name": "bow",
                                "unicode": "1f647"
                            },
                            {
                                "type": "text",
                                "text": "\n"
                            },
                            {
                                "type": "text",
                                "text": "林作業中>中国サプライヤー>出張>写真>250805貴茶",
                                "style": {
                                    "code": true
                                }
                            },
                            {
                                "type": "text",
                                "text": "\n\n貴茶でも、日本と同じように引き合いの量がすごくて、相当忙しいようです。\n規模としては年間抹茶生産量2000トン、有機は3割程度、残りはEU対応の非有機抹茶だそうで、有機の引き合いが強く、有機の原料確保は難しいかもしれません。（付き合いのある既存のお客さん優先で予約が埋まっていくみたいです。今年の有機抹茶は、、後少しならあるかも。。という様子でした）\n非有機に関しては、1トン〜10トンは（おそらくそれ以上も）大丈夫そうでした。\n日本からの引き合いも去年の秋ごろから増えているそうです。\nまた帰国後に、もう一社の視察の分と合わせて、詳細の情報も共有したいと思います。\n\n明日も貴陽に滞在しますが、残念ながら貴茶も相当忙しいようで明日は案内が難しいみたいなので、ホテルかカフェで仕事して、明後日杭州に移動します。\n\n暑い日々が続きそうなので、体調に気をつけて残りも引き続き頑張ります！"
                            }
                        ]
                    }
                ]
            }
        ],
        "type": "message",
        "ts": "1754411447.986579",
        "client_msg_id": "beca9381-568b-456c-9a1c-7f05720cc5ff",
        "reactions": [
            {
                "name": "お気を_つけて",
                "users": [
                    "U0331FWGQRM",
                    "U0331FZTHEK",
                    "U0331FZS7JT"
                ],
                "count": 3
            },
            {
                "name": "素晴らc",
                "users": [
                    "U0331FWGQRM",
                    "U0331FZS7JT",
                    "U0606SPN4BW"
                ],
                "count": 3
            }
        ]
    }
]