[
    {
        "user": "U0331FWGQRM",
        "type": "message",
        "ts": "1689991524.880459",
        "edited": {
            "user": "U0331FWGQRM",
            "ts": "1689991587.000000"
        },
        "client_msg_id": "0c23c22f-e352-45dc-914a-d509da3d3ddc",
        "text": "<!channel>\n鹿児島製茶　鹿児島Aの原料今後出荷が出来ない状態の件について。\nこのスレッド上で情報更新してください。\n\n・<@U041RJKV5JA> 鹿児島製茶A以外の、　1A, B, C, Dの状況は確認していますか？\n・本問題の対応策はいつまでに解決しますか？\n∟ 出荷ができない。はただの報告なので、解決してください。\n　西製茶の抹茶しか選択肢がないわけではないです。\n　他の選択肢もオプションとして検討してください。\n・<@U0331FZTHEK> 鹿児島Aを出荷しているお客様のリストがあればください。\n　なければ対応するお客様を教えてください。\n\n<@U0331FZS7JT>\n下記抹茶は同等ですか？比較検討の余地のある抹茶をチョイス願います。\n\n西製茶　確認中　西製茶の１番茶（碾茶）\n碧翠園　国産有機抹茶12000\n碧翠園　国産有機抹茶10500\n和香園　上12100（25kg 11000)\n大石茶園　確認してください\n杉本製茶　有機抹茶A（10000）",
        "team": "T033D70RR6H",
        "user_team": "T033D70RR6H",
        "source_team": "T033D70RR6H",
        "user_profile": {
            "avatar_hash": "gf9d05f2cae1",
            "image_72": "https:\/\/secure.gravatar.com\/avatar\/f9d05f2cae161f657bb1248fc85b5235.jpg?s=72&d=https%3A%2F%2Fa.slack-edge.com%2Fdf10d%2Fimg%2Favatars%2Fava_0008-72.png",
            "first_name": "matsui",
            "real_name": "matsui",
            "display_name": "松井",
            "team": "T033D70RR6H",
            "name": "tousuien.matsui",
            "is_restricted": false,
            "is_ultra_restricted": false
        },
        "thread_ts": "1689991524.880459",
        "reply_count": 5,
        "reply_users_count": 4,
        "latest_reply": "1690016445.501579",
        "reply_users": [
            "U0331FZS7JT",
            "U0331FZTHEK",
            "U041RJKV5JA",
            "U0331FWGQRM"
        ],
        "replies": [
            {
                "user": "U0331FZS7JT",
                "ts": "1689995112.994389"
            },
            {
                "user": "U0331FZTHEK",
                "ts": "1690001909.611509"
            },
            {
                "user": "U041RJKV5JA",
                "ts": "1690005732.435459"
            },
            {
                "user": "U0331FZS7JT",
                "ts": "1690008712.355809"
            },
            {
                "user": "U0331FWGQRM",
                "ts": "1690016445.501579"
            }
        ],
        "is_locked": false,
        "subscribed": true,
        "last_read": "1690016445.501579",
        "blocks": [
            {
                "type": "rich_text",
                "block_id": "IOas=",
                "elements": [
                    {
                        "type": "rich_text_section",
                        "elements": [
                            {
                                "type": "broadcast",
                                "range": "channel"
                            },
                            {
                                "type": "text",
                                "text": "\n鹿児島製茶　鹿児島Aの原料今後出荷が出来ない状態の件について。\nこのスレッド上で情報更新してください。\n\n・"
                            },
                            {
                                "type": "user",
                                "user_id": "U041RJKV5JA"
                            },
                            {
                                "type": "text",
                                "text": " 鹿児島製茶A以外の、　1A, B, C, Dの状況は確認していますか？\n・本問題の対応策はいつまでに解決しますか？\n∟ 出荷ができない。はただの報告なので、解決してください。\n　西製茶の抹茶しか選択肢がないわけではないです。\n　他の選択肢もオプションとして検討してください。\n・"
                            },
                            {
                                "type": "user",
                                "user_id": "U0331FZTHEK"
                            },
                            {
                                "type": "text",
                                "text": " 鹿児島Aを出荷しているお客様のリストがあればください。\n　なければ対応するお客様を教えてください。\n\n"
                            },
                            {
                                "type": "user",
                                "user_id": "U0331FZS7JT"
                            },
                            {
                                "type": "text",
                                "text": "\n下記抹茶は同等ですか？比較検討の余地のある抹茶をチョイス願います。\n\n西製茶　確認中　西製茶の１番茶（碾茶）\n碧翠園　国産有機抹茶12000\n碧翠園　国産有機抹茶10500\n和香園　上12100（25kg 11000)\n大石茶園　確認してください\n杉本製茶　有機抹茶A（10000）"
                            }
                        ]
                    }
                ]
            }
        ],
        "reactions": [
            {
                "name": "承知_致しました",
                "users": [
                    "U041RJKV5JA"
                ],
                "count": 1
            },
            {
                "name": "man-gesturing-ok",
                "users": [
                    "U0331FZS7JT"
                ],
                "count": 1
            },
            {
                "name": "7e6ac2088523a821",
                "users": [
                    "U0331FZTHEK"
                ],
                "count": 1
            }
        ]
    },
    {
        "user": "U0331FZS7JT",
        "type": "message",
        "ts": "1689995112.994389",
        "client_msg_id": "001FB20A-9ABC-4C9F-928E-F3B91173D2A0",
        "text": "<@U041RJKV5JA> 部長\n記載のある各抹茶と有機抹茶Aについて、、、\n15時過ぎにに会社に行くので、準備(給湯室の冷蔵庫から出しておいて下さい)をお願いします。\n\n・大石サンプル依頼済\n→¥9,000\/kg：500kg供給可\n→¥7,000\/kg：200kg供給可\n\nよろしくお願いします。\n",
        "team": "T033D70RR6H",
        "user_team": "T033D70RR6H",
        "source_team": "T033D70RR6H",
        "user_profile": {
            "avatar_hash": "2c9de1514f26",
            "image_72": "https:\/\/avatars.slack-edge.com\/2022-02-16\/3118160981555_2c9de1514f262063f72d_72.png",
            "first_name": "Yuta",
            "real_name": "Yuta Oka",
            "display_name": "岡祐太",
            "team": "T033D70RR6H",
            "name": "yuta.oka.0915",
            "is_restricted": false,
            "is_ultra_restricted": false
        },
        "thread_ts": "1689991524.880459",
        "parent_user_id": "U0331FWGQRM",
        "blocks": [
            {
                "type": "rich_text",
                "block_id": "bIrz",
                "elements": [
                    {
                        "type": "rich_text_section",
                        "elements": [
                            {
                                "type": "user",
                                "user_id": "U041RJKV5JA"
                            },
                            {
                                "type": "text",
                                "text": " 部長\n記載のある各抹茶と有機抹茶Aについて、、、\n15時過ぎにに会社に行くので、準備(給湯室の冷蔵庫から出しておいて下さい)をお願いします。\n\n・大石サンプル依頼済\n→¥9,000\/kg：500kg供給可\n→¥7,000\/kg：200"
                            },
                            {
                                "type": "text",
                                "text": "kg供給可"
                            },
                            {
                                "type": "text",
                                "text": "\n\nよろしくお願いします。\n"
                            }
                        ]
                    }
                ]
            }
        ],
        "reactions": [
            {
                "name": "承知_致しました",
                "users": [
                    "U041RJKV5JA"
                ],
                "count": 1
            }
        ]
    },
    {
        "text": "<@U0331FWGQRM> 執行役\n　CC:@channel\n お疲れ様です。\n鹿児島Aを出荷しているお客様 は下記2者様です。\n（2022年2月～2023年6月）\n➀YUKO ONO STHLM AB 様（スウェーデン）\n➁Fay Alosaimi 様（サウジアラビア）\nよろしくお願いします。",
        "files": [
            {
                "id": "F05JZ5TKBPA",
                "created": 1690001796,
                "timestamp": 1690001796,
                "name": "有機抹茶A_お客様.pdf",
                "title": "有機抹茶A_お客様.pdf",
                "mimetype": "application\/pdf",
                "filetype": "pdf",
                "pretty_type": "PDF",
                "user": "U0331FZTHEK",
                "user_team": "T033D70RR6H",
                "editable": false,
                "size": 49528,
                "mode": "hosted",
                "is_external": false,
                "external_type": "",
                "is_public": true,
                "public_url_shared": false,
                "display_as_bot": false,
                "username": "",
                "url_private": "https:\/\/files.slack.com\/files-pri\/T033D70RR6H-F05JZ5TKBPA\/____________a__________.pdf?token=xoxe-3115238875221-9710624591398-9697214945543-aa82359f925d11baadb4ddc07b089467",
                "url_private_download": "https:\/\/files.slack.com\/files-pri\/T033D70RR6H-F05JZ5TKBPA\/download\/____________a__________.pdf?token=xoxe-3115238875221-9710624591398-9697214945543-aa82359f925d11baadb4ddc07b089467",
                "media_display_type": "unknown",
                "thumb_pdf": "https:\/\/files.slack.com\/files-tmb\/T033D70RR6H-F05JZ5TKBPA-2d05277d8d\/____________a___________thumb_pdf.png?t=xoxe-3115238875221-9710624591398-9697214945543-aa82359f925d11baadb4ddc07b089467",
                "thumb_pdf_w": 1286,
                "thumb_pdf_h": 910,
                "permalink": "https:\/\/grp-ssm9297.slack.com\/files\/U0331FWGQRM\/F05JZ5TKBPA\/____________a__________.pdf",
                "permalink_public": "https:\/\/slack-files.com\/T033D70RR6H-F05JZ5TKBPA-5d578948db",
                "is_starred": false,
                "skipped_shares": true,
                "has_rich_preview": false,
                "file_access": "visible"
            }
        ],
        "upload": false,
        "user": "U0331FZTHEK",
        "display_as_bot": false,
        "blocks": [
            {
                "type": "rich_text",
                "block_id": "dBatL",
                "elements": [
                    {
                        "type": "rich_text_section",
                        "elements": [
                            {
                                "type": "user",
                                "user_id": "U0331FWGQRM"
                            },
                            {
                                "type": "text",
                                "text": " 執行役\n　CC:@channel\n お疲れ様です。\n鹿児島Aを出荷しているお客様 は下記2者様です。\n（2022年2月～2023年6月）\n➀YUKO ONO STHLM AB 様（スウェーデン）\n➁Fay Alosaimi 様（サウジアラビア）\nよろしくお願いします。"
                            }
                        ]
                    }
                ]
            }
        ],
        "type": "message",
        "ts": "1690001909.611509",
        "client_msg_id": "e1d894a0-8304-4dbe-a06b-4163fb604163",
        "thread_ts": "1689991524.880459",
        "parent_user_id": "U0331FWGQRM",
        "reactions": [
            {
                "name": "d130b000eb8d6784",
                "users": [
                    "U0331FWGQRM"
                ],
                "count": 1
            },
            {
                "name": "了解です",
                "users": [
                    "U0331FWGQRM"
                ],
                "count": 1
            }
        ]
    },
    {
        "user": "U041RJKV5JA",
        "type": "message",
        "ts": "1690005732.435459",
        "client_msg_id": "bbb0f2a8-a138-4238-953c-15d40f6eadb7",
        "text": "<@U0331FWGQRM> 執行役\n有機抹茶A、B共に確保することが出来ました。\n条件として、\n・碾茶での納品\n・１A用として合組をして送るのはできない。\n以下、確保数量になります。\n〇有機抹茶A\n・碾茶130㎏\n＊参考：納品数（期間2022\/7\/1～2023\/6\/30）\n・１A用-61.5㎏\n・A単品-16㎏\n 〇有機抹茶１A\n・有機碾茶A・Bを自社で合組\n 〇有機抹茶B\n・碾茶　230㎏\n＊参考：納品数（期間2022\/7\/1～2023\/6\/30）\n・１A用：51.5kg\n・B単品：127kg（Olly様は原料変更になりましたので、カウントしておりません）\n 〇有機抹茶C\n・抹茶200㎏\n・碾茶400㎏\n 〇有機抹茶D\n・現状在庫なし。\n\t8月下旬から9月初旬頃から供給可能\n\t \n有機碾茶A、B共に今後取引先が増えることを考え、1年間の実績より多く依頼しております。\n今後の為に、他のサプライヤーで代替品として使用できるものがないのか探していきます。\nよろしくお願いします。",
        "team": "T033D70RR6H",
        "user_team": "T033D70RR6H",
        "source_team": "T033D70RR6H",
        "user_profile": {
            "avatar_hash": "aed9eafd9eee",
            "image_72": "https:\/\/avatars.slack-edge.com\/2022-09-11\/4078874890257_aed9eafd9eee277ba076_72.png",
            "first_name": "Hirakawa",
            "real_name": "Hirakawa",
            "display_name": "平川",
            "team": "T033D70RR6H",
            "name": "tousuien.s006",
            "is_restricted": false,
            "is_ultra_restricted": false
        },
        "thread_ts": "1689991524.880459",
        "parent_user_id": "U0331FWGQRM",
        "blocks": [
            {
                "type": "rich_text",
                "block_id": "RZQ",
                "elements": [
                    {
                        "type": "rich_text_section",
                        "elements": [
                            {
                                "type": "user",
                                "user_id": "U0331FWGQRM"
                            },
                            {
                                "type": "text",
                                "text": " 執行役\n有機抹茶A、B共に確保することが出来ました。\n条件として、\n・碾茶での納品\n・１A用として合組をして送るのはできない。\n以下、確保数量になります。\n〇有機抹茶A\n・碾茶130㎏\n＊参考：納品数（期間2022\/7\/1～2023\/6\/30）\n・１A用-61.5㎏\n・A単品-16㎏\n 〇有機抹茶１A\n・有機碾茶A・Bを自社で合組\n 〇有機抹茶B\n・碾茶　230㎏\n＊参考：納品数（期間2022\/7\/1～2023\/6\/30）\n・１A用：51.5kg\n・B単品：127kg（Olly様は原料変更になりましたので、カウントしておりません）\n 〇有機抹茶C\n・抹茶200㎏\n・碾茶400㎏\n 〇有機抹茶D\n・現状在庫なし。\n\t8月下旬から9月初旬頃から供給可能\n\t \n有機碾茶A、B共に今後取引先が増えることを考え、1年間の実績より多く依頼しております。\n今後の為に、他のサプライヤーで代替品として使用できるものがないのか探していきます。\nよろしくお願いします。"
                            }
                        ]
                    }
                ]
            }
        ]
    },
    {
        "user": "U0331FZS7JT",
        "type": "message",
        "ts": "1690008712.355809",
        "client_msg_id": "bb5c5503-9c54-4e17-b182-1b5983f955c5",
        "text": "<@U0331FWGQRM> <@U041RJKV5JA> <@U03BLQ65GK0>\n\n鹿児島有機抹茶A代替可能品\n※上から品質がより近いもの\n\n①杉本製茶　有機抹茶A（10000）\n②碧翠園　国産有機抹茶10500\n③西製茶    有機1茶碾茶8,000\n\n①②については誤差レベル\n③少し海苔の香りと旨みが強いが、気付くかな？\nというもの。水色は１分経たずに同じ。\nパウダー色：②が最も近く③、①の順。\n①は緑が鮮やかで、有機抹茶Aの少し黄色味がかった色が無い。\n滋味・香気：①が最も近く誤差の範囲で②。\n水色：①が最も近く誤差の範囲で②。\n\n以上により、\n上記３つを代替品として可能と判断。\n\n大石のサンプルについては届き次第別途官能します。\n\n<@U041RJKV5JA>\n鹿児島製茶の有機抹茶Aが碾茶仕入れになるということで、碧翠園にも碾茶で仕入れが可能か確認をお願いします。\nまた、仕入れ原料をまとめている共有フォルダに、上記の件、メモで記載し代替可能なことがわかるようにお願いします。\n\n<@U03BLQ65GK0> ロットで誤差を超える品質差が判明した場合、上記計４つの原料のブレンドでその誤差を埋めて下さい。\n\nよろしくお願いします。",
        "team": "T033D70RR6H",
        "user_team": "T033D70RR6H",
        "source_team": "T033D70RR6H",
        "user_profile": {
            "avatar_hash": "2c9de1514f26",
            "image_72": "https:\/\/avatars.slack-edge.com\/2022-02-16\/3118160981555_2c9de1514f262063f72d_72.png",
            "first_name": "Yuta",
            "real_name": "Yuta Oka",
            "display_name": "岡祐太",
            "team": "T033D70RR6H",
            "name": "yuta.oka.0915",
            "is_restricted": false,
            "is_ultra_restricted": false
        },
        "thread_ts": "1689991524.880459",
        "parent_user_id": "U0331FWGQRM",
        "blocks": [
            {
                "type": "rich_text",
                "block_id": "+F\/3",
                "elements": [
                    {
                        "type": "rich_text_section",
                        "elements": [
                            {
                                "type": "user",
                                "user_id": "U0331FWGQRM"
                            },
                            {
                                "type": "text",
                                "text": " "
                            },
                            {
                                "type": "user",
                                "user_id": "U041RJKV5JA"
                            },
                            {
                                "type": "text",
                                "text": " "
                            },
                            {
                                "type": "user",
                                "user_id": "U03BLQ65GK0"
                            },
                            {
                                "type": "text",
                                "text": "\n\n鹿児島有機抹茶A代替可能品\n※上から品質がより近いもの\n\n①杉本製茶　有機抹茶A（10000）\n②碧翠園　国産有機抹茶10500\n③西製茶    有機1茶碾茶8,000\n\n①②については誤差レベル\n③少し海苔の香りと旨みが強いが、気付くかな？\nというもの。水色は１分経たずに同じ。\nパウダー色：②が最も近く③、①の順。\n①は緑が鮮やかで、有機抹茶Aの少し黄色味がかった色が無い。\n滋味・香気：①が最も近く誤差の範囲で②。\n水色：①が最も近く誤差の範囲で②。\n\n以上により、\n上記３つを代替品として可能と判断。\n\n大石のサンプルについては届き次第別途官能します。\n\n"
                            },
                            {
                                "type": "user",
                                "user_id": "U041RJKV5JA"
                            },
                            {
                                "type": "text",
                                "text": "\n鹿児島製茶の有機抹茶Aが碾茶仕入れになるということで、碧翠園にも碾茶で仕入れが可能か確認をお願いします。\nまた、仕入れ原料をまとめている共有フォルダに、上記の件、メモで記載し代替可能なことがわかるようにお願いします。\n\n"
                            },
                            {
                                "type": "user",
                                "user_id": "U03BLQ65GK0"
                            },
                            {
                                "type": "text",
                                "text": " ロットで誤差を超える品質差が判明した場合、上記計４つの原料のブレンドでその誤差を埋めて下さい。\n\nよろしくお願いします。"
                            }
                        ]
                    }
                ]
            }
        ],
        "reactions": [
            {
                "name": "承知_致しました",
                "users": [
                    "U041RJKV5JA"
                ],
                "count": 1
            },
            {
                "name": "d130b000eb8d6784",
                "users": [
                    "U0331FWGQRM",
                    "U03BLQ65GK0"
                ],
                "count": 2
            },
            {
                "name": "了解です",
                "users": [
                    "U03BLQ65GK0"
                ],
                "count": 1
            }
        ]
    },
    {
        "subtype": "channel_join",
        "user": "U03BLQ65GK0",
        "text": "<@U03BLQ65GK0>さんがチャンネルに参加しました",
        "inviter": "U0331FZS7JT",
        "type": "message",
        "ts": "1690008758.721919"
    }
]