[
    {
        "user": "U0331FZS7JT",
        "type": "message",
        "ts": "1712052336.593169",
        "client_msg_id": "bee8eb3d-7257-41aa-afbd-5d28c4bb9fb4",
        "text": "<@U041RJKV5JA>\n<@U0331FWGQRM>\n\n抹茶44については昨年同様でお願いします。\n※Purechimpはこの先わかりませんが\n　Genuineが船便数回あるかもということもあるので\n　同じぐらいとお伝えください。\n\n抹茶１Bについては\n量が増えるかもしれません。\nOllyさんも兆しが良さそうなところと\nGenuineについても船便があるということが理由です。\n念の為倍量の確保をお願いしますとお伝えください。",
        "team": "T033D70RR6H",
        "user_team": "T033D70RR6H",
        "source_team": "T033D70RR6H",
        "user_profile": {
            "avatar_hash": "2c9de1514f26",
            "image_72": "https:\/\/avatars.slack-edge.com\/2022-02-16\/3118160981555_2c9de1514f262063f72d_72.png",
            "first_name": "Yuta",
            "real_name": "Yuta Oka",
            "display_name": "岡祐太",
            "team": "T033D70RR6H",
            "name": "yuta.oka.0915",
            "is_restricted": false,
            "is_ultra_restricted": false
        },
        "thread_ts": "1711607462.743959",
        "parent_user_id": "U041RJKV5JA",
        "blocks": [
            {
                "type": "rich_text",
                "block_id": "UOg0S",
                "elements": [
                    {
                        "type": "rich_text_section",
                        "elements": [
                            {
                                "type": "user",
                                "user_id": "U041RJKV5JA"
                            },
                            {
                                "type": "text",
                                "text": "\n"
                            },
                            {
                                "type": "user",
                                "user_id": "U0331FWGQRM"
                            },
                            {
                                "type": "text",
                                "text": "\n\n抹茶44については昨年同様でお願いします。\n※Purechimpはこの先わかりませんが\n　Genuineが船便数回あるかもということもあるので\n　同じぐらいとお伝えください。\n\n抹茶１Bについては\n量が増えるかもしれません。\nOllyさんも兆しが良さそうなところと\nGenuineについても船便があるということが理由です。\n念の為倍量の確保をお願いしますとお伝えください。"
                            }
                        ]
                    }
                ]
            }
        ],
        "reactions": [
            {
                "name": "承知_致しました",
                "users": [
                    "U041RJKV5JA"
                ],
                "count": 1
            }
        ]
    }
]