[
    {
        "user": "U0331FZS7JT",
        "type": "message",
        "ts": "1705363974.124989",
        "client_msg_id": "e319b3fc-11a6-463a-8a4c-bb356950726b",
        "text": "<@U041RJKV5JA>\n<@U0331FWGQRM> <@U033G4KN4TD> <@U05KGS6HN9H>\n\n下記原料で製造したブレンド抹茶の品質確認をしたいのですが\nブレンド原料は手元にありますか？\n\n＜有機＞\n・ジンジャー：島根有機ファーム\n・レモングラス：島根有機ファーム（発送できるため不要）\n＜非有機＞５％でテスト\n・シナモン（ニッキ）：キタマ\n・ターメリック：福田龍、丸菱、鈴木㈱",
        "team": "T033D70RR6H",
        "user_team": "T033D70RR6H",
        "source_team": "T033D70RR6H",
        "user_profile": {
            "avatar_hash": "2c9de1514f26",
            "image_72": "https:\/\/avatars.slack-edge.com\/2022-02-16\/3118160981555_2c9de1514f262063f72d_72.png",
            "first_name": "Yuta",
            "real_name": "Yuta Oka",
            "display_name": "岡祐太",
            "team": "T033D70RR6H",
            "name": "yuta.oka.0915",
            "is_restricted": false,
            "is_ultra_restricted": false
        },
        "thread_ts": "1704976165.204909",
        "parent_user_id": "U0331FWGQRM",
        "blocks": [
            {
                "type": "rich_text",
                "block_id": "5U70+",
                "elements": [
                    {
                        "type": "rich_text_section",
                        "elements": [
                            {
                                "type": "user",
                                "user_id": "U041RJKV5JA"
                            },
                            {
                                "type": "text",
                                "text": "\n"
                            },
                            {
                                "type": "user",
                                "user_id": "U0331FWGQRM"
                            },
                            {
                                "type": "text",
                                "text": " "
                            },
                            {
                                "type": "user",
                                "user_id": "U033G4KN4TD"
                            },
                            {
                                "type": "text",
                                "text": " "
                            },
                            {
                                "type": "user",
                                "user_id": "U05KGS6HN9H"
                            },
                            {
                                "type": "text",
                                "text": "\n\n下記原料で製造したブレンド抹茶の品質確認をしたいのですが\nブレンド原料は手元にありますか？\n\n＜有機＞\n・ジンジャー：島根有機ファーム\n・レモングラス：島根有機ファーム（発送できるため不要）\n＜非有機＞５％でテスト\n・シナモン（ニッキ）：キタマ\n・ターメリック：福田龍、丸菱、鈴木㈱"
                            }
                        ]
                    }
                ]
            }
        ]
    },
    {
        "user": "U041RJKV5JA",
        "type": "message",
        "ts": "1705364400.036179",
        "edited": {
            "user": "U041RJKV5JA",
            "ts": "1705364431.000000"
        },
        "client_msg_id": "6703cfed-fce9-4e5c-9971-a80071ea345e",
        "text": "<@U0331FZS7JT>\n <@U0331FWGQRM> <@U05KGS6HN9H> <@U033G4KN4TD>\n手元にあるのは、ジンジャーとレモングラスになります。\nシナモン（ニッキ）とターメリックはサンプル手配中となります。\n入荷次第ご連絡いたします。",
        "team": "T033D70RR6H",
        "user_team": "T033D70RR6H",
        "source_team": "T033D70RR6H",
        "user_profile": {
            "avatar_hash": "aed9eafd9eee",
            "image_72": "https:\/\/avatars.slack-edge.com\/2022-09-11\/4078874890257_aed9eafd9eee277ba076_72.png",
            "first_name": "Hirakawa",
            "real_name": "Hirakawa",
            "display_name": "平川",
            "team": "T033D70RR6H",
            "name": "tousuien.s006",
            "is_restricted": false,
            "is_ultra_restricted": false
        },
        "thread_ts": "1704976165.204909",
        "parent_user_id": "U0331FWGQRM",
        "blocks": [
            {
                "type": "rich_text",
                "block_id": "ppNOE",
                "elements": [
                    {
                        "type": "rich_text_section",
                        "elements": [
                            {
                                "type": "user",
                                "user_id": "U0331FZS7JT"
                            },
                            {
                                "type": "text",
                                "text": "\n "
                            },
                            {
                                "type": "user",
                                "user_id": "U0331FWGQRM"
                            },
                            {
                                "type": "text",
                                "text": " "
                            },
                            {
                                "type": "user",
                                "user_id": "U05KGS6HN9H"
                            },
                            {
                                "type": "text",
                                "text": " "
                            },
                            {
                                "type": "user",
                                "user_id": "U033G4KN4TD"
                            },
                            {
                                "type": "text",
                                "text": "\n手元にあるのは、ジンジャーとレモングラスになります。\nシナモン（ニッキ）とターメリックはサンプル手配中となります。\n入荷次第ご連絡いたします。"
                            }
                        ]
                    }
                ]
            }
        ],
        "reactions": [
            {
                "name": "了解です",
                "users": [
                    "U0331FZS7JT"
                ],
                "count": 1
            }
        ]
    },
    {
        "user": "U0331FZS7JT",
        "type": "message",
        "ts": "1705365527.932869",
        "client_msg_id": "9f4b03e3-e3f6-41a1-b37d-dd3e5761c311",
        "text": "<@U041RJKV5JA>\n<@U0331FWGQRM> <@U033G4KN4TD> <@U05KGS6HN9H>\n\nジンジャーが手元にあるのであれば試しましょう。\nターゲット製品とそれぞれの原料の準備をお願いします。",
        "team": "T033D70RR6H",
        "user_team": "T033D70RR6H",
        "source_team": "T033D70RR6H",
        "user_profile": {
            "avatar_hash": "2c9de1514f26",
            "image_72": "https:\/\/avatars.slack-edge.com\/2022-02-16\/3118160981555_2c9de1514f262063f72d_72.png",
            "first_name": "Yuta",
            "real_name": "Yuta Oka",
            "display_name": "岡祐太",
            "team": "T033D70RR6H",
            "name": "yuta.oka.0915",
            "is_restricted": false,
            "is_ultra_restricted": false
        },
        "thread_ts": "1704976165.204909",
        "parent_user_id": "U0331FWGQRM",
        "blocks": [
            {
                "type": "rich_text",
                "block_id": "MMYy2",
                "elements": [
                    {
                        "type": "rich_text_section",
                        "elements": [
                            {
                                "type": "user",
                                "user_id": "U041RJKV5JA"
                            },
                            {
                                "type": "text",
                                "text": "\n"
                            },
                            {
                                "type": "user",
                                "user_id": "U0331FWGQRM"
                            },
                            {
                                "type": "text",
                                "text": " "
                            },
                            {
                                "type": "user",
                                "user_id": "U033G4KN4TD"
                            },
                            {
                                "type": "text",
                                "text": " "
                            },
                            {
                                "type": "user",
                                "user_id": "U05KGS6HN9H"
                            },
                            {
                                "type": "text",
                                "text": "\n\nジンジャーが手元にあるのであれば試しましょう。\nターゲット製品とそれぞれの原料の準備をお願いします。"
                            }
                        ]
                    }
                ]
            }
        ]
    }
]